REM_MBLU_MAP,REM_MBLU_BLOCK,REM_MBLU_LOT,REM_MBLU_UNIT,VNS_AYB,VNS_EYB,VNS_STYLE,VNS_STYLE_DESC,VNS_OCC,VNS_OCC_DESC,VNS_GRADE,VNS_GRADE_DESC,VNS_BLDG_AREA_LIVING,VNS_BLDG_AREA_GROSS,VNS_BLDG_AREA_EFFECTIVE,VNS_PCT_GOOD,CNS_ASSESS_VAL
      1,      1,       ,       ,1963,2001,09,CONTEMPORY,1010,ONE FAM,C-,AVG. (-),2332,3533,2632,79,283100
      1,      2,       ,       ,1976,2008,09,CONTEMPORY,1010,ONE FAM,B-,GOOD (-),2306,6528,3043,86,467700
      1,      3,    100,       ,1940,2005,19,RANCH,1010,ONE FAM,B,GOOD,1494,3882,2266,83,359600
      1,      3,    200,       ,2005,2013,19,RANCH,1010,ONE FAM,A-,V GOOD-,3822,9513,5242,91,964300
      1,      6,       ,       ,1964,2011,09,CONTEMPORY,1010,ONE FAM,A-,V GOOD-,2732,5244,3227,89,616700
      1,      8,       ,       ,1972,2010,05,CAPE,1010,ONE FAM,C+,AVG. (+),2411,5148,3037,88,397200
      1,      9,       ,       ,1977,2001,05,CAPE,1010,ONE FAM,C+,AVG. (+),3168,6268,3943,79,372500
      1,     10,       ,       ,1975,2012,05,CAPE,1010,ONE FAM,A,VERY GOOD,2278,5676,3040,90,634800
      2,      1,       ,       ,1983,2012,05,CAPE,1010,ONE FAM,C+,AVG. (+),1855,5184,2496,90,353900
      2,      2,       ,       ,,,,,1300,,,,0,0,0,,0
      2,      3,       ,       ,1985,2004,06,COLONIAL,1010,ONE FAM,C+,AVG. (+),2968,6968,3850,82,413600
      2,      4,       ,       ,,,,,9090,,,,0,0,0,,0
      2,      5,       ,       ,1998,2012,06,COLONIAL,1010,ONE FAM,B,GOOD,2280,4564,2900,90,500600
      2,      6,       ,       ,1996,2014,05,CAPE,1010,ONE FAM,B+,GOOD (+),2584,6480,3295,92,583800
      2,      7,       ,       ,1997,2013,06,COLONIAL,1010,ONE FAM,B-,GOOD (-),1792,2972,2066,91,385900
      2,      8,       ,       ,,,,,1300,,,,0,0,0,,0
      2,      9,       ,       ,1985,2012,18,SPLIT/RSD RANCH,1010,ONE FAM,C+,AVG. (+),1546,3436,2029,90,303200
      2,     10,       ,       ,1986,2014,05,CAPE,1010,ONE FAM,C+,AVG. (+),1512,4114,2117,92,346400
      2,     11,       ,       ,,,,,9090,,,,0,0,0,,0
      2,     12,       ,       ,,,,,1320,,,,0,0,0,,0
      2,     13,       ,       ,,,,,1320,,,,0,0,0,,0
      2,     14,       ,       ,1950,1993,05,CAPE,1010,ONE FAM,C+,AVG. (+),2079,4044,2611,71,14300
      2,     15,       ,       ,1960,1990,58,SCHOOL,3400,OFFICE,B+,Good (+),3368,6906,4743,68,897100
      2,     16,       ,       ,1966,2004,06,COLONIAL,1010,ONE FAM,C+,AVG. (+),2398,3430,2696,82,364700
      3,      2,       ,       ,1980,2012,09,CONTEMPORY,1010,ONE FAM,B-,GOOD (-),1267,4460,2213,90,359600
      3,      4,       ,       ,1967,2008,18,SPLIT/RSD RANCH,1010,ONE FAM,C+,AVG. (+),1086,2465,1493,86,254100
      3,      5,       ,       ,,,,,9030,,,,0,0,0,,0
      3,      6,       ,       ,1968,2004,19,RANCH,1010,ONE FAM,B+,GOOD (+),2375,3233,2802,82,449000
      3,      7,       ,       ,1974,2008,19,RANCH,1010,ONE FAM,C+,AVG. (+),1506,3949,2243,86,306400
      3,      8,       ,       ,1970,2004,06,COLONIAL,1010,ONE FAM,B,GOOD,2320,4368,3139,82,488100
      3,      9,       ,       ,1966,2001,06,COLONIAL,1010,ONE FAM,B,GOOD,2900,5136,3621,79,522700
      3,     10,       ,       ,1981,2005,05,CAPE,1010,ONE FAM,B,GOOD,3177,7132,4055,83,568500
      3,     11,       ,       ,1995,2016,06,COLONIAL,1010,ONE FAM,B,GOOD,2425,5112,3022,94,552600
      3,     12,       ,       ,1970,2001,18,SPLIT/RSD RANCH,1010,ONE FAM,B,GOOD,1782,3720,2348,79,359500
      3,     13,       ,       ,1986,2014,06,COLONIAL,1010,ONE FAM,B+,GOOD (+),2705,5711,3406,92,640600
      3,     14,       ,       ,1983,2012,09,CONTEMPORY,1010,ONE FAM,B,GOOD,2196,4980,2858,90,501300
      3,     15,       ,       ,1974,2005,09,CONTEMPORY,1010,ONE FAM,B,GOOD,2363,3702,2623,83,415900
      3,     16,       ,       ,1979,2010,06,COLONIAL,1012,ONE FAM W ACC,C+,AVG. (+),3400,6240,4106,88,561900
      3,     17,       ,       ,1976,2010,09,CONTEMPORY,1010,ONE FAM,B,GOOD,1890,5911,3108,88,527200
      3,     18,       ,       ,1971,2004,06,COLONIAL,1010,ONE FAM,B,GOOD,3404,6762,4715,82,624000
      3,     19,       ,       ,1973,2010,05,CAPE,1010,ONE FAM,B+,GOOD (+),3616,6992,4482,88,685100
      3,     20,       ,       ,1971,2019,19,RANCH,1010,ONE FAM,B,GOOD,2243,5270,3373,97,581400
      3,     21,       ,       ,,,,,1310,,,,0,0,0,,0
      3,     22,       ,       ,2001,2016,09,CONTEMPORY,1040,2 FAMILY,A-,V GOOD-,3071,7537,4081,94,881300
      3,     23,       ,       ,1974,2010,19,RANCH,1010,ONE FAM,C+,AVG. (+),1548,4298,2535,88,328100
      3,     24,       ,       ,1972,2010,19,RANCH,1010,ONE FAM,C+,AVG. (+),1372,3780,2096,88,316400
      3,     28,       ,       ,1972,2010,05,CAPE,1010,ONE FAM,B+,GOOD (+),4687,9221,5617,88,785000
      3,     33,       ,       ,1979,2010,06,COLONIAL,1010,ONE FAM,B,GOOD,2614,4669,3278,88,557100
      3,     34,       ,       ,1980,2005,06,COLONIAL,1010,ONE FAM,B+,GOOD (+),2521,5136,3190,83,526200
      3,     35,       ,       ,,,,,9030,,,,0,0,0,,0
      3,     36,       ,       ,1985,2009,05,CAPE,1010,ONE FAM,C+,AVG. (+),2344,5138,2872,87,383700
      3,     37,       ,       ,1996,2016,19,RANCH,1010,ONE FAM,B,GOOD,2612,4846,3353,94,551400
      3,     38,       ,       ,1973,2005,19,RANCH,1010,ONE FAM,B,GOOD,2020,5076,2880,83,432500
      3,     39,       ,       ,1980,2008,19,RANCH,1010,ONE FAM,B,GOOD,3256,6222,4045,86,600200
      3,     40,       ,       ,1970,2004,21,SPLIT LVL,1010,ONE FAM,C+,AVG. (+),2564,6014,3654,82,449500
      3,     41,       ,       ,1970,2008,19,RANCH,1010,ONE FAM,C,AVERAGE,1775,4415,2431,86,327300
      3,     42,       ,       ,1984,2013,19,RANCH,1010,ONE FAM,C+,AVG. (+),1414,3657,2049,91,307800
      3,     43,       ,       ,1967,2004,06,COLONIAL,1010,ONE FAM,C+,AVG. (+),2015,3475,2432,82,332500
      4,      1,       ,       ,1950,1993,19,RANCH,342R,MEDICAL OFF-Res,C,AVERAGE,2235,4297,2839,71,248900
      4,      1,       ,       ,1969,1985,72,OFFICE-PRO,3420,MEDICAL OFF,C,Average,1942,4278,2371,63,249400
      4,      2,       ,       ,1900,1989,02,BUNGALOW,1010,ONE FAM,C,AVERAGE,1406,2959,1731,67,165200
      4,      4,       ,       ,1973,1988,71,OFFICE,3400,OFFICE,C,Average,4500,7524,5212,66,392200
      4,      4,       ,       ,1978,1988,71,OFFICE,3400,OFFICE,C,Average,4500,7532,5222,66,399300
      4,      4,       ,       ,1980,1988,71,OFFICE,3400,OFFICE,C,Average,4500,7599,5225,66,393000
      4,      5,       ,       ,,,,,3910,POTNLDEV,,,,,,,
      4,      6,       ,       ,1978,2005,19,RANCH,1010,ONE FAM,C,AVERAGE,1296,3204,1846,83,235600
      4,      7,       ,       ,1974,2008,06,COLONIAL,1010,ONE FAM,C,AVERAGE,3293,5163,3774,86,445000
      4,      8,       ,       ,1970,2001,09,CONTEMPORY,1010,ONE FAM,C-,AVG. (-),2400,3876,2876,79,308300
      4,      9,       ,       ,1966,1998,05,CAPE,1010,ONE FAM,C+,AVG. (+),1664,4220,2283,76,279100
      4,     10,       ,       ,1967,1998,19,RANCH,1010,ONE FAM,C,AVERAGE,988,2840,1547,76,202600
      4,     11,       ,       ,1964,2001,06,COLONIAL,1010,ONE FAM,C+,AVG. (+),2112,4016,2809,79,368000
      4,     12,       ,       ,1975,2008,18,SPLIT/RSD RANCH,1010,ONE FAM,C+,AVG. (+),1538,3132,2110,86,294700
      4,     13,       ,       ,2002,2015,09,CONTEMPORY,1010,ONE FAM,B+,GOOD (+),2050,5417,2984,93,612600
      4,     14,       ,       ,2016,2016,09,CONTEMPORY,1010,ONE FAM,B,GOOD,1706,4576,2371,94,432300
      4,     15,       ,       ,1988,2009,09,CONTEMPORY,1010,ONE FAM,B,GOOD,3124,5500,3638,87,585400
      4,     16,       ,       ,1988,2013,09,CONTEMPORY,1010,ONE FAM,B,GOOD,3020,5363,3599,91,596100
      4,     17,       ,       ,1949,1996,09,CONTEMPORY,1010,ONE FAM,A,VERY GOOD,2664,4446,2926,74,491400
      4,     17,       ,       ,2007,2015,22,CONVENT`NL,1010,ONE FAM,B,GOOD,888,1776,1222,93,276000
      4,     18,    100,       ,1998,2016,06,COLONIAL,1010,ONE FAM,B,GOOD,2302,4339,2831,94,532300
      4,     18,    200,       ,2000,2013,06,COLONIAL,1010,ONE FAM,B,GOOD,2712,5626,3336,91,579400
      4,     19,       ,       ,1968,2001,06,COLONIAL,1010,ONE FAM,C+,AVG. (+),3606,6742,4443,79,520600
      4,     20,       ,       ,1967,2001,19,RANCH,1010,ONE FAM,C+,AVG. (+),1716,4095,2441,79,305200
      4,     21,       ,       ,1970,2001,05,CAPE,1010,ONE FAM,C+,AVG. (+),1856,3476,2289,74,254300
      4,     22,       ,       ,1977,2005,05,CAPE,1010,ONE FAM,C+,AVG. (+),1700,3680,2267,83,283400
      4,     23,    104,       ,1977,2003,08,CONDO-TNHS,1020,CONDO,03,ADEQUATE,2357,5610,3206,81,433800
      4,     23,    203,       ,1977,2003,08,CONDO-TNHS,1020,CONDO,03,ADEQUATE,2329,5161,2916,81,399700
      4,     23,    305,       ,1977,2003,08,CONDO-TNHS,1020,CONDO,03,ADEQUATE,1925,5144,2561,81,352600
      4,     23,    403,       ,1977,2003,08,CONDO-TNHS,1020,CONDO,03,ADEQUATE,2057,4997,2643,81,411200
      4,     23,    505,       ,1977,2003,08,CONDO-TNHS,1020,CONDO,03,ADEQUATE,2057,4785,2622,81,340800
      4,     23,    602,       ,1977,2003,08,CONDO-TNHS,1020,CONDO,03,ADEQUATE,2057,4705,2614,81,400000
      4,     23,    706,       ,1977,2006,08,CONDO-TNHS,1020,CONDO,03,ADEQUATE,2190,4940,2771,84,398800
      4,     23,    802,       ,1977,2003,08,TNHS,1020,CONDO,03,ADEQUATE,1752,4263,2265,81,375900
      4,     23,    906,       ,1977,2003,08,CONDO-TNHS,1020,CONDO,03,ADEQUATE,2346,5165,2909,81,435100
      4,     23,   1001,       ,1977,2006,08,TNHS,1020,CONDO,03,ADEQUATE,1752,4813,2320,84,368200
      4,     23,   1107,       ,1977,2003,08,TNHS,1020,CONDO,03,ADEQUATE,1946,4695,2542,81,362100
      4,     23,   1201,       ,1977,2003,08,TNHS,1020,CONDO,03,ADEQUATE,1944,4545,2569,81,374800
      4,     23,   1307,       ,1977,2003,08,CONDO-TNHS,1020,CONDO,03,ADEQUATE,2057,5013,2746,81,385100
      4,     23,   1418,       ,1977,2003,08,CONDO-TNHS,1020,CONDO,03,ADEQUATE,1910,4583,2546,81,342700
      4,     23,   1508,       ,1977,2003,08,CONDO-TNHS,1020,CONDO,03,ADEQUATE,2057,4922,2636,81,411000
      4,     23,   1618,       ,1977,2003,08,CONDO-TNHS,1020,CONDO,03,ADEQUATE,2197,4887,2758,81,413600
      4,     23,   1708,       ,1977,2006,08,CONDO-TNHS,1020,CONDO,03,ADEQUATE,2057,4857,2629,84,421600
      4,     23,   1909,       ,1977,2003,08,CONDO-TNHS,1020,CONDO,03,ADEQUATE,2084,4585,2636,81,382600
      4,     23,   2017,       ,1977,2003,08,CONDO-TNHS,1020,CONDO,03,ADEQUATE,2042,4799,2643,81,374800
      4,     23,   2109,       ,1977,2003,08,CONDO-TNHS,1020,CONDO,03,ADEQUATE,2057,4689,2612,81,361300
      4,     23,   2216,       ,1977,2010,08,CONDO-TNHS,1020,CONDO,03,ADEQUATE,2084,4445,2601,88,409100
      4,     23,   2310,       ,1977,2003,08,CONDO-TNHS,1020,CONDO,03,ADEQUATE,2281,5209,2976,81,411800
      4,     23,   2416,       ,1977,2003,08,CONDO-TNHS,1020,CONDO,03,ADEQUATE,1654,4529,2193,81,325700
      4,     23,   2511,       ,1977,2006,08,CONDO-TNHS,1020,CONDO,03,ADEQUATE,2117,4625,2631,84,413300
      4,     23,   2615,       ,1977,2003,08,CONDO-TNHS,1020,CONDO,03,ADEQUATE,2258,4617,2775,81,388200
      4,     23,   2711,       ,1977,2003,08,CONDO-TNHS,1020,CONDO,03,ADEQUATE,2197,4697,2739,81,389700
      4,     23,   2815,       ,1977,2006,08,TNHS,1020,CONDO,03,ADEQUATE,2295,5091,2871,84,392100
      4,     23,   2912,       ,1977,2003,08,CONDO-TNHS,1020,CONDO,03,ADEQUATE,2267,4815,2814,81,394900
      4,     23,   3014,       ,1977,2003,08,CONDO-TNHS,1020,CONDO,03,ADEQUATE,2145,4815,2704,81,378500
      4,     23,   3112,       ,1977,2003,08,TNHS,1020,CONDO,03,ADEQUATE,2057,4697,2613,81,381100
      4,     23,   3213,       ,1977,2003,08,CONDO-TNHS,1020,CONDO,03,ADEQUATE,2249,5373,2954,81,406500
      4,     24,       ,       ,1988,1992,46,CHURCH/SYN,9060,CHURCH,B,Good,11616,19113,13108,70,1369900
      4,     25,       ,       ,1995,2014,19,RANCH,1010,ONE FAM,C,AVERAGE,1400,3466,1982,92,264300
      4,     26,       ,       ,1994,2013,06,COLONIAL,1040,2 FAMILY,C,AVERAGE,3438,6714,4381,91,622500
      4,     27,       ,       ,1950,1993,19,RANCH,1010,ONE FAM,C,AVERAGE,1456,3248,1933,71,210100
      4,     28,       ,       ,1976,2005,06,COLONIAL,1010,ONE FAM,C,AVERAGE,1707,2524,1976,83,261800
      4,     29,       ,       ,1950,2008,19,RANCH,1010,ONE FAM,C,AVERAGE,1492,3006,2009,93,278900
      4,     30,       ,       ,1985,2012,18,SPLIT/RSD RANCH,1010,ONE FAM,C+,AVG. (+),2280,5150,3289,90,391700
      4,     31,       ,       ,1982,2012,05,CAPE,1010,ONE FAM,C+,AVG. (+),1890,3956,2429,90,339600
      4,     32,       ,       ,1983,2009,06,COLONIAL,1010,ONE FAM,C+,AVG. (+),2418,4555,3100,87,421100
      4,     33,       ,       ,1966,2001,06,COLONIAL,1010,ONE FAM,C+,AVG. (+),1986,4573,2778,79,357900
      4,     34,       ,       ,1967,2001,19,RANCH,1010,ONE FAM,C+,AVG. (+),1398,3588,1970,79,258000
      4,     35,       ,       ,1970,2001,19,RANCH,1010,ONE FAM,C+,AVG. (+),1378,3838,2255,79,288400
      4,     36,       ,       ,1970,2001,19,RANCH,1010,ONE FAM,C+,AVG. (+),2280,4323,2742,79,337300
      4,     37,       ,       ,1970,2004,18,SPLIT/RSD RANCH,1010,ONE FAM,C+,AVG. (+),1248,2668,1733,82,240300
      4,     38,       ,       ,1972,2008,18,SPLIT/RSD RANCH,1010,ONE FAM,C+,AVG. (+),1568,3415,2180,86,299500
      4,     39,       ,       ,1970,2004,18,SPLIT/RSD RANCH,1010,ONE FAM,C+,AVG. (+),1266,2810,1733,82,244800
      4,     40,       ,       ,1971,2004,18,SPLIT/RSD RANCH,1010,ONE FAM,C+,AVG. (+),1248,2569,1679,82,236100
      4,     41,       ,       ,1970,2008,18,SPLIT/RSD RANCH,1010,ONE FAM,C+,AVG. (+),1414,2700,1718,86,243200
      4,     42,       ,       ,1971,2004,18,SPLIT/RSD RANCH,1010,ONE FAM,C+,AVG. (+),1848,4072,2455,82,300000
      4,     43,       ,       ,1970,2008,18,SPLIT/RSD RANCH,1010,ONE FAM,C+,AVG. (+),1472,3025,1943,86,288300
      4,     44,       ,       ,1969,1998,18,SPLIT/RSD RANCH,1010,ONE FAM,C+,AVG. (+),1241,2585,1663,76,228400
      4,     45,       ,       ,1968,2001,06,COLONIAL,1010,ONE FAM,C+,AVG. (+),2214,4115,2745,79,346800
      4,     46,       ,       ,1970,2001,18,SPLIT/RSD RANCH,1010,ONE FAM,C+,AVG. (+),1248,2840,1786,79,225900
      4,     47,       ,       ,1971,2004,18,SPLIT/RSD RANCH,1010,ONE FAM,C+,AVG. (+),2448,5076,3197,82,383300
      4,     48,       ,       ,1970,2008,18,SPLIT/RSD RANCH,1010,ONE FAM,C+,AVG. (+),1241,2592,1629,86,250300
      4,     49,       ,       ,1970,2004,18,SPLIT/RSD RANCH,1010,ONE FAM,C+,AVG. (+),1714,3466,2255,82,294500
      4,     50,       ,       ,1970,2001,18,SPLIT/RSD RANCH,1010,ONE FAM,C+,AVG. (+),2552,5355,3489,79,371700
      4,     51,       ,       ,1969,2001,18,SPLIT/RSD RANCH,1010,ONE FAM,C+,AVG. (+),1248,2709,1701,79,221200
      4,     52,       ,       ,1970,2004,18,SPLIT/RSD RANCH,1010,ONE FAM,C+,AVG. (+),1236,2773,1834,82,251600
      4,     53,       ,       ,1970,2008,18,SPLIT/RSD RANCH,1010,ONE FAM,C+,AVG. (+),1248,2732,1726,86,262800
      4,     54,       ,       ,1970,2004,18,SPLIT/RSD RANCH,1010,ONE FAM,C+,AVG. (+),1248,2475,1745,82,246700
      4,     55,       ,       ,1970,2004,18,SPLIT/RSD RANCH,1010,ONE FAM,C+,AVG. (+),3186,6472,4121,82,444700
      4,     56,       ,       ,1970,2001,18,SPLIT/RSD RANCH,1010,ONE FAM,C+,AVG. (+),1664,3488,2226,79,263700
      4,     57,       ,       ,1970,2001,18,SPLIT/RSD RANCH,1010,ONE FAM,C+,AVG. (+),1248,2688,1744,79,240700
      4,     58,       ,       ,1968,2004,19,RANCH,1012,ONE FAM W ACC,C+,AVG. (+),1994,4438,2903,82,382300
      4,     59,       ,       ,1968,2004,18,SPLIT/RSD RANCH,1010,ONE FAM,C+,AVG. (+),1630,3554,2249,82,308300
      4,     60,       ,       ,1970,2001,18,SPLIT/RSD RANCH,1010,ONE FAM,C+,AVG. (+),1248,2628,1658,79,217900
      4,     61,       ,       ,1970,2004,18,SPLIT/RSD RANCH,1010,ONE FAM,C+,AVG. (+),3204,6139,3971,82,429100
      4,     62,       ,       ,1970,2004,18,SPLIT/RSD RANCH,1010,ONE FAM,C+,AVG. (+),1248,2661,1704,82,239800
      4,     63,       ,       ,1972,2005,18,SPLIT/RSD RANCH,1010,ONE FAM,C+,AVG. (+),1248,2786,1779,83,263100
      4,     64,       ,       ,,,,,1310,,,,0,0,0,,0
      4,     65,       ,       ,1970,2001,18,SPLIT/RSD RANCH,1010,ONE FAM,C+,AVG. (+),1200,2411,1609,79,216700
      4,     66,       ,       ,1966,2001,19,RANCH,1010,ONE FAM,C+,AVG. (+),1842,4016,2514,79,313600
      4,     67,       ,       ,1968,2001,18,SPLIT/RSD RANCH,1010,ONE FAM,C+,AVG. (+),1261,2653,1688,79,230000
      4,     68,       ,       ,1967,2004,18,SPLIT/RSD RANCH,1010,ONE FAM,C+,AVG. (+),1232,2576,1613,82,236500
      4,     69,       ,       ,1969,2004,19,RANCH,1010,ONE FAM,C+,AVG. (+),2037,4229,2637,82,336600
      4,     70,       ,       ,1968,2001,19,RANCH,1010,ONE FAM,C+,AVG. (+),1248,3704,2126,79,263500
      4,     71,       ,       ,1970,2001,19,RANCH,1010,ONE FAM,C+,AVG. (+),1258,3425,1988,79,243600
      4,     72,       ,       ,1970,2001,06,COLONIAL,1010,ONE FAM,B-,GOOD (-),2296,4748,3020,79,415700
      4,     73,       ,       ,1968,2004,19,RANCH,1010,ONE FAM,C+,AVG. (+),1248,3424,1857,82,263300
      4,     74,       ,       ,1968,2001,18,SPLIT/RSD RANCH,1010,ONE FAM,C+,AVG. (+),1234,2578,1688,79,231800
      4,     75,       ,       ,1970,2001,18,SPLIT/RSD RANCH,1010,ONE FAM,C+,AVG. (+),1938,3944,2519,79,305800
      4,     76,       ,       ,1967,2001,18,SPLIT/RSD RANCH,1010,ONE FAM,C+,AVG. (+),1234,2700,1786,79,234000
      4,     77,       ,       ,1986,1992,46,CHURCH/SYN,9060,CHURCH,C+,Avg. (+),3600,7296,4567,70,500900
      4,     79,       ,       ,,,,,9030,,,,0,0,0,,0
      4,     80,       ,       ,1950,1993,19,RANCH,1010,ONE FAM,C,AVERAGE,960,2756,1486,71,165300
      4,     81,       ,       ,1950,2000,19,RANCH,1010,ONE FAM,C,AVERAGE,1610,3310,2306,78,264300
      4,     82,       ,       ,1955,1997,19,RANCH,1010,ONE FAM,C,AVERAGE,1084,2804,1736,75,202400
      4,     83,       ,       ,1930,1989,05,CAPE,1010,ONE FAM,C+,AVG. (+),1838,3813,2407,67,253400
      4,     84,       ,       ,,,,,1300,,,,0,0,0,,0
      4,     85,       ,       ,1968,2008,19,RANCH,1010,ONE FAM,C+,AVG. (+),1520,3432,2104,86,290000
      4,     86,       ,       ,1972,2008,19,RANCH,1010,ONE FAM,C+,AVG. (+),1462,3590,2095,86,275600
      4,     87,       ,       ,1968,2004,12,MULTI-CONV,1040,2 FAMILY,C+,AVG. (+),1986,5176,2710,82,361200
      4,     88,       ,       ,1970,2004,19,RANCH,1010,ONE FAM,C+,AVG. (+),1695,3700,2417,82,320800
      5,      1,       ,       ,1955,1982,13,MULTI-GRDN,1120,APT 9+UP,C,Average,1625,1625,1625,60,138800
      5,      1,       ,       ,1955,1982,13,MULTI-GRDN,1120,APT 9+UP,C,Average,1625,1625,1625,60,145800
      5,      1,       ,       ,1955,1982,13,MULTI-GRDN,1120,APT 9+UP,C,Average,1625,1625,1625,60,145800
      5,      1,       ,       ,1955,1982,13,MULTI-GRDN,1120,APT 9+UP,C,Average,1625,1625,1625,60,145800
      5,      1,       ,       ,1955,1982,13,MULTI-GRDN,1120,APT 9+UP,C,Average,1625,1625,1625,60,145800
      5,      1,       ,       ,1955,1982,13,MULTI-GRDN,1120,APT 9+UP,C,Average,1625,1625,1625,60,145800
      5,      1,       ,       ,1955,1982,13,MULTI-GRDN,1120,APT 9+UP,C,Average,1775,1775,1775,60,153600
      5,      1,       ,       ,1955,1982,13,MULTI-GRDN,1120,APT 9+UP,C,Average,1775,1775,1775,60,153600
      5,      1,       ,       ,1955,1982,13,MULTI-GRDN,1120,APT 9+UP,C,Average,1775,1775,1775,60,153600
      5,      1,       ,       ,1955,1982,13,MULTI-GRDN,1120,APT 9+UP,C,Average,1775,1775,1775,60,153600
      5,      1,       ,       ,1955,1982,13,MULTI-GRDN,1120,APT 9+UP,C,Average,1775,1775,1775,60,153600
      5,      1,       ,       ,1955,1982,13,MULTI-GRDN,1120,APT 9+UP,C,Average,1775,1775,1775,60,153600
      5,      1,       ,       ,1955,1982,13,MULTI-GRDN,1120,APT 9+UP,C,Average,1925,1925,1925,60,160900
      5,      1,       ,       ,1965,1986,14,MULTI-TNHS,1120,APT 9+UP,C,Average,4608,4896,4680,18,98500
      5,      1,       ,       ,1965,1986,14,MULTI-TNHS,1120,APT 9+UP,C,Average,5376,5664,5448,64,394000
      5,      1,       ,       ,1965,1986,14,MULTI-TNHS,1120,APT 9+UP,C,Average,9216,9792,9360,64,644400
      5,      1,       ,       ,2007,2008,14,MULTI-TNHS,1120,APT 9+UP,C,Average,2016,2304,2106,86,253200
      5,      1,       ,       ,2007,2008,14,MULTI-TNHS,1120,APT 9+UP,C,Average,2016,2304,2106,86,253200
      5,      1,       ,       ,2007,2008,14,MULTI-TNHS,1120,APT 9+UP,C,Average,2016,2304,2106,86,253200
      5,      1,       ,       ,2007,2008,14,MULTI-TNHS,1120,APT 9+UP,C,Average,2048,2360,2145,86,262900
      5,      1,       ,       ,2007,2008,14,MULTI-TNHS,1120,APT 9+UP,C,Average,2048,2364,2147,86,256300
      5,      1,       ,       ,2007,2008,14,MULTI-TNHS,1120,APT 9+UP,C,Average,2204,2560,2317,86,268700
      5,      1,       ,       ,2007,2008,14,MULTI-TNHS,1120,APT 9+UP,C,Average,2976,3292,3055,86,332700
      5,      1,       ,       ,2007,2008,14,MULTI-TNHS,1120,APT 9+UP,C,Average,3020,3336,3099,86,336200
      5,      1,       ,       ,2007,2008,14,MULTI-TNHS,1120,APT 9+UP,C,Average,3020,3336,3099,86,336200
      5,      1,       ,       ,2007,2008,14,MULTI-TNHS,1120,APT 9+UP,C,Average,4416,4860,4577,86,449500
      5,      1,       ,       ,2007,2008,14,MULTI-TNHS,1120,APT 9+UP,C,Average,4416,4860,4577,86,449500
      5,      1,       ,       ,2007,2008,14,MULTI-TNHS,1120,APT 9+UP,C,Average,4480,5010,4663,86,455900
      5,      1,       ,       ,2007,2008,14,MULTI-TNHS,1120,APT 9+UP,C,Average,4624,5137,4802,86,466700
      5,      1,       ,       ,2007,2008,14,MULTI-TNHS,1120,APT 9+UP,C,Average,4624,5143,4804,86,466900
      5,      1,       ,       ,2007,2008,14,MULTI-TNHS,1120,APT 9+UP,C,Average,4624,5143,4804,86,466900
      5,      1,       ,       ,2007,2008,14,MULTI-TNHS,1120,APT 9+UP,C,Average,4624,5143,4804,86,466900
      5,      1,       ,       ,2007,2008,14,MULTI-TNHS,1120,APT 9+UP,C,Average,6052,6966,6313,86,605000
      5,      1,       ,       ,2007,2008,14,MULTI-TNHS,1120,APT 9+UP,C,Average,6052,6966,6313,86,605000
      5,      1,       ,       ,2007,2008,14,MULTI-TNHS,1120,APT 9+UP,C,Average,7504,8744,7852,86,735200
      5,      1,       ,       ,2007,2008,14,MULTI-TNHS,1120,APT 9+UP,C,Average,7504,8744,7852,86,735200
      5,      1,       ,       ,2007,2008,14,MULTI-TNHS,1120,APT 9+UP,C,Average,7504,8744,7852,86,735200
      5,      1,       ,       ,2007,2008,14,MULTI-TNHS,1120,APT 9+UP,C,Average,7504,8744,7852,86,735200
      5,      1,       ,       ,2008,2007,14,MULTI-TNHS,1120,APT 9+UP,C,Average,2112,2364,2225,85,262200
      5,      1,       ,       ,2008,2008,14,MULTI-TNHS,1120,APT 9+UP,C,Average,1960,2248,2050,86,248800
      5,      1,       ,       ,2008,2008,14,MULTI-TNHS,1120,APT 9+UP,C,Average,2016,2304,2106,86,253200
      5,      1,       ,       ,2008,2008,14,MULTI-TNHS,1120,APT 9+UP,C,Average,2048,2364,2147,86,256300
      5,      1,       ,       ,2008,2008,14,MULTI-TNHS,1120,APT 9+UP,C,Average,2772,3276,2932,86,311400
      5,      1,       ,       ,2008,2008,14,MULTI-TNHS,1120,APT 9+UP,C,Average,2772,3276,2932,86,311400
      5,      1,       ,       ,2008,2008,14,MULTI-TNHS,1120,APT 9+UP,C,Average,2772,3276,2932,86,311400
      5,      1,       ,       ,2008,2008,14,MULTI-TNHS,1120,APT 9+UP,C,Average,2772,3276,2932,86,311400
      5,      1,       ,       ,2008,2008,14,MULTI-TNHS,1120,APT 9+UP,C,Average,2772,3276,2932,86,311400
      5,      1,       ,       ,2008,2008,14,MULTI-TNHS,1120,APT 9+UP,C,Average,2772,3276,2932,86,311400
      5,      1,       ,       ,2008,2008,14,MULTI-TNHS,1120,APT 9+UP,C,Average,2772,3276,2932,86,311400
      5,      1,       ,       ,2008,2008,14,MULTI-TNHS,1120,APT 9+UP,C,Average,2976,3292,3055,86,332700
      5,      1,       ,       ,2008,2008,14,MULTI-TNHS,1120,APT 9+UP,C,Average,4288,4732,4449,86,440000
      5,      1,       ,       ,2008,2008,14,MULTI-TNHS,1120,APT 9+UP,C,Average,4416,4860,4577,86,442600
      5,      1,       ,       ,2008,2008,14,MULTI-TNHS,1120,APT 9+UP,C,Average,4416,4860,4577,86,449500
      5,      1,       ,       ,2008,2008,14,MULTI-TNHS,1120,APT 9+UP,C,Average,4416,4860,4577,86,449500
      5,      1,       ,       ,2008,2008,14,MULTI-TNHS,1120,APT 9+UP,C,Average,4416,4860,4577,86,449500
      5,      1,       ,       ,2008,2008,14,MULTI-TNHS,1120,APT 9+UP,C,Average,4416,4860,4577,86,449500
      5,      1,       ,       ,2008,2008,14,MULTI-TNHS,1120,APT 9+UP,C,Average,4416,4860,4577,86,449500
      5,      1,       ,       ,2008,2008,14,MULTI-TNHS,1120,APT 9+UP,C,Average,4416,4860,4577,86,449500
      5,      1,       ,       ,2008,2008,14,MULTI-TNHS,1120,APT 9+UP,C,Average,4416,4860,4577,86,449500
      5,      1,       ,       ,2008,2008,14,MULTI-TNHS,1120,APT 9+UP,C,Average,4416,4860,4577,86,449500
      5,      1,       ,       ,2008,2008,14,MULTI-TNHS,1120,APT 9+UP,C,Average,4416,4860,4577,86,449500
      5,      1,       ,       ,2008,2008,14,MULTI-TNHS,1120,APT 9+UP,C,Average,4416,4860,4577,86,449500
      5,      1,       ,       ,2008,2008,14,MULTI-TNHS,1120,APT 9+UP,C,Average,4416,4860,4577,86,449500
      5,      1,       ,       ,2008,2008,14,MULTI-TNHS,1120,APT 9+UP,C,Average,4416,4860,4577,86,449500
      5,      1,       ,       ,2008,2008,14,MULTI-TNHS,1120,APT 9+UP,C,Average,4416,4860,4577,86,449500
      5,      1,       ,       ,2008,2008,14,MULTI-TNHS,1120,APT 9+UP,C,Average,4480,4993,4658,86,455500
      5,      1,       ,       ,2008,2008,14,MULTI-TNHS,1120,APT 9+UP,C,Average,4480,4993,4658,86,455500
      5,      1,       ,       ,2008,2008,14,MULTI-TNHS,1120,APT 9+UP,C,Average,4480,5010,4663,86,455900
      5,      1,       ,       ,2008,2008,14,MULTI-TNHS,1120,APT 9+UP,C,Average,4624,5143,4804,86,466900
      5,      1,       ,       ,2008,2008,14,MULTI-TNHS,1120,APT 9+UP,C,Average,4624,5143,4804,86,466900
      5,      1,       ,       ,2008,2008,14,MULTI-TNHS,1120,APT 9+UP,C,Average,6176,7120,6447,86,615200
      5,      1,       ,       ,2008,2009,69,LODGE,3400,OFFICE,C+,Avg. (+),2892,2980,2912,87,289600
      5,      1,  70100,       ,1965,2001,19,RANCH,1010,ONE FAM,C,AVERAGE,1025,1287,1077,79,156700
      5,      2,       ,       ,,,,,9030,,,,0,0,0,,0
      5,      2,  70100,       ,1988,1992,40,RINK,905I,CHARITABLE-Ind,C+,Avg. (+),32563,66576,33002,70,1374900
      6,      1,       ,       ,,,,,4500,,,,0,0,0,,0
      7,      1,       ,       ,,,,,9030,,,,0,0,0,,0
      7,      2,       ,       ,1940,1982,71,OFFICE,3400,OFFICE,D+,Fair (+),651,699,685,60,50600
      7,      2,       ,       ,1993,1997,71,OFFICE,3400,OFFICE,C,Average,5925,8079,6746,75,642400
      7,      3,       ,       ,1984,2009,09,CONTEMPORY,1010,ONE FAM,C,AVERAGE,2858,5798,3519,87,433300
      7,      4,       ,       ,1958,1988,05,CAPE,1010,ONE FAM,C,AVERAGE,1164,2586,1380,66,143300
      7,      5,       ,       ,1957,1992,19,RANCH,1010,ONE FAM,C,AVERAGE,1280,3048,1844,60,160200
      7,      6,       ,       ,1993,2013,05,CAPE,1010,ONE FAM,C,AVERAGE,1546,4688,2074,91,258200
      7,      7,       ,       ,1982,2012,09,CONTEMPORY,1010,ONE FAM,C,AVERAGE,2469,4899,3024,90,403700
      7,      8,       ,       ,1984,2002,19,RANCH,1010,ONE FAM,C,AVERAGE,896,2661,1402,80,186300
      7,      9,       ,       ,,,,,1310,,,,0,0,0,,0
      7,     10,       ,       ,,,,,1310,,,,0,0,0,,0
      8,      1,       ,       ,2015,2013,13,MULTI-GRDN,1120,APT 9+UP,C+,Avg. (+),57834,90028,65715,91,4230400
      8,      2,    100,       ,2006,2003,83,APARTMENT,1120,APT 9+UP,C+,Avg. (+),49304,75889,58438,81,4563900
      8,      2,    101,       ,2003,2013,08,CONDO-TNHS,1020,CONDO,03,ADEQUATE,1665,2662,1913,91,318200
      8,      2,    102,       ,2003,2013,08,CONDO-TNHS,1020,CONDO,03,ADEQUATE,1889,3654,2136,91,327400
      8,      2,    103,       ,2003,2013,08,CONDO-TNHS,1020,CONDO,03,ADEQUATE,1889,3654,2092,91,331700
      8,      2,    104,       ,2003,2013,08,CONDO-TNHS,1020,CONDO,03,ADEQUATE,1665,3872,1873,91,317000
      8,      2,    200,       ,1999,1997,83,APARTMENT,1120,APT 9+UP,C,Average,86586,117565,94315,75,3303300
      8,      2,    201,       ,2002,2013,08,CONDO-TNHS,1020,CONDO,03,ADEQUATE,1665,3920,1872,91,314400
      8,      2,    202,       ,2002,2013,08,CONDO-TNHS,1020,CONDO,03,ADEQUATE,1889,3654,2087,91,328500
      8,      2,    203,       ,2002,2013,08,CONDO-TNHS,1020,CONDO,03,ADEQUATE,1889,3654,2136,91,327400
      8,      2,    204,       ,2006,2013,08,CONDO-TNHS,1020,CONDO,03,ADEQUATE,1745,3840,1920,91,311000
      8,      2,    301,       ,2003,2013,08,CONDO-TNHS,1020,CONDO,03,ADEQUATE,1665,3872,1913,91,317500
      8,      2,    302,       ,2003,2013,08,CONDO-TNHS,1020,CONDO,03,ADEQUATE,1889,3654,2092,91,329500
      8,      2,    303,       ,2003,2013,08,CONDO-TNHS,1020,CONDO,03,ADEQUATE,1889,3714,2142,91,336000
      8,      2,    304,       ,2003,2013,08,CONDO-TNHS,1020,CONDO,03,ADEQUATE,1665,4026,1928,91,314400
      8,      2,    401,       ,2004,2013,08,CONDO-TNHS,1020,CONDO,03,ADEQUATE,1665,4144,1931,91,305000
      8,      2,    402,       ,2004,2013,08,CONDO-TNHS,1020,CONDO,03,ADEQUATE,1889,3654,2092,91,328900
      8,      2,    403,       ,2004,2013,08,CONDO-TNHS,1020,CONDO,03,ADEQUATE,1889,3654,2136,91,335500
      8,      2,    404,       ,2004,2013,08,CONDO-TNHS,1020,CONDO,03,ADEQUATE,1665,3872,1877,91,312200
      8,      2,    501,       ,2004,2013,08,CONDO-TNHS,1020,CONDO,03,ADEQUATE,1665,4080,2455,91,393800
      8,      2,    502,       ,2004,2013,08,CONDO-TNHS,1020,CONDO,03,ADEQUATE,1889,3654,2384,91,405600
      8,      2,    503,       ,2004,2013,08,CONDO-TNHS,1020,CONDO,03,ADEQUATE,1889,3798,2398,91,398400
      8,      2,    504,       ,2004,2015,08,CONDO-TNHS,1020,CONDO,03,ADEQUATE,1777,4065,2296,93,395800
      8,      2,    601,       ,2004,2013,08,CONDO-TNHS,1020,CONDO,03,ADEQUATE,1665,3872,2243,91,378000
      8,      2,    602,       ,2004,2013,08,CONDO-TNHS,1020,CONDO,03,ADEQUATE,1889,3798,2398,91,398400
      8,      2,    603,       ,2004,2013,08,CONDO-TNHS,1020,CONDO,03,ADEQUATE,1889,3654,2442,91,367500
      8,      2,    604,       ,2004,2013,08,CONDO-TNHS,1020,CONDO,03,ADEQUATE,1665,3872,2238,91,366900
      8,      2,    701,       ,2005,2013,08,CONDO-TNHS,1020,CONDO,03,ADEQUATE,1496,3724,2227,91,345100
      8,      2,    702,       ,2005,2013,08,CONDO-TNHS,1020,CONDO,03,ADEQUATE,2000,3619,2440,91,369700
      8,      2,    801,       ,2004,2013,08,CONDO-TNHS,1020,CONDO,03,ADEQUATE,1665,3949,1918,91,319900
      8,      2,    802,       ,2004,2013,08,CONDO-TNHS,1020,CONDO,03,ADEQUATE,1889,3654,2136,91,327400
      8,      2,    803,       ,2004,2013,08,CONDO-TNHS,1020,CONDO,03,ADEQUATE,1997,3922,2184,91,336600
      8,      2,    804,       ,2004,2013,08,CONDO-TNHS,1020,CONDO,03,ADEQUATE,1305,3797,1602,91,270100
      8,      2,    901,       ,2004,2013,08,CONDO-TNHS,1020,CONDO,03,ADEQUATE,1665,3872,1913,91,318200
      8,      2,    902,       ,2004,2013,08,CONDO-TNHS,1020,CONDO,03,ADEQUATE,1889,3654,2136,91,327400
      8,      2,    903,       ,2004,2013,08,CONDO-TNHS,1020,CONDO,03,ADEQUATE,1889,3654,2136,91,332600
      8,      2,    904,       ,2004,2013,08,CONDO-TNHS,1020,CONDO,03,ADEQUATE,1665,3960,1886,91,311100
      8,      2,    905,       ,2007,2015,08,CONDO-TNHS,1020,CONDO,03,ADEQUATE,1729,4158,1957,93,329300
      8,      2,    906,       ,2007,2015,08,CONDO-TNHS,1020,CONDO,03,ADEQUATE,1957,3854,2180,93,346700
      8,      2,    907,       ,2007,2015,08,CONDO-TNHS,1020,CONDO,03,ADEQUATE,1957,3854,2180,93,343700
      8,      2,    908,       ,2007,2015,08,CONDO-TNHS,1020,CONDO,03,ADEQUATE,1841,4006,2017,93,334800
      8,      2,    909,       ,2007,2016,08,CONDO-TNHS,1020,CONDO,03,ADEQUATE,1729,4000,1937,94,336800
      8,      2,    910,       ,2007,2015,08,CONDO-TNHS,1020,CONDO,03,ADEQUATE,1957,3854,2180,93,338400
      8,      2,    911,       ,2007,2015,08,CONDO-TNHS,1020,CONDO,03,ADEQUATE,1257,3854,1821,93,295800
      8,      2,    912,       ,2007,2015,08,CONDO-TNHS,1020,CONDO,03,ADEQUATE,1729,4000,1941,93,322500
      8,      2,   1201,       ,2007,2015,08,CONDO-TNHS,1020,CONDO,03,ADEQUATE,1729,4098,1987,93,328800
      8,      2,   1202,       ,2007,2015,08,CONDO-TNHS,1020,CONDO,03,ADEQUATE,1957,3958,2258,93,346000
      8,      2,   1203,       ,2007,2015,08,CONDO-TNHS,1020,CONDO,03,ADEQUATE,1957,3854,2171,93,342900
      8,      2,   1204,       ,2007,2015,08,CONDO-TNHS,1020,CONDO,03,ADEQUATE,1364,3794,1703,93,284800
      8,      2,   1301,       ,2007,2015,08,CONDO-TNHS,1020,CONDO,03,ADEQUATE,1729,3988,1934,93,329800
      8,      2,   1302,       ,2007,2015,08,CONDO-TNHS,1020,CONDO,03,ADEQUATE,1887,3730,2096,93,336500
      8,      2,   1303,       ,2007,2015,08,CONDO-TNHS,1020,CONDO,03,ADEQUATE,1957,3854,2171,93,344400
      8,      2,   1304,       ,2007,2015,08,CONDO-TNHS,1020,CONDO,03,ADEQUATE,1729,4096,1987,93,334700
      8,      3,       ,       ,1835,1993,22,CONVENT`NL,1090,MULT HS,C+,AVG. (+),3050,6631,3838,71,379200
      8,      3,       ,       ,1999,2012,10,APT/GAR,1090,MULT HS,C-,AVG. (-),1260,3146,1926,90,226700
      8,      4,       ,       ,1930,2005,05,CAPE,1010,ONE FAM,C-,AVG. (-),966,2160,1158,83,155700
      8,      4,       ,       ,1963,2001,18,SPLIT/RSD RANCH,1010,ONE FAM,C,AVERAGE,1040,2200,1458,79,187600
      8,      5,       ,       ,1935,1932,12,MULTI-CONV,1050,3 FAMILY,C,AVERAGE,2460,4146,3019,10,28100
      8,      7,       ,       ,1985,1995,72,OFFICE-PRO,3400,OFFICE,B+,Good (+),5251,6854,5732,73,806900
      8,      8,       ,       ,1900,1979,22,CONVENT`NL,1010,ONE FAM,C-,AVG. (-),1326,2855,1722,57,155900
      8,      9,       ,       ,1952,1988,19,RANCH,1010,ONE FAM,C-,AVG. (-),974,2054,1325,66,138000
      8,     10,       ,       ,1900,1989,19,RANCH,1010,ONE FAM,C-,AVG. (-),1302,3130,1857,67,166000
      8,     11,       ,       ,1900,1974,19,RANCH,1010,ONE FAM,C-,AVG. (-),630,1320,803,52,69000
      8,     12,       ,       ,,,,,1300,RES LAND,,,,,,,
      8,     13,       ,       ,2006,2014,22,CONVENT`NL,1010,ONE FAM,C,AVERAGE,1152,1920,1200,92,195900
      8,     14,       ,       ,2001,2012,19,RANCH,1010,ONE FAM,C,AVERAGE,1088,2176,1360,90,185100
      8,     15,       ,       ,1945,2000,19,RANCH,1010,ONE FAM,C-,AVG. (-),912,1872,1146,78,134200
      8,     16,       ,       ,2011,2015,22,CONVENT`NL,1010,ONE FAM,C,AVERAGE,1566,2608,1803,93,293100
      8,     17,       ,       ,2009,2014,06,COLONIAL,1010,ONE FAM,C,AVERAGE,1040,1712,1208,92,173300
      8,     18,       ,       ,1900,2005,12,MULTI-CONV,1040,2 FAMILY,C-,AVG. (-),2568,4221,2940,96,359800
      8,     19,       ,       ,1930,1989,22,CONVENT`NL,1010,ONE FAM,C-,AVG. (-),1310,2872,1617,67,178800
      8,     21,       ,       ,1940,1993,06,COLONIAL,1010,ONE FAM,C+,AVG. (+),1200,2053,1441,71,208500
      8,     22,       ,       ,1960,1997,19,RANCH,1010,ONE FAM,C,AVERAGE,1050,2425,1525,75,186000
      8,     23,       ,       ,,,,,1060,,,,0,0,0,,0
      8,     25,       ,       ,1962,2004,18,SPLIT/RSD RANCH,1010,ONE FAM,C,AVERAGE,1540,3328,2146,82,261800
      8,     26,       ,       ,,,,,1320,,,,0,0,0,,0
      8,     27,       ,       ,,,,,1320,,,,0,0,0,,0
      8,     28,       ,       ,,,,,1320,,,,0,0,0,,0
      8,     29,       ,       ,,,,,1320,,,,0,0,0,,0
      8,     30,       ,       ,1960,2000,19,RANCH,1010,ONE FAM,C,AVERAGE,768,1824,1093,78,158700
      8,     31,       ,       ,1961,1997,12,MULTI-CONV,1040,2 FAMILY,C,AVERAGE,1578,3436,2132,75,240600
      8,     32,       ,       ,1976,2008,19,RANCH,1010,ONE FAM,C,AVERAGE,1528,3980,2205,86,282900
      8,     33,       ,       ,,,,,1300,,,,0,0,0,,0
      9,      1,       ,       ,1950,1982,91,MOTEL,3010,MOTEL,C,Average,5992,7861,6568,60,371000
      9,      1,       ,       ,1975,1988,91,MOTEL,3010,MOTEL,C,Average,1160,2900,1581,66,146500
      9,      2,       ,       ,,,,,6001,,,,0,0,0,,0
     10,      6,    100,       ,1986,1992,57,RELAY BLDG,4300,TEL XSTA,D,Fair,1280,1308,1287,70,100000
     10,      6,    200,       ,1994,2000,97,INN,9050,CHARITABLE,A-,V Good-,10555,18365,12478,78,1749200
     10,      7,    101,       ,2003,2003,63,CONDO-OFC,102C,CONDO-com,B+,Good (+),2000,2024,2006,81,496200
     10,      7,    102,       ,2002,2002,63,CONDO-OFC,102C,CONDO-com,B,Good,1280,1312,1288,80,313800
     10,      7,    105,       ,1983,1992,63,CONDO-OFC,102C,CONDO-com,B+,Good (+),2998,3014,3002,70,566800
     10,      7,    201,       ,2003,2003,63,CONDO-OFC,102C,CONDO-com,B+,Good (+),2000,2024,2006,81,506200
     10,      7,    202,       ,2002,2002,63,CONDO-OFC,102C,CONDO-com,B,Good,1216,1248,1224,80,306800
     10,      7,    203,       ,2005,2002,63,CONDO-OFC,102C,CONDO-com,B+,Good (+),5432,5532,5457,80,1231400
     10,      7,    204,       ,2001,2000,63,CONDO-OFC,102C,CONDO-com,B+,Good (+),4080,4176,4147,78,853400
     10,      7,    205,       ,1983,1992,63,CONDO-OFC,102C,CONDO-com,B+,Good (+),1381,1397,1385,70,339600
     10,      7,    302,       ,2002,2002,63,CONDO-OFC,102C,CONDO-com,B,Good,2000,2032,2008,80,455200
     10,      7,    305,       ,1983,1992,63,CONDO-OFC,102C,CONDO-com,B+,Good (+),1368,1400,1376,70,326800
     10,      7,    402,       ,2002,2002,63,CONDO-OFC,102C,CONDO-com,B,Good,992,1024,1000,80,245800
     10,      7,    405,       ,1988,1992,63,CONDO-OFC,102C,CONDO-com,B-,Good (-),747,779,755,70,147300
     10,      7,    502,       ,2002,2002,63,CONDO-OFC,102C,CONDO-com,B,Good,1280,1312,1288,80,321800
     10,      7,    602,       ,2002,2002,63,CONDO-OFC,102C,CONDO-com,B,Good,1216,1248,1224,80,311700
     10,      7,    702,       ,2002,2002,63,CONDO-OFC,102C,CONDO-com,B,Good,2000,2032,2008,80,455600
     10,      7,    802,       ,2002,2003,63,CONDO-OFC,102C,CONDO-com,B,Good,960,992,968,81,247500
     10,      8,       ,       ,1990,1995,89,HOSPITAL,3250,STORE,A,Very Good,16967,16967,16967,73,4733600
     10,      8,    100,       ,,0,,,3900,,,,0,0,0,,0
     10,      8,    200,       ,1990,2003,89,HOSPITAL,9050,CHARITABLE,A,Very Good,2088242,2275455,2150354,81,693038900
     10,      8,    200,       ,2004,2005,31,HANGAR,905I,CHARITABLE-Ind,C,Average,17024,17024,17024,83,442400
     10,      8,    200,       ,2009,2014,89,HOSPITAL,9050,CHARITABLE,B,Good,30302,40745,34467,92,9617000
     10,      8,    200,       ,2017,2017,54,NURSING HM,9050,CHARITABLE,AA,Superb,27074,33245,28423,95,6196100
     10,      8,    200,       ,2023,2022,89,HOSPITAL,9050,CHARITABLE,AA,Superb,87452,218630,142110,100,65795600
     10,      8,    300,       ,,,,,905V,CHARITABLE-Vac,,,,,,,
     10,      8,  70100,       ,1993,1997,71,OFFICE,9050,CHARITABLE,A,Very Good,10152,20441,11226,75,1648400
     10,      8,  70200,       ,1994,1997,89,HOSPITAL,9050,CHARITABLE,AA,Superb,163845,169103,165727,75,59341800
     10,      9,       ,       ,,,,,3880,,,,0,0,0,,0
     10,     10,       ,       ,,,,,3880,,,,0,0,0,,0
     10,     11,    100,       ,1997,2000,74,RESTAURANT,3230,SHOP CTR,B,Good,5698,9216,6212,78,917900
     10,     11,    100,       ,1997,2000,76,SHOP CTR,3230,SHOP CTR,B,Good,55000,55000,55000,78,8917200
     10,     11,    100,       ,2024,2022,67,FAST FOOD,3260,REST/BAR,B+,Good (+),2316,2316,2316,50,262800
     10,     11,    300,       ,1997,2000,90,HOTEL,3000,HOTEL,A-,V Good-,78986,80765,79202,78,13372000
     10,     11,    400,       ,1996,2000,50,GOVT BLDG,901C,STATE NH-Comm,A-,V Good-,9141,11556,9401,78,1632600
     10,     11,    700,       ,1997,1998,88,HEALTH CLB,3740,HEALTH,B,Good,32372,80770,52576,76,4156300
     10,     11,    700,       ,2016,2016,58,SCHOOL,3740,HEALTH,C,Average,9711,9711,9711,94,1375900
     10,     11,   1000,       ,2001,2000,71,OFFICE,3400,OFFICE,A,Very Good,7824,13798,9080,78,1463300
     10,     11,   1201,       ,2017,2018,07,CONDO-GRDN,1020,CONDO,03,ADEQUATE,1090,1090,1090,96,358300
     10,     11,   1202,       ,2017,2018,07,CONDO-GRDN,1020,CONDO,03,ADEQUATE,1380,1380,1380,96,504200
     10,     11,   1203,       ,2017,2018,07,CONDO-GRDN,1020,CONDO,03,ADEQUATE,1285,1285,1285,96,433100
     10,     11,   1204,       ,2017,2018,07,CONDO-GRDN,1020,CONDO,03,ADEQUATE,1285,1285,1285,96,438900
     10,     11,   1205,       ,2017,2018,07,CONDO-GRDN,1020,CONDO,03,ADEQUATE,1360,1360,1360,96,469500
     10,     11,   1206,       ,2017,2018,07,CONDO-GRDN,1020,CONDO,03,ADEQUATE,1360,1360,1360,96,444800
     10,     11,   1207,       ,2017,2018,07,CONDO-GRDN,1020,CONDO,03,ADEQUATE,1300,1300,1300,96,435500
     10,     11,   1208,       ,2017,2018,07,CONDO-GRDN,1020,CONDO,03,ADEQUATE,1140,1140,1140,96,409400
     10,     11,   1209,       ,2017,2018,07,CONDO-GRDN,1020,CONDO,03,ADEQUATE,1220,1220,1220,96,422300
     10,     11,   1210,       ,2017,2018,07,CONDO-GRDN,1020,CONDO,03,ADEQUATE,1500,1500,1500,96,519800
     10,     11,   1211,       ,2017,2018,07,CONDO-GRDN,1020,CONDO,03,ADEQUATE,1380,1380,1380,96,493000
     10,     11,   1212,       ,2017,2018,07,CONDO-GRDN,1020,CONDO,03,ADEQUATE,1880,1880,1880,96,586600
     10,     11,   1213,       ,2017,2018,07,CONDO-GRDN,1020,CONDO,03,ADEQUATE,2040,2040,2040,96,578500
     10,     11,   1214,       ,2017,2018,07,CONDO-GRDN,1020,CONDO,03,ADEQUATE,1360,1360,1360,96,444800
     10,     11,   1215,       ,2017,2018,07,CONDO-GRDN,1020,CONDO,03,ADEQUATE,1250,1250,1250,96,431200
     10,     11,   1216,       ,2017,2018,07,CONDO-GRDN,1020,CONDO,03,ADEQUATE,1090,1090,1090,96,402000
     10,     11,   1217,       ,2017,2018,07,CONDO-GRDN,1020,CONDO,03,ADEQUATE,1170,1170,1170,96,414200
     10,     11,   1218,       ,2017,2018,07,CONDO-GRDN,1020,CONDO,03,ADEQUATE,1500,1500,1500,96,554800
     10,     11,   1219,       ,2017,2018,07,CONDO-GRDN,1020,CONDO,03,ADEQUATE,1380,1380,1380,96,497500
     10,     11,   1220,       ,2017,2018,07,CONDO-GRDN,1020,CONDO,03,ADEQUATE,1880,1880,1880,96,586600
     10,     11,   1221,       ,2017,2018,07,CONDO-GRDN,1020,CONDO,03,ADEQUATE,2040,2040,2040,96,584100
     10,     11,   1222,       ,2017,2018,07,CONDO-GRDN,1020,CONDO,03,ADEQUATE,1360,1360,1360,96,444800
     10,     11,   1223,       ,2017,2018,07,CONDO-GRDN,1020,CONDO,03,ADEQUATE,1250,1250,1250,96,427400
     10,     11,   1224,       ,2017,2018,07,CONDO-GRDN,1020,CONDO,03,ADEQUATE,1090,1090,1090,96,402000
     10,     11,   1225,       ,2017,2018,07,CONDO-GRDN,1020,CONDO,03,ADEQUATE,1170,1170,1170,96,414200
     10,     11,   1226,       ,2017,2018,07,CONDO-GRDN,1020,CONDO,03,ADEQUATE,1500,1500,1500,96,519800
     10,     11,   1300,       ,1962,1985,43,WAREHOUSE,4010,IND WHSE,C-,Avg. (-),22478,23122,22607,63,694700
     10,     11,   1302,       ,2006,2005,90,HOTEL,3000,HOTEL,A-,V Good-,74917,78402,75526,83,10060600
     10,     11,   1400,       ,,,,,4400,,,,0,0,0,,0
     10,     11,   1500,       ,2001,2003,71,OFFICE,3400,OFFICE,A,Very Good,25245,25978,25428,81,2437400
     10,     11,   150E,       ,2001,1997,71,OFFICE,905I,CHARITABLE-Ind,A,Very Good,25245,25978,25428,75,1612900
     10,     11,   1600,       ,2001,2000,71,OFFICE,9050,CHARITABLE,A,Very Good,48724,53046,49805,78,7488300
     10,     11,   2000,       ,1998,2000,71,OFFICE,3400,OFFICE,A,Very Good,49182,50064,49270,78,7693800
     10,     11,   2100,       ,1994,2003,71,OFFICE,3400,OFFICE,A-,V Good-,42686,48319,43753,81,6218400
     10,     11,   2300,       ,2001,2003,71,OFFICE,3400,OFFICE,A+,Excellent,55677,74506,55745,81,9469800
     10,     11,   2400,       ,,,,,3370,,,,0,0,0,,0
     10,     11,   2500,       ,1994,1998,43,WAREHOUSE,4010,IND WHSE,C+,Avg. (+),13135,13135,13135,76,520200
     10,     11,   2600,       ,2004,2008,70,R+D LAB GD,4040,R+D BLDG,A-,V Good-,50733,50733,50733,66,3831400
     10,     11,   2700,       ,1998,1997,70,R+D LAB GD,4040,R+D BLDG,C+,Avg. (+),80548,80548,80548,75,4936600
     10,     11,   3100,       ,1999,2000,73,R+D,4020,IND OFC,B-,Good (-),20000,20224,20056,78,1088900
     10,     11,   3200,       ,1992,1997,43,WAREHOUSE,905I,CHARITABLE-Ind,B,Good,14076,15504,14362,75,651300
     10,     11,   3400,       ,1998,1998,71,OFFICE,402C,IND OFC-Comm,B+,Good (+),64431,64431,64431,76,7954100
     10,     11,   3600,       ,2005,2005,70,R+D LAB GD,4040,R+D BLDG,A-,V Good-,65576,80790,71346,83,8396200
     10,     11,   3800,       ,1991,1993,71,OFFICE,402C,IND OFC-Comm,B-,Good (-),64785,70496,64895,71,5002200
     10,     12,       ,       ,2020,2020,13,MULTI-GRDN,1120,APT 9+UP,B,Good,33800,49999,38767,98,4800600
     10,     12,       ,       ,2020,2020,13,MULTI-GRDN,1120,APT 9+UP,B,Good,36465,52813,41509,98,5151100
     10,     12,       ,       ,2020,2020,13,MULTI-GRDN,1120,APT 9+UP,B,Good,36465,52813,41509,98,5181200
     10,     12,       ,       ,2020,2020,13,MULTI-GRDN,1120,APT 9+UP,B,Good,36465,52813,41509,98,5181200
     10,     13,       ,       ,,,,,6230,,,,0,0,0,,0
     10,     21,       ,       ,,,,,3900,,,,0,0,0,,0
     10,     22,       ,       ,1960,1982,71,OFFICE,9050,CHARITABLE,B,Good,18539,18539,18539,60,1536400
     10,     22,       ,       ,1980,1992,72,OFFICE-PRO,9050,CHARITABLE,B,Good,6218,6218,6218,70,760100
     10,     22,       ,       ,1987,1992,43,WAREHOUSE,905I,CHARITABLE-Ind,B,Good,10200,10684,10297,70,495300
     10,     22,       ,       ,1999,1997,71,OFFICE,9050,CHARITABLE,A+,Excellent,55187,55467,55257,75,8869700
     10,     23,       ,       ,,,,,3900,,,,0,0,0,,0
     10,     24,    100,       ,,,,,6201,,,,0,0,0,,0
     10,     24,    200,       ,,,,,6111,,,,0,0,0,,0
     10,     25,       ,       ,,,,,3900,,,,0,0,0,,0
     10,     26,       ,       ,,,,,6231,,,,0,0,0,,0
     10,     27,       ,       ,,,,,6231,,,,0,0,0,,0
     10,     28,       ,       ,,,,,6211,,,,0,0,0,,0
     10,     29,       ,       ,,,,,6211,,,,0,0,0,,0
     10,     30,       ,       ,,,,,6231,,,,0,0,0,,0
     10,     31,       ,       ,,,,,6231,,,,0,0,0,,0
     10,     32,       ,       ,,,,,6231,,,,0,0,0,,0
     10,     33,       ,       ,,,,,6231,,,,0,0,0,,0
     10,     34,       ,       ,,,,,6231,,,,0,0,0,,0
     10,     35,       ,       ,,,,,6231,,,,0,0,0,,0
     12,      1,       ,       ,1892,1998,22,CONVENT`NL,1010,ONE FAM,C,AVERAGE,2117,5633,2888,76,327000
     12,      2,       ,       ,,,,,6231,,,,0,0,0,,0
     12,      3,       ,       ,,,,,6231,,,,0,0,0,,0
     12,      4,       ,       ,1967,2004,05,CAPE,1010,ONE FAM,C,AVERAGE,1058,3140,1400,83,207000
     12,      5,       ,       ,1980,2005,05,CAPE,1010,ONE FAM,C,AVERAGE,1638,2808,1872,83,221700
     12,      5,    100,       ,1992,2013,18,SPLIT/RSD RANCH,1010,ONE FAM,C,AVERAGE,1840,3770,2422,91,284000
     12,      5,    200,       ,1991,2013,19,RANCH,1010,ONE FAM,C,AVERAGE,960,2288,1246,91,198900
     12,      5,    300,       ,1995,2016,05,CAPE,1010,ONE FAM,C+,AVG. (+),1932,3589,2249,94,330600
     12,      5,    400,       ,2001,2012,06,COLONIAL,1010,ONE FAM,C,AVERAGE,1792,3888,2322,90,332800
     12,      5,    500,       ,1991,2012,05,CAPE,1010,ONE FAM,C,AVERAGE,864,2632,1190,90,195600
     13,      1,       ,       ,,,,,1310,,,,0,0,0,,0
     13,      2,       ,       ,1975,2012,09,CONTEMPORY,1010,ONE FAM,C+,AVG. (+),1416,2188,1636,90,265900
     13,      3,       ,       ,1994,2012,18,SPLIT/RSD RANCH,1010,ONE FAM,C,AVERAGE,1008,2256,1444,90,216400
     13,      4,       ,       ,2014,2020,09,CONTEMPORY,1010,ONE FAM,B,GOOD,1232,2755,1690,98,375400
     13,      5,       ,       ,1892,1993,15,OLD STYLE,1010,ONE FAM,A,VERY GOOD,4806,8622,5530,71,850100
     13,      6,       ,       ,1975,2008,18,SPLIT/RSD RANCH,1010,ONE FAM,C+,AVG. (+),1358,3340,1902,86,272600
     14,      1,       ,       ,1960,1997,19,RANCH,1010,ONE FAM,C,AVERAGE,1221,2661,1620,75,213900
     14,      2,       ,       ,1960,1997,19,RANCH,1010,ONE FAM,C,AVERAGE,960,2195,1228,75,163800
     14,      3,       ,       ,1965,2004,18,SPLIT/RSD RANCH,1012,ONE FAM W ACC,C,AVERAGE,912,2595,1436,82,185300
     14,      3,       ,       ,1975,2000,10,APT/GAR,1012,ONE FAM W ACC,D,FAIR,672,1408,947,78,109600
     14,      5,       ,       ,1930,1979,19,RANCH,1010,ONE FAM,C-,AVG. (-),729,1512,925,57,94000
     14,      6,       ,       ,1953,2009,19,RANCH,1010,ONE FAM,C,AVERAGE,1354,3508,1989,87,259200
     14,      7,       ,       ,1960,1997,19,RANCH,1010,ONE FAM,C-,AVG. (-),1105,2175,1384,75,155800
     14,      8,       ,       ,1956,1997,19,RANCH,1010,ONE FAM,C,AVERAGE,1724,3272,2113,75,243500
     14,      9,       ,       ,1955,1997,19,RANCH,1010,ONE FAM,C,AVERAGE,1548,4088,2362,75,258400
     14,     10,       ,       ,1972,2001,19,RANCH,1010,ONE FAM,C-,AVG. (-),1680,3032,2087,79,216900
     14,     11,       ,       ,1977,2005,18,SPLIT/RSD RANCH,1010,ONE FAM,C,AVERAGE,1120,2456,1522,83,201300
     14,     12,       ,       ,1975,2005,18,SPLIT/RSD RANCH,1010,ONE FAM,C,AVERAGE,906,1836,1294,83,177500
     14,     13,       ,       ,1962,2001,19,RANCH,1010,ONE FAM,C-,AVG. (-),1120,2936,1642,79,192300
     14,     14,       ,       ,1955,1997,19,RANCH,1010,ONE FAM,C,AVERAGE,888,2525,1312,75,167400
     14,     15,       ,       ,1965,2001,05,CAPE,1010,ONE FAM,C,AVERAGE,1876,4408,2127,79,260400
     14,     16,       ,       ,1974,1996,03,"CAMP,SEAS",1010,ONE FAM,D-,POOR,560,560,560,74,26500
     14,     17,    100,       ,1900,1993,15,OLD STYLE,1010,ONE FAM,C,AVERAGE,2124,4816,2690,71,295400
     14,     17,    200,       ,,,,,1300,,,,0,0,0,,0
     14,     17,    300,       ,2005,2013,06,COLONIAL,1010,ONE FAM,C+,AVG. (+),2408,4620,3186,91,471200
     14,     18,       ,       ,,,,,1310,,,,0,0,0,,0
     14,     19,       ,       ,1946,1993,05,CAPE,1010,ONE FAM,C,AVERAGE,1276,2929,1631,71,183600
     14,     20,       ,       ,,,,,1320,,,,0,0,0,,0
     14,     21,       ,       ,1950,1993,02,BUNGALOW,1010,ONE FAM,C,AVERAGE,1071,2379,1269,71,155300
     14,     22,       ,       ,1961,1997,19,RANCH,1010,ONE FAM,C,AVERAGE,1064,2640,1478,75,178800
     14,     23,       ,       ,,,,,9030,,,,0,0,0,,0
     20,      1,       ,       ,1979,2010,09,CONTEMPORY,1010,ONE FAM,B,GOOD,5360,10393,6242,88,924300
     20,      2,       ,       ,1985,2009,05,CAPE,1010,ONE FAM,C,AVERAGE,1368,4374,2093,87,280100
     21,      1,       ,       ,,0,,,1300,,,,0,0,0,,0
     21,      2,       ,       ,,,,,9010,,,,0,0,0,,0
     21,      3,       ,       ,,,,,1320,,,,0,0,0,,0
     21,      4,       ,       ,1980,1988,71,OFFICE,450C,STATE ED TAX-Comm,C,Average,1315,1315,1315,0,0
     21,      5,       ,       ,1968,2004,06,COLONIAL,1010,ONE FAM,C,AVERAGE,1440,1580,1482,82,231200
     21,      6,       ,       ,,,,,4500,,,,0,0,0,,0
     21,      7,       ,       ,1925,1998,05,CAPE,1010,ONE FAM,C+,AVG. (+),1683,3311,1972,76,252300
     21,      8,       ,       ,,,,,1310,,,,0,0,0,,0
     21,      9,       ,       ,,,,,1310,,,,0,0,0,,0
     22,      1,       ,       ,,,,,9030,,,,0,0,0,,0
     22,      2,       ,       ,,,,,6111,,,,0,0,0,,0
     24,      1,       ,       ,2023,2022,83,APARTMENT,1120,APT 9+UP,B-,Good (-),191951,244357,204732,100,21981100
     24,      1,    100,       ,,,,,1310,,,,,,,,
     24,      2,       ,       ,2021,2021,13,MULTI-GRDN,1120,APT 9+UP,B+,Good (+),70964,88705,70964,99,9618500
     24,      2,       ,       ,2021,2021,13,MULTI-GRDN,1120,APT 9+UP,B+,Good (+),70964,88705,70964,99,9618500
     24,      2,       ,       ,2021,2021,13,MULTI-GRDN,1120,APT 9+UP,B+,Good (+),70964,88705,70964,99,9618500
     24,      2,       ,       ,2021,2021,13,MULTI-GRDN,1120,APT 9+UP,B+,Good (+),70964,88705,75399,99,10705300
     24,      2,       ,       ,2021,2021,69,LODGE,3400,OFFICE,B+,Good (+),5750,11500,7188,99,914400
     24,      3,       ,       ,1987,2009,19,RANCH,1010,ONE FAM,C,AVERAGE,1075,2494,1430,87,200000
     24,      4,       ,       ,,,,,6111,,,,0,0,0,,0
     24,      5,       ,       ,,,,,6111,,,,0,0,0,,0
     24,      6,       ,       ,,,,,1300,,,,0,0,0,,0
     24,      7,       ,       ,1960,1990,83,APARTMENT,1110,APT 4-8,C,Average,2718,3226,2863,68,212800
     24,      8,       ,       ,,,,,6111,,,,0,0,0,,0
     24,      9,       ,       ,2025,2022,13,MULTI-GRDN,1120,APT 9+UP,B-,Good (-),78384,97980,84263,0,0
     24,      9,       ,       ,2025,2022,13,MULTI-GRDN,1120,APT 9+UP,B-,Good (-),78384,97980,84263,0,0
     24,      9,       ,       ,2025,2022,13,MULTI-GRDN,1120,APT 9+UP,B-,Good (-),78384,97980,84263,0,0
     24,      9,       ,       ,2025,2022,69,LODGE,3400,OFFICE,B,Good,8290,15500,10093,0,0
     24,     11,       ,       ,2011,2009,13,MULTI-GRDN,1120,APT 9+UP,A-,V Good-,22728,32284,25265,87,3608800
     24,     11,       ,       ,2011,2009,13,MULTI-GRDN,1120,APT 9+UP,A-,V Good-,23013,32664,25574,87,3647000
     24,     11,       ,       ,2011,2009,13,MULTI-GRDN,1120,APT 9+UP,A-,V Good-,23013,32664,25574,87,3647000
     24,     11,       ,       ,2011,2009,13,MULTI-GRDN,1120,APT 9+UP,A-,V Good-,23013,32664,25574,87,3647000
     24,     11,       ,       ,2011,2009,13,MULTI-GRDN,1120,APT 9+UP,A-,V Good-,23013,32664,25574,87,3647000
     24,     11,       ,       ,2011,2009,13,MULTI-GRDN,1120,APT 9+UP,A-,V Good-,109872,144645,123223,87,17045600
     24,     11,       ,       ,2011,2009,69,LODGE,3400,OFFICE,A,Very Good,3186,3434,3248,87,461800
     24,     12,       ,       ,1991,2009,09,CONTEMPORY,1010,ONE FAM,C+,AVG. (+),1619,4357,2203,87,331000
     24,     13,       ,       ,,,,,6201,,,,0,0,0,,0
     24,     14,       ,       ,,,,,9090,OPEN SPACE,,,,,,,
     24,     14,    100,       ,2014,2014,87,HOTEL/DORM,3000,HOTEL,B,Good,81160,83284,81373,92,15403300
     24,     14,    200,       ,2019,2019,13,MULTI-GRDN,1120,APT 9+UP,C+,Avg. (+),38310,55336,43529,97,4529900
     24,     14,    300,       ,,,,,4400,,,,0,0,0,,0
     24,     14,    400,       ,,,,,4400,,,,0,0,0,,0
     24,     14,    500,       ,,,,,4400,,,,0,0,0,,0
     24,     14,    600,       ,,,,,4400,,,,0,0,0,,0
     24,     15,       ,       ,,,,,6121,,,,0,0,0,,0
     24,     16,       ,       ,,,,,9090,,,,0,0,0,,0
     26,      1,       ,       ,1989,1995,83,APARTMENT,112C,APT 9+UP-Comm,C+,Avg. (+),128514,143634,132294,73,9094900
     26,      1,    100,       ,,,,,9150,,,,0,0,0,,0
     26,      2,       ,       ,2009,2007,30,GARAGE,3400,OFFICE,C,Average,58772,58772,58772,85,1775400
     26,      2,       ,       ,2009,2008,71,OFFICE,3400,OFFICE,B-,Good (-),52235,53098,52408,86,6001700
     26,      2,    102,       ,2020,2020,07,CONDO-GRDN,1020,CONDO,03,ADEQUATE,786,786,786,98,283000
     26,      2,    104,       ,2020,2020,07,CONDO-GRDN,1020,CONDO,03,ADEQUATE,1092,1092,1092,98,376300
     26,      2,    106,       ,2020,2020,07,CONDO-GRDN,1020,CONDO,03,ADEQUATE,807,807,807,98,279700
     26,      2,    107,       ,2020,2020,07,CONDO-GRDN,1020,CONDO,03,ADEQUATE,860,860,860,98,292600
     26,      2,    108,       ,2020,2020,07,CONDO-GRDN,1020,CONDO,03,ADEQUATE,790,790,790,98,283500
     26,      2,    109,       ,2020,2020,07,CONDO-GRDN,1020,CONDO,03,ADEQUATE,814,814,814,98,286800
     26,      2,    110,       ,2020,2020,07,CONDO-GRDN,1020,CONDO,03,ADEQUATE,1198,1198,1198,98,396100
     26,      2,    111,       ,2020,2020,07,CONDO-GRDN,1020,CONDO,03,ADEQUATE,814,814,814,98,286800
     26,      2,    112,       ,2020,2020,07,CONDO-GRDN,1020,CONDO,03,ADEQUATE,1198,1198,1198,98,396100
     26,      2,    113,       ,2020,2020,07,CONDO-GRDN,1020,CONDO,03,ADEQUATE,814,814,814,98,284800
     26,      2,    114,       ,2020,2020,07,CONDO-GRDN,1020,CONDO,03,ADEQUATE,782,782,782,98,284400
     26,      2,    115,       ,2020,2020,07,CONDO-GRDN,1020,CONDO,03,ADEQUATE,775,775,775,98,267000
     26,      2,    116,       ,2020,2020,07,CONDO-GRDN,1020,CONDO,03,ADEQUATE,807,807,807,98,279700
     26,      2,    117,       ,2020,2020,07,CONDO-GRDN,1020,CONDO,03,ADEQUATE,977,977,977,98,363200
     26,      2,    118,       ,2020,2020,07,CONDO-GRDN,1020,CONDO,03,ADEQUATE,1092,1092,1092,98,365600
     26,      2,    119,       ,2020,2020,07,CONDO-GRDN,1020,CONDO,03,ADEQUATE,1092,1092,1092,98,365600
     26,      2,    120,       ,2020,2020,07,CONDO-GRDN,1020,CONDO,03,ADEQUATE,889,889,889,98,276500
     26,      2,    121,       ,2020,2020,07,CONDO-GRDN,1020,CONDO,03,ADEQUATE,889,889,889,98,282500
     26,      2,    201,       ,2020,2020,07,CONDO-GRDN,1020,CONDO,03,ADEQUATE,761,761,761,98,271400
     26,      2,    202,       ,2020,2020,07,CONDO-GRDN,1020,CONDO,03,ADEQUATE,889,889,889,98,287400
     26,      2,    203,       ,2020,2020,07,CONDO-GRDN,1020,CONDO,03,ADEQUATE,1034,1034,1034,98,372000
     26,      2,    204,       ,2020,2020,07,CONDO-GRDN,1020,CONDO,03,ADEQUATE,1092,1092,1092,98,400400
     26,      2,    205,       ,2020,2020,07,GRDN,1020,CONDO,03,ADEQUATE,654,654,654,98,234100
     26,      2,    206,       ,2020,2020,07,CONDO-GRDN,1020,CONDO,03,ADEQUATE,807,807,807,98,290800
     26,      2,    207,       ,2020,2020,07,CONDO-GRDN,1020,CONDO,03,ADEQUATE,860,860,860,98,297700
     26,      2,    208,       ,2020,2020,07,CONDO-GRDN,1020,CONDO,03,ADEQUATE,782,782,782,98,293600
     26,      2,    209,       ,2020,2020,07,CONDO-GRDN,1020,CONDO,03,ADEQUATE,814,814,814,98,291800
     26,      2,    210,       ,2020,2020,07,CONDO-GRDN,1020,CONDO,03,ADEQUATE,1198,1198,1198,98,418400
     26,      2,    211,       ,2020,2020,07,CONDO-GRDN,1020,CONDO,03,ADEQUATE,814,814,814,98,291800
     26,      2,    212,       ,2020,2020,07,CONDO-GRDN,1020,CONDO,03,ADEQUATE,1198,1198,1198,98,412200
     26,      2,    213,       ,2020,2020,07,CONDO-GRDN,1020,CONDO,03,ADEQUATE,814,814,814,98,291800
     26,      2,    214,       ,2020,2020,07,CONDO-GRDN,1020,CONDO,03,ADEQUATE,782,782,782,98,293600
     26,      2,    215,       ,2020,2020,07,CONDO-GRDN,1020,CONDO,03,ADEQUATE,775,775,775,98,273500
     26,      2,    216,       ,2020,2020,07,CONDO-GRDN,1020,CONDO,03,ADEQUATE,807,807,807,98,290800
     26,      2,    217,       ,2020,2020,07,CONDO-GRDN,1020,CONDO,03,ADEQUATE,977,977,977,98,377600
     26,      2,    218,       ,2020,2020,07,CONDO-GRDN,1020,CONDO,03,ADEQUATE,1092,1092,1092,98,380100
     26,      2,    219,       ,2020,2020,07,CONDO-GRDN,1020,CONDO,03,ADEQUATE,1092,1092,1092,98,380100
     26,      2,    220,       ,2020,2020,07,CONDO-GRDN,1020,CONDO,03,ADEQUATE,889,889,889,98,287400
     26,      2,    221,       ,2020,2020,07,CONDO-GRDN,1020,CONDO,03,ADEQUATE,889,889,889,98,293800
     26,      2,    301,       ,2020,2020,07,CONDO-GRDN,1020,CONDO,03,ADEQUATE,889,889,889,98,293800
     26,      2,    302,       ,2020,2020,07,CONDO-GRDN,1020,CONDO,03,ADEQUATE,889,889,889,98,287400
     26,      2,    303,       ,2020,2020,07,CONDO-GRDN,1020,CONDO,03,ADEQUATE,1034,1034,1034,98,372000
     26,      2,    304,       ,2020,2020,07,CONDO-GRDN,1020,CONDO,03,ADEQUATE,1092,1092,1092,98,380100
     26,      2,    305,       ,2020,2020,07,CONDO-GRDN,1020,CONDO,03,ADEQUATE,654,654,654,98,234100
     26,      2,    306,       ,2020,2020,07,CONDO-GRDN,1020,CONDO,03,ADEQUATE,807,807,807,98,290800
     26,      2,    307,       ,2020,2020,07,CONDO-GRDN,1020,CONDO,03,ADEQUATE,860,860,860,98,297700
     26,      2,    308,       ,2020,2020,07,CONDO-GRDN,1020,CONDO,03,ADEQUATE,782,782,782,98,287300
     26,      2,    309,       ,2020,2020,07,CONDO-GRDN,1020,CONDO,03,ADEQUATE,814,814,814,98,291800
     26,      2,    310,       ,2020,2020,07,CONDO-GRDN,1020,CONDO,03,ADEQUATE,1198,1198,1198,98,412200
     26,      2,    311,       ,2020,2020,07,CONDO-GRDN,1020,CONDO,03,ADEQUATE,814,814,814,98,291800
     26,      2,    312,       ,2020,2020,07,CONDO-GRDN,1020,CONDO,03,ADEQUATE,1198,1198,1198,98,421600
     26,      2,    313,       ,2020,2020,07,CONDO-GRDN,1020,CONDO,03,ADEQUATE,814,814,814,98,291800
     26,      2,    314,       ,2020,2020,07,CONDO-GRDN,1020,CONDO,03,ADEQUATE,782,782,782,98,287300
     26,      2,    315,       ,2020,2020,07,CONDO-GRDN,1020,CONDO,03,ADEQUATE,775,775,775,98,277400
     26,      2,    316,       ,2020,2020,07,CONDO-GRDN,1020,CONDO,03,ADEQUATE,807,807,807,98,290800
     26,      2,    317,       ,2020,2020,07,CONDO-GRDN,1020,CONDO,03,ADEQUATE,977,977,977,98,377600
     26,      2,    318,       ,2020,2020,07,CONDO-GRDN,1020,CONDO,03,ADEQUATE,1092,1092,1092,98,380100
     26,      2,    319,       ,2020,2020,07,CONDO-GRDN,1020,CONDO,03,ADEQUATE,1092,1092,1092,98,380100
     26,      2,    320,       ,2020,2020,07,CONDO-GRDN,1020,CONDO,03,ADEQUATE,889,889,889,98,287400
     26,      2,    321,       ,2020,2020,07,CONDO-GRDN,1020,CONDO,03,ADEQUATE,889,889,889,98,287400
     26,      2,    401,       ,2020,2020,07,CONDO-GRDN,1020,CONDO,03,ADEQUATE,889,889,889,98,298300
     26,      2,    402,       ,2020,2020,07,CONDO-GRDN,1020,CONDO,03,ADEQUATE,889,889,889,98,300000
     26,      2,    403,       ,2020,2020,07,CONDO-GRDN,1020,CONDO,03,ADEQUATE,1092,1092,1092,98,394600
     26,      2,    404,       ,2020,2020,07,CONDO-GRDN,1020,CONDO,03,ADEQUATE,1092,1092,1092,98,394600
     26,      2,    405,       ,2020,2020,07,CONDO-GRDN,1020,CONDO,03,ADEQUATE,654,654,654,98,242400
     26,      2,    406,       ,2020,2020,07,CONDO-GRDN,1020,CONDO,03,ADEQUATE,807,807,807,98,301900
     26,      2,    407,       ,2020,2020,07,CONDO-GRDN,1020,CONDO,03,ADEQUATE,860,860,860,98,309100
     26,      2,    408,       ,2020,2020,07,CONDO-GRDN,1020,CONDO,03,ADEQUATE,782,782,782,98,298200
     26,      2,    409,       ,2020,2020,07,CONDO-GRDN,1020,CONDO,03,ADEQUATE,814,814,814,98,302900
     26,      2,    410,       ,2020,2020,07,CONDO-GRDN,1020,CONDO,03,ADEQUATE,1198,1198,1198,98,428300
     26,      2,    411,       ,2020,2020,07,CONDO-GRDN,1020,CONDO,03,ADEQUATE,814,814,814,98,302900
     26,      2,    412,       ,2020,2020,07,CONDO-GRDN,1020,CONDO,03,ADEQUATE,1198,1198,1198,98,428300
     26,      2,    413,       ,2020,2020,07,CONDO-GRDN,1020,CONDO,03,ADEQUATE,814,814,814,98,302900
     26,      2,    414,       ,2020,2020,07,CONDO-GRDN,1020,CONDO,03,ADEQUATE,782,782,782,98,304800
     26,      2,    415,       ,2020,2020,07,CONDO-GRDN,1020,CONDO,03,ADEQUATE,775,775,775,98,283700
     26,      3,       ,       ,1985,1995,70,R+D LAB GD,4000,FACTORY,B,Good,18462,18462,18462,73,1277200
     26,      4,       ,       ,1900,1986,71,OFFICE,3400,OFFICE,B,Good,22740,27850,23839,64,2245700
     26,      5,       ,       ,,,,,4400,,,,0,0,0,,0
     26,      6,       ,       ,1989,1995,33,INDUST-LT,3160,COMMWHSE,B,Good,57104,103680,57104,73,2535000
     26,      7,       ,       ,,,,,6221,,,,0,0,0,,0
     26,      8,       ,       ,,,,,6221,,,,0,0,0,,0
     26,      9,       ,       ,1973,2008,19,RANCH,1010,ONE FAM,C-,AVG. (-),864,1753,870,86,141000
     26,     10,       ,       ,1946,1993,19,RANCH,1010,ONE FAM,C-,AVG. (-),1100,2428,1447,30,62500
     26,     11,       ,       ,1950,1979,02,BUNGALOW,1010,ONE FAM,C-,AVG. (-),888,1482,1093,57,103600
     26,     12,       ,       ,1950,1996,19,RANCH,1010,ONE FAM,C-,AVG. (-),690,1524,957,74,122300
     26,     13,       ,       ,1991,2012,22,CONVENT`NL,1010,ONE FAM,C,AVERAGE,2176,2436,2202,90,309400
     26,     14,       ,       ,1960,1982,39,REPAIR GAR,901C,STATE NH-Comm,C,Average,3256,4764,3882,60,152100
     26,     15,       ,       ,1967,2001,18,SPLIT/RSD RANCH,1010,ONE FAM,C,AVERAGE,868,1764,1204,79,168300
     26,     16,       ,       ,1963,2001,18,SPLIT/RSD RANCH,1010,ONE FAM,C,AVERAGE,1040,2358,1456,79,179100
     26,     17,       ,       ,,,,,3910,,,,0,0,0,,0
     26,     18,       ,       ,1986,1992,71,OFFICE,3400,OFFICE,C+,Avg. (+),14501,26276,18167,70,1550800
     26,     19,       ,       ,1984,1992,43,WAREHOUSE,3160,COMMWHSE,C,Average,2800,2960,2832,70,132100
     26,     20,       ,       ,1977,1992,70,R+D LAB GD,3160,COMMWHSE,C,Average,25098,27460,25563,70,1319900
     26,     22,    100,       ,1980,1990,33,INDUST-LT,4010,IND WHSE,B,Good,23086,24086,23286,68,702400
     26,     22,    200,       ,1997,1998,71,OFFICE,354C,TRANSPOR-Comm,B,Good,3869,4217,3939,76,502900
     26,     22,    200,       ,2018,2018,39,REPAIR GAR,354C,TRANSPOR-Comm,C+,Avg. (+),11760,11760,11760,96,682500
     26,     23,       ,       ,1980,1990,73,R+D,4020,IND OFC,C+,Avg. (+),17520,17886,17596,68,806900
     26,     24,       ,       ,1980,1992,70,R+D LAB GD,316C,COMMWHSE-Comm,B,Good,5600,6451,5793,70,465200
     26,     25,       ,       ,2001,2012,05,CAPE,1010,ONE FAM,C,AVERAGE,1008,3144,1395,87,198600
     26,     26,       ,       ,1994,2013,19,RANCH,1010,ONE FAM,C,AVERAGE,988,1994,1240,91,198300
     26,     27,       ,       ,,,,,9030,,,,0,0,0,,0
     28,      1,       ,       ,1930,1993,05,CAPE,1010,ONE FAM,C,AVERAGE,1890,3528,2301,71,232400
     28,      2,       ,       ,,,,,9030,,,,0,0,0,,0
     28,      3,       ,       ,1960,2000,05,CAPE,1010,ONE FAM,C-,AVG. (-),1134,1950,1323,78,156100
     28,      4,       ,       ,1907,1989,22,CONVENT`NL,1010,ONE FAM,C+,AVG. (+),1998,4486,2617,67,286100
     28,      5,    100,       ,,,,,1300,,,,0,0,0,,0
     28,      5,    101,       ,2005,2014,09,CONTEMPORY,1010,ONE FAM,A,VERY GOOD,1564,4252,2514,92,593200
     28,      5,    200,       ,1966,2001,09,CONTEMPORY,1010,ONE FAM,C,AVERAGE,1082,3825,1562,79,150400
     28,      5,    300,       ,2007,2015,06,COLONIAL,1010,ONE FAM,C,AVERAGE,2906,5428,3554,93,473100
     28,      5,    400,       ,2005,2014,06,COLONIAL,1010,ONE FAM,B,GOOD,2464,4740,3058,92,545700
     28,      5,    500,       ,2005,2014,06,COLONIAL,1010,ONE FAM,B,GOOD,2614,5852,3574,92,609100
     28,      7,       ,       ,,,,,6230,,,,0,0,0,,0
     28,      8,       ,       ,1979,2005,09,CONTEMPORY,1010,ONE FAM,C+,AVG. (+),1532,3132,2062,83,260300
     28,      8,       ,       ,1980,2005,04,"CAMP,YRRND",1010,ONE FAM,C,AVERAGE,1032,2104,1089,83,84000
     28,      9,       ,       ,,,,,6001,,,,0,0,0,,0
     28,     10,       ,       ,,,,,1060,OUT BLDS,,,,,,,
     28,     10,       ,       ,,0,,,1060,OUT BLDS,,,,,,,
     28,     10,       ,       ,1900,1993,22,CONVENT`NL,1010,ONE FAM,C,AVERAGE,2709,4918,3252,71,356600
     28,     11,       ,       ,1978,2005,19,RANCH,1010,ONE FAM,C,AVERAGE,988,2557,1513,83,215300
     28,     12,       ,       ,2010,2016,09,CONTEMPORY,1010,ONE FAM,B+,GOOD (+),3440,5701,3958,94,773200
     28,     13,    100,       ,,,,,6001,,,,0,0,0,,0
     28,     13,    200,       ,2009,2015,06,COLONIAL,1010,ONE FAM,B,GOOD,2900,5712,3581,93,647700
     28,     14,       ,       ,,,,,6000,,,,0,0,0,,0
     28,     15,       ,       ,1985,2013,09,CONTEMPORY,1010,ONE FAM,B,GOOD,1991,6233,2793,91,487100
     28,     16,       ,       ,2000,2012,19,RANCH,1010,ONE FAM,B+,GOOD (+),3108,8360,4601,90,737600
     28,     17,       ,       ,2000,2013,06,COLONIAL,1010,ONE FAM,B,GOOD,2940,5836,3519,91,585700
     28,     18,       ,       ,1998,2012,05,CAPE,1010,ONE FAM,B,GOOD,3028,8030,4122,72,473900
     28,     19,       ,       ,2002,2013,06,COLONIAL,1010,ONE FAM,B+,GOOD (+),3545,7544,4751,91,848900
     28,     20,       ,       ,1990,2013,09,CONTEMPORY,1010,ONE FAM,B,GOOD,2171,6001,2977,91,465300
     28,     21,       ,       ,1990,2012,09,CONTEMPORY,1010,ONE FAM,B,GOOD,1703,5655,2635,90,422300
     28,     22,       ,       ,1996,2006,05,CAPE,1010,ONE FAM,B-,GOOD (-),3146,5532,3670,84,408500
     28,     23,       ,       ,,,,,1320,,,,0,0,0,,0
     30,      1,       ,       ,1955,1988,19,RANCH,1010,ONE FAM,C-,AVG. (-),1054,2542,1481,66,141400
     30,      1,    100,       ,1978,2005,06,COLONIAL,1010,ONE FAM,C,AVERAGE,1914,4648,2594,83,333300
     30,      2,       ,       ,1985,2009,05,CAPE,1010,ONE FAM,C,AVERAGE,1915,5332,2531,87,311000
     30,      3,       ,       ,1850,1998,05,CAPE,1010,ONE FAM,C+,AVG. (+),1800,4176,2374,76,284600
     30,      4,       ,       ,,,,,1060,,,,0,0,0,,0
     30,      5,       ,       ,,,,,6230,,,,0,0,0,,0
     30,      6,       ,       ,,,,,6230,,,,0,0,0,,0
     30,      7,       ,       ,1976,2004,06,COLONIAL,1010,ONE FAM,C,AVERAGE,2207,4858,3010,82,349400
     30,      8,       ,       ,1975,2012,05,CAPE,1010,ONE FAM,C+,AVG. (+),1512,3920,2033,90,300800
     30,      9,       ,       ,1978,2008,05,CAPE,1010,ONE FAM,C+,AVG. (+),2352,4686,2912,86,371900
     30,     10,       ,       ,1978,2005,19,RANCH,1010,ONE FAM,C,AVERAGE,864,3307,1581,83,206000
     30,     11,       ,       ,1976,2005,19,RANCH,1010,ONE FAM,C,AVERAGE,1972,5140,2783,83,328400
     30,     12,       ,       ,1978,2005,19,RANCH,1010,ONE FAM,C,AVERAGE,936,2080,1182,83,189800
     30,     13,       ,       ,1978,2008,06,COLONIAL,1010,ONE FAM,C,AVERAGE,1792,3178,2176,86,282700
     30,     14,       ,       ,1976,2008,19,RANCH,1010,ONE FAM,C-,AVG. (-),828,1980,1134,86,161400
     30,     15,       ,       ,1976,2008,19,RANCH,1010,ONE FAM,C,AVERAGE,1344,3250,1929,86,261300
     30,     16,       ,       ,1986,2009,19,RANCH,1010,ONE FAM,C-,AVG. (-),936,2172,1325,87,186600
     30,     17,       ,       ,,,,,9030,,,,0,0,0,,0
     30,     18,       ,       ,2003,2015,19,RANCH,1010,ONE FAM,B-,GOOD (-),1930,5010,2911,93,430100
     30,     19,       ,       ,1980,2001,09,CONTEMPORY,1010,ONE FAM,B,GOOD,1077,3069,1687,59,203600
     30,     20,       ,       ,,,,,1320,,,,0,0,0,,0
     30,     21,       ,       ,1983,2009,05,CAPE,1010,ONE FAM,C+,AVG. (+),2710,5695,3367,87,428900
     30,     22,       ,       ,1968,2004,06,COLONIAL,1010,ONE FAM,B-,GOOD (-),2944,5384,3500,82,480800
     30,     23,       ,       ,1968,2001,18,SPLIT/RSD RANCH,1010,ONE FAM,C+,AVG. (+),1456,3380,1884,79,248900
     30,     24,       ,       ,1972,2005,06,COLONIAL,1010,ONE FAM,B-,GOOD (-),2899,5258,3575,83,500400
     30,     25,       ,       ,1987,2009,06,COLONIAL,1010,ONE FAM,C+,AVG. (+),2678,5485,3456,87,461000
     30,     26,       ,       ,1974,2010,05,CAPE,1010,ONE FAM,C+,AVG. (+),1568,2896,1902,88,260400
     30,     27,       ,       ,1987,2012,06,COLONIAL,1010,ONE FAM,B,GOOD,2562,6548,3465,90,574200
     30,     28,       ,       ,1974,2010,06,COLONIAL,1010,ONE FAM,B-,GOOD (-),1840,4188,2297,88,366100
     30,     29,       ,       ,1978,2005,06,COLONIAL,1010,ONE FAM,C,AVERAGE,1932,4861,2547,83,332800
     30,     30,       ,       ,1978,2005,05,CAPE,1010,ONE FAM,C+,AVG. (+),2370,5230,3041,83,376000
     30,     31,       ,       ,1974,2008,05,CAPE,1010,ONE FAM,B,GOOD,2742,7077,3488,86,504800
     30,     32,       ,       ,,,,,1300,,,,0,0,0,,0
     30,     33,       ,       ,1983,2009,18,SPLIT/RSD RANCH,1010,ONE FAM,C+,AVG. (+),972,1976,1387,87,206000
     30,     34,       ,       ,1976,2005,18,SPLIT/RSD RANCH,1010,ONE FAM,C+,AVG. (+),1184,2544,1624,83,239700
     30,     35,       ,       ,1973,2005,09,CONTEMPORY,1010,ONE FAM,C+,AVG. (+),886,2882,1244,83,209400
     30,     36,       ,       ,1988,2009,06,COLONIAL,1010,ONE FAM,B,GOOD,2897,5214,3564,87,540700
     30,     37,       ,       ,1980,2005,05,CAPE,1010,ONE FAM,C+,AVG. (+),2293,5055,2866,83,349400
     30,     38,       ,       ,1974,2005,18,SPLIT/RSD RANCH,1010,ONE FAM,B,GOOD,1937,6395,3191,83,470300
     30,     39,       ,       ,1969,2001,19,RANCH,1010,ONE FAM,B-,GOOD (-),1789,5059,2716,79,370400
     30,     40,       ,       ,1979,2005,06,COLONIAL,1010,ONE FAM,B-,GOOD (-),1872,3418,2221,83,345600
     30,     41,       ,       ,1977,2010,18,SPLIT/RSD RANCH,1010,ONE FAM,B,GOOD,2141,5026,3127,88,493900
     30,     42,       ,       ,1979,2005,06,COLONIAL,1010,ONE FAM,C+,AVG. (+),2280,5282,3040,83,393700
     30,     43,       ,       ,1969,2004,05,CAPE,1010,ONE FAM,C+,AVG. (+),1443,4204,1813,82,258200
     30,     44,       ,       ,1987,2012,09,CONTEMPORY,1010,ONE FAM,C+,AVG. (+),2520,5837,3298,90,461500
     30,     45,       ,       ,1982,2012,06,COLONIAL,1010,ONE FAM,C+,AVG. (+),2146,5104,2888,90,411600
     30,     46,       ,       ,1976,2008,05,CAPE,1010,ONE FAM,C+,AVG. (+),2910,6200,3569,86,430700
     30,     47,       ,       ,1980,2005,19,RANCH,1010,ONE FAM,C,AVERAGE,1524,3721,2092,83,234100
     30,     48,       ,       ,1969,2001,06,COLONIAL,1010,ONE FAM,B,GOOD,2052,3961,2577,79,422200
     30,     49,       ,       ,1978,2005,05,CAPE,1010,ONE FAM,C+,AVG. (+),1750,4020,2301,83,307800
     30,     50,       ,       ,1987,2012,19,RANCH,1010,ONE FAM,C+,AVG. (+),1958,2425,2029,90,291800
     30,     51,       ,       ,1988,2013,18,SPLIT/RSD RANCH,1010,ONE FAM,C,AVERAGE,1456,4023,2061,91,273600
     37,      1,       ,       ,1970,2001,18,SPLIT/RSD RANCH,1010,ONE FAM,C,AVERAGE,1912,3976,2807,79,305200
     37,      2,       ,       ,1977,2005,18,SPLIT/RSD RANCH,1010,ONE FAM,C,AVERAGE,1630,3474,2251,83,266200
     37,      3,       ,       ,2005,2002,71,OFFICE,3400,OFFICE,C,Average,6330,11610,8442,80,662900
     37,      4,       ,       ,1985,1993,34,INDUSTRIAL,4000,FACTORY,B,Good,50494,53254,51046,71,2056900
     37,      5,       ,       ,1975,1988,36,IND+OFC AREA,3160,COMMWHSE,C+,Avg. (+),23503,23629,23591,66,910300
     37,      7,       ,       ,1975,1996,36,IND+OFC AREA,4000,FACTORY,C+,Avg. (+),45225,46613,45787,74,2028900
     44,      1,       ,       ,,,,,9010,,,,0,0,0,,0
     44,      2,       ,       ,,,,,9010,,,,0,0,0,,0
     44,      3,       ,       ,,,,,9090,,,,0,0,0,,0
     44,      4,       ,       ,1954,1982,78,STORE,3250,STORE,C+,Avg. (+),10065,10441,10184,60,492600
     44,      5,       ,       ,1946,1996,05,CAPE,1010,ONE FAM,C,AVERAGE,1338,3076,1680,74,188000
     44,      6,       ,       ,,,,,1060,OUT BLDS,,,,,,,
     44,      7,       ,       ,,,,,1060,,,,0,0,0,,0
     44,      8,       ,       ,,,,,9010,,,,0,0,0,,0
     44,      9,       ,       ,,,,,1300,RES LAND,,,,,,,
     44,     10,       ,       ,1956,1997,19,RANCH,1010,ONE FAM,D,FAIR,646,761,675,75,86000
     44,     11,       ,       ,1982,2009,19,RANCH,1010,ONE FAM,C,AVERAGE,914,2058,1180,87,166600
     44,     12,       ,       ,1924,1989,02,BUNGALOW,1010,ONE FAM,C,AVERAGE,1458,3310,1748,67,182700
     44,     13,       ,       ,,,,,1310,,,,0,0,0,,0
     44,     14,       ,       ,2003,2013,06,COLONIAL,1010,ONE FAM,B,GOOD,2139,5024,2599,91,461000
     44,     15,       ,       ,,,,,1320,,,,0,0,0,,0
     44,     16,       ,       ,1964,1994,05,CAPE,1010,ONE FAM,C,AVERAGE,1694,4017,2132,72,196100
     44,     17,       ,       ,1964,2004,19,RANCH,1010,ONE FAM,C,AVERAGE,960,2712,1395,82,182300
     44,     18,       ,       ,1955,1988,19,RANCH,1010,ONE FAM,C,AVERAGE,1050,2149,1257,66,142300
     44,     19,       ,       ,,,,,6111,,,,0,0,0,,0
     44,     19,    100,       ,2000,2012,09,CONTEMPORY,1010,ONE FAM,C+,AVG. (+),2133,2973,2384,90,362900
     44,     19,    200,       ,2001,2012,09,CONTEMPORY,1010,ONE FAM,B,GOOD,1983,4794,2818,90,495300
     44,     19,    300,       ,2000,2012,09,CONTEMPORY,1010,ONE FAM,B,GOOD,2001,3144,2238,90,409300
     44,     19,    400,       ,2000,2012,19,RANCH,1010,ONE FAM,C+,AVG. (+),1460,2224,1736,90,264400
     44,     19,    500,       ,2000,2012,19,RANCH,1010,ONE FAM,C+,AVG. (+),1612,2335,1878,90,287800
     44,     19,    600,       ,2000,2012,09,CONTEMPORY,1010,ONE FAM,C+,AVG. (+),1997,2788,2234,90,349700
     44,     19,    700,       ,2001,2016,09,CONTEMPORY,1010,ONE FAM,B,GOOD,2140,5157,2991,94,547500
     44,     19,    800,       ,2001,2013,09,CONTEMPORY,1010,ONE FAM,B,GOOD,1959,3160,2203,91,413100
     44,     19,    900,       ,2001,2013,09,CONTEMPORY,1010,ONE FAM,B,GOOD,1995,3166,2228,91,407000
     44,     19,   1000,       ,2001,2013,09,CONTEMPORY,1010,ONE FAM,B,GOOD,2548,5512,3262,91,555100
     44,     19,   1100,       ,2000,2013,09,CONTEMPORY,1010,ONE FAM,B,GOOD,1971,3094,2199,91,408500
     44,     19,   1200,       ,2001,2013,09,CONTEMPORY,1010,ONE FAM,B,GOOD,2513,3504,2745,91,478200
     44,     19,   1300,       ,2000,2013,09,CONTEMPORY,1010,ONE FAM,B,GOOD,2204,3482,2447,91,436600
     44,     19,   1400,       ,2000,2012,09,CONTEMPORY,1010,ONE FAM,B,GOOD,2049,4820,2330,90,401200
     44,     19,   1500,       ,2001,2013,09,CONTEMPORY,1010,ONE FAM,B,GOOD,2359,3416,2609,91,461200
     44,     19,   1600,       ,2000,2013,09,CONTEMPORY,1010,ONE FAM,B,GOOD,1985,3187,2228,91,410400
     44,     19,   1700,       ,2001,2017,09,CONTEMPORY,1010,ONE FAM,B,GOOD,2006,5258,2346,95,458000
     44,     19,   1800,       ,2001,2012,09,CONTEMPORY,1010,ONE FAM,B,GOOD,2000,3400,2355,90,411000
     44,     19,   1900,       ,2001,2012,09,CONTEMPORY,1010,ONE FAM,B,GOOD,2001,3144,2238,90,420000
     44,     19,   2000,       ,2001,2013,09,CONTEMPORY,1010,ONE FAM,B,GOOD,1995,3136,2232,91,408100
     44,     19,   2100,       ,2002,2013,09,CONTEMPORY,1010,ONE FAM,B,GOOD,2057,3166,2283,91,426300
     44,     19,   2200,       ,2001,2012,09,CONTEMPORY,1010,ONE FAM,B,GOOD,2279,3562,2701,90,471500
     44,     19,   2300,       ,2001,2012,09,CONTEMPORY,1010,ONE FAM,B,GOOD,2109,4990,2839,90,486200
     44,     19,   2400,       ,2001,2013,09,CONTEMPORY,1010,ONE FAM,B,GOOD,1995,3136,2232,91,407300
     44,     19,   2501,       ,2002,2013,09,CONTEMPORY,1010,ONE FAM,B,GOOD,1985,4616,2800,91,481700
     44,     19,   2502,       ,2004,2013,09,CONTEMPORY,1010,ONE FAM,B,GOOD,2007,3204,2350,91,427200
     44,     19,   2600,       ,2002,2014,09,CONTEMPORY,1010,ONE FAM,B,GOOD,2214,3572,2602,92,464500
     44,     19,   2700,       ,2002,2014,09,CONTEMPORY,1010,ONE FAM,B,GOOD,2134,3592,2471,92,463600
     44,     19,   2800,       ,2001,2016,09,CONTEMPORY,1010,ONE FAM,B+,GOOD (+),2013,3652,2452,94,525600
     44,     19,   2900,       ,2002,2015,09,CONTEMPORY,1010,ONE FAM,B,GOOD,2036,3696,2441,93,439200
     44,     19,   3000,       ,2002,2014,19,RANCH,1010,ONE FAM,C+,AVG. (+),1573,2469,1844,92,269500
     44,     19,   3100,       ,2002,2013,19,RANCH,1010,ONE FAM,C+,AVG. (+),1780,2723,2070,91,304500
     44,     19,   3200,       ,2002,2014,09,CONTEMPORY,1010,ONE FAM,C+,AVG. (+),2108,2938,2339,92,362800
     44,     19,   3300,       ,2002,2013,19,RANCH,1010,ONE FAM,C+,AVG. (+),1444,2363,1809,91,278000
     44,     19,   3400,       ,2002,2014,09,CONTEMPORY,1010,ONE FAM,C+,AVG. (+),1793,2548,2001,92,326800
     44,     19,   3500,       ,2003,2014,09,CONTEMPORY,1010,ONE FAM,C+,AVG. (+),1785,2756,2024,92,329000
     44,     19,   3600,       ,2002,2014,09,CONTEMPORY,1010,ONE FAM,C+,AVG. (+),1612,2371,1850,92,308600
     44,     19,   3700,       ,2001,2012,19,RANCH,1010,ONE FAM,C+,AVG. (+),1590,2310,1911,90,279700
     44,     19,   3800,       ,2001,2012,19,RANCH,1010,ONE FAM,C+,AVG. (+),1450,2219,1735,90,268400
     44,     19,   3900,       ,2001,2013,09,CONTEMPORY,1010,ONE FAM,C+,AVG. (+),1988,2842,2238,91,340400
     44,     19,   4000,       ,2001,2012,09,CONTEMPORY,1010,ONE FAM,C+,AVG. (+),2088,3023,2427,90,363400
     44,     19,   4100,       ,2001,2012,19,RANCH,1010,ONE FAM,C+,AVG. (+),1508,2228,1767,90,266500
     44,     19,   4200,       ,2002,2014,09,CONTEMPORY,1010,ONE FAM,C+,AVG. (+),2158,3065,2399,92,360900
     44,     19,   4300,       ,2002,2013,19,RANCH,1010,ONE FAM,C+,AVG. (+),1876,2459,2101,91,311400
     44,     19,   4400,       ,2001,2012,09,CONTEMPORY,1010,ONE FAM,C+,AVG. (+),2088,3044,2374,90,355400
     44,     19,   4500,       ,2001,2012,09,CONTEMPORY,1010,ONE FAM,C+,AVG. (+),2020,2882,2276,90,342900
     44,     19,   4600,       ,2001,2012,19,RANCH,1010,ONE FAM,C+,AVG. (+),1754,2838,2031,90,299800
     44,     19,   4700,       ,2000,2013,19,RANCH,1010,ONE FAM,C+,AVG. (+),1444,2192,1718,91,260300
     44,     19,   4800,       ,2001,2013,19,RANCH,1010,ONE FAM,C+,AVG. (+),1512,2228,1777,91,268000
     44,     19,   4900,       ,2001,2013,19,RANCH,1010,ONE FAM,C+,AVG. (+),1464,2267,1755,91,264400
     44,     19,   5000,       ,2000,2012,19,RANCH,1010,ONE FAM,C+,AVG. (+),1496,2359,1770,90,274100
     44,     19,   5100,       ,2001,2012,19,RANCH,1010,ONE FAM,C+,AVG. (+),1508,2228,1774,90,274500
     44,     19,   5200,       ,2002,2013,09,CONTEMPORY,1010,ONE FAM,C+,AVG. (+),2018,2853,2268,91,360600
     44,     19,   5300,       ,2002,2014,09,CONTEMPORY,1010,ONE FAM,C+,AVG. (+),2128,3038,2458,92,375600
     44,     19,   5400,       ,,,,,905V,,,,0,0,0,,0
     44,     19,   5500,       ,,,,,9090,,,,0,0,0,,0
     44,     19,   5600,       ,,,,,9090,,,,0,0,0,,0
     44,     19,   5700,       ,,,,,9090,,,,0,0,0,,0
     44,     20,       ,       ,1986,2013,09,CONTEMPORY,1040,2 FAMILY,C+,AVG. (+),4746,11030,5587,91,699700
     44,     20,    100,       ,1989,2012,09,CONTEMPORY,1010,ONE FAM,C+,AVG. (+),1848,4496,2392,90,356100
     44,     21,       ,       ,,,,,3900,,,,0,0,0,,0
     44,     22,       ,       ,,,,,6000,,,,0,0,0,,0
     44,     23,       ,       ,,,,,6000,,,,0,0,0,,0
     44,     24,       ,       ,,,,,6000,,,,0,0,0,,0
     44,     25,       ,       ,,,,,4410,,,,0,0,0,,0
     44,     26,       ,       ,,,,,1300,,,,0,0,0,,0
     44,     27,       ,       ,,,,,6000,,,,0,0,0,,0
     44,     28,       ,       ,,,,,9090,,,,0,0,0,,0
     44,     29,       ,       ,,,,,3920,,,,0,0,0,,0
     46,      1,       ,       ,1966,1985,57,RELAY BLDG,433C,RAD/TV TWR-Comm,C,Average,1344,1344,1344,63,128900
     46,      2,       ,       ,1970,1976,57,RELAY BLDG,4300,TEL XSTA,C+,Avg. (+),729,729,729,54,59500
     48,      1,       ,       ,,,,,1300,,,,0,0,0,,0
     48,      2,       ,       ,,,,,1300,,,,0,0,0,,0
     48,      3,       ,       ,1850,1982,32,MULTI OFFICE,3400,OFFICE,C-,Avg. (-),4673,7949,5314,60,197900
     48,      4,       ,       ,1965,1932,43,WAREHOUSE,4000,FACTORY,C-,Avg. (-),4179,4179,4179,30,54600
     48,      4,       ,       ,1970,1932,43,WAREHOUSE,4000,FACTORY,C-,Avg. (-),4000,4000,4000,30,52700
     48,      5,       ,       ,1880,1982,71,OFFICE,3400,OFFICE,C+,Avg. (+),3826,5825,4613,60,433900
     48,      6,       ,       ,1940,1993,05,CAPE,1010,ONE FAM,C+,AVG. (+),1842,3768,2247,71,259100
     48,      7,       ,       ,1949,1996,05,CAPE,1010,ONE FAM,C+,AVG. (+),1874,3364,2188,74,256800
     48,      7,    100,       ,,,,,1300,,,,,,,,
     48,      7,    200,       ,,,,,1300,,,,,,,,
     48,      9,       ,       ,1964,1986,36,IND+OFC AREA,3400,OFFICE,C+,Avg. (+),20698,27271,23637,64,888000
     48,     10,       ,       ,,,,,6231,CHARITABLE-Vac,,,,,,,
     48,     11,    101,       ,2009,2015,08,CONDO-TNHS,1020,CONDO,03,ADEQUATE,1500,2324,1757,93,395100
     48,     11,    102,       ,2009,2015,08,CONDO-TNHS,1020,CONDO,03,ADEQUATE,1500,2324,1757,93,393100
     48,     11,    103,       ,2009,2015,08,CONDO-TNHS,1020,CONDO,03,ADEQUATE,1500,2324,1757,93,386000
     48,     11,    104,       ,2009,2015,08,CONDO-TNHS,1020,CONDO,03,ADEQUATE,1500,2324,1757,93,393100
     48,     11,    105,       ,2009,2015,08,CONDO-TNHS,1020,CONDO,03,ADEQUATE,1500,2324,1757,93,407200
     48,     11,    106,       ,2009,2014,08,CONDO-TNHS,1020,CONDO,03,ADEQUATE,1500,2324,1757,92,398100
     48,     11,    201,       ,2009,2015,08,CONDO-TNHS,1020,CONDO,03,ADEQUATE,1156,1769,1310,93,328600
     48,     11,    202,       ,2009,2015,08,CONDO-TNHS,1020,CONDO,03,ADEQUATE,1156,1769,1310,93,349300
     48,     11,    203,       ,2009,2015,08,CONDO-TNHS,1020,CONDO,03,ADEQUATE,1156,1769,1310,93,335700
     48,     11,    204,       ,2009,2015,08,CONDO-TNHS,1020,CONDO,03,ADEQUATE,1156,1846,1318,93,329600
     48,     11,    205,       ,2009,2015,08,CONDO-TNHS,1020,CONDO,03,ADEQUATE,1156,1846,1318,93,329600
     48,     11,    206,       ,2009,2015,08,CONDO-TNHS,1020,CONDO,03,ADEQUATE,1156,1769,1310,93,328600
     48,     11,    301,       ,2009,2015,08,CONDO-TNHS,1020,CONDO,03,ADEQUATE,1156,1900,1323,93,360700
     48,     11,    302,       ,2009,2015,08,CONDO-TNHS,1020,CONDO,03,ADEQUATE,1156,1906,1325,93,351500
     48,     11,    303,       ,2009,2015,08,CONDO-TNHS,1020,CONDO,03,ADEQUATE,1156,2000,1348,93,349500
     48,     11,    304,       ,2009,2015,08,TNHS,1020,CONDO,03,ADEQUATE,1156,2000,1348,93,356000
     48,     11,    305,       ,2009,2015,08,CONDO-TNHS,1020,CONDO,03,ADEQUATE,1156,2000,1348,93,354200
     48,     11,    306,       ,2009,2015,08,CONDO-TNHS,1020,CONDO,03,ADEQUATE,1156,1916,1325,93,342600
     48,     11,    307,       ,2009,2015,08,CONDO-TNHS,1020,CONDO,03,ADEQUATE,1156,1900,1323,93,342300
     48,     11,    401,       ,2010,2015,08,CONDO-TNHS,1020,CONDO,03,ADEQUATE,1156,1900,1323,93,386100
     48,     11,    402,       ,2010,2015,08,CONDO-TNHS,1020,CONDO,03,ADEQUATE,1156,1900,1323,93,366200
     48,     11,    403,       ,2010,2015,08,CONDO-TNHS,1020,CONDO,03,ADEQUATE,1156,2000,1348,93,333000
     48,     11,    404,       ,2010,2015,08,TNHS,1020,CONDO,03,ADEQUATE,1156,2000,1348,93,333000
     48,     11,    405,       ,2010,2015,08,CONDO-TNHS,1020,CONDO,03,ADEQUATE,1156,1900,1323,93,373800
     48,     11,    406,       ,2010,2015,08,CONDO-TNHS,1020,CONDO,03,ADEQUATE,1156,1900,1323,93,343800
     48,     11,    501,       ,2010,2015,08,CONDO-TNHS,1020,CONDO,03,ADEQUATE,1500,2324,1775,93,400100
     48,     11,    502,       ,2010,2015,08,CONDO-TNHS,1020,CONDO,03,ADEQUATE,1488,2312,1763,93,389100
     48,     11,    503,       ,2010,2015,08,CONDO-TNHS,1020,CONDO,03,ADEQUATE,1260,2072,1447,93,352100
     48,     11,    504,       ,2010,2015,08,CONDO-TNHS,1020,CONDO,03,ADEQUATE,1500,2324,1775,93,390700
     48,     11,    505,       ,2010,2015,08,CONDO-TNHS,1020,CONDO,03,ADEQUATE,1500,2324,1775,93,390700
     48,     11,    601,       ,2010,2015,08,CONDO-TNHS,1020,CONDO,03,ADEQUATE,1500,2324,1775,93,400100
     48,     11,    602,       ,2010,2015,08,CONDO-TNHS,1020,CONDO,03,ADEQUATE,1472,2306,1749,93,392000
     48,     11,    603,       ,2010,2015,08,CONDO-TNHS,1020,CONDO,03,ADEQUATE,1386,2168,1649,93,376400
     48,     11,    604,       ,2010,2015,08,CONDO-TNHS,1020,CONDO,03,ADEQUATE,1500,2324,1775,93,395400
     48,     11,    605,       ,2010,2015,08,CONDO-TNHS,1020,CONDO,03,ADEQUATE,1500,2324,1775,93,403100
     48,     11,    701,       ,2010,2015,08,CONDO-TNHS,1020,CONDO,03,ADEQUATE,1500,2324,1775,93,418800
     48,     11,    702,       ,2010,2015,08,CONDO-TNHS,1020,CONDO,03,ADEQUATE,1500,2324,1775,93,390700
     48,     11,    703,       ,2010,2015,08,CONDO-TNHS,1020,CONDO,03,ADEQUATE,1500,2324,1775,93,400100
     48,     11,    704,       ,2010,2015,08,CONDO-TNHS,1020,CONDO,03,ADEQUATE,1500,2324,1775,93,414200
     49,      1,       ,       ,1870,1984,22,CONVENT`NL,1010,ONE FAM,C,AVERAGE,1107,2272,1512,62,158600
     49,      2,       ,       ,1955,1988,05,CAPE,1010,ONE FAM,C,AVERAGE,780,2460,1114,66,108600
     49,      3,       ,       ,1900,1989,02,BUNGALOW,1010,ONE FAM,C-,AVG. (-),1152,2098,1372,67,148700
     49,      4,       ,       ,1900,1998,22,CONVENT`NL,1010,ONE FAM,C+,AVG. (+),1450,3129,1837,76,264000
     49,      4,    100,       ,1995,2012,22,CONVENT`NL,1010,ONE FAM,C,AVERAGE,1584,2832,1958,90,308700
     49,      5,       ,       ,2008,2014,06,COLONIAL,1010,ONE FAM,C,AVERAGE,2378,4046,2723,92,378100
     49,      5,    200,       ,,,,,1300,,,,0,0,0,,0
     49,      6,       ,       ,1987,2009,19,RANCH,1010,ONE FAM,C,AVERAGE,988,1544,1098,87,164700
     49,      7,       ,       ,1955,1982,43,WAREHOUSE,3250,STORE,C-,Avg. (-),1225,2386,1747,60,70000
     49,      8,       ,       ,1977,2012,05,CAPE,1010,ONE FAM,C+,AVG. (+),1037,4549,1885,90,275200
     49,      9,       ,       ,1955,2004,19,RANCH,1010,ONE FAM,C+,AVG. (+),2024,5761,2901,82,347900
     49,     10,       ,       ,1945,1993,19,RANCH,1010,ONE FAM,C,AVERAGE,1132,1471,1216,71,146200
     49,     11,       ,       ,,,,,1300,,,,0,0,0,,0
     49,     12,       ,       ,2016,2017,19,RANCH,1010,ONE FAM,C,AVERAGE,1512,3074,2122,95,300400
     49,     13,       ,       ,1940,1984,06,COLONIAL,1010,ONE FAM,D+,FAIR (+),1066,2035,1196,62,119300
     49,     14,       ,       ,1950,1993,19,RANCH,1010,ONE FAM,C,AVERAGE,1874,3916,2482,71,244800
     49,     15,       ,       ,1953,1997,05,CAPE,1010,ONE FAM,C,AVERAGE,1499,3093,1780,75,197100
     49,     16,       ,       ,,0,,,1300,,,,0,0,0,,0
     49,     17,       ,       ,2024,2022,06,COLONIAL,1010,ONE FAM,C+,AVG. (+),2128,4244,2808,100,460700
     49,     18,       ,       ,1920,1989,06,COLONIAL,1010,ONE FAM,C,AVERAGE,1632,3205,1907,67,203900
     49,     20,       ,       ,1958,2009,05,CAPE,1010,ONE FAM,C,AVERAGE,1134,2705,1445,87,205000
     49,     22,       ,       ,,0,,,1300,,,,0,0,0,,0
     49,     23,       ,       ,1950,2000,09,CONTEMPORY,1012,ONE FAM W ACC,B-,GOOD (-),2400,4738,2657,78,374700
     49,     23,       ,       ,1992,2012,05,CAPE,1012,ONE FAM W ACC,C-,AVG. (-),634,3080,892,90,150400
     49,     25,       ,       ,1920,1979,19,RANCH,1010,ONE FAM,C-,AVG. (-),856,2508,1183,25,46500
     49,     26,       ,       ,1930,1998,22,CONVENT`NL,1010,ONE FAM,C,AVERAGE,1470,3756,2081,76,263400
     49,     27,       ,       ,1860,2005,22,CONVENT`NL,1010,ONE FAM,C,AVERAGE,1547,3300,2010,83,294400
     49,     28,       ,       ,,,,,1300,,,,0,0,0,,0
     49,     29,       ,       ,1941,1989,19,RANCH,1010,ONE FAM,C,AVERAGE,1344,3610,1566,67,166100
     50,      1,       ,       ,2021,2021,12,MULTI-CONV,1040,2 FAMILY,C+,AVG. (+),2568,4196,2826,99,420100
     50,      2,       ,       ,1930,1998,22,CONVENT`NL,1010,ONE FAM,C,AVERAGE,1073,2268,1361,76,189800
     50,      3,       ,       ,1850,1984,12,MULTI-CONV,1040,2 FAMILY,C,AVERAGE,2616,5826,3243,62,243200
     50,      4,       ,       ,1975,2005,18,SPLIT/RSD RANCH,1010,ONE FAM,C,AVERAGE,1080,2628,1650,83,206200
     50,      5,       ,       ,1974,2008,18,SPLIT/RSD RANCH,1010,ONE FAM,C,AVERAGE,944,2139,1361,86,190700
     50,      6,       ,       ,1980,2005,18,SPLIT/RSD RANCH,1010,ONE FAM,C,AVERAGE,874,2975,1722,83,220100
     50,      7,       ,       ,1986,2013,05,CAPE,1010,ONE FAM,C,AVERAGE,1296,3136,1744,91,250200
     50,      8,       ,       ,1980,2005,18,SPLIT/RSD RANCH,1010,ONE FAM,C,AVERAGE,1144,3200,1819,83,208100
     50,      9,       ,       ,1976,2008,19,RANCH,1010,ONE FAM,C,AVERAGE,2312,6294,3011,86,351600
     50,     10,       ,       ,1987,2012,19,RANCH,1010,ONE FAM,C,AVERAGE,1092,3332,1817,90,248500
     50,     11,       ,       ,1960,2009,05,CAPE,1010,ONE FAM,C,AVERAGE,1512,2822,1779,87,247600
     50,     12,       ,       ,1987,2009,05,CAPE,1010,ONE FAM,C,AVERAGE,1166,3551,1619,87,233300
     50,     13,       ,       ,1987,2012,05,CAPE,1010,ONE FAM,C,AVERAGE,1166,2996,1542,90,227200
     50,     14,   1101,       ,1988,2012,08,CONDO-TNHS,1020,CONDO,03,ADEQUATE,1222,1605,1289,90,243500
     50,     14,   1201,       ,1988,2007,08,CONDO-TNHS,1020,CONDO,03,ADEQUATE,1223,2177,1286,85,216000
     50,     14,   1301,       ,1988,2007,08,CONDO-TNHS,1020,CONDO,03,ADEQUATE,1223,2177,1286,85,229700
     50,     14,   1401,       ,1988,2007,08,CONDO-TNHS,1020,CONDO,03,ADEQUATE,1218,1584,1283,85,229500
     50,     14,   1501,       ,1988,2007,08,CONDO-TNHS,1020,CONDO,03,ADEQUATE,1223,1584,1286,85,221200
     50,     14,   1601,       ,1988,2007,08,CONDO-TNHS,1020,CONDO,03,ADEQUATE,1223,1584,1286,85,229700
     50,     14,   2102,       ,1988,2007,08,CONDO-TNHS,1020,CONDO,03,ADEQUATE,1223,1584,1286,85,229700
     50,     14,   2202,       ,1988,2007,08,CONDO-TNHS,1020,CONDO,03,ADEQUATE,1223,1584,1286,85,229700
     50,     14,   2302,       ,1988,2007,08,CONDO-TNHS,1020,CONDO,03,ADEQUATE,1223,1584,1286,85,229700
     50,     14,   2402,       ,1988,2007,08,CONDO-TNHS,1020,CONDO,03,ADEQUATE,1223,1584,1286,85,221200
     50,     14,   3103,       ,1988,2007,08,CONDO-TNHS,1020,CONDO,03,ADEQUATE,1199,1560,1262,85,220800
     50,     14,   3203,       ,1988,2007,08,TNHS,1020,CONDO,03,ADEQUATE,1194,1584,1261,85,219000
     50,     14,   3303,       ,1988,2007,08,CONDO-TNHS,1020,CONDO,03,ADEQUATE,1199,1560,1262,85,219100
     50,     14,   3403,       ,1988,2007,08,CONDO-TNHS,1020,CONDO,03,ADEQUATE,1199,1560,1262,85,219100
     50,     14,   4104,       ,1988,2007,08,CONDO-TNHS,1020,CONDO,03,ADEQUATE,1194,1584,1261,85,219000
     50,     14,   4204,       ,1988,2007,08,CONDO-TNHS,1020,CONDO,03,ADEQUATE,1199,1560,1262,85,219100
     50,     14,   4304,       ,1988,2007,08,CONDO-TNHS,1020,CONDO,03,ADEQUATE,1199,1560,1262,85,219100
     50,     14,   4404,       ,1988,2007,08,CONDO-TNHS,1020,CONDO,03,ADEQUATE,1199,1560,1262,85,219100
     50,     14,   4504,       ,1988,2007,08,CONDO-TNHS,1020,CONDO,03,ADEQUATE,1199,1560,1262,85,219100
     50,     14,   4604,       ,1988,2007,08,CONDO-TNHS,1020,CONDO,03,ADEQUATE,1199,1560,1262,85,219100
     50,     14,   5105,       ,1988,2007,08,CONDO-TNHS,1020,CONDO,03,ADEQUATE,1223,1584,1286,85,229700
     50,     14,   5205,       ,1988,2007,08,CONDO-TNHS,1020,CONDO,03,ADEQUATE,1223,1584,1286,85,229700
     50,     14,   5305,       ,1988,2007,08,CONDO-TNHS,1020,CONDO,03,ADEQUATE,1222,1598,1287,85,229800
     50,     14,   5405,       ,1988,2007,08,CONDO-TNHS,1020,CONDO,03,ADEQUATE,1223,1584,1286,85,222900
     50,     15,  10101,       ,1987,2007,07,CONDO-GRDN,1020,CONDO,03,ADEQUATE,594,594,594,85,120500
     50,     15,  10201,       ,1987,2007,07,CONDO-GRDN,1020,CONDO,03,ADEQUATE,594,594,594,85,131100
     50,     15,  10301,       ,1987,2007,07,CONDO-GRDN,1020,CONDO,03,ADEQUATE,594,594,594,85,131100
     50,     15,  10401,       ,1987,2007,07,CONDO-GRDN,1020,CONDO,03,ADEQUATE,594,594,594,85,131100
     50,     15,  10501,       ,1987,2007,07,CONDO-GRDN,1020,CONDO,03,ADEQUATE,594,594,594,85,120500
     50,     15,  11101,       ,1987,2007,07,CONDO-GRDN,1020,CONDO,03,ADEQUATE,594,659,601,85,131800
     50,     15,  11201,       ,1987,2007,07,CONDO-GRDN,1020,CONDO,03,ADEQUATE,594,594,594,85,131100
     50,     15,  11301,       ,1987,2007,07,CONDO-GRDN,1020,CONDO,03,ADEQUATE,594,594,594,85,131100
     50,     15,  11401,       ,1987,2012,07,CONDO-GRDN,1020,CONDO,03,ADEQUATE,594,594,594,90,138800
     50,     15,  11501,       ,1987,2007,07,CONDO-GRDN,1020,CONDO,03,ADEQUATE,594,659,601,85,131800
     50,     15,  20102,       ,1987,2007,07,CONDO-GRDN,1020,CONDO,03,ADEQUATE,594,594,594,85,120500
     50,     15,  20202,       ,1987,2007,07,CONDO-GRDN,1020,CONDO,03,ADEQUATE,594,594,594,85,131100
     50,     15,  20302,       ,1987,2007,07,CONDO-GRDN,1020,CONDO,03,ADEQUATE,594,594,594,85,131100
     50,     15,  20402,       ,1987,2007,07,CONDO-GRDN,1020,CONDO,03,ADEQUATE,594,594,594,85,131100
     50,     15,  20502,       ,1987,2007,07,CONDO-GRDN,1020,CONDO,03,ADEQUATE,594,594,594,85,120500
     50,     15,  21102,       ,1987,2007,07,CONDO-GRDN,1020,CONDO,03,ADEQUATE,594,659,601,85,131800
     50,     15,  21202,       ,1987,2007,07,CONDO-GRDN,1020,CONDO,03,ADEQUATE,594,594,594,85,131100
     50,     15,  21302,       ,1987,2007,07,CONDO-GRDN,1020,CONDO,03,ADEQUATE,594,594,594,85,131100
     50,     15,  21402,       ,1987,2013,07,CONDO-GRDN,1020,CONDO,03,ADEQUATE,594,594,594,91,141500
     50,     15,  21502,       ,1987,2007,07,CONDO-GRDN,1020,CONDO,03,ADEQUATE,594,659,601,85,131800
     50,     15,  30103,       ,1987,2007,07,CONDO-GRDN,1020,CONDO,03,ADEQUATE,594,594,594,85,120500
     50,     15,  30203,       ,1987,2007,07,CONDO-GRDN,1020,CONDO,03,ADEQUATE,594,594,594,85,131100
     50,     15,  30303,       ,1987,2007,07,CONDO-GRDN,1020,CONDO,03,ADEQUATE,594,594,594,85,131100
     50,     15,  30403,       ,1987,2007,07,CONDO-GRDN,1020,CONDO,03,ADEQUATE,594,594,594,85,131100
     50,     15,  30503,       ,1987,2007,07,CONDO-GRDN,1020,CONDO,03,ADEQUATE,594,594,594,85,120500
     50,     15,  31103,       ,1987,2007,07,CONDO-GRDN,1020,CONDO,03,ADEQUATE,594,659,601,85,131800
     50,     15,  31203,       ,1987,2007,07,CONDO-GRDN,1020,CONDO,03,ADEQUATE,594,594,594,85,131100
     50,     15,  31303,       ,1987,2007,07,CONDO-GRDN,1020,CONDO,03,ADEQUATE,594,594,594,85,131100
     50,     15,  31403,       ,1987,2007,07,CONDO-GRDN,1020,CONDO,03,ADEQUATE,594,594,594,85,130100
     50,     15,  31503,       ,1987,2007,07,CONDO-GRDN,1020,CONDO,03,ADEQUATE,594,659,601,85,131800
     50,     15,  40104,       ,1987,2007,07,CONDO-GRDN,1020,CONDO,03,ADEQUATE,594,594,594,85,120500
     50,     15,  40204,       ,1987,2007,07,CONDO-GRDN,1020,CONDO,03,ADEQUATE,594,594,594,85,131100
     50,     15,  40304,       ,1987,2007,07,CONDO-GRDN,1020,CONDO,03,ADEQUATE,594,594,594,85,131100
     50,     15,  40404,       ,1987,2007,07,CONDO-GRDN,1020,CONDO,03,ADEQUATE,594,594,594,85,131100
     50,     15,  40504,       ,1987,2007,07,CONDO-GRDN,1020,CONDO,03,ADEQUATE,594,594,594,85,120500
     50,     15,  41104,       ,1987,2007,07,CONDO-GRDN,1020,CONDO,03,ADEQUATE,594,659,601,85,131800
     50,     15,  41204,       ,1987,2007,07,CONDO-GRDN,1020,CONDO,03,ADEQUATE,594,594,594,85,131100
     50,     15,  41304,       ,1987,2007,07,CONDO-GRDN,1020,CONDO,03,ADEQUATE,594,594,594,85,131100
     50,     15,  41404,       ,1987,2007,07,CONDO-GRDN,1020,CONDO,03,ADEQUATE,594,594,594,85,131100
     50,     15,  41504,       ,1987,2007,07,CONDO-GRDN,1020,CONDO,03,ADEQUATE,594,659,601,85,131800
     50,     15,  50105,       ,1987,2007,07,CONDO-GRDN,1020,CONDO,03,ADEQUATE,594,594,594,85,120500
     50,     15,  50205,       ,1987,2007,07,CONDO-GRDN,1020,CONDO,03,ADEQUATE,594,594,594,85,131100
     50,     15,  50305,       ,1987,2007,07,CONDO-GRDN,1020,CONDO,03,ADEQUATE,594,594,594,85,131100
     50,     15,  50405,       ,1987,2007,07,CONDO-GRDN,1020,CONDO,03,ADEQUATE,594,594,594,85,131100
     50,     15,  50505,       ,1987,2007,07,CONDO-GRDN,1020,CONDO,03,ADEQUATE,594,594,594,85,120500
     50,     15,  51105,       ,1987,2007,07,CONDO-GRDN,1020,CONDO,03,ADEQUATE,594,659,601,85,131800
     50,     15,  51205,       ,1987,2007,07,CONDO-GRDN,1020,CONDO,03,ADEQUATE,594,594,594,85,131100
     50,     15,  51305,       ,1987,2007,07,CONDO-GRDN,1020,CONDO,03,ADEQUATE,594,594,594,85,131100
     50,     15,  51405,       ,1987,2007,07,CONDO-GRDN,1020,CONDO,03,ADEQUATE,594,594,594,85,130100
     50,     15,  51505,       ,1987,2007,07,CONDO-GRDN,1020,CONDO,03,ADEQUATE,594,659,601,85,131800
     50,     15,  60106,       ,1987,2007,07,CONDO-GRDN,1020,CONDO,03,ADEQUATE,594,594,594,85,120500
     50,     15,  60206,       ,1987,2014,07,CONDO-GRDN,1020,CONDO,03,ADEQUATE,594,594,594,92,141900
     50,     15,  60306,       ,1987,2007,07,CONDO-GRDN,1020,CONDO,03,ADEQUATE,594,594,594,85,131100
     50,     15,  60406,       ,1987,2007,07,CONDO-GRDN,1020,CONDO,03,ADEQUATE,594,594,594,85,131100
     50,     15,  60506,       ,1987,2007,07,CONDO-GRDN,1020,CONDO,03,ADEQUATE,594,594,594,85,120500
     50,     15,  61106,       ,1987,2007,07,CONDO-GRDN,1020,CONDO,03,ADEQUATE,594,659,601,85,131800
     50,     15,  61206,       ,1987,2007,07,CONDO-GRDN,1020,CONDO,03,ADEQUATE,594,594,594,85,131100
     50,     15,  61306,       ,1987,2007,07,CONDO-GRDN,1020,CONDO,03,ADEQUATE,594,594,594,85,131100
     50,     15,  61406,       ,1987,2007,07,CONDO-GRDN,1020,CONDO,03,ADEQUATE,594,594,594,85,131100
     50,     15,  61506,       ,1987,2007,07,CONDO-GRDN,1020,CONDO,03,ADEQUATE,594,659,601,85,131800
     50,     15,  70107,       ,1987,2007,07,CONDO-GRDN,1020,CONDO,03,ADEQUATE,594,594,594,85,120500
     50,     15,  70207,       ,1987,2007,07,CONDO-GRDN,1020,CONDO,03,ADEQUATE,594,594,594,85,133300
     50,     15,  70307,       ,1987,2007,07,CONDO-GRDN,1020,CONDO,03,ADEQUATE,594,594,594,85,131100
     50,     15,  70407,       ,1987,2007,07,CONDO-GRDN,1020,CONDO,03,ADEQUATE,594,594,594,85,131100
     50,     15,  70507,       ,1987,2007,07,CONDO-GRDN,1020,CONDO,03,ADEQUATE,594,594,594,85,120500
     50,     15,  71107,       ,1987,2007,07,CONDO-GRDN,1020,CONDO,03,ADEQUATE,594,659,601,85,131800
     50,     15,  71207,       ,1987,2007,07,CONDO-GRDN,1020,CONDO,03,ADEQUATE,594,594,594,85,131100
     50,     15,  71307,       ,1987,2007,07,CONDO-GRDN,1020,CONDO,03,ADEQUATE,594,594,594,85,131100
     50,     15,  71407,       ,1987,2007,07,CONDO-GRDN,1020,CONDO,03,ADEQUATE,594,594,594,85,131100
     50,     15,  71507,       ,1987,2007,07,CONDO-GRDN,1020,CONDO,03,ADEQUATE,594,659,601,85,131800
     50,     16,    101,       ,1986,2007,07,CONDO-GRDN,1020,CONDO,03,ADEQUATE,640,640,640,85,96500
     50,     16,    201,       ,1986,2007,07,CONDO-GRDN,1020,CONDO,03,ADEQUATE,395,395,395,85,60800
     50,     16,    301,       ,1986,2007,07,CONDO-GRDN,1020,CONDO,03,ADEQUATE,640,640,640,85,105100
     50,     16,    401,       ,1986,2007,07,CONDO-GRDN,1020,CONDO,03,ADEQUATE,640,640,640,85,105100
     50,     16,    501,       ,1986,2007,07,CONDO-GRDN,1020,CONDO,03,ADEQUATE,640,640,640,85,105100
     50,     16,    601,       ,1986,2007,07,CONDO-GRDN,1020,CONDO,03,ADEQUATE,640,640,640,85,105100
     50,     16,    701,       ,1986,2007,07,CONDO-GRDN,1020,CONDO,03,ADEQUATE,640,640,640,85,105100
     50,     16,    801,       ,1986,2007,07,CONDO-GRDN,1020,CONDO,03,ADEQUATE,640,640,640,85,105100
     50,     16,    901,       ,1986,2007,07,CONDO-GRDN,1020,CONDO,03,ADEQUATE,640,640,640,85,105100
     50,     16,   1001,       ,1986,2007,07,CONDO-GRDN,1020,CONDO,03,ADEQUATE,640,640,640,85,105100
     50,     16,   1101,       ,1986,2007,07,CONDO-GRDN,1020,CONDO,03,ADEQUATE,640,640,640,85,105100
     50,     16,   1201,       ,1986,2007,07,CONDO-GRDN,1020,CONDO,03,ADEQUATE,640,640,640,85,105100
     50,     16,   1302,       ,1986,2007,07,CONDO-GRDN,1020,CONDO,03,ADEQUATE,640,640,640,85,96500
     50,     16,   1402,       ,1986,2007,07,CONDO-GRDN,1020,CONDO,03,ADEQUATE,640,640,640,85,96500
     50,     16,   1502,       ,1986,2007,07,CONDO-GRDN,1020,CONDO,03,ADEQUATE,395,395,395,85,65500
     50,     16,   1602,       ,1986,2007,07,CONDO-GRDN,1020,CONDO,03,ADEQUATE,640,640,640,85,105100
     50,     16,   1702,       ,1986,2007,07,CONDO-GRDN,1020,CONDO,03,ADEQUATE,640,640,640,85,105100
     50,     16,   1802,       ,1986,2007,07,CONDO-GRDN,1020,CONDO,03,ADEQUATE,640,640,640,85,104200
     50,     16,   1902,       ,1986,2012,07,CONDO-GRDN,1020,CONDO,03,ADEQUATE,640,640,640,90,111200
     50,     16,   2002,       ,1986,2007,07,CONDO-GRDN,1020,CONDO,03,ADEQUATE,640,640,640,85,105100
     50,     16,   2102,       ,1986,2007,07,CONDO-GRDN,1020,CONDO,03,ADEQUATE,640,640,640,85,105100
     50,     16,   2202,       ,1986,2007,07,CONDO-GRDN,1020,CONDO,03,ADEQUATE,640,640,640,85,105100
     50,     16,   2302,       ,1986,2007,07,CONDO-GRDN,1020,CONDO,03,ADEQUATE,640,640,640,85,105100
     50,     16,   2402,       ,1986,2007,07,CONDO-GRDN,1020,CONDO,03,ADEQUATE,640,640,640,85,105900
     50,     16,   2502,       ,1986,2007,07,CONDO-GRDN,1020,CONDO,03,ADEQUATE,640,640,640,85,96500
     50,     16,   2602,       ,1986,2007,07,CONDO-GRDN,1020,CONDO,03,ADEQUATE,640,640,640,85,96500
     50,     16,   2702,       ,1986,2007,07,CONDO-GRDN,1020,CONDO,03,ADEQUATE,640,640,640,85,105100
     50,     16,   2802,       ,1986,2007,07,CONDO-GRDN,1020,CONDO,03,ADEQUATE,640,640,640,85,105100
     50,     16,   2902,       ,1986,2007,07,CONDO-GRDN,1020,CONDO,03,ADEQUATE,640,640,640,85,105100
     50,     16,   3002,       ,1986,2007,07,CONDO-GRDN,1020,CONDO,03,ADEQUATE,640,640,640,85,105100
     50,     16,   3102,       ,1986,2007,07,CONDO-GRDN,1020,CONDO,03,ADEQUATE,640,640,640,85,105100
     50,     16,   3202,       ,1986,2007,07,CONDO-GRDN,1020,CONDO,03,ADEQUATE,640,640,640,85,104200
     50,     16,   3302,       ,1986,2007,07,CONDO-GRDN,1020,CONDO,03,ADEQUATE,640,640,640,85,104200
     50,     16,   3402,       ,1986,2007,07,CONDO-GRDN,1020,CONDO,03,ADEQUATE,640,640,640,85,105100
     50,     16,   3502,       ,1986,2007,07,CONDO-GRDN,1020,CONDO,03,ADEQUATE,640,640,640,85,105100
     50,     16,   3602,       ,1986,2007,07,CONDO-GRDN,1020,CONDO,03,ADEQUATE,640,640,640,85,105100
     50,     16,   3703,       ,1986,2007,07,CONDO-GRDN,1020,CONDO,03,ADEQUATE,640,640,640,85,96500
     50,     16,   3803,       ,1986,2007,07,CONDO-GRDN,1020,CONDO,03,ADEQUATE,640,640,640,85,96500
     50,     16,   3903,       ,1986,2007,07,CONDO-GRDN,1020,CONDO,03,ADEQUATE,395,395,395,85,65500
     50,     16,   4003,       ,1986,2007,07,CONDO-GRDN,1020,CONDO,03,ADEQUATE,640,640,640,85,105100
     50,     16,   4103,       ,1986,2007,07,CONDO-GRDN,1020,CONDO,03,ADEQUATE,640,640,640,85,105100
     50,     16,   4203,       ,1986,2007,07,CONDO-GRDN,1020,CONDO,03,ADEQUATE,640,640,640,85,105100
     50,     16,   4303,       ,1986,2007,07,CONDO-GRDN,1020,CONDO,03,ADEQUATE,640,640,640,85,105100
     50,     16,   4403,       ,1986,2007,07,CONDO-GRDN,1020,CONDO,03,ADEQUATE,640,640,640,85,105100
     50,     16,   4503,       ,1986,2012,07,CONDO-GRDN,1020,CONDO,03,ADEQUATE,640,640,640,90,111200
     50,     16,   4603,       ,1986,2007,07,CONDO-GRDN,1020,CONDO,03,ADEQUATE,640,640,640,85,105100
     50,     16,   4703,       ,1986,2012,07,CONDO-GRDN,1020,CONDO,03,ADEQUATE,640,640,640,90,111200
     50,     16,   4803,       ,1986,2000,07,CONDO-GRDN,1020,CONDO,03,ADEQUATE,640,640,640,78,95600
     50,     16,   4903,       ,1986,2007,07,CONDO-GRDN,1020,CONDO,03,ADEQUATE,640,640,640,85,96500
     50,     16,   5003,       ,1986,2007,07,CONDO-GRDN,1020,CONDO,03,ADEQUATE,640,640,640,85,96500
     50,     16,   5103,       ,1986,2007,07,CONDO-GRDN,1020,CONDO,03,ADEQUATE,640,640,640,85,105100
     50,     16,   5203,       ,1986,2007,07,CONDO-GRDN,1020,CONDO,03,ADEQUATE,640,640,640,85,105100
     50,     16,   5303,       ,1986,2007,07,CONDO-GRDN,1020,CONDO,03,ADEQUATE,640,640,640,85,105100
     50,     16,   5403,       ,1986,2007,07,CONDO-GRDN,1020,CONDO,03,ADEQUATE,640,640,640,85,105100
     50,     16,   5503,       ,1986,2007,07,CONDO-GRDN,1020,CONDO,03,ADEQUATE,640,640,640,85,105100
     50,     16,   5603,       ,1986,2007,07,CONDO-GRDN,1020,CONDO,03,ADEQUATE,640,640,640,85,105100
     50,     16,   5703,       ,1986,2007,07,CONDO-GRDN,1020,CONDO,03,ADEQUATE,640,640,640,85,105100
     50,     16,   5803,       ,1986,2007,07,CONDO-GRDN,1020,CONDO,03,ADEQUATE,640,640,640,85,105100
     50,     16,   5903,       ,1986,2007,07,CONDO-GRDN,1020,CONDO,03,ADEQUATE,640,640,640,85,105100
     50,     16,   6003,       ,1986,2007,07,CONDO-GRDN,1020,CONDO,03,ADEQUATE,640,640,640,85,105100
     50,     16,   6104,       ,1986,2007,07,CONDO-GRDN,1020,CONDO,03,ADEQUATE,640,640,640,85,96500
     50,     16,   6204,       ,1986,2007,07,CONDO-GRDN,1020,CONDO,03,ADEQUATE,640,640,640,85,96500
     50,     16,   6304,       ,1986,2007,07,CONDO-GRDN,1020,CONDO,03,ADEQUATE,395,395,395,85,65500
     50,     16,   6404,       ,1986,2007,07,CONDO-GRDN,1020,CONDO,03,ADEQUATE,640,640,640,85,105100
     50,     16,   6504,       ,1986,2007,07,CONDO-GRDN,1020,CONDO,03,ADEQUATE,640,640,640,85,105100
     50,     16,   6604,       ,1986,2007,07,CONDO-GRDN,1020,CONDO,03,ADEQUATE,640,640,640,85,105100
     50,     16,   6704,       ,1986,2007,07,CONDO-GRDN,1020,CONDO,03,ADEQUATE,640,640,640,85,105100
     50,     16,   6804,       ,1986,2007,07,CONDO-GRDN,1020,CONDO,03,ADEQUATE,640,640,640,85,105100
     50,     16,   6904,       ,1986,2007,07,CONDO-GRDN,1020,CONDO,03,ADEQUATE,640,640,640,85,105100
     50,     16,   7004,       ,1986,2007,07,CONDO-GRDN,1020,CONDO,03,ADEQUATE,640,640,640,85,105100
     50,     16,   7104,       ,1986,2007,07,CONDO-GRDN,1020,CONDO,03,ADEQUATE,640,640,640,85,105100
     50,     16,   7204,       ,1986,2007,07,CONDO-GRDN,1020,CONDO,03,ADEQUATE,640,640,640,85,105900
     50,     16,   7304,       ,1986,2007,07,CONDO-GRDN,1020,CONDO,03,ADEQUATE,640,640,640,85,96500
     50,     16,   7404,       ,1986,2007,07,CONDO-GRDN,1020,CONDO,03,ADEQUATE,640,640,640,85,96500
     50,     16,   7504,       ,1986,2007,07,CONDO-GRDN,1020,CONDO,03,ADEQUATE,640,640,640,85,105100
     50,     16,   7604,       ,1986,2007,07,CONDO-GRDN,1020,CONDO,03,ADEQUATE,640,640,640,85,105100
     50,     16,   7704,       ,1986,2007,07,CONDO-GRDN,1020,CONDO,03,ADEQUATE,640,640,640,85,105100
     50,     16,   7804,       ,1986,2007,07,CONDO-GRDN,1020,CONDO,03,ADEQUATE,640,640,640,85,105100
     50,     16,   7904,       ,1986,2007,07,CONDO-GRDN,1020,CONDO,03,ADEQUATE,640,640,640,85,105100
     50,     16,   8004,       ,1986,2007,07,CONDO-GRDN,1020,CONDO,03,ADEQUATE,640,640,640,85,105100
     50,     16,   8104,       ,1986,2007,07,CONDO-GRDN,1020,CONDO,03,ADEQUATE,640,640,640,85,105100
     50,     16,   8204,       ,1986,2007,07,CONDO-GRDN,1020,CONDO,03,ADEQUATE,640,640,640,85,105100
     50,     16,   8304,       ,1986,2007,07,CONDO-GRDN,1020,CONDO,03,ADEQUATE,640,640,640,85,105100
     50,     16,   8404,       ,1986,2007,07,CONDO-GRDN,1020,CONDO,03,ADEQUATE,640,640,640,85,105100
     50,     16,   8505,       ,1986,2007,07,CONDO-GRDN,1020,CONDO,03,ADEQUATE,640,640,640,85,96500
     50,     16,   8605,       ,1986,2007,07,CONDO-GRDN,1020,CONDO,03,ADEQUATE,640,640,640,85,96500
     50,     16,   8705,       ,1986,2007,07,CONDO-GRDN,1020,CONDO,03,ADEQUATE,395,395,395,85,90500
     50,     16,   8905,       ,1986,2007,07,CONDO-GRDN,1020,CONDO,03,ADEQUATE,640,640,640,85,105100
     50,     16,   9005,       ,1986,2007,07,CONDO-GRDN,1020,CONDO,03,ADEQUATE,640,640,640,85,105100
     50,     16,   9105,       ,1986,2007,07,CONDO-GRDN,1020,CONDO,03,ADEQUATE,640,640,640,85,105100
     50,     16,   9205,       ,1986,2007,07,CONDO-GRDN,1020,CONDO,03,ADEQUATE,640,640,640,85,105100
     50,     16,   9305,       ,1986,2007,07,CONDO-GRDN,1020,CONDO,03,ADEQUATE,640,640,640,85,105100
     50,     16,   9405,       ,1986,2007,07,CONDO-GRDN,1020,CONDO,03,ADEQUATE,640,640,640,85,105100
     50,     16,   9505,       ,1986,2007,07,CONDO-GRDN,1020,CONDO,03,ADEQUATE,640,640,640,85,105100
     50,     16,   9605,       ,1986,2007,07,CONDO-GRDN,1020,CONDO,03,ADEQUATE,640,640,640,85,105100
     50,     16,   9705,       ,1986,2007,07,CONDO-GRDN,1020,CONDO,03,ADEQUATE,640,640,640,85,96500
     50,     16,   9805,       ,1986,2007,07,CONDO-GRDN,1020,CONDO,03,ADEQUATE,640,640,640,85,96500
     50,     16,   9905,       ,1986,2007,07,CONDO-GRDN,1020,CONDO,03,ADEQUATE,640,640,640,85,105100
     50,     16,  10005,       ,1986,2007,07,CONDO-GRDN,1020,CONDO,03,ADEQUATE,640,640,640,85,105100
     50,     16,  10105,       ,1986,2007,07,CONDO-GRDN,1020,CONDO,03,ADEQUATE,640,640,640,85,105100
     50,     16,  10205,       ,1986,2007,07,CONDO-GRDN,1020,CONDO,03,ADEQUATE,640,640,640,85,105100
     50,     16,  10305,       ,1986,2007,07,CONDO-GRDN,1020,CONDO,03,ADEQUATE,640,640,640,85,105100
     50,     16,  10405,       ,1986,2007,07,CONDO-GRDN,1020,CONDO,03,ADEQUATE,640,640,640,85,105100
     50,     16,  10505,       ,1986,2007,07,CONDO-GRDN,1020,CONDO,03,ADEQUATE,640,640,640,85,105100
     50,     16,  10605,       ,1986,2007,07,CONDO-GRDN,1020,CONDO,03,ADEQUATE,640,640,640,85,105100
     50,     16,  10705,       ,1986,2007,07,CONDO-GRDN,1020,CONDO,03,ADEQUATE,640,640,640,85,105100
     50,     16,  10805,       ,1986,2007,07,CONDO-GRDN,1020,CONDO,03,ADEQUATE,640,640,640,85,105100
     50,     16,  10906,       ,1986,2007,07,CONDO-GRDN,1020,CONDO,03,ADEQUATE,640,640,640,85,96500
     50,     16,  11006,       ,1986,2007,07,CONDO-GRDN,1020,CONDO,03,ADEQUATE,640,640,640,85,96500
     50,     16,  11106,       ,1986,2007,07,CONDO-GRDN,1020,CONDO,03,ADEQUATE,395,395,395,85,65500
     50,     16,  11206,       ,1986,2007,07,CONDO-GRDN,1020,CONDO,03,ADEQUATE,640,640,640,85,105100
     50,     16,  11306,       ,1986,2007,07,CONDO-GRDN,1020,CONDO,03,ADEQUATE,640,640,640,85,105100
     50,     16,  11406,       ,1986,2007,07,CONDO-GRDN,1020,CONDO,03,ADEQUATE,640,640,640,85,105100
     50,     16,  11506,       ,1986,2007,07,CONDO-GRDN,1020,CONDO,03,ADEQUATE,640,640,640,85,105100
     50,     16,  11606,       ,1986,2007,07,CONDO-GRDN,1020,CONDO,03,ADEQUATE,640,640,640,85,105100
     50,     16,  11706,       ,1986,2007,07,CONDO-GRDN,1020,CONDO,03,ADEQUATE,640,640,640,85,105100
     50,     16,  11806,       ,1986,2007,07,CONDO-GRDN,1020,CONDO,03,ADEQUATE,640,640,640,85,105100
     50,     16,  11906,       ,1986,2007,07,CONDO-GRDN,1020,CONDO,03,ADEQUATE,640,640,640,85,105100
     50,     16,  12006,       ,1986,2007,07,CONDO-GRDN,1020,CONDO,03,ADEQUATE,640,640,640,85,105100
     50,     16,  12106,       ,1986,2007,07,CONDO-GRDN,1020,CONDO,03,ADEQUATE,640,640,640,85,96500
     50,     16,  12206,       ,1986,2007,07,CONDO-GRDN,1020,CONDO,03,ADEQUATE,640,640,640,85,96500
     50,     16,  12306,       ,1986,2007,07,CONDO-GRDN,1020,CONDO,03,ADEQUATE,640,640,640,85,105100
     50,     16,  12406,       ,1986,2007,07,CONDO-GRDN,1020,CONDO,03,ADEQUATE,640,640,640,85,105100
     50,     16,  12506,       ,1986,2007,07,CONDO-GRDN,1020,CONDO,03,ADEQUATE,640,640,640,85,105100
     50,     16,  12606,       ,1986,2007,07,CONDO-GRDN,1020,CONDO,03,ADEQUATE,640,640,640,85,105100
     50,     16,  12706,       ,1986,2007,07,CONDO-GRDN,1020,CONDO,03,ADEQUATE,640,640,640,85,105100
     50,     16,  12806,       ,1986,2007,07,CONDO-GRDN,1020,CONDO,03,ADEQUATE,640,640,640,85,105100
     50,     16,  12906,       ,1986,2007,07,CONDO-GRDN,1020,CONDO,03,ADEQUATE,640,640,640,85,105100
     50,     16,  13006,       ,1986,2007,07,CONDO-GRDN,1020,CONDO,03,ADEQUATE,640,640,640,85,105100
     50,     16,  13106,       ,1986,2007,07,CONDO-GRDN,1020,CONDO,03,ADEQUATE,640,640,640,85,105100
     50,     16,  13206,       ,1986,2007,07,CONDO-GRDN,1020,CONDO,03,ADEQUATE,640,640,640,85,105100
     50,     17,       ,       ,1986,2009,14,MULTI-TNHS,1040,2 FAMILY,C,AVERAGE,2364,4340,2726,87,331500
     50,     18,       ,       ,1986,2009,14,MULTI-TNHS,1040,2 FAMILY,C,AVERAGE,2364,4340,2726,87,331500
     50,     19,       ,       ,1986,2009,14,MULTI-TNHS,1040,2 FAMILY,C,AVERAGE,2880,4512,3259,87,359900
     50,     20,       ,       ,1986,2012,14,MULTI-TNHS,1040,2 FAMILY,C,AVERAGE,2880,4400,3248,90,371700
     50,     21,       ,       ,1986,2012,14,MULTI-TNHS,1040,2 FAMILY,C,AVERAGE,2880,4552,3263,90,363500
     50,     22,    101,       ,1985,1992,63,CONDO-OFC,102C,CONDO-com,C,Average,1250,1250,1250,70,142900
     50,     22,    201,       ,1985,1992,63,CONDO-OFC,102C,CONDO-Comm,C,Average,1250,1250,1250,70,139900
     50,     22,    301,       ,1983,1992,63,CONDO-OFC,102C,CONDO-Comm,C,Average,1250,1250,1250,70,152100
     50,     22,    401,       ,1983,1992,63,CONDO-OFC,102C,CONDO-Comm,C,Average,1250,1250,1250,70,144200
     50,     22,    502,       ,1985,1992,63,CONDO-OFC,102C,CONDO-Comm,C,Average,1500,1500,1500,70,159300
     50,     22,    602,       ,1985,1992,63,CONDO-OFC,102C,CONDO-Comm,C,Average,1500,1500,1500,70,159300
     50,     22,    702,       ,1985,1992,63,CONDO-OFC,102C,CONDO-Comm,C,Average,1500,1500,1500,70,159300
     50,     22,    801,       ,1985,1992,63,CONDO-OFC,102C,CONDO-Comm,C,Average,1250,1250,1250,70,141300
     50,     22,    901,       ,1985,1992,63,CONDO-OFC,102C,CONDO-com,C,Average,1250,1250,1250,70,152100
     50,     22,   1001,       ,1985,1992,63,CONDO-OFC,102C,CONDO-Comm,C,Average,1250,1250,1250,70,139900
     50,     22,   1101,       ,1985,1992,63,CONDO-OFC,102C,CONDO-Comm,C,Average,1250,1250,1250,70,141300
     50,     22,   1202,       ,1985,1992,63,CONDO-OFC,102C,CONDO-Comm,C,Average,1500,1500,1500,70,180600
     50,     22,   1302,       ,1985,1992,63,CONDO-OFC,102C,CONDO-com,C+,Avg. (+),1500,1500,1500,70,210900
     50,     22,   1402,       ,1985,1992,63,CONDO-OFC,102C,CONDO-com,C,Average,1500,1500,1500,70,162400
     50,     23,       ,       ,2007,2007,41,REPAIR CHAIN,3320,AUTO REP,C+,Avg. (+),10995,10995,10995,85,791000
     50,     24,       ,       ,,,,,3900,,,,0,0,0,,0
     50,     25,       ,       ,1975,1988,43,WAREHOUSE,3160,COMMWHSE,B,Good,28692,28732,28710,66,1523500
     50,     26,       ,       ,1965,1989,36,IND+OFC AREA,4000,FACTORY,B-,Good (-),33215,33934,33237,67,1465900
     50,     27,       ,       ,2019,2019,43,WAREHOUSE,4010,IND WHSE,C+,Avg. (+),72820,72820,72820,97,4352000
     50,     28,       ,       ,1965,1989,73,R+D,4000,FACTORY,A,Very Good,86208,86492,86279,67,1807200
     50,     28,      E,       ,1965,1989,73,R+D,903I,MUNICPAL-Ind,A,Very Good,86208,86492,86279,67,4325300
     50,     28,      E,       ,2023,2022,43,WAREHOUSE,905I,CHARITABLE-Ind,A,Very Good,18614,18614,18614,100,1701100
     50,     29,       ,       ,,,,,3910,,,,0,0,0,,0
     50,     30,       ,       ,1998,2015,24,AUTO DEALR,3300,AUTO S+S,B+,Good (+),19926,23496,20431,93,3294300
     50,     30,    100,       ,2001,2000,45,BANK,3410,BANK,B+,Good (+),3111,3669,3227,78,676400
     50,     31,       ,       ,,,,,9030,,,,0,0,0,,0
     50,     32,       ,       ,1986,1995,54,NURSING HM,3040,NURSE HM,A,Very Good,39716,42520,40332,73,5407000
     50,     33,       ,       ,1987,2013,05,CAPE,1010,ONE FAM,C,AVERAGE,1166,2899,1571,91,232500
     50,     34,       ,       ,1987,2014,05,CAPE,1010,ONE FAM,C,AVERAGE,1166,2888,1504,92,228600
     50,     35,       ,       ,1985,2012,18,SPLIT/RSD RANCH,1010,ONE FAM,C,AVERAGE,954,2126,1330,90,206700
     50,     36,       ,       ,1985,2009,12,MULTI-CONV,1040,2 FAMILY,C,AVERAGE,1166,3015,1554,87,261300
     50,     37,       ,       ,1986,2014,05,CAPE,1010,ONE FAM,C,AVERAGE,1166,2836,1406,92,236300
     50,     38,       ,       ,1986,2012,05,CAPE,1010,ONE FAM,C,AVERAGE,1166,3042,1427,90,217200
     50,     39,       ,       ,1986,2012,05,CAPE,1012,ONE FAM W ACC,C,AVERAGE,1166,2848,1517,90,240600
     50,     40,       ,       ,1986,2014,05,CAPE,1010,ONE FAM,C,AVERAGE,1166,2980,1421,92,234900
     50,     41,       ,       ,1986,2012,05,CAPE,1010,ONE FAM,C,AVERAGE,1486,3562,1847,90,253800
     50,     42,       ,       ,1988,1992,55,PMP/VLV HS,903C,MUNICPAL-Comm,C,Average,728,728,728,70,42000
     50,     43,       ,       ,1986,2012,05,CAPE,1010,ONE FAM,C,AVERAGE,1166,2872,1494,90,222700
     50,     44,       ,       ,1986,2012,05,CAPE,1010,ONE FAM,C,AVERAGE,1334,3064,1664,90,238300
     50,     45,       ,       ,1986,2012,05,CAPE,1010,ONE FAM,C,AVERAGE,1166,2900,1456,90,219600
     50,     46,       ,       ,1956,2000,12,MULTI-CONV,1040,2 FAMILY,C,AVERAGE,2752,4288,3223,78,326900
     50,     47,       ,       ,1973,2005,19,RANCH,1010,ONE FAM,C,AVERAGE,1347,2924,1372,83,198000
     50,     48,       ,       ,1940,1989,19,RANCH,1010,ONE FAM,C-,AVG. (-),1232,2066,1513,67,157400
     50,     49,    101,       ,2004,2013,08,CONDO-TNHS,1020,CONDO,03,ADEQUATE,1416,2378,1686,91,360700
     50,     49,    201,       ,2004,2013,08,CONDO-TNHS,1020,CONDO,03,ADEQUATE,1442,2424,1711,91,363300
     50,     49,    301,       ,2004,2013,08,CONDO-TNHS,1020,CONDO,03,ADEQUATE,1442,2424,1711,91,363300
     50,     49,    402,       ,2004,2013,08,CONDO-TNHS,1020,CONDO,03,ADEQUATE,1442,2490,1718,91,379900
     50,     49,    502,       ,2004,2013,08,CONDO-TNHS,1020,CONDO,03,ADEQUATE,1792,3196,2157,91,420100
     50,     49,    602,       ,2004,2013,08,CONDO-TNHS,1020,CONDO,03,ADEQUATE,1442,2430,1712,91,363400
     50,     49,    702,       ,2004,2013,08,CONDO-TNHS,1020,CONDO,03,ADEQUATE,1442,2430,1712,91,363400
     50,     49,    803,       ,2004,2013,08,CONDO-TNHS,1020,CONDO,03,ADEQUATE,1442,2424,1802,91,373600
     50,     49,    903,       ,2004,2013,08,CONDO-TNHS,1020,CONDO,03,ADEQUATE,1706,2955,2041,91,401400
     50,     49,   1003,       ,2004,2013,08,CONDO-TNHS,1020,CONDO,03,ADEQUATE,1702,2980,2040,91,412000
     50,     49,   1103,       ,2004,2013,08,CONDO-TNHS,1020,CONDO,03,ADEQUATE,1442,2424,1785,91,377900
     50,     49,   1204,       ,2004,2013,08,CONDO-TNHS,1020,CONDO,03,ADEQUATE,1442,2424,1787,91,371800
     50,     49,   1304,       ,2004,2013,08,CONDO-TNHS,1020,CONDO,03,ADEQUATE,1682,2904,2011,91,405800
     50,     49,   1404,       ,2004,2013,08,CONDO-TNHS,1020,CONDO,03,ADEQUATE,1670,2820,1990,91,395700
     50,     49,   1504,       ,2004,2013,08,CONDO-TNHS,1020,CONDO,03,ADEQUATE,1442,2424,1711,91,363300
     50,     49,   1605,       ,2004,2013,08,CONDO-TNHS,1020,CONDO,03,ADEQUATE,1416,2312,1731,91,365300
     50,     49,   1705,       ,2004,2013,08,CONDO-TNHS,1020,CONDO,03,ADEQUATE,1442,2364,1705,91,362700
     50,     49,   1805,       ,2004,2013,08,CONDO-TNHS,1020,CONDO,03,ADEQUATE,1442,2364,1772,91,365500
     50,     49,   1906,       ,2004,2013,08,CONDO-TNHS,1020,CONDO,03,ADEQUATE,1416,2312,1679,91,360000
     50,     49,   2006,       ,2004,2013,08,CONDO-TNHS,1020,CONDO,03,ADEQUATE,1442,2364,1705,91,362700
     50,     49,   2106,       ,2004,2013,08,CONDO-TNHS,1020,CONDO,03,ADEQUATE,1442,2364,1705,91,362700
     50,     49,   2207,       ,2004,2013,08,CONDO-TNHS,1020,CONDO,03,ADEQUATE,1442,2364,1705,91,362700
     50,     49,   2307,       ,2004,2013,08,CONDO-TNHS,1020,CONDO,03,ADEQUATE,1442,2364,1705,91,362700
     50,     49,   2407,       ,2004,2013,08,CONDO-TNHS,1020,CONDO,03,ADEQUATE,1416,2312,1679,91,360000
     50,     50,       ,       ,1948,1993,05,CAPE,1010,ONE FAM,C,AVERAGE,1740,3864,2150,71,222300
     50,     51,       ,       ,1942,1996,05,CAPE,1010,ONE FAM,C,AVERAGE,1532,3143,1919,74,210000
     50,     52,       ,       ,1950,1993,22,CONVENT`NL,1010,ONE FAM,C-,AVG. (-),540,1440,828,71,110300
     50,     52,       ,       ,1950,2000,05,CAPE,1010,ONE FAM,C,AVERAGE,1744,3245,1981,78,236400
     50,     53,       ,       ,1950,1993,05,CAPE,1010,ONE FAM,C,AVERAGE,1547,3205,1829,71,194500
     50,     54,       ,       ,1940,1998,19,RANCH,1010,ONE FAM,C-,AVG. (-),574,1173,764,76,117700
     50,     55,       ,       ,1952,1997,05,CAPE,1010,ONE FAM,C,AVERAGE,2378,4496,2836,75,288000
     50,     56,       ,       ,1959,2000,19,RANCH,1010,ONE FAM,C,AVERAGE,1058,3724,1828,78,222800
     50,     57,       ,       ,1950,1996,19,RANCH,1040,2 FAMILY,C,AVERAGE,2137,5066,2879,74,340300
     51,      1,       ,       ,1990,2008,28,WHSE/OFFICE,3160,COMMWHSE,C+,Avg. (+),24050,25243,24289,86,1453300
     51,      2,       ,       ,1979,1988,71,OFFICE,9050,CHARITABLE,C,Average,19926,20018,19947,66,1558300
     51,      2,       ,       ,1987,1993,43,WAREHOUSE,905I,CHARITABLE-Ind,C+,Avg. (+),16965,16965,16965,71,664500
     51,      3,       ,       ,2001,1998,43,WAREHOUSE,905I,CHARITABLE-Ind,C+,Avg. (+),25210,25247,25214,76,996500
     51,     10,       ,       ,2000,1997,43,WAREHOUSE,4020,IND OFC,C,Average,7512,7512,7512,75,290000
     51,     11,       ,       ,1965,1994,18,SPLIT/RSD RANCH,1040,2 FAMILY,C,AVERAGE,1330,2786,1944,72,241500
     51,     12,       ,       ,1977,2008,05,CAPE,101A,RSA 75:11,C,AVERAGE,1320,5486,2216,86,251900
     51,     13,       ,       ,1900,1982,69,LODGE,3530,FRAT ORG,C+,Avg. (+),15538,17015,16098,60,615400
     51,     13,      T,       ,,,,,430V,,,,,,,,
     51,     14,       ,       ,2020,2020,70,R+D LAB GD,4040,R+D BLDG,A,Very Good,24912,25856,25156,98,3184900
     51,     15,       ,       ,2024,2022,36,IND+OFC AREA,0430,IND/COM,B+,Good (+),10079,24603,10586,100,951500
     52,      1,       ,       ,,,,,6230,,,,0,0,0,,0
     52,      2,       ,       ,,,,,6231,,,,0,0,0,,0
     52,      3,       ,       ,,,,,6231,,,,0,0,0,,0
     52,      5,       ,       ,2002,2013,09,CONTEMPORY,1010,ONE FAM,A,VERY GOOD,2930,6607,3857,91,807000
     52,      5,    100,       ,1987,2009,06,COLONIAL,1010,ONE FAM,C-,AVG. (-),2304,3616,2838,87,296300
     52,      6,       ,       ,1870,1993,05,CAPE,1010,ONE FAM,B,GOOD,2378,4452,2831,71,323600
     52,      8,       ,       ,1989,2009,19,RANCH,1010,ONE FAM,C,AVERAGE,1358,3050,2068,87,257000
     52,      9,       ,       ,1999,2014,05,CAPE,1010,ONE FAM,B+,GOOD (+),3568,8953,4600,92,742900
     52,     10,       ,       ,1983,2009,19,RANCH,1010,ONE FAM,C,AVERAGE,1144,2528,1603,87,228500
     52,     11,       ,       ,,,,,6200,,,,0,0,0,,0
     52,     12,       ,       ,1900,1993,05,CAPE,1010,ONE FAM,C,AVERAGE,2212,4920,3013,71,280800
     52,     14,       ,       ,,,,,1060,,,,0,0,0,,0
     52,     15,       ,       ,1952,1997,19,RANCH,1010,ONE FAM,C,AVERAGE,1733,3708,2357,75,246100
     52,     16,       ,       ,,,,,6000,,,,0,0,0,,0
     52,     16,    100,       ,1987,2009,05,CAPE,1010,ONE FAM,C,AVERAGE,2488,4608,2919,87,337800
     52,     17,       ,       ,2001,2012,09,CONTEMPORY,1010,ONE FAM,B,GOOD,3941,12256,5853,90,882000
     52,     18,       ,       ,1860,1989,12,MULTI-CONV,1050,3 FAMILY,C,AVERAGE,3544,6395,4138,67,276600
     52,     19,       ,       ,1999,2012,19,RANCH,1012,ONE FAM W ACC,C+,AVG. (+),3032,5942,3762,90,508700
     52,     20,       ,       ,1998,2013,06,COLONIAL,1010,ONE FAM,B-,GOOD (-),2032,4718,2769,91,453400
     52,     21,       ,       ,1999,2014,06,COLONIAL,1010,ONE FAM,B,GOOD,2600,5501,3543,92,595200
     52,     22,       ,       ,,,,,6001,,,,0,0,0,,0
     52,     23,       ,       ,2003,2013,05,CAPE,1010,ONE FAM,B,GOOD,2719,5761,3460,91,570900
     52,     24,       ,       ,1996,2012,05,CAPE,1012,ONE FAM W ACC,C+,AVG. (+),2370,6188,3324,90,405500
     52,     24,       ,       ,2006,2013,10,APT/GAR,1012,ONE FAM W ACC,C,AVERAGE,2236,5628,3090,91,302600
     52,     25,       ,       ,,,,,6001,,,,0,0,0,,0
     52,     26,       ,       ,,,,,6230,,,,0,0,0,,0
     52,     27,       ,       ,1994,2012,06,COLONIAL,1010,ONE FAM,B,GOOD,3409,8106,4322,90,712400
     52,     28,       ,       ,,,,,6001,,,,0,0,0,,0
     52,     29,       ,       ,,0,,,1300,,,,0,0,0,,0
     54,      1,       ,       ,2000,2012,06,COLONIAL,1010,ONE FAM,A,VERY GOOD,2604,5244,3370,90,697200
     54,      1,    100,       ,1930,1989,05,CAPE,1010,ONE FAM,B,GOOD,2053,4097,2661,67,320900
     54,      2,       ,       ,1965,2001,06,COLONIAL,1010,ONE FAM,A,VERY GOOD,3447,8543,4725,79,859300
     54,      2,       ,       ,2014,2012,30,GARAGE,101C,ONE FAM-Comm,A,Very Good,648,3024,1382,90,174000
     54,      3,       ,       ,1966,1994,19,RANCH,1010,ONE FAM,C-,AVG. (-),1052,2234,1334,72,127300
     54,      4,       ,       ,,,,,9030,,,,0,0,0,,0
     54,      5,       ,       ,2019,2019,09,CONTEMPORY,1010,ONE FAM,B,GOOD,2090,6402,3212,97,588300
     54,      5,    100,       ,1997,2016,05,CAPE,1010,ONE FAM,C+,AVG. (+),2316,6011,3113,94,414400
     54,      6,       ,       ,1978,2005,06,COLONIAL,1010,ONE FAM,C,AVERAGE,2146,4004,2489,83,307300
     54,      7,       ,       ,1989,1985,43,WAREHOUSE,3160,COMMWHSE,C-,Avg. (-),1800,1800,1800,63,74600
     54,      8,       ,       ,1810,2005,22,CONVENT`NL,1010,ONE FAM,B,GOOD,2111,5468,2582,83,426000
     54,      9,       ,       ,1976,2008,06,COLONIAL,1010,ONE FAM,C+,AVG. (+),3020,5594,3894,86,480700
     54,     10,       ,       ,,,,,9090,,,,0,0,0,,0
     54,     11,       ,       ,2003,2013,05,CAPE,1010,ONE FAM,B,GOOD,2375,6686,3320,91,530700
     54,     12,       ,       ,1992,2016,06,COLONIAL,1010,ONE FAM,B+,GOOD (+),2736,5262,3556,94,672500
     54,     13,       ,       ,1995,2012,09,CONTEMPORY,1010,ONE FAM,B,GOOD,1792,3828,2244,90,414000
     54,     14,       ,       ,1987,2009,09,CONTEMPORY,1010,ONE FAM,C+,AVG. (+),1597,4241,2207,87,325900
     54,     15,       ,       ,1984,2002,05,CAPE,1010,ONE FAM,B-,GOOD (-),1845,5790,2661,80,347900
     54,     16,       ,       ,2003,2013,19,RANCH,1010,ONE FAM,C+,AVG. (+),1344,3485,1973,91,309900
     54,     17,       ,       ,1984,2013,09,CONTEMPORY,1010,ONE FAM,B,GOOD,1959,4455,2514,91,469400
     54,     18,       ,       ,1998,2013,19,RANCH,1010,ONE FAM,A,VERY GOOD,2208,6484,3474,91,719400
     54,     19,       ,       ,1990,2009,19,RANCH,1010,ONE FAM,B,GOOD,2607,7571,4026,87,571600
     54,     20,       ,       ,1987,2009,09,CONTEMPORY,1010,ONE FAM,B,GOOD,2777,7404,3621,87,573100
     54,     21,       ,       ,1982,2012,05,CAPE,1010,ONE FAM,C+,AVG. (+),1750,4115,2446,89,350700
     54,     22,       ,       ,1980,2005,19,RANCH,1010,ONE FAM,B,GOOD,2574,5197,3193,83,460200
     54,     23,       ,       ,1989,2012,19,RANCH,1010,ONE FAM,B,GOOD,2835,7679,4236,90,636300
     54,     24,       ,       ,,,,,1320,,,,0,0,0,,0
     54,     26,       ,       ,1987,2012,06,COLONIAL,1010,ONE FAM,C+,AVG. (+),2626,7100,3600,90,508000
     54,     27,       ,       ,2001,2017,09,CONTEMPORY,1010,ONE FAM,B,GOOD,2401,5180,3161,95,593300
     54,     28,       ,       ,1980,2005,18,SPLIT/RSD RANCH,1010,ONE FAM,C+,AVG. (+),1248,3069,1907,83,243200
     54,     29,       ,       ,1976,2012,18,SPLIT/RSD RANCH,1010,ONE FAM,C+,AVG. (+),1657,4784,2556,90,345300
     54,     30,       ,       ,,,,,6001,,,,0,0,0,,0
     54,     31,       ,       ,1946,1993,19,RANCH,1010,ONE FAM,C,AVERAGE,1200,3061,1661,71,192300
     54,     32,       ,       ,1830,1998,05,CAPE,1040,2 FAMILY,C,AVERAGE,5053,7726,5587,76,525700
     54,     32,    100,       ,2020,2021,09,CONTEMPORY,1010,ONE FAM,B,GOOD,1894,6757,3319,99,526200
     54,     32,  70100,       ,,,,,4320,,,,0,0,0,,0
     54,     33,       ,       ,1800,1979,22,CONVENT`NL,1050,3 FAMILY,D,FAIR,588,2350,1084,57,87600
     54,     33,       ,       ,1800,1989,12,MULTI-CONV,1050,3 FAMILY,C+,AVG. (+),2605,4149,3152,67,241500
     54,     34,       ,       ,,,,,430V,TEL XSTA-Vac,,,,,,,
     54,     35,       ,       ,1800,1984,05,CAPE,1010,ONE FAM,C,AVERAGE,2128,4468,2736,62,221200
     54,     36,       ,       ,1960,1997,19,RANCH,1010,ONE FAM,C-,AVG. (-),825,1650,1031,75,133200
     54,     37,       ,       ,,,,,1300,,,,0,0,0,,0
     56,      1,       ,       ,1920,1989,19,RANCH,340R,OFFICE-Res,D-,POOR,664,1240,806,67,54100
     56,      1,       ,       ,2003,2013,05,CAPE,013R,RES/COM-Res,C+,AVG. (+),2430,5694,3047,91,370700
     56,      2,       ,       ,1855,1979,22,CONVENT`NL,1010,ONE FAM,C-,AVG. (-),1894,3408,2066,57,172400
     56,      3,       ,       ,1843,1979,12,MULTI-CONV,1040,2 FAMILY,C+,AVG. (+),3160,6888,3875,57,293500
     56,      3,    100,       ,,0,,,6001,,,,0,0,0,,0
     56,      3,    200,       ,,0,,,6000,,,,0,0,0,,0
     56,      4,       ,       ,1858,1984,05,CAPE,1010,ONE FAM,C,AVERAGE,1843,4825,2517,62,202000
     56,      6,       ,       ,1972,2005,19,RANCH,1010,ONE FAM,C,AVERAGE,960,2016,1210,83,180200
     56,      8,       ,       ,2018,2018,19,RANCH,1010,ONE FAM,C,AVERAGE,1648,4313,2396,96,329500
     56,      8,    100,       ,1994,2012,18,SPLIT/RSD RANCH,1010,ONE FAM,C,AVERAGE,1144,3024,1891,90,246400
     56,      9,       ,       ,1991,2012,18,SPLIT/RSD RANCH,1010,ONE FAM,C,AVERAGE,1146,2250,1539,90,210700
     56,      9,    100,       ,2003,2013,19,RANCH,1010,ONE FAM,C,AVERAGE,1568,3584,2072,70,223200
     56,     10,    100,       ,,,,,1300,,,,0,0,0,,0
     56,     10,    200,       ,2005,2013,06,COLONIAL,1010,ONE FAM,C+,AVG. (+),2384,5716,3088,91,446900
     56,     10,    300,       ,,,,,1300,,,,0,0,0,,0
     56,     11,       ,       ,,,,,6220,,,,0,0,0,,0
     56,     12,       ,       ,,,,,6230,,,,0,0,0,,0
     56,     13,       ,       ,,,,,6000,,,,0,0,0,,0
     56,     14,       ,       ,1968,2008,19,RANCH,1010,ONE FAM,C,AVERAGE,1176,2352,1470,86,184700
     56,     15,       ,       ,,,,,1100,,,,0,0,0,,0
     56,     15,    100,       ,1976,2005,11,MOBILE HM,1030,MOBIL HM,C,AVERAGE,924,1280,1011,83,53100
     56,     15,    200,       ,1982,2005,11,MOBILE HM,1030,MOBIL HM,C,AVERAGE,924,1104,942,83,51100
     56,     15,    300,       ,1974,2001,11,MOBILE HM,1030,MOBIL HM,C-,AVG. (-),672,995,719,79,38100
     56,     15,    400,       ,1971,2004,11,MOBILE HM,1030,MOBIL HM,C-,AVG. (-),696,814,725,82,41100
     56,     15,    500,       ,1981,2010,11,MOBILE HM,1030,MOBIL HM,C,AVERAGE,1044,1268,1172,88,59700
     56,     15,    600,       ,1971,2001,11,MOBILE HM,1030,MOBIL HM,C-,AVG. (-),952,1012,958,79,42800
     56,     15,    700,       ,1998,2012,11,MOBILE HM,1030,MOBIL HM,C+,AVG. (+),924,1088,940,90,58600
     56,     15,    800,       ,1998,2012,11,MOBILE HM,1030,MOBIL HM,C+,AVG. (+),924,1015,951,90,58600
     56,     15,    900,       ,1978,2005,11,MOBILE HM,1030,MOBIL HM,C,AVERAGE,968,1022,982,83,47800
     56,     15,   1000,       ,1969,1998,11,MOBILE HM,1030,MOBIL HM,C,AVERAGE,672,816,705,76,39600
     56,     15,   1100,       ,1971,1994,11,MOBILE HM,1030,MOBIL HM,C-,AVG. (-),672,742,679,72,28300
     56,     15,   1200,       ,1975,2005,11,MOBILE HM,1030,MOBIL HM,C-,AVG. (-),924,1452,1031,83,46300
     56,     15,   1300,       ,,,,,103V,MOBIL HM-Vac,,,,,,,
     56,     15,   1400,       ,1967,2001,11,MOBILE HM,1030,MOBIL HM,D-,POOR,742,809,778,79,30700
     56,     15,   1500,       ,1979,2005,11,MOBILE HM,1030,MOBIL HM,C,AVERAGE,924,1218,983,83,50100
     56,     15,   1600,       ,1968,2001,11,MOBILE HM,1030,MOBIL HM,D-,POOR,576,672,603,79,27600
     56,     15,   1700,       ,1976,2005,11,MOBILE HM,1030,MOBIL HM,C,AVERAGE,728,824,752,83,44000
     56,     15,   1800,       ,1968,2001,11,MOBILE HM,1030,MOBIL HM,D-,POOR,720,812,746,79,29800
     56,     15,   1900,       ,1964,2011,11,MOBILE HM,1030,MOBIL HM,D-,POOR,861,1345,1055,89,39400
     56,     15,   2000,       ,2004,2013,11,MOBILE HM,1030,MOBIL HM,C+,AVG. (+),924,1538,1039,91,66600
     56,     15,   2100,       ,2014,2015,11,MOBILE HM,1030,MOBIL HM,C+,AVG. (+),840,995,941,93,61700
     56,     15,   2200,       ,1975,2005,11,MOBILE HM,1030,MOBIL HM,C,AVERAGE,1008,1530,1119,83,53200
     56,     15,   2300,       ,1968,2008,11,MOBILE HM,1030,MOBIL HM,D-,POOR,672,672,672,86,31100
     56,     15,   2400,       ,2003,2013,11,MOBILE HM,1030,MOBIL HM,C+,AVG. (+),952,1016,997,91,62700
     56,     15,   2500,       ,2007,2013,11,MOBILE HM,1030,MOBIL HM,C+,AVG. (+),952,952,952,91,63900
     56,     15,   2600,       ,1970,1990,11,MOBILE HM,1030,MOBIL HM,D+,FAIR (+),588,612,594,68,26500
     56,     15,   2700,       ,1973,2005,11,MOBILE HM,1030,MOBIL HM,C-,AVG. (-),792,912,804,83,41700
     56,     15,   2800,       ,1969,2001,11,MOBILE HM,1030,MOBIL HM,D-,POOR,720,1160,884,79,31900
     56,     15,   2900,       ,1974,2005,11,MOBILE HM,1030,MOBIL HM,C-,AVG. (-),660,772,671,83,38800
     56,     15,   3000,       ,2006,2013,11,MOBILE HM,1030,MOBIL HM,C+,AVG. (+),924,1436,1091,91,68600
     56,     15,   3100,       ,1976,2000,11,MOBILE HM,1030,MOBIL HM,C,AVERAGE,924,1168,1009,78,46600
     56,     15,   3200,       ,1969,2011,11,MOBILE HM,1030,MOBIL HM,D-,POOR,624,1062,806,89,34500
     56,     15,   3300,       ,1960,2004,11,MOBILE HM,1030,MOBIL HM,D-,POOR,864,1641,1110,82,33100
     56,     15,   3400,       ,1976,2010,11,MOBILE HM,1030,MOBIL HM,C,AVERAGE,768,1133,893,88,52500
     56,     15,   3500,       ,1979,2005,11,MOBILE HM,1030,MOBIL HM,C,AVERAGE,924,1324,1024,83,53100
     56,     15,   3600,       ,1969,2008,11,MOBILE HM,1030,MOBIL HM,D-,POOR,974,1014,978,86,38700
     56,     15,   3700,       ,2021,2021,11,MOBILE HM,1030,MOBIL HM,C+,AVG. (+),924,924,924,99,65200
     56,     15,   3800,       ,1973,2005,11,MOBILE HM,1030,MOBIL HM,C-,AVG. (-),792,1132,869,83,43000
     56,     15,   3900,       ,1980,2008,11,MOBILE HM,1030,MOBIL HM,C,AVERAGE,792,936,806,86,50500
     56,     15,   4000,       ,1972,2011,11,MOBILE HM,1030,MOBIL HM,C-,AVG. (-),792,953,840,89,46200
     56,     15,   4100,       ,1998,2012,11,MOBILE HM,1030,MOBIL HM,C+,AVG. (+),962,1466,1114,90,71700
     56,     15,   4200,       ,1985,2009,11,MOBILE HM,1030,MOBIL HM,C,AVERAGE,788,816,793,87,48300
     56,     15,   4300,       ,1967,1994,11,MOBILE HM,1030,MOBIL HM,D-,POOR,712,896,827,72,25400
     56,     15,   4400,       ,1990,2009,11,MOBILE HM,1030,MOBIL HM,C+,AVG. (+),934,1111,1029,87,63200
     56,     15,   4500,       ,1982,2000,11,MOBILE HM,1030,MOBIL HM,C,AVERAGE,1054,1329,1110,78,49700
     56,     15,   4600,       ,1972,2001,11,MOBILE HM,1030,MOBIL HM,C-,AVG. (-),922,1274,1099,79,45500
     56,     15,   4700,       ,1967,2004,11,MOBILE HM,1030,MOBIL HM,D-,POOR,672,1309,807,82,32400
     56,     15,   4800,       ,1980,2010,11,MOBILE HM,1030,MOBIL HM,C,AVERAGE,924,1488,1071,88,56100
     56,     15,   4900,       ,1976,2005,11,MOBILE HM,1030,MOBIL HM,C,AVERAGE,924,1444,1112,83,55400
     56,     15,   5000,       ,1978,2008,11,MOBILE HM,1030,MOBIL HM,C,AVERAGE,792,920,822,86,47400
     56,     16,       ,       ,,,,,6001,,,,0,0,0,,0
     58,      1,       ,       ,1920,1982,78,STORE,3250,STORE,C-,Avg. (-),5725,11530,7657,60,330400
     58,      2,       ,       ,1900,1982,36,IND+OFC AREA,3250,STORE,C,Average,7400,7616,7478,60,278000
     58,      3,       ,       ,,,,,1060,,,,0,0,0,,0
     58,      4,       ,       ,1900,1993,06,COLONIAL,1010,ONE FAM,C+,AVG. (+),2024,4398,2463,71,288400
     58,      5,       ,       ,1970,2004,05,CAPE,1010,ONE FAM,C,AVERAGE,1123,3268,1560,82,191300
     58,      6,       ,       ,1900,1989,12,MULTI-CONV,1040,2 FAMILY,C+,AVG. (+),1994,4440,2464,67,263800
     58,      7,       ,       ,1894,1989,22,CONVENT`NL,1010,ONE FAM,C,AVERAGE,1655,2857,1920,67,198100
     58,      8,       ,       ,1880,1998,22,CONVENT`NL,1010,ONE FAM,C,AVERAGE,2612,5026,3054,76,357900
     58,      9,       ,       ,1898,1993,22,CONVENT`NL,1010,ONE FAM,C,AVERAGE,1754,3777,2185,71,247600
     58,     10,       ,       ,1890,1993,22,CONVENT`NL,1010,ONE FAM,C+,AVG. (+),1691,3867,2330,71,284600
     58,     11,       ,       ,1869,1989,06,COLONIAL,1010,ONE FAM,C,AVERAGE,2123,3891,2634,67,257800
     58,     12,       ,       ,,,,,1320,,,,0,0,0,,0
     58,     13,       ,       ,1910,1993,22,CONVENT`NL,1010,ONE FAM,C,AVERAGE,1390,3462,1859,71,232400
     58,     14,       ,       ,1910,1989,06,COLONIAL,1010,ONE FAM,C,AVERAGE,1620,3403,2042,67,212900
     58,     15,       ,       ,1910,1989,12,MULTI-CONV,1010,ONE FAM,C,AVERAGE,1587,3579,2123,67,171900
     58,     16,       ,       ,1900,1989,22,CONVENT`NL,1010,ONE FAM,C,AVERAGE,1782,4299,2476,67,267800
     58,     17,       ,       ,1911,1989,22,CONVENT`NL,1010,ONE FAM,C,AVERAGE,2052,4022,2536,67,259500
     58,     18,       ,       ,,,,,1320,,,,0,0,0,,0
     58,     19,       ,       ,1941,1979,02,BUNGALOW,1010,ONE FAM,C,AVERAGE,1666,2988,1937,17,46500
     58,     20,       ,       ,1949,2000,05,CAPE,1010,ONE FAM,C+,AVG. (+),1666,3780,2186,78,289600
     58,     21,    100,       ,1948,1993,05,CAPE,1010,ONE FAM,C,AVERAGE,2245,3968,2601,71,248800
     58,     21,    200,       ,2003,2014,05,CAPE,1010,ONE FAM,C+,AVG. (+),1974,4332,2375,92,289300
     58,     22,       ,       ,1970,2001,18,SPLIT/RSD RANCH,1010,ONE FAM,C,AVERAGE,960,2002,1403,79,167600
     58,     23,       ,       ,1954,2004,05,CAPE,1010,ONE FAM,C,AVERAGE,1730,3696,2219,82,262200
     58,     24,       ,       ,1954,2000,19,RANCH,1010,ONE FAM,C,AVERAGE,1168,2890,1737,78,214600
     58,     25,       ,       ,1950,1993,19,RANCH,1010,ONE FAM,C-,AVG. (-),1344,2061,1717,71,167700
     58,     26,       ,       ,1929,1989,02,BUNGALOW,1010,ONE FAM,C,AVERAGE,1312,3432,1746,67,184700
     58,     27,       ,       ,1935,2005,19,RANCH,1010,ONE FAM,C+,AVG. (+),893,1763,1111,43,62000
     58,     28,       ,       ,1920,1993,02,BUNGALOW,1010,ONE FAM,C,AVERAGE,1166,3396,1648,85,216500
     58,     29,       ,       ,1935,1989,05,CAPE,1012,ONE FAM W ACC,C,AVERAGE,1712,4820,2410,59,205500
     58,     30,       ,       ,1940,1989,19,RANCH,1010,ONE FAM,C,AVERAGE,1080,1416,1205,67,140900
     58,     31,       ,       ,,,,,1320,,,,0,0,0,,0
     58,     32,       ,       ,1920,1989,06,COLONIAL,1010,ONE FAM,C,AVERAGE,1440,2668,1847,67,186800
     58,     33,       ,       ,1920,1989,22,CONVENT`NL,1010,ONE FAM,C,AVERAGE,1344,2734,1643,67,197600
     58,     34,       ,       ,1952,1997,19,RANCH,1010,ONE FAM,C,AVERAGE,672,800,685,75,116700
     58,     35,       ,       ,1950,1993,05,CAPE,1010,ONE FAM,C-,AVG. (-),1456,3310,1958,71,194100
     58,     36,       ,       ,1950,1993,19,RANCH,1010,ONE FAM,C-,AVG. (-),1280,1876,1406,66,139100
     58,     37,       ,       ,1950,2008,19,RANCH,1010,ONE FAM,C-,AVG. (-),1733,4068,1811,86,227300
     58,     38,       ,       ,1955,1997,19,RANCH,1010,ONE FAM,C-,AVG. (-),840,1862,1213,75,142900
     58,     39,       ,       ,1954,2000,19,RANCH,1010,ONE FAM,C-,AVG. (-),936,2036,1190,78,148200
     58,     40,       ,       ,1955,1997,19,RANCH,1010,ONE FAM,C-,AVG. (-),864,2622,1383,75,156900
     58,     41,       ,       ,1955,2000,19,RANCH,1010,ONE FAM,C-,AVG. (-),1500,2824,1925,78,211000
     58,     42,       ,       ,1950,1993,19,RANCH,1010,ONE FAM,C-,AVG. (-),1283,3155,1996,71,196200
     58,     43,       ,       ,1960,1997,19,RANCH,1010,ONE FAM,C-,AVG. (-),816,2240,1286,74,154600
     58,     44,       ,       ,1950,1993,19,RANCH,1010,ONE FAM,C-,AVG. (-),944,1400,1114,71,112500
     58,     45,       ,       ,1950,1996,19,RANCH,1010,ONE FAM,C-,AVG. (-),948,1451,1153,74,135800
     58,     46,       ,       ,1945,1996,19,RANCH,1010,ONE FAM,C-,AVG. (-),860,1304,1052,74,129400
     58,     47,       ,       ,1880,2005,12,MULTI-CONV,1050,3 FAMILY,C,AVERAGE,2883,4964,3333,83,312600
     58,     48,       ,       ,1920,1989,14,MULTI-TNHS,1040,2 FAMILY,C,AVERAGE,2588,4492,3155,67,262100
     58,     49,       ,       ,1900,1989,12,MULTI-CONV,1040,2 FAMILY,C,AVERAGE,2416,4915,2903,67,249000
     58,     50,       ,       ,1820,1989,22,CONVENT`NL,1010,ONE FAM,C,AVERAGE,1472,4206,2158,67,220800
     58,     51,       ,       ,1900,1989,12,MULTI-CONV,1040,2 FAMILY,C,AVERAGE,3008,5732,3517,67,268500
     58,     52,       ,       ,1910,1989,22,CONVENT`NL,1010,ONE FAM,C,AVERAGE,1755,3594,2093,67,220600
     58,     53,       ,       ,1910,1998,06,COLONIAL,1010,ONE FAM,C+,AVG. (+),2006,3135,2237,76,296300
     58,     54,       ,       ,1910,1993,02,BUNGALOW,1010,ONE FAM,C+,AVG. (+),1458,3160,1774,71,201000
     58,     55,       ,       ,1900,2005,22,CONVENT`NL,1010,ONE FAM,C+,AVG. (+),1382,2977,1731,83,283000
     58,     56,       ,       ,1930,1989,05,CAPE,1010,ONE FAM,C,AVERAGE,1579,3774,2028,67,202700
     58,     57,       ,       ,1925,1993,22,CONVENT`NL,1010,ONE FAM,C+,AVG. (+),1680,3256,2035,71,270000
     58,     58,       ,       ,1920,1984,22,CONVENT`NL,1010,ONE FAM,C,AVERAGE,1218,2548,1577,62,181200
     58,     59,       ,       ,1890,1982,12,MULTI-CONV,1110,APT 4-8,C,Average,5612,8621,6403,60,393300
     58,     60,       ,       ,1890,1982,12,MULTI-CONV,1110,APT 4-8,C,Average,4945,10085,6191,60,390400
     58,     61,       ,       ,1900,1993,12,MULTI-CONV,1040,2 FAMILY,C,AVERAGE,2691,5910,3270,71,280800
     58,     62,       ,       ,1971,1985,83,APARTMENT,1120,APT 9+UP,C+,Avg. (+),4368,7344,4447,63,302500
     58,     62,       ,       ,1971,1985,83,APARTMENT,1120,APT 9+UP,C+,Avg. (+),7672,8960,7818,63,489800
     58,     63,       ,       ,1945,1993,05,CAPE,1010,ONE FAM,C,AVERAGE,1404,3388,1804,71,200700
     58,     64,       ,       ,1930,1989,02,BUNGALOW,1012,ONE FAM W ACC,C-,AVG. (-),1654,2106,1762,67,146900
     58,     65,       ,       ,1910,1993,12,MULTI-CONV,1050,3 FAMILY,C+,AVG. (+),4431,8126,5439,71,416500
     58,     66,       ,       ,1900,1984,22,CONVENT`NL,1010,ONE FAM,C,AVERAGE,1988,3821,2414,62,230200
     58,     67,       ,       ,1940,1993,05,CAPE,1010,ONE FAM,C+,AVG. (+),1499,3663,1981,71,231100
     58,     68,       ,       ,1900,1989,10,APT/GAR,1090,MULT HS,C-,AVG. (-),360,841,543,67,78200
     58,     68,       ,       ,1900,1998,22,CONVENT`NL,1090,MULT HS,B-,GOOD (-),1960,4204,2393,76,308500
     58,     69,       ,       ,1920,1993,05,CAPE,1010,ONE FAM,C+,AVG. (+),2418,4096,2910,71,299800
     58,     70,       ,       ,1930,1993,05,CAPE,1010,ONE FAM,C,AVERAGE,1428,2583,1754,71,196700
     58,     71,       ,       ,1947,1993,05,CAPE,1010,ONE FAM,C,AVERAGE,1872,2959,2150,71,225600
     58,     72,       ,       ,1939,1993,05,CAPE,1010,ONE FAM,C,AVERAGE,1547,3543,2178,71,223800
     58,     73,       ,       ,1960,2000,19,RANCH,1010,ONE FAM,C,AVERAGE,864,2316,1401,78,182900
     58,     74,       ,       ,1950,1996,05,CAPE,1010,ONE FAM,C,AVERAGE,1500,2535,1708,74,207000
     58,     75,       ,       ,1942,1993,05,CAPE,1010,ONE FAM,C,AVERAGE,1463,3166,1828,71,200200
     58,     76,       ,       ,1927,1989,02,BUNGALOW,1010,ONE FAM,C,AVERAGE,1388,3079,1774,67,180900
     58,     77,       ,       ,1927,1989,02,BUNGALOW,1010,ONE FAM,C,AVERAGE,1248,2756,1522,67,164300
     58,     78,       ,       ,1920,1989,02,BUNGALOW,1010,ONE FAM,C,AVERAGE,1022,2282,1431,67,158000
     58,     79,       ,       ,1910,1993,06,COLONIAL,1010,ONE FAM,C,AVERAGE,1840,2312,1945,71,224700
     58,     80,       ,       ,1925,1993,06,COLONIAL,1010,ONE FAM,C,AVERAGE,1428,2849,1781,71,212300
     58,     81,       ,       ,1920,1998,12,MULTI-CONV,1040,2 FAMILY,C+,AVG. (+),2784,4627,3423,76,356600
     58,     82,       ,       ,1950,1993,19,RANCH,1010,ONE FAM,C+,AVG. (+),768,807,777,71,126800
     58,     83,       ,       ,1900,1998,05,CAPE,1010,ONE FAM,B-,GOOD (-),2053,3695,2376,76,304300
     58,     84,       ,       ,1907,1998,22,CONVENT`NL,1010,ONE FAM,C+,AVG. (+),1165,2356,1490,76,217100
     58,     85,       ,       ,1900,1993,22,CONVENT`NL,1010,ONE FAM,C+,AVG. (+),1162,2276,1381,71,201800
     58,     86,       ,       ,,,,,1060,,,,0,0,0,,0
     58,     87,       ,       ,1950,2000,12,MULTI-CONV,1040,2 FAMILY,C+,AVG. (+),2186,6210,3294,78,359300
     58,     88,       ,       ,,,,,1300,,,,0,0,0,,0
     58,     89,       ,       ,2021,2021,06,COLONIAL,1010,ONE FAM,B-,GOOD (-),2745,5678,3601,99,616900
     58,     90,       ,       ,2022,2022,19,RANCH,1010,ONE FAM,C+,AVG. (+),1625,3834,2250,100,353200
     58,     91,       ,       ,2023,2022,05,CAPE,1010,ONE FAM,C+,AVG. (+),1260,2992,1611,100,282900
     58,     92,       ,       ,,,,,1300,,,,0,0,0,,0
     58,     93,       ,       ,1983,2012,09,CONTEMPORY,1010,ONE FAM,C,AVERAGE,1142,2569,1469,97,246200
     58,     94,       ,       ,,,,,1300,,,,0,0,0,,0
     58,     95,       ,       ,,,,,1300,,,,0,0,0,,0
     58,     96,       ,       ,,,,,1300,,,,0,0,0,,0
     58,     97,       ,       ,,,,,1300,,,,0,0,0,,0
     58,     98,       ,       ,,,,,9030,,,,0,0,0,,0
     59,      1,       ,       ,1903,1993,22,CONVENT`NL,1010,ONE FAM,C+,AVG. (+),2148,3629,2375,71,268800
     59,      2,       ,       ,2001,2012,19,RANCH,1010,ONE FAM,C,AVERAGE,1248,2621,1573,90,220000
     59,      3,       ,       ,1900,1989,12,MULTI-CONV,1040,2 FAMILY,C,AVERAGE,2283,4138,2751,67,264000
     59,      4,       ,       ,1900,1993,22,CONVENT`NL,1010,ONE FAM,C+,AVG. (+),1660,4181,2179,71,281900
     59,      5,       ,       ,1940,1989,02,BUNGALOW,1010,ONE FAM,C,AVERAGE,1474,3540,2062,67,203600
     59,      6,       ,       ,1924,1989,02,BUNGALOW,1010,ONE FAM,C,AVERAGE,1512,3398,1903,67,192000
     59,      7,       ,       ,1984,2012,19,RANCH,1010,ONE FAM,C,AVERAGE,1376,3604,2156,90,291100
     59,      8,       ,       ,1905,1993,02,BUNGALOW,1010,ONE FAM,C+,AVG. (+),1553,2966,1870,71,222300
     59,      9,       ,       ,1900,2005,22,CONVENT`NL,1010,ONE FAM,C,AVERAGE,1429,3048,1715,83,258200
     59,     10,       ,       ,1900,1998,22,CONVENT`NL,1010,ONE FAM,B,GOOD,2462,4373,2866,76,439300
     59,     11,       ,       ,1920,1993,22,CONVENT`NL,1010,ONE FAM,C+,AVG. (+),2602,4914,3079,71,365800
     59,     12,       ,       ,1930,1993,02,BUNGALOW,1010,ONE FAM,C,AVERAGE,1512,3816,2025,71,213800
     59,     13,       ,       ,1912,1998,22,CONVENT`NL,1010,ONE FAM,C+,AVG. (+),1964,3753,2344,66,260300
     59,     14,       ,       ,1900,1982,46,CHURCH/SYN,9060,CHURCH,C,Average,4173,10131,5881,60,452700
     59,     15,       ,       ,1955,2000,19,RANCH,1010,ONE FAM,C-,AVG. (-),960,2074,1370,78,175200
     59,     16,       ,       ,1955,2000,19,RANCH,1010,ONE FAM,C-,AVG. (-),1260,2100,1470,78,174400
     59,     17,       ,       ,1950,1993,19,RANCH,1010,ONE FAM,C-,AVG. (-),1293,2401,1655,71,165700
     59,     18,       ,       ,1966,1986,71,OFFICE,3400,OFFICE,C+,Avg. (+),8638,8908,8692,64,705600
     59,     19,       ,       ,,,,,9030,,,,0,0,0,,0
     59,     20,       ,       ,1940,1993,05,CAPE,1010,ONE FAM,C,AVERAGE,1592,3732,2277,71,224200
     59,     21,       ,       ,1935,1989,02,BUNGALOW,1010,ONE FAM,C,AVERAGE,1770,3992,2132,67,200200
     59,     22,       ,       ,1929,1993,02,BUNGALOW,1010,ONE FAM,C,AVERAGE,1995,5711,2785,71,261800
     59,     23,       ,       ,1900,1989,22,CONVENT`NL,1010,ONE FAM,C,AVERAGE,1680,3968,2139,67,236600
     59,     24,       ,       ,1920,1984,02,BUNGALOW,1010,ONE FAM,C,AVERAGE,1355,3178,1677,62,151800
     59,     25,       ,       ,1924,1993,02,BUNGALOW,1010,ONE FAM,C,AVERAGE,1626,3430,2033,71,222000
     59,     26,       ,       ,1960,2000,19,RANCH,1010,ONE FAM,C,AVERAGE,960,2228,1378,78,177100
     59,     27,       ,       ,1923,1989,02,BUNGALOW,1010,ONE FAM,C,AVERAGE,1123,2768,1529,67,147100
     59,     28,       ,       ,1960,1997,19,RANCH,1010,ONE FAM,C,AVERAGE,960,2024,1217,75,155000
     59,     29,       ,       ,1961,1997,19,RANCH,1010,ONE FAM,C,AVERAGE,1050,2902,1685,75,197500
     59,     30,       ,       ,1980,2008,02,BUNGALOW,1010,ONE FAM,C,AVERAGE,960,2112,1315,86,173300
     59,     31,       ,       ,1950,1996,05,CAPE,1010,ONE FAM,C,AVERAGE,1229,3421,1831,74,209400
     59,     32,       ,       ,1958,1997,19,RANCH,1010,ONE FAM,C,AVERAGE,1227,4599,2191,75,231900
     59,     33,       ,       ,1965,2001,19,RANCH,1010,ONE FAM,C,AVERAGE,1056,2742,1383,79,183900
     59,     34,       ,       ,1983,2009,05,CAPE,1010,ONE FAM,C,AVERAGE,896,2047,1175,87,184900
     59,     35,       ,       ,1940,1993,22,CONVENT`NL,1010,ONE FAM,C,AVERAGE,1226,2428,1541,71,192100
     59,     36,       ,       ,1984,2009,18,SPLIT/RSD RANCH,1010,ONE FAM,C,AVERAGE,894,2082,1349,87,194400
     59,     37,       ,       ,1930,1993,02,BUNGALOW,1010,ONE FAM,C,AVERAGE,1087,2308,1388,71,161800
     59,     38,       ,       ,1940,1989,02,BUNGALOW,1010,ONE FAM,C,AVERAGE,1152,1768,1324,67,147300
     59,     39,       ,       ,1920,1989,02,BUNGALOW,1010,ONE FAM,C,AVERAGE,1130,2887,1607,67,168600
     59,     40,       ,       ,1929,1993,22,CONVENT`NL,1010,ONE FAM,C,AVERAGE,2120,3828,2579,71,296400
     59,     41,       ,       ,1968,2004,19,RANCH,1010,ONE FAM,C,AVERAGE,840,1750,1175,82,172900
     59,     42,       ,       ,1970,1994,18,SPLIT/RSD RANCH,1010,ONE FAM,C-,AVG. (-),960,2488,1457,52,99100
     59,     43,       ,       ,1950,1996,05,CAPE,1010,ONE FAM,C,AVERAGE,1166,3019,1623,74,188900
     59,     44,       ,       ,1965,2001,05,CAPE,1010,ONE FAM,C,AVERAGE,1781,3204,2039,79,248300
     59,     45,       ,       ,1960,1997,19,RANCH,1010,ONE FAM,C,AVERAGE,1094,2686,1462,75,180200
     59,     46,       ,       ,1939,1993,22,CONVENT`NL,1010,ONE FAM,C,AVERAGE,1752,2812,2149,71,228200
     59,     47,       ,       ,1935,1984,06,COLONIAL,1010,ONE FAM,C,AVERAGE,1636,2888,1870,62,180900
     59,     48,       ,       ,1940,1993,05,CAPE,1010,ONE FAM,C,AVERAGE,1197,3428,1685,71,154400
     59,     49,       ,       ,1938,1993,06,COLONIAL,1010,ONE FAM,B-,GOOD (-),2657,5280,3165,71,391700
     59,     50,       ,       ,1940,1993,05,CAPE,1010,ONE FAM,C,AVERAGE,1312,2957,1585,71,165100
     59,     51,       ,       ,1985,2012,05,CAPE,1010,ONE FAM,C,AVERAGE,1734,5244,2534,90,335900
     59,     52,       ,       ,1930,1993,05,CAPE,1010,ONE FAM,C+,AVG. (+),1496,2056,1636,71,199300
     59,     53,       ,       ,1929,1998,06,COLONIAL,1010,ONE FAM,C,AVERAGE,1205,1937,1431,76,194400
     59,     54,       ,       ,1923,1989,02,BUNGALOW,1010,ONE FAM,C,AVERAGE,1088,3520,1697,67,170900
     59,     55,       ,       ,1984,2009,19,RANCH,1010,ONE FAM,C-,AVG. (-),1140,2880,1701,87,197200
     59,     57,       ,       ,1955,2000,19,RANCH,1010,ONE FAM,C,AVERAGE,1222,3226,1786,78,205500
     59,     58,       ,       ,1960,2004,06,COLONIAL,1010,ONE FAM,C,AVERAGE,2016,4083,2706,82,312200
     59,     59,       ,       ,1942,1996,05,CAPE,1010,ONE FAM,C,AVERAGE,1450,1682,1518,74,177700
     59,     60,       ,       ,1965,2001,19,RANCH,1010,ONE FAM,C,AVERAGE,960,2668,1401,79,182000
     59,     61,       ,       ,1950,1993,02,BUNGALOW,1010,ONE FAM,C-,AVG. (-),1286,2830,1831,71,162200
     59,     62,       ,       ,1974,2005,19,RANCH,1010,ONE FAM,C,AVERAGE,1040,3386,1750,83,216200
     59,     63,       ,       ,1972,1988,83,APARTMENT,1120,APT 9+UP,C,Average,5400,8220,6105,66,402900
     59,     63,       ,       ,1975,1988,83,APARTMENT,1120,APT 9+UP,C,Average,10800,13441,11664,66,755800
     59,     63,       ,       ,1978,1988,83,APARTMENT,1120,APT 9+UP,C-,Avg. (-),5400,5640,5460,66,367500
     59,     64,       ,       ,,,,,6231,,,,0,0,0,,0
     59,     65,       ,       ,1976,2001,19,RANCH,1010,ONE FAM,C,AVERAGE,1008,2016,1260,79,158000
     59,     66,       ,       ,1970,2001,19,RANCH,1010,ONE FAM,C,AVERAGE,1616,5831,3571,79,323500
     59,     67,       ,       ,1963,2001,05,CAPE,1010,ONE FAM,C,AVERAGE,2079,3846,2497,79,294600
     59,     68,       ,       ,1967,2001,19,RANCH,1010,ONE FAM,C,AVERAGE,1848,3625,2427,79,271500
     59,     69,       ,       ,1981,2005,06,COLONIAL,1010,ONE FAM,C,AVERAGE,2352,4062,2958,83,355000
     59,     70,       ,       ,1967,2001,19,RANCH,1010,ONE FAM,C,AVERAGE,1201,2922,1822,79,218600
     59,     71,       ,       ,1974,2005,18,SPLIT/RSD RANCH,1010,ONE FAM,C,AVERAGE,1044,2332,1515,83,207000
     59,     72,       ,       ,1972,2005,18,SPLIT/RSD RANCH,1010,ONE FAM,C,AVERAGE,1049,2445,1541,83,213400
     59,     73,       ,       ,1972,2008,18,SPLIT/RSD RANCH,1010,ONE FAM,C,AVERAGE,1092,2282,1365,86,171700
     59,     74,       ,       ,1971,2001,19,RANCH,1010,ONE FAM,C,AVERAGE,1196,3254,1759,79,197300
     59,     75,       ,       ,1970,2001,18,SPLIT/RSD RANCH,1010,ONE FAM,C-,AVG. (-),1092,2476,1555,79,171800
     59,     76,       ,       ,1976,2005,18,SPLIT/RSD RANCH,1010,ONE FAM,C-,AVG. (-),1462,3146,2001,83,237100
     59,     77,       ,       ,1947,2000,05,CAPE,1010,ONE FAM,C,AVERAGE,2073,3528,2368,78,265200
     59,     78,       ,       ,1947,1993,12,MULTI-CONV,1050,3 FAMILY,C-,AVG. (-),1941,4194,2882,71,197800
     63,      1,       ,       ,1800,1967,22,CONVENT`NL,1010,ONE FAM,C,AVERAGE,2153,5146,2343,45,142400
     63,      2,       ,       ,1880,1989,22,CONVENT`NL,1010,ONE FAM,C,AVERAGE,1603,3598,2014,67,212400
     63,      4,       ,       ,,,,,3920,,,,0,0,0,,0
     64,      1,       ,       ,,,,,9030,,,,0,0,0,,0
     64,      2,       ,       ,1950,1956,39,REPAIR GAR,3320,AUTO REP,D,Fair,0,1488,595,34,8100
     64,      2,       ,       ,1950,1956,39,REPAIR GAR,3320,AUTO REP,D,Fair,1360,7628,3728,34,61000
     64,      3,       ,       ,1950,1993,19,RANCH,1010,ONE FAM,C-,AVG. (-),768,904,818,71,104600
     64,      4,       ,       ,2002,2013,19,RANCH,1010,ONE FAM,C,AVERAGE,1344,1576,1367,91,222400
     64,      5,       ,       ,2003,2013,05,CAPE,1010,ONE FAM,C,AVERAGE,1329,3790,1786,91,251600
     64,      6,       ,       ,1987,2009,05,CAPE,1010,ONE FAM,C,AVERAGE,1166,3024,1467,87,213100
     64,      7,       ,       ,2021,2021,83,APARTMENT,1120,APT 9+UP,B-,Good (-),44730,60055,48700,99,5103300
     64,      8,       ,       ,,,,,9130,,,,0,0,0,,0
     64,      9,       ,       ,2012,2007,89,HOSPITAL,9050,CHARITABLE,B-,Good (-),137168,209182,154984,85,49729200
     64,     10,       ,       ,1965,2001,05,CAPE,1010,ONE FAM,C,AVERAGE,1560,3336,1924,79,227500
     64,     11,       ,       ,1961,1997,19,RANCH,1010,ONE FAM,C,AVERAGE,1768,3856,2275,75,237800
     64,     12,       ,       ,1958,1983,71,OFFICE,3520,DAY CARE,C,Average,3864,8543,4291,61,352600
     64,     13,       ,       ,2006,2015,12,MULTI-CONV,111C,APT 4-8-Comm,C+,AVG. (+),10512,17097,12894,93,1240000
     64,     15,       ,       ,1955,1982,71,OFFICE,3420,MEDICAL OFF,C-,Avg. (-),1264,3174,1967,60,142100
     64,     16,       ,       ,1960,1986,45,BANK,3410,BANK,B-,Good (-),2892,4720,3403,64,488000
     64,     17,       ,       ,,,,,9010,,,,0,0,0,,0
     64,     19,       ,       ,1982,1992,90,HOTEL,3010,MOTEL,C,Average,25700,38811,25765,70,1826500
     64,     21,       ,       ,2017,2018,90,HOTEL,3000,HOTEL,B,Good,75077,81127,76081,96,13044300
     64,     22,       ,       ,2017,2018,59,PASS TERM,354C,TRANSPOR-Comm,B,Good,5548,10594,6461,96,1292600
     64,     23,       ,       ,1947,1982,39,REPAIR GAR,901C,STATE NH-Comm,C,Average,5720,5720,5720,60,204800
     64,     23,       ,       ,1947,1982,50,GOVT BLDG,901C,STATE NH-Comm,B-,Good (-),11388,17724,12022,60,1080600
     64,     25,       ,       ,,,,,4400,,,,0,0,0,,0
     64,     29,       ,       ,1964,1976,33,INDUST-LT,3140,TRK TERM,C,Average,16408,16408,16408,54,334800
     64,     30,       ,       ,1985,1995,24,AUTO DEALR,3300,AUTO S+S,B-,Good (-),16152,16152,16152,73,1546000
     64,     32,       ,       ,1972,2000,72,OFFICE-PRO,3410,BANK,B-,Good (-),4387,8862,6908,78,1115300
     64,     32,    100,       ,2008,2009,71,OFFICE,3400,OFFICE,B+,Good (+),7716,9630,8172,87,1173100
     64,     33,       ,       ,1950,1982,39,REPAIR GAR,913C,SCHLDEPT-Comm,C,Average,3376,3376,3376,60,133800
     64,     33,       ,       ,1950,1982,58,SCHOOL,913C,SCHLDEPT-Comm,C+,Avg. (+),154280,164746,155491,60,14921700
     64,     33,       ,       ,2007,2007,71,OFFICE,913C,SCHLDEPT-Comm,C-,Avg. (-),400,416,402,85,50400
     64,     34,       ,       ,,0,,,4400,,,,0,0,0,,0
     72,      1,       ,       ,1900,1983,12,MULTI-CONV,1110,APT 4-8,C,Average,3210,8531,4608,61,278100
     72,      2,       ,       ,1860,1983,12,MULTI-CONV,1110,APT 4-8,C,Average,4444,6401,4791,61,352800
     72,      3,       ,       ,1954,1983,39,REPAIR GAR,3340,SERV STA,C,Average,1232,1457,1277,61,68600
     72,      4,       ,       ,1900,1977,78,STORE,3250,STORE,C-,Avg. (-),6890,10238,7552,55,266100
     72,      5,       ,       ,1940,1982,55,PMP/VLV HS,901C,STATE NH-Comm,C,Average,494,494,494,60,22900
     72,      5,       ,       ,1996,1997,43,WAREHOUSE,901I,STATE NH-Ind,C-,Avg. (-),3740,3740,3740,0,0
     72,      5,      T,       ,1996,1997,43,WAREHOUSE,4010,IND WHSE,C-,Avg. (-),3740,3740,3740,75,146400
     72,      5,    100,       ,1880,1982,52,MIXED OLD,3250,STORE,C,Average,2101,2409,2217,60,185100
     72,      5,    200,       ,1960,1982,43,WAREHOUSE,325I,STORE-Ind,C,Average,2800,3934,3243,60,100400
     72,      5,    400,       ,1960,1977,43,WAREHOUSE,0430,IND/COM,C,Average,3264,3288,3269,55,98500
     72,      5,    400,       ,2007,2009,78,STORE,3250,STORE,B,Good,9804,19086,11037,87,950300
     72,      5,  70300,       ,,,,,3900,,,,0,0,0,,0
     72,      5,  70600,       ,1935,1982,43,WAREHOUSE,325I,STORE-Ind,C,Average,3264,3300,3271,39,50400
     72,      6,       ,       ,,,,,3900,,,,0,0,0,,0
     72,      8,       ,       ,1961,1982,39,REPAIR GAR,3320,AUTO REP,C,Average,3240,3240,3240,60,125300
     72,      9,       ,       ,1910,1983,33,INDUST-LT,3250,STORE,C,Average,3852,6036,4534,61,140700
     72,     10,       ,       ,1997,1997,34,INDUSTRIAL,325I,STORE-Ind,C,Average,4775,5095,4849,75,155500
     72,     11,       ,       ,1955,1982,78,STORE,3500,POST OFF,C,Average,1281,1413,1307,60,92000
     72,     12,       ,       ,1975,1988,76,SHOP CTR,3250,STORE,C-,Avg. (-),2777,6300,3701,66,395500
     72,     13,       ,       ,1870,1986,52,MIXED OLD,3250,STORE,C+,Avg. (+),4455,7790,5077,64,418700
     72,     14,       ,       ,1909,1982,71,OFFICE,3400,OFFICE,B-,Good (-),2688,4088,3211,60,430500
     72,     15,       ,       ,1975,1988,48,FIRE STAT,903I,MUNICPAL-Ind,C+,Avg. (+),3545,6307,4506,66,379300
     72,     16,       ,       ,1965,1989,45,BANK,3410,BANK,B-,Good (-),1492,3496,2065,67,354500
     72,     17,       ,       ,2002,2005,78,STORE,3250,STORE,C+,Avg. (+),6795,7264,6889,83,419400
     72,     18,       ,       ,1949,1982,78,STORE,323I,SHOP CTR-Ind,C,Average,15180,15360,15216,60,602900
     72,     19,       ,       ,1985,1995,45,BANK,3410,BANK,B,Good,2252,5420,3295,73,593200
     72,     20,       ,       ,1985,1992,78,STORE,3250,STORE,C,Average,8604,13254,9870,70,485000
     72,     20,       ,       ,1985,1995,66,GAS MART,3250,STORE,C,Average,6948,10811,7872,73,874700
     72,     21,       ,       ,,,,,3370,,,,0,0,0,,0
     72,     22,       ,       ,1965,1985,41,REPAIR CHAIN,3320,AUTO REP,C+,Avg. (+),7500,12000,8625,63,405100
     72,     23,       ,       ,1987,1993,39,REPAIR GAR,3320,AUTO REP,C,Average,1920,1938,1924,71,102800
     72,     24,       ,       ,1960,1977,28,WHSE/OFFICE,3160,COMMWHSE,C,Average,5280,5340,5292,55,202200
     72,     25,       ,       ,1945,1977,43,WAREHOUSE,3160,COMMWHSE,C,Average,8160,8160,8160,55,179700
     72,     26,       ,       ,1987,1992,74,RESTAURANT,3260,REST/BAR,C,Average,3808,6227,4378,70,386700
     72,     28,       ,       ,1850,1982,62,COMM BLOCK,3250,STORE,C+,Avg. (+),2830,6339,3780,60,229000
     72,     30,       ,       ,2001,2008,66,GAS MART,3340,SERV STA,B,Good,3280,3280,3280,86,720200
     72,     31,       ,       ,1890,1984,12,MULTI-CONV,340R,OFFICE-Res,C+,AVG. (+),2942,6411,3897,62,275900
     72,     32,       ,       ,1870,1956,12,MULTI-CONV,1110,APT 4-8,C,Average,3502,7081,4206,34,162400
     72,     33,       ,       ,1987,1992,71,OFFICE,3400,OFFICE,C,Average,2924,5144,3462,70,349400
     72,     34,       ,       ,1920,1979,02,BUNGALOW,1010,ONE FAM,C,AVERAGE,926,2094,1218,57,72700
     72,     35,       ,       ,1986,1993,71,OFFICE,3400,OFFICE,B-,Good (-),3872,8361,5079,71,604600
     72,     36,       ,       ,1910,1998,06,COLONIAL,1010,ONE FAM,C+,AVG. (+),1920,3132,2243,76,286200
     72,     37,       ,       ,1950,1993,19,RANCH,1010,ONE FAM,C,AVERAGE,906,2145,1190,71,141900
     72,     38,       ,       ,1905,1993,06,COLONIAL,1010,ONE FAM,C,AVERAGE,2176,4623,2674,71,284800
     72,     39,       ,       ,1929,1989,06,COLONIAL,1010,ONE FAM,C,AVERAGE,2310,4952,2867,67,278300
     72,     40,       ,       ,1912,2005,06,COLONIAL,1010,ONE FAM,C+,AVG. (+),2518,4231,2799,83,379800
     72,     41,       ,       ,1985,2009,05,CAPE,1010,ONE FAM,C,AVERAGE,1092,2576,1431,87,201500
     72,     42,       ,       ,1906,1993,14,MULTI-TNHS,1040,2 FAMILY,C,AVERAGE,2642,5662,3236,71,249000
     72,     43,       ,       ,1910,1989,14,MULTI-TNHS,1040,2 FAMILY,C,AVERAGE,2931,5102,3508,67,275300
     72,     44,       ,       ,1920,1984,12,MULTI-CONV,1040,2 FAMILY,C,AVERAGE,2989,5534,3615,62,233200
     72,     45,       ,       ,1910,1989,12,MULTI-CONV,1050,3 FAMILY,C+,AVG. (+),3234,5836,3785,67,285000
     72,     46,       ,       ,1895,1982,12,MULTI-CONV,1110,APT 4-8,C,Average,5195,8791,6149,60,354200
     72,     47,       ,       ,1985,2009,05,CAPE,1010,ONE FAM,C,AVERAGE,1729,4034,2310,87,228000
     72,     48,       ,       ,1820,1993,12,MULTI-CONV,1040,2 FAMILY,C,AVERAGE,2358,4755,3052,71,261400
     72,     48,    100,       ,,,,,1300,,,,0,0,0,,0
     72,     49,       ,       ,1900,1998,22,CONVENT`NL,1010,ONE FAM,C,AVERAGE,2604,4665,2977,76,342700
     72,     50,       ,       ,1900,1993,22,CONVENT`NL,1010,ONE FAM,C+,AVG. (+),2319,4214,2647,71,317500
     72,     51,       ,       ,1880,1984,05,CAPE,1040,2 FAMILY,C,AVERAGE,2113,4344,2569,62,229200
     72,     52,       ,       ,1973,2005,19,RANCH,1010,ONE FAM,C,AVERAGE,840,1780,1145,83,161000
     72,     53,       ,       ,1880,1985,14,MULTI-TNHS,1040,2 FAMILY,C+,AVG. (+),2736,5832,3336,63,269100
     72,     54,       ,       ,1835,1984,12,MULTI-CONV,1040,2 FAMILY,C,AVERAGE,2319,4861,2829,62,215400
     72,     55,       ,       ,,,,,1310,,,,0,0,0,,0
     72,     56,       ,       ,1830,1998,22,CONVENT`NL,1010,ONE FAM,C,AVERAGE,2436,4456,2771,76,326700
     72,     57,       ,       ,1964,2001,19,RANCH,1010,ONE FAM,C-,AVG. (-),1064,1960,1263,79,155900
     72,     58,       ,       ,1970,2001,19,RANCH,1010,ONE FAM,C,AVERAGE,960,2160,1284,79,163700
     72,     59,       ,       ,1920,1989,22,CONVENT`NL,1010,ONE FAM,C-,AVG. (-),946,1632,1096,67,116200
     72,     60,       ,       ,1930,1982,71,OFFICE,3400,OFFICE,C,Average,1572,3800,1948,60,191200
     72,     61,       ,       ,1920,1993,22,CONVENT`NL,1010,ONE FAM,C,AVERAGE,982,1886,1157,71,169300
     72,     62,       ,       ,1920,1993,22,CONVENT`NL,1010,ONE FAM,C,AVERAGE,982,1886,1189,71,160100
     72,     63,       ,       ,1920,1989,22,CONVENT`NL,1010,ONE FAM,C,AVERAGE,967,1923,1203,67,154000
     72,     64,       ,       ,1965,1985,43,WAREHOUSE,3160,COMMWHSE,C,Average,3000,3172,3037,63,128900
     72,     65,       ,       ,1850,1982,12,MULTI-CONV,1120,APT 9+UP,C,Average,2842,4512,3255,60,229700
     72,     65,       ,       ,1850,1982,12,MULTI-CONV,1120,APT 9+UP,C,Average,2854,4446,3250,60,229400
     72,     66,       ,       ,1950,1982,74,RESTAURANT,3250,STORE,D,Fair,1161,1161,1161,60,102100
     72,     67,       ,       ,1900,1982,28,WHSE/OFFICE,325I,STORE-Ind,C,Average,7623,8155,7830,60,321200
     72,     68,       ,       ,1900,1983,78,STORE,3250,STORE,C+,Avg. (+),5576,8085,6058,61,335600
     72,     68,       ,       ,1960,1983,78,STORE,3250,STORE,C,Average,2376,2462,2393,61,146300
     72,     69,       ,       ,1900,1982,71,OFFICE,3250,STORE,C+,Avg. (+),2170,3349,2316,60,235200
     72,     70,       ,       ,,,,,3370,,,,0,0,0,,0
     72,     71,       ,       ,2010,2007,53,LIBRARY,903C,MUNICPAL-Comm,B+,Good (+),14622,16955,15272,85,2947300
     72,     71,    100,       ,,0,,,9030,,,,0,0,0,,0
     72,     73,       ,       ,1890,1982,12,MULTI-CONV,1110,APT 4-8,C,Average,2892,4618,3235,60,245700
     72,     74,       ,       ,1900,1983,12,MULTI-CONV,1110,APT 4-8,C,Average,3161,5317,3809,61,277700
     72,     75,       ,       ,1900,1979,12,MULTI-CONV,1050,3 FAMILY,C,AVERAGE,3526,7116,4187,57,242200
     72,     76,       ,       ,2019,2019,83,APARTMENT,1120,APT 9+UP,C+,Avg. (+),27231,27664,27333,97,2376400
     72,     78,       ,       ,1980,1992,45,BANK,3410,BANK,C+,Avg. (+),5598,8937,6344,70,792900
     72,     79,       ,       ,,,,,3900,,,,0,0,0,,0
     72,     80,       ,       ,1850,1972,52,MIXED OLD,3250,STORE,C,Average,4839,7558,5263,50,222800
     72,     81,       ,       ,1890,1982,12,MULTI-CONV,1120,APT 9+UP,C,Average,6549,9304,7165,60,448000
     72,     82,       ,       ,1880,1977,52,MIXED OLD,3250,STORE,C,Average,2111,3214,2387,55,178200
     72,     83,       ,       ,1900,1982,43,WAREHOUSE,325I,STORE-Ind,C-,Avg. (-),7690,8965,8009,60,165100
     72,     83,    200,       ,1900,1982,71,OFFICE,3400,OFFICE,C,Average,1947,4963,2750,60,246100
     72,     84,       ,       ,1900,1982,52,MIXED OLD,3250,STORE,C,Average,2881,4680,3230,60,239200
     72,     85,       ,       ,1900,1993,22,CONVENT`NL,1010,ONE FAM,C,AVERAGE,1506,3520,2011,71,217800
     72,     86,       ,       ,1880,1984,12,MULTI-CONV,1040,2 FAMILY,C,AVERAGE,1316,2739,1679,62,141100
     72,     87,       ,       ,1880,1977,78,STORE,3250,STORE,C-,Avg. (-),1840,5064,2530,55,121800
     72,     88,       ,       ,1880,1972,12,MULTI-CONV,3250,STORE,C,Average,5832,9957,6803,50,349800
     72,     89,       ,       ,1980,1992,67,FAST FOOD,3260,REST/BAR,C+,Avg. (+),1463,1638,1516,70,191600
     72,     90,       ,       ,,,,,9030,,,,0,0,0,,0
     73,      1,       ,       ,1880,1989,12,MULTI-CONV,1040,2 FAMILY,C,AVERAGE,2410,4555,2776,67,241800
     73,      2,       ,       ,1902,1993,22,CONVENT`NL,1010,ONE FAM,C+,AVG. (+),1190,2266,1393,71,193800
     73,      3,       ,       ,1902,1993,22,CONVENT`NL,1010,ONE FAM,C+,AVG. (+),2519,4498,2844,71,347200
     73,      4,       ,       ,1914,2005,22,CONVENT`NL,1010,ONE FAM,C+,AVG. (+),1564,3359,1975,83,280200
     73,      5,       ,       ,1905,1993,22,CONVENT`NL,1010,ONE FAM,C+,AVG. (+),1696,3496,2020,71,240500
     73,      6,       ,       ,1905,1993,22,CONVENT`NL,1010,ONE FAM,C,AVERAGE,2343,4487,2761,71,305600
     73,      7,       ,       ,1880,1982,12,MULTI-CONV,1110,APT 4-8,C+,Avg. (+),3712,7189,4368,60,253700
     73,      7,    100,       ,,,,,1300,,,,,,,,
     73,      8,       ,       ,1880,1993,22,CONVENT`NL,1010,ONE FAM,C,AVERAGE,1866,3892,2296,71,240000
     73,      9,       ,       ,1880,1984,12,MULTI-CONV,1040,2 FAMILY,C,AVERAGE,2008,4826,2745,62,207400
     73,     10,       ,       ,1900,1993,22,CONVENT`NL,1010,ONE FAM,C+,AVG. (+),2177,4016,2550,71,303200
     73,     11,       ,       ,1975,2008,19,RANCH,1010,ONE FAM,C,AVERAGE,1150,2573,1638,86,231000
     73,     12,       ,       ,1940,1989,22,CONVENT`NL,1010,ONE FAM,C,AVERAGE,1800,3084,2262,67,248200
     73,     13,       ,       ,1996,2014,05,CAPE,1010,ONE FAM,C,AVERAGE,1365,2992,1767,92,249500
     73,     14,       ,       ,1942,1996,05,CAPE,1010,ONE FAM,C+,AVG. (+),1092,2543,1406,74,188400
     73,     15,       ,       ,1948,1993,05,CAPE,1010,ONE FAM,C,AVERAGE,1607,3150,1884,71,202700
     73,     16,       ,       ,1940,1993,05,CAPE,1010,ONE FAM,C+,AVG. (+),1436,3626,1776,71,230900
     73,     17,       ,       ,1950,1996,05,CAPE,1010,ONE FAM,C+,AVG. (+),1862,3664,2411,74,279500
     73,     17,    100,       ,1946,1996,05,CAPE,1010,ONE FAM,C+,AVG. (+),2217,3471,2535,74,292200
     73,     18,       ,       ,1986,2012,18,SPLIT/RSD RANCH,1010,ONE FAM,C,AVERAGE,1190,2592,1638,90,243800
     73,     19,       ,       ,1885,1989,22,CONVENT`NL,1010,ONE FAM,C+,AVG. (+),1981,5691,2778,67,274200
     73,     20,       ,       ,1987,2012,05,CAPE,1012,ONE FAM W ACC,C,AVERAGE,1768,3089,2084,90,285400
     73,     20,       ,       ,2020,2021,05,CAPE,1012,ONE FAM W ACC,C+,AVG. (+),770,968,780,99,142900
     73,     21,       ,       ,1955,2000,19,RANCH,1010,ONE FAM,C+,AVG. (+),1552,4290,2338,78,305000
     73,     22,       ,       ,1930,1993,22,CONVENT`NL,1010,ONE FAM,C,AVERAGE,1292,2542,1587,71,207800
     73,     23,       ,       ,1940,1993,22,CONVENT`NL,1010,ONE FAM,C,AVERAGE,1504,2552,1863,71,223600
     73,     24,       ,       ,1920,1989,02,BUNGALOW,1010,ONE FAM,C,AVERAGE,1193,2936,1490,67,135200
     73,     25,       ,       ,1965,2001,19,RANCH,1010,ONE FAM,C,AVERAGE,1088,2400,1435,79,185200
     73,     26,       ,       ,1940,1998,02,BUNGALOW,1010,ONE FAM,C+,AVG. (+),1239,3712,1789,76,236700
     73,     27,       ,       ,1920,2005,22,CONVENT`NL,1010,ONE FAM,C,AVERAGE,1712,2950,1972,83,257500
     73,     28,       ,       ,1950,1993,22,CONVENT`NL,1010,ONE FAM,C,AVERAGE,792,1352,925,71,147300
     73,     29,       ,       ,2021,2021,06,COLONIAL,1010,ONE FAM,A+,EXCELLENT,3499,7095,4407,99,1128300
     73,     31,       ,       ,1973,2005,18,SPLIT/RSD RANCH,1010,ONE FAM,C,AVERAGE,1145,2749,1682,83,227000
     73,     32,       ,       ,1974,2008,18,SPLIT/RSD RANCH,1010,ONE FAM,C,AVERAGE,2296,5095,3217,86,340600
     73,     33,       ,       ,1971,2004,19,RANCH,1010,ONE FAM,C,AVERAGE,1176,3348,1811,82,218900
     73,     34,       ,       ,1984,2012,19,RANCH,1010,ONE FAM,C,AVERAGE,1243,3230,1923,90,259100
     73,     35,       ,       ,1970,2008,19,RANCH,1010,ONE FAM,C+,AVG. (+),1230,3732,2023,86,285800
     73,     36,       ,       ,1972,2008,05,CAPE,1010,ONE FAM,C,AVERAGE,2018,5335,2522,86,324500
     73,     37,       ,       ,1974,2005,18,SPLIT/RSD RANCH,1010,ONE FAM,C,AVERAGE,2328,4954,3339,83,376500
     73,     39,       ,       ,1952,2000,05,CAPE,1010,ONE FAM,C,AVERAGE,1834,4062,2454,78,272800
     73,     40,       ,       ,1960,2000,19,RANCH,1010,ONE FAM,C,AVERAGE,1396,3184,1879,78,227400
     73,     41,       ,       ,,0,,,9130,,,,0,0,0,,0
     73,     42,       ,       ,1915,1993,06,COLONIAL,1010,ONE FAM,C+,AVG. (+),1536,2533,1879,71,234500
     73,     43,       ,       ,1920,1989,06,COLONIAL,1012,ONE FAM W ACC,C,AVERAGE,2628,4548,3228,67,316000
     73,     44,       ,       ,1928,1989,06,COLONIAL,1010,ONE FAM,C,AVERAGE,1600,2794,1985,67,210800
     73,     45,       ,       ,1930,1993,06,COLONIAL,1010,ONE FAM,C,AVERAGE,1656,2704,1917,71,220400
     73,     46,       ,       ,1930,1989,22,CONVENT`NL,1010,ONE FAM,C+,AVG. (+),1248,2056,1461,67,197100
     73,     47,       ,       ,1930,2005,22,CONVENT`NL,1010,ONE FAM,C,AVERAGE,1416,2277,1686,83,255400
     73,     48,       ,       ,1952,1997,19,RANCH,1010,ONE FAM,C,AVERAGE,1248,2511,1597,75,186700
     73,     49,       ,       ,1940,1993,05,CAPE,1010,ONE FAM,C,AVERAGE,1233,2476,1442,71,162400
     73,     50,       ,       ,1956,1997,19,RANCH,1010,ONE FAM,C,AVERAGE,1008,2782,1600,75,193600
     73,     51,       ,       ,1959,2000,05,CAPE,1010,ONE FAM,C,AVERAGE,1193,2832,1529,78,199000
     73,     52,       ,       ,1958,2000,05,CAPE,1010,ONE FAM,C,AVERAGE,1349,2843,1669,78,202800
     73,     53,       ,       ,1955,1997,19,RANCH,1010,ONE FAM,C,AVERAGE,960,2564,1488,75,184400
     73,     54,       ,       ,1959,1997,05,CAPE,1010,ONE FAM,C+,AVG. (+),1769,4548,2351,75,291500
     73,     55,       ,       ,1955,2000,19,RANCH,1010,ONE FAM,C,AVERAGE,1500,3533,2188,78,248100
     73,     56,       ,       ,1950,1993,05,CAPE,1010,ONE FAM,C,AVERAGE,1755,2926,1999,71,204500
     73,     57,       ,       ,2015,2016,19,RANCH,1010,ONE FAM,B-,GOOD (-),1510,3714,1597,94,291000
     73,     58,       ,       ,1925,1979,06,COLONIAL,1010,ONE FAM,C+,AVG. (+),1632,2624,1930,57,177900
     73,     59,       ,       ,1925,1993,06,COLONIAL,1010,ONE FAM,C,AVERAGE,1632,2832,2050,71,235800
     73,     60,       ,       ,1925,1993,06,COLONIAL,1010,ONE FAM,C,AVERAGE,2080,3980,2674,71,286000
     73,     61,       ,       ,1910,1989,12,MULTI-CONV,1040,2 FAMILY,C,AVERAGE,1793,3016,2055,67,215500
     73,     62,       ,       ,1910,1993,22,CONVENT`NL,1010,ONE FAM,C,AVERAGE,1011,2616,1365,71,168700
     73,     63,       ,       ,1900,1993,05,CAPE,1010,ONE FAM,C+,AVG. (+),1872,3461,2216,71,249300
     73,     64,       ,       ,1920,1993,22,CONVENT`NL,1040,2 FAMILY,C+,AVG. (+),4407,8134,5122,71,601500
     73,     65,       ,       ,1890,1989,12,MULTI-CONV,1040,2 FAMILY,C,AVERAGE,2189,3398,2542,67,222500
     73,     65,    100,       ,,,,,3910,POTNLDEV,,,,,,,
     73,     67,       ,       ,1961,1972,43,WAREHOUSE,316C,COMMWHSE-Comm,C+,Avg. (+),7030,10858,7514,50,216900
     73,     68,       ,       ,1860,1993,22,CONVENT`NL,1010,ONE FAM,C+,AVG. (+),1724,4353,2120,71,276200
     73,     69,       ,       ,1880,1989,22,CONVENT`NL,1010,ONE FAM,C+,AVG. (+),2484,5128,3218,67,328700
     73,     70,       ,       ,1890,1983,12,MULTI-CONV,1120,APT 9+UP,C,Average,2736,4740,2879,61,211500
     73,     70,       ,       ,1890,1983,12,MULTI-CONV,1120,APT 9+UP,C+,Avg. (+),4928,8345,5536,61,392900
     73,     70,    100,       ,,,,,3900,,,,,,,,
     73,     71,       ,       ,1880,1998,22,CONVENT`NL,1010,ONE FAM,C+,AVG. (+),2180,4368,2481,76,307500
     73,     72,       ,       ,1880,1993,05,CAPE,1010,ONE FAM,C,AVERAGE,1396,4176,1985,71,215300
     73,     73,       ,       ,1880,1993,12,MULTI-CONV,1040,2 FAMILY,C+,AVG. (+),1924,4329,2358,71,261400
     73,     74,       ,       ,1851,1993,05,CAPE,1010,ONE FAM,C,AVERAGE,1389,3218,1835,71,201200
     73,     75,       ,       ,1851,1979,22,CONVENT`NL,1010,ONE FAM,C-,AVG. (-),1485,2207,1600,57,138900
     73,     76,       ,       ,1971,2001,19,RANCH,1010,ONE FAM,C,AVERAGE,1512,3406,2011,79,223200
     73,     77,    101,       ,1975,2003,08,CONDO-TNHS,1020,CONDO,03,ADEQUATE,1064,2632,1566,81,230500
     73,     77,    203,       ,1975,2003,08,CONDO-TNHS,1020,CONDO,03,ADEQUATE,1064,2568,1563,81,219200
     73,     77,    301,       ,1975,2003,08,CONDO-TNHS,1020,CONDO,03,ADEQUATE,1416,2388,1715,81,241300
     73,     77,    403,       ,1976,2003,08,CONDO-TNHS,1020,CONDO,03,ADEQUATE,1408,2456,1756,81,232000
     73,     77,    501,       ,1975,2003,08,CONDO-TNHS,1020,CONDO,03,ADEQUATE,1028,2400,1573,81,223100
     73,     77,    603,       ,1977,2010,08,CONDO-TNHS,1020,CONDO,03,ADEQUATE,1008,2360,1424,88,225000
     73,     77,    701,       ,1975,2003,08,CONDO-TNHS,1020,CONDO,03,ADEQUATE,1056,2016,1351,81,201600
     73,     77,    803,       ,1976,2003,08,CONDO-TNHS,1020,CONDO,03,ADEQUATE,1056,1928,1345,81,201100
     73,     77,    902,       ,1975,2003,08,CONDO-TNHS,1020,CONDO,03,ADEQUATE,1056,2024,1355,81,201900
     73,     77,   1004,       ,1976,2010,08,CONDO-TNHS,1020,CONDO,03,ADEQUATE,1064,2552,1590,88,246400
     73,     77,   1102,       ,1975,2003,08,CONDO-TNHS,1020,CONDO,03,ADEQUATE,1008,2447,1434,81,207900
     73,     77,   1204,       ,1976,2003,08,CONDO-TNHS,1020,CONDO,03,ADEQUATE,1254,2126,1543,81,222300
     73,     77,   1302,       ,1975,2003,08,CONDO-TNHS,1020,CONDO,03,ADEQUATE,1408,2471,1768,81,233000
     73,     77,   1404,       ,1976,2003,08,CONDO-TNHS,1020,CONDO,03,ADEQUATE,1033,2410,1495,81,202200
     73,     77,   1502,       ,1977,2003,08,CONDO-TNHS,1020,CONDO,03,ADEQUATE,1064,2536,1530,81,216900
     73,     77,   1604,       ,1976,2003,08,CONDO-TNHS,1020,CONDO,03,ADEQUATE,1056,2028,1312,81,198700
     73,     77,   1709,       ,1977,2003,08,CONDO-TNHS,1020,CONDO,03,ADEQUATE,1400,3200,1953,81,268300
     73,     77,   1805,       ,1976,2003,08,CONDO-TNHS,1020,CONDO,03,ADEQUATE,1064,2608,1508,81,207100
     73,     77,   1909,       ,1977,2003,08,CONDO-TNHS,1020,CONDO,03,ADEQUATE,1628,2890,1998,81,251400
     73,     77,   2005,       ,1976,2003,08,CONDO-TNHS,1020,CONDO,03,ADEQUATE,1378,2250,1667,81,237900
     73,     77,   2109,       ,1977,2003,08,CONDO-TNHS,1020,CONDO,03,ADEQUATE,1018,2620,1495,81,217100
     73,     77,   2205,       ,1977,2003,08,CONDO-TNHS,1020,CONDO,03,ADEQUATE,1005,2354,1450,81,214600
     73,     77,   2309,       ,1977,2003,08,CONDO-TNHS,1020,CONDO,03,ADEQUATE,1536,2696,1945,81,263500
     73,     77,   2405,       ,1976,2003,08,CONDO-TNHS,1020,CONDO,03,ADEQUATE,1152,2040,1467,81,223800
     73,     77,   2508,       ,1977,2003,08,CONDO-TNHS,1020,CONDO,03,ADEQUATE,1584,2752,1975,81,250400
     73,     77,   2606,       ,1977,2003,08,CONDO-TNHS,1020,CONDO,03,ADEQUATE,1152,2056,1401,81,205100
     73,     77,   2708,       ,1977,2003,08,CONDO-TNHS,1020,CONDO,03,ADEQUATE,1018,2380,1488,81,216500
     73,     77,   2806,       ,1977,2003,08,CONDO-TNHS,1020,CONDO,03,ADEQUATE,1023,2310,1490,81,222000
     73,     77,   2908,       ,1977,2003,08,CONDO-TNHS,1020,CONDO,03,ADEQUATE,1388,2260,1699,81,242300
     73,     77,   3006,       ,1977,2003,08,CONDO-TNHS,1020,CONDO,03,ADEQUATE,1378,2250,1667,81,237900
     73,     77,   3108,       ,1977,2003,08,CONDO-TNHS,1020,CONDO,03,ADEQUATE,1344,3278,1903,81,256000
     73,     77,   3206,       ,1977,2003,08,CONDO-TNHS,1020,CONDO,03,ADEQUATE,1344,3112,1903,81,266100
     73,     77,   3307,       ,1977,2003,08,CONDO-TNHS,1020,CONDO,03,ADEQUATE,1344,3112,1917,81,261300
     73,     77,   3415,       ,1977,2003,08,CONDO-TNHS,1020,CONDO,03,ADEQUATE,1536,2752,1914,81,248900
     73,     77,   3507,       ,1977,2003,08,CONDO-TNHS,1020,CONDO,03,ADEQUATE,1254,2158,1539,81,217400
     73,     77,   3615,       ,1977,2010,08,CONDO-TNHS,1020,CONDO,03,ADEQUATE,1018,2509,1532,88,252500
     73,     77,   3707,       ,1977,2003,08,CONDO-TNHS,1020,CONDO,03,ADEQUATE,990,2448,1474,81,233600
     73,     77,   3815,       ,1977,2003,08,CONDO-TNHS,1020,CONDO,03,ADEQUATE,1280,2221,1541,81,216500
     73,     77,   3907,       ,1977,2003,08,CONDO-TNHS,1020,CONDO,03,ADEQUATE,1408,2476,1746,81,273700
     73,     77,   4015,       ,1977,2003,08,CONDO-TNHS,1020,CONDO,03,ADEQUATE,1344,3162,1935,81,265400
     73,     77,   4110,       ,1977,2003,08,TNHS,1020,CONDO,03,ADEQUATE,1120,2664,1668,81,246400
     73,     77,   4214,       ,1977,2003,08,CONDO-TNHS,1020,CONDO,03,ADEQUATE,1536,2752,1922,81,257400
     73,     77,   4310,       ,1977,2003,08,CONDO-TNHS,1020,CONDO,03,ADEQUATE,1512,2652,1842,81,239000
     73,     77,   4414,       ,1977,2003,08,CONDO-TNHS,1020,CONDO,03,ADEQUATE,1018,2434,1485,81,224200
     73,     77,   4510,       ,1977,2003,08,CONDO-TNHS,1020,CONDO,03,ADEQUATE,1074,2436,1527,81,225200
     73,     77,   4614,       ,1977,2003,08,CONDO-TNHS,1020,CONDO,03,ADEQUATE,1388,2260,1684,81,231200
     73,     77,   4710,       ,1977,2006,08,CONDO-TNHS,1020,CONDO,03,ADEQUATE,1536,2788,1971,84,270800
     73,     77,   4814,       ,1977,2003,08,CONDO-TNHS,1020,CONDO,03,ADEQUATE,1400,3420,1961,81,260400
     73,     77,   4911,       ,1977,2003,08,CONDO-TNHS,1020,CONDO,03,ADEQUATE,1344,3500,1984,81,266400
     73,     77,   5013,       ,1977,2003,08,CONDO-TNHS,1020,CONDO,03,ADEQUATE,1372,3193,1941,81,268500
     73,     77,   5111,       ,1977,2003,08,CONDO-TNHS,1020,CONDO,03,ADEQUATE,1502,2442,1812,81,237700
     73,     77,   5213,       ,1977,2003,08,CONDO-TNHS,1020,CONDO,03,ADEQUATE,1388,2360,1705,81,232700
     73,     77,   5311,       ,1977,2003,08,CONDO-TNHS,1020,CONDO,03,ADEQUATE,1382,3208,2020,81,269100
     73,     77,   5413,       ,1977,2012,08,CONDO-TNHS,1020,CONDO,03,ADEQUATE,1074,2504,1562,90,251700
     73,     77,   5511,       ,1977,2003,08,CONDO-TNHS,1020,CONDO,03,ADEQUATE,1536,2688,1922,81,269600
     73,     77,   5613,       ,1977,2003,08,CONDO-TNHS,1020,CONDO,03,ADEQUATE,1536,2704,1930,81,250100
     73,     77,   5712,       ,1977,2006,08,CONDO-TNHS,1020,CONDO,03,ADEQUATE,1344,3112,1903,84,265400
     73,     77,   5816,       ,1977,2003,08,CONDO-TNHS,1020,CONDO,03,ADEQUATE,1536,2834,1928,81,262100
     73,     77,   5912,       ,1977,2003,08,CONDO-TNHS,1020,CONDO,03,ADEQUATE,1378,2362,1702,81,247400
     73,     77,   6016,       ,1977,2003,08,CONDO-TNHS,1020,CONDO,03,ADEQUATE,1023,2618,1548,81,222300
     73,     77,   6112,       ,1977,2003,08,CONDO-TNHS,1020,CONDO,03,ADEQUATE,1074,2516,1535,81,220200
     73,     77,   6216,       ,1977,2003,08,CONDO-TNHS,1020,CONDO,03,ADEQUATE,1378,2250,1667,81,237900
     73,     77,   6312,       ,1977,2003,08,CONDO-TNHS,1020,CONDO,03,ADEQUATE,1536,2728,1917,81,261300
     73,     77,   6416,       ,1977,2003,08,CONDO-TNHS,1020,CONDO,03,ADEQUATE,1344,3207,1936,81,263800
     73,     78,       ,       ,1900,1983,12,MULTI-CONV,1110,APT 4-8,C+,Avg. (+),3055,4782,3425,61,245600
     73,     79,       ,       ,1920,1989,02,BUNGALOW,1010,ONE FAM,C,AVERAGE,1365,3718,2100,67,205700
     73,     80,       ,       ,1900,1993,22,CONVENT`NL,1010,ONE FAM,C,AVERAGE,1689,3137,1930,71,227400
     73,     81,       ,       ,1900,1993,22,CONVENT`NL,1010,ONE FAM,C,AVERAGE,1100,2367,1327,71,177100
     73,     82,       ,       ,1916,1989,22,CONVENT`NL,1010,ONE FAM,C,AVERAGE,1344,2576,1582,67,194600
     73,     83,       ,       ,1900,1998,22,CONVENT`NL,1010,ONE FAM,C,AVERAGE,1448,2479,1786,76,226500
     73,     84,       ,       ,1940,1998,22,CONVENT`NL,1010,ONE FAM,C,AVERAGE,1440,2922,1894,76,254000
     73,     85,       ,       ,1865,1993,12,MULTI-CONV,1040,2 FAMILY,C,AVERAGE,1584,3226,2015,71,227200
     73,     86,       ,       ,1982,2009,05,CAPE,1010,ONE FAM,C,AVERAGE,1264,2859,1623,87,220100
     73,     87,       ,       ,1890,1984,22,CONVENT`NL,1010,ONE FAM,C+,AVG. (+),2340,4068,2662,62,260800
     73,     88,       ,       ,1850,1989,06,COLONIAL,1010,ONE FAM,C,AVERAGE,2230,5236,2866,67,270900
     73,     88,      E,       ,1849,1982,46,CHURCH/SYN,9060,CHURCH,B,Good,7954,16320,9596,60,884200
     73,     89,       ,       ,1964,2001,18,SPLIT/RSD RANCH,1010,ONE FAM,C,AVERAGE,1000,2017,1251,79,177000
     73,     90,       ,       ,,,,,9030,,,,0,0,0,,0
     73,     91,       ,       ,1975,1988,83,APARTMENT,1120,APT 9+UP,C,Average,21204,21750,21295,66,1214200
     73,     91,       ,       ,1975,1988,83,APARTMENT,1120,APT 9+UP,C,Average,21204,21756,21274,66,1213300
     73,     91,       ,       ,1975,1988,83,APARTMENT,1120,APT 9+UP,C,Average,21204,21780,21276,66,1213400
     73,     91,       ,       ,1975,1988,83,APARTMENT,1120,APT 9+UP,C,Average,21204,21780,21276,66,1213400
     73,     92,       ,       ,1957,1988,05,CAPE,1010,ONE FAM,C,AVERAGE,1822,3943,2459,66,233800
     73,     93,       ,       ,1952,1983,58,SCHOOL,913C,SCHLDEPT-Comm,C+,Avg. (+),32770,37708,33478,61,3541000
     73,     94,       ,       ,,,,,9030,,,,0,0,0,,0
     73,     95,       ,       ,1978,1988,83,APARTMENT,1120,APT 9+UP,C,Average,11996,18977,12495,66,687700
     73,     95,       ,       ,1978,1988,83,APARTMENT,1120,APT 9+UP,C,Average,15925,25275,16477,66,889400
     73,     95,       ,       ,1978,1988,83,APARTMENT,1120,APT 9+UP,C,Average,15925,25275,16477,66,889900
     73,     96,       ,       ,1978,1988,83,APARTMENT,1120,APT 9+UP,C,Average,11911,14230,12419,66,775300
     73,     96,       ,       ,1978,1988,83,APARTMENT,1120,APT 9+UP,C,Average,15580,15840,15621,66,963100
     73,     96,       ,       ,1978,1988,83,APARTMENT,1120,APT 9+UP,C,Average,20845,21563,20925,66,1241400
     73,     96,       ,       ,2020,2020,69,LODGE,3400,OFFICE,C,Average,936,960,941,98,107600
     73,     97,       ,       ,1987,1993,46,CHURCH/SYN,9060,CHURCH,C+,Avg. (+),6512,9640,6908,71,670100
     74,      1,    100,       ,1998,2013,19,RANCH,1010,ONE FAM,C,AVERAGE,1056,2232,1332,91,204400
     74,      1,    200,       ,1998,2012,05,CAPE,1010,ONE FAM,C+,AVG. (+),2419,8339,4424,90,540100
     74,      3,    101,       ,,,,,1300,,,,0,0,0,,0
     74,      3,    102,       ,,,,,1300,,,,0,0,0,,0
     74,      3,    103,       ,,,,,1300,,,,0,0,0,,0
     74,      3,    104,       ,,,,,1300,,,,0,0,0,,0
     74,      3,    105,       ,,,,,1300,,,,0,0,0,,0
     74,      3,    106,       ,,,,,1300,,,,0,0,0,,0
     74,      3,    107,       ,,,,,1300,,,,0,0,0,,0
     74,      3,    108,       ,,,,,1300,,,,0,0,0,,0
     74,      3,    109,       ,,,,,1300,,,,0,0,0,,0
     74,      3,    110,       ,,,,,1300,,,,0,0,0,,0
     74,      3,    111,       ,,,,,1300,,,,0,0,0,,0
     74,      3,    112,       ,,,,,1300,,,,0,0,0,,0
     74,      3,    113,       ,,,,,1300,,,,0,0,0,,0
     74,      3,    114,       ,,,,,1300,,,,0,0,0,,0
     74,      3,    115,       ,,,,,1300,,,,0,0,0,,0
     74,      3,    116,       ,,,,,1300,,,,0,0,0,,0
     74,      3,    117,       ,,,,,1300,,,,0,0,0,,0
     74,      3,    118,       ,,,,,1300,,,,0,0,0,,0
     74,      3,    119,       ,,,,,1300,,,,0,0,0,,0
     74,      3,    120,       ,,,,,1300,,,,0,0,0,,0
     74,      3,    121,       ,,,,,1300,,,,0,0,0,,0
     74,      3,    122,       ,,,,,1300,,,,0,0,0,,0
     74,      3,    123,       ,,,,,1300,,,,0,0,0,,0
     74,      3,    124,       ,,,,,1300,,,,0,0,0,,0
     74,      3,    125,       ,,,,,1300,,,,0,0,0,,0
     74,      3,    126,       ,,,,,1300,,,,0,0,0,,0
     74,      3,    127,       ,,,,,1300,,,,0,0,0,,0
     74,      3,    128,       ,,,,,1300,,,,0,0,0,,0
     74,      3,    129,       ,,,,,1300,,,,0,0,0,,0
     74,      3,    130,       ,,,,,1300,,,,0,0,0,,0
     74,      3,    131,       ,,,,,1300,,,,0,0,0,,0
     74,      3,    132,       ,,,,,1300,,,,0,0,0,,0
     74,      3,    133,       ,,,,,1300,,,,0,0,0,,0
     74,      3,    134,       ,,,,,1300,,,,0,0,0,,0
     74,      3,    135,       ,,,,,1300,,,,0,0,0,,0
     74,      3,    136,       ,,,,,1300,,,,0,0,0,,0
     74,      3,    137,       ,,,,,1300,,,,0,0,0,,0
     74,      3,    138,       ,,,,,1300,,,,0,0,0,,0
     74,      3,    139,       ,,,,,1300,,,,0,0,0,,0
     74,      3,    140,       ,,,,,1300,,,,0,0,0,,0
     74,      3,    141,       ,,,,,1300,,,,0,0,0,,0
     74,      3,    142,       ,,,,,1300,,,,0,0,0,,0
     74,      3,    143,       ,,,,,1300,,,,0,0,0,,0
     74,      3,    144,       ,,,,,1300,,,,0,0,0,,0
     74,      3,    145,       ,,,,,1300,,,,0,0,0,,0
     74,      3,    146,       ,,,,,1300,,,,0,0,0,,0
     74,      3,    147,       ,2018,2018,05,CAPE,1010,ONE FAM,C+,AVG. (+),2165,4916,2812,96,428900
     74,      3,    148,       ,2018,2018,05,CAPE,1010,ONE FAM,C+,AVG. (+),2371,6588,3139,96,449400
     74,      3,    149,       ,2019,2019,19,RANCH,1010,ONE FAM,C+,AVG. (+),1774,4316,2458,97,376100
     74,      3,    150,       ,2018,2018,05,CAPE,1010,ONE FAM,C+,AVG. (+),1712,4130,2196,96,343400
     74,      3,    151,       ,2018,2018,19,RANCH,1010,ONE FAM,C+,AVG. (+),1584,4144,2232,96,350000
     74,      3,    152,       ,2020,2021,05,CAPE,1010,ONE FAM,C+,AVG. (+),1992,4472,2441,99,401800
     74,      3,    153,       ,2018,2018,19,RANCH,1010,ONE FAM,C+,AVG. (+),1774,4288,2455,96,399400
     74,      3,    154,       ,2022,2022,05,CAPE,1010,ONE FAM,C+,AVG. (+),2409,4906,2996,100,465700
     74,      3,    155,       ,2023,2022,05,CAPE,1010,ONE FAM,C+,AVG. (+),1711,4148,2184,100,357000
     74,      3,    156,       ,2023,2022,19,RANCH,1010,ONE FAM,C+,AVG. (+),1870,4592,2579,100,395700
     74,      3,    157,       ,2022,2022,19,RANCH,1010,ONE FAM,C+,AVG. (+),1812,4490,2515,100,388600
     74,      3,    158,       ,2022,2022,05,CAPE,1010,ONE FAM,C+,AVG. (+),1620,4138,2191,100,357300
     74,      3,    159,       ,2022,2022,19,RANCH,1010,ONE FAM,C+,AVG. (+),1622,4340,2294,100,371300
     74,      3,    160,       ,2022,2022,05,CAPE,1010,ONE FAM,C+,AVG. (+),2165,4906,2811,100,433900
     74,      3,    161,       ,2021,2021,19,RANCH,1010,ONE FAM,C+,AVG. (+),1774,4288,2455,99,395700
     74,      3,    162,       ,2021,2021,19,RANCH,1010,ONE FAM,C+,AVG. (+),1622,4340,2294,99,373800
     74,      3,    163,       ,2021,2021,05,CAPE,1010,ONE FAM,C+,AVG. (+),2165,5016,2822,99,423600
     74,      3,    164,       ,2007,2014,19,RANCH,1010,ONE FAM,C+,AVG. (+),2052,4770,2818,92,405400
     74,      3,    165,       ,2007,2014,06,COLONIAL,1010,ONE FAM,C+,AVG. (+),3464,5350,3969,92,588800
     74,      3,    166,       ,2007,2014,06,COLONIAL,1010,ONE FAM,C+,AVG. (+),2474,5733,3202,92,494500
     74,      3,    167,       ,2017,2017,19,RANCH,1010,ONE FAM,C+,AVG. (+),1584,4252,2244,95,340300
     74,      3,    168,       ,2017,2017,19,RANCH,1010,ONE FAM,C+,AVG. (+),1746,4212,2418,95,374000
     74,      3,    169,       ,2009,2014,05,CAPE,1010,ONE FAM,C+,AVG. (+),1663,3094,1907,92,283800
     74,      3,    170,       ,,,,,1300,,,,0,0,0,,0
     74,      3,    171,       ,2013,2015,19,RANCH,1010,ONE FAM,C+,AVG. (+),1740,4252,2454,93,352900
     74,      3,    172,       ,,,,,1300,,,,0,0,0,,0
     74,      3,    173,       ,2017,2017,19,RANCH,1010,ONE FAM,C+,AVG. (+),1884,5031,2639,95,383600
     74,      3,    174,       ,,,,,1300,,,,0,0,0,,0
     74,      3,    175,       ,2017,2017,05,CAPE,1010,ONE FAM,C+,AVG. (+),2165,4916,2812,95,413000
     74,      3,    176,       ,2008,2014,22,CONVENT`NL,1010,ONE FAM,C+,AVG. (+),2496,4472,2770,92,423900
     74,      3,    177,       ,2008,2014,06,COLONIAL,1010,ONE FAM,C+,AVG. (+),2718,3692,3022,92,448000
     74,      3,    178,       ,2017,2017,05,CAPE,1010,ONE FAM,C+,AVG. (+),2165,4916,2883,95,418300
     74,      3,    179,       ,2019,2019,22,CONVENT`NL,1010,ONE FAM,C+,AVG. (+),2224,4187,2750,97,470900
     74,      3,    180,       ,2021,2021,05,CAPE,1010,ONE FAM,C+,AVG. (+),2165,5016,2822,99,430700
     74,      3,    181,       ,2022,2022,19,RANCH,1010,ONE FAM,C+,AVG. (+),1622,4184,2278,100,375900
     74,      3,    182,       ,2022,2022,19,RANCH,1010,ONE FAM,C+,AVG. (+),1340,3096,1825,100,321100
     74,      3,    183,       ,2022,2022,05,CAPE,1010,ONE FAM,C+,AVG. (+),2165,4906,2811,100,422100
     74,      3,    184,       ,2022,2022,19,RANCH,1010,ONE FAM,C+,AVG. (+),1322,3076,1811,100,311500
     74,      3,    185,       ,2023,2022,05,CAPE,1010,ONE FAM,C+,AVG. (+),1711,4108,2180,100,346500
     74,      3,    186,       ,2024,2022,05,CAPE,1010,ONE FAM,C+,AVG. (+),1711,4128,2182,100,347600
     74,      3,    187,       ,2019,2019,19,RANCH,1010,ONE FAM,C+,AVG. (+),1622,4340,2294,97,358500
     74,      3,    188,       ,2021,2021,19,RANCH,1010,ONE FAM,C+,AVG. (+),1826,4428,2525,99,396100
     74,      3,    189,       ,2020,2021,05,CAPE,1010,ONE FAM,C+,AVG. (+),1752,4170,2230,99,350000
     74,      3,    190,       ,2020,2021,19,RANCH,1010,ONE FAM,C+,AVG. (+),1622,4340,2294,99,369400
     74,      3,    191,       ,2020,2021,19,RANCH,1010,ONE FAM,C+,AVG. (+),1774,4288,2455,99,382800
     74,      3,    192,       ,2020,2021,22,CONVENT`NL,1010,ONE FAM,C+,AVG. (+),2080,4128,2664,99,458300
     74,      3,    193,       ,2020,2021,05,CAPE,1010,ONE FAM,C+,AVG. (+),1752,4170,2230,99,368600
     74,      3,    194,       ,2020,2021,22,CONVENT`NL,1010,ONE FAM,C+,AVG. (+),2224,4164,2948,99,503000
     74,      3,    195,       ,2020,2021,05,CAPE,1010,ONE FAM,C+,AVG. (+),2334,5026,2933,99,456700
     74,      3,    196,       ,2020,2021,19,RANCH,1010,ONE FAM,C+,AVG. (+),1826,4428,2525,99,396900
     74,      3,    197,       ,2020,2021,19,RANCH,1010,ONE FAM,C+,AVG. (+),1622,4340,2294,99,363200
     74,      3,    198,       ,2020,2021,19,RANCH,1010,ONE FAM,C+,AVG. (+),1826,4428,2525,99,401900
     74,      3,    199,       ,2020,2021,19,RANCH,1010,ONE FAM,C+,AVG. (+),1622,4340,2294,99,363200
     74,      3,    200,       ,2019,2019,19,RANCH,1010,ONE FAM,C+,AVG. (+),1774,4324,2460,97,373400
     74,      3,    201,       ,2019,2019,19,RANCH,1010,ONE FAM,C+,AVG. (+),1622,4340,2294,97,356500
     74,      3,    202,       ,2018,2018,05,CAPE,1010,ONE FAM,C+,AVG. (+),2165,4906,2811,96,406000
     74,      3,    203,       ,2020,2021,19,RANCH,1010,ONE FAM,C+,AVG. (+),1584,4252,2244,99,362200
     74,      3,    204,       ,2024,2022,05,CAPE,1010,ONE FAM,C+,AVG. (+),1832,4480,2325,100,401300
     74,      3,    205,       ,2024,2022,05,CAPE,1010,ONE FAM,C+,AVG. (+),2209,4906,2843,100,435100
     74,      3,    206,       ,2024,2022,19,RANCH,1010,ONE FAM,C+,AVG. (+),1826,4480,2529,98,390300
     74,      3,    207,       ,2024,2022,05,CAPE,1010,ONE FAM,C+,AVG. (+),2298,4946,2958,98,444900
     74,      3,    208,       ,2025,2022,19,RANCH,1010,ONE FAM,C+,AVG. (+),1826,4482,2621,95,384600
     74,      3,    209,       ,2025,2022,05,CAPE,1010,ONE FAM,C+,AVG. (+),2557,4960,3197,40,196000
     74,      3,    301,       ,2009,2014,08,CONDO-TNHS,1020,CONDO,03,ADEQUATE,1935,2262,2056,92,347000
     74,      3,    302,       ,2009,2014,08,CONDO-TNHS,1020,CONDO,03,ADEQUATE,1935,2262,2056,92,344000
     74,      3,    303,       ,2009,2014,08,CONDO-TNHS,1020,CONDO,03,ADEQUATE,1935,2262,2056,92,348100
     74,      3,    304,       ,2009,2014,08,CONDO-TNHS,1020,CONDO,03,ADEQUATE,1935,2262,2056,92,345200
     74,      3,    311,       ,,,,,102V,,,,0,0,0,,0
     74,      3,    312,       ,,,,,102V,,,,0,0,0,,0
     74,      3,    313,       ,,,,,102V,,,,0,0,0,,0
     74,      3,    314,       ,,,,,102V,,,,0,0,0,,0
     74,      3,    321,       ,,,,,102V,,,,0,0,0,,0
     74,      3,    322,       ,,,,,102V,,,,0,0,0,,0
     74,      3,    323,       ,,,,,102V,,,,0,0,0,,0
     74,      3,    324,       ,,,,,102V,,,,0,0,0,,0
     74,      3,    331,       ,,,,,102V,,,,0,0,0,,0
     74,      3,    332,       ,,,,,102V,,,,0,0,0,,0
     74,      3,    333,       ,,,,,102V,,,,0,0,0,,0
     74,      3,    334,       ,,,,,102V,,,,0,0,0,,0
     74,      3,    341,       ,,,,,102V,,,,0,0,0,,0
     74,      3,    342,       ,,,,,102V,,,,0,0,0,,0
     74,      3,    343,       ,,,,,102V,,,,0,0,0,,0
     74,      3,    344,       ,,,,,102V,,,,0,0,0,,0
     74,      3,    345,       ,,,,,102V,,,,0,0,0,,0
     74,      3,    346,       ,,,,,102V,,,,0,0,0,,0
     74,      3,    351,       ,,,,,102V,,,,0,0,0,,0
     74,      3,    352,       ,,,,,102V,,,,0,0,0,,0
     74,      3,    353,       ,,,,,102V,,,,0,0,0,,0
     74,      3,    354,       ,,,,,102V,,,,0,0,0,,0
     74,      3,    360,       ,1920,1989,22,CONVENT`NL,1010,ONE FAM,C+,AVG. (+),5252,12712,6472,67,245000
     74,      3,    801,       ,,,,,9090,,,,0,0,0,,0
     74,      3,    802,       ,,,,,1320,,,,0,0,0,,0
     74,      3,    803,       ,,,,,1300,,,,0,0,0,,0
     74,      3,    901,       ,,,,,9090,,,,0,0,0,,0
     74,      3,    902,       ,,,,,9090,,,,0,0,0,,0
     74,      3,    903,       ,,,,,9090,,,,0,0,0,,0
     74,      3,    904,       ,,,,,9090,,,,0,0,0,,0
     74,      3,    905,       ,,,,,9090,,,,0,0,0,,0
     74,      3,    906,       ,,,,,9090,,,,0,0,0,,0
     74,      3,    907,       ,,,,,9090,,,,0,0,0,,0
     74,      3,    908,       ,,,,,9090,,,,0,0,0,,0
     74,      3,    909,       ,,,,,9090,,,,0,0,0,,0
     74,      3,    910,       ,,,,,9090,,,,0,0,0,,0
     74,      4,       ,       ,,,,,6100,,,,0,0,0,,0
     74,      5,       ,       ,1973,2005,06,COLONIAL,1010,ONE FAM,C,AVERAGE,2520,4644,3186,83,380400
     74,      6,       ,       ,1983,1999,09,CONTEMPORY,1010,ONE FAM,C-,AVG. (-),1360,2554,1590,77,171100
     74,      7,       ,       ,,,,,6201,,,,0,0,0,,0
     74,      8,    100,       ,,,,,9130,,,,0,0,0,,0
     74,      8,    200,       ,,0,,,6001,,,,0,0,0,,0
     74,      9,       ,       ,1974,2000,05,CAPE,1010,ONE FAM,C,AVERAGE,1632,3196,2109,78,233000
     74,     10,       ,       ,1798,1979,05,CAPE,1010,ONE FAM,C-,AVG. (-),980,1377,986,57,89600
     74,     11,    100,       ,2025,2022,09,CONTEMPORY,1010,ONE FAM,C-,AVG. (-),1734,4168,2444,5,18600
     74,     11,    200,       ,,,,,1300,,,,0,0,0,,0
     74,     11,    300,       ,2025,2022,06,COLONIAL,1010,ONE FAM,A,VERY GOOD,3914,7280,4915,90,995100
     74,     11,    400,       ,2008,2014,06,COLONIAL,1010,ONE FAM,B,GOOD,2410,5824,3333,92,608300
     74,     11,    500,       ,,,,,1300,,,,0,0,0,,0
     74,     11,    600,       ,,,,,1320,,,,0,0,0,,0
     74,     11,    700,       ,,,,,1300,,,,0,0,0,,0
     74,     11,    800,       ,,,,,9090,,,,0,0,0,,0
     74,     11,    900,       ,,,,,9090,,,,0,0,0,,0
     74,     11,   1000,       ,,,,,9090,,,,0,0,0,,0
     74,     13,       ,       ,1976,2005,19,RANCH,1010,ONE FAM,C,AVERAGE,912,2348,1230,83,176900
     74,     14,       ,       ,,,,,1310,,,,0,0,0,,0
     76,      1,       ,       ,1920,1998,19,RANCH,1010,ONE FAM,D+,FAIR (+),720,1560,894,76,101200
     76,      4,       ,       ,1996,1998,54,NURSING HM,3040,NURSE HM,B-,Good (-),85190,101093,89401,76,8488400
     76,      4,       ,       ,2010,2008,54,NURSING HM,3040,NURSE HM,B,Good,131249,165403,144675,86,14660300
     76,      5,       ,       ,,,,,9130,,,,0,0,0,,0
     76,      6,       ,       ,,,,,6230,,,,0,0,0,,0
     76,      6,    100,       ,1994,2012,19,RANCH,1010,ONE FAM,C,AVERAGE,1056,2480,1357,90,207200
     76,      7,       ,       ,,,,,1320,,,,0,0,0,,0
     76,      8,       ,       ,,,,,9150,,,,0,0,0,,0
     76,     10,       ,       ,,,,,6111,,,,0,0,0,,0
     77,      1,       ,       ,2002,2013,19,RANCH,1010,ONE FAM,C,AVERAGE,1236,2502,1548,91,222700
     77,      2,       ,       ,1940,1989,05,CAPE,1090,MULT HS,C-,AVG. (-),1315,3005,1551,67,115400
     77,      2,       ,       ,1960,2000,19,RANCH,1090,MULT HS,D+,FAIR (+),960,2120,1220,78,126600
     77,      3,       ,       ,1920,1993,02,BUNGALOW,1010,ONE FAM,C,AVERAGE,1134,3699,1852,71,171200
     77,      4,       ,       ,1920,1993,02,BUNGALOW,1010,ONE FAM,C,AVERAGE,980,2470,1307,71,148800
     77,      5,       ,       ,1920,1984,02,BUNGALOW,1010,ONE FAM,C,AVERAGE,1264,3258,1644,62,158900
     77,      6,       ,       ,1991,2009,19,RANCH,1010,ONE FAM,C,AVERAGE,960,2014,1311,87,196200
     77,      7,       ,       ,1908,1993,22,CONVENT`NL,1010,ONE FAM,C,AVERAGE,1023,2353,1362,71,185700
     77,      8,       ,       ,1910,1998,02,BUNGALOW,1010,ONE FAM,C,AVERAGE,1460,3524,1979,76,220000
     77,      9,       ,       ,1910,2005,22,CONVENT`NL,1010,ONE FAM,C+,AVG. (+),2156,3980,2515,83,359700
     77,     10,       ,       ,1910,1989,12,MULTI-CONV,1050,3 FAMILY,C,AVERAGE,2207,4205,2547,67,207200
     77,     11,       ,       ,1925,2005,06,COLONIAL,1010,ONE FAM,C,AVERAGE,1632,2737,2028,83,272500
     77,     12,       ,       ,1949,1993,05,CAPE,1010,ONE FAM,C,AVERAGE,1285,2946,1561,71,175000
     77,     13,       ,       ,1918,1989,02,BUNGALOW,1010,ONE FAM,C,AVERAGE,1330,3460,1763,67,171600
     77,     14,       ,       ,1935,1989,06,COLONIAL,1010,ONE FAM,C,AVERAGE,1680,4020,2237,67,224700
     77,     15,       ,       ,1915,1974,22,CONVENT`NL,1010,ONE FAM,C,AVERAGE,918,2323,1100,52,100700
     77,     16,       ,       ,1918,1998,22,CONVENT`NL,1010,ONE FAM,C,AVERAGE,1128,1218,1191,76,176100
     77,     17,       ,       ,1949,1993,05,CAPE,1010,ONE FAM,C,AVERAGE,1123,2630,1416,71,163100
     77,     17,    200,       ,2005,2013,06,COLONIAL,1010,ONE FAM,C,AVERAGE,2212,3864,2580,91,365000
     77,     17,    300,       ,2004,2013,06,COLONIAL,1010,ONE FAM,C,AVERAGE,2212,3840,2640,91,347600
     77,     18,       ,       ,1940,1989,05,CAPE,1010,ONE FAM,C,AVERAGE,1609,3680,2016,67,205700
     77,     20,       ,       ,1961,2000,19,RANCH,1010,ONE FAM,C,AVERAGE,1182,2460,1543,78,206000
     77,     21,       ,       ,1956,2000,19,RANCH,1010,ONE FAM,C,AVERAGE,1565,4090,2215,78,253100
     77,     22,       ,       ,1948,1993,10,APT/GAR,1012,ONE FAM W ACC,C,AVERAGE,525,1134,794,71,129400
     77,     22,       ,       ,1950,1993,19,RANCH,1012,ONE FAM W ACC,C,AVERAGE,864,2024,1169,71,151800
     77,     23,       ,       ,1920,1993,06,COLONIAL,1010,ONE FAM,C,AVERAGE,1248,2114,1573,71,191300
     77,     24,       ,       ,1922,2005,02,BUNGALOW,1010,ONE FAM,C,AVERAGE,1150,2815,1447,83,206000
     77,     25,       ,       ,1920,1993,02,BUNGALOW,1010,ONE FAM,C,AVERAGE,1245,2871,1527,71,172400
     77,     26,       ,       ,1920,1989,12,MULTI-CONV,1040,2 FAMILY,C,AVERAGE,1904,3266,2129,67,209300
     77,     27,       ,       ,1900,1982,12,MULTI-CONV,1110,APT 4-8,C,Average,2016,3739,2215,60,189000
     77,     28,       ,       ,1960,1997,19,RANCH,1010,ONE FAM,C,AVERAGE,1248,2788,1835,75,212100
     77,     29,       ,       ,1965,2001,19,RANCH,1010,ONE FAM,C,AVERAGE,1625,3539,2104,79,232400
     77,     30,       ,       ,1965,2001,18,SPLIT/RSD RANCH,1010,ONE FAM,C,AVERAGE,1230,2380,1709,79,212100
     77,     31,       ,       ,1954,1992,05,CAPE,1010,ONE FAM,C,AVERAGE,1593,3080,1957,70,204300
     77,     32,       ,       ,1949,1993,22,CONVENT`NL,1010,ONE FAM,C,AVERAGE,1337,2427,1659,71,185500
     77,     34,       ,       ,1956,1997,19,RANCH,1010,ONE FAM,C,AVERAGE,1222,2665,1636,75,188600
     77,     35,       ,       ,1957,1997,19,RANCH,1010,ONE FAM,C,AVERAGE,960,2018,1225,75,157900
     77,     36,       ,       ,1958,2000,19,RANCH,1010,ONE FAM,C,AVERAGE,1572,4972,2509,78,283100
     77,     37,       ,       ,1960,1997,19,RANCH,1010,ONE FAM,C,AVERAGE,1008,2560,1580,75,189800
     77,     38,       ,       ,1958,1997,19,RANCH,1010,ONE FAM,C,AVERAGE,986,2402,1381,75,171700
     77,     39,       ,       ,1960,2000,19,RANCH,1010,ONE FAM,C,AVERAGE,960,2256,1243,78,170200
     77,     40,       ,       ,1960,2004,06,COLONIAL,1010,ONE FAM,C,AVERAGE,2168,3979,2545,82,303600
     77,     41,       ,       ,1960,1997,19,RANCH,1010,ONE FAM,C,AVERAGE,1561,3497,1942,75,225700
     77,     42,       ,       ,1988,2009,19,RANCH,1010,ONE FAM,C,AVERAGE,1596,3344,2044,87,283800
     77,     43,       ,       ,1960,2000,19,RANCH,1010,ONE FAM,C,AVERAGE,1168,2146,1460,78,192400
     77,     44,       ,       ,1960,2000,19,RANCH,1010,ONE FAM,C,AVERAGE,912,2144,1268,78,172400
     77,     45,       ,       ,1991,2012,19,RANCH,1010,ONE FAM,C+,AVG. (+),1635,4047,1942,90,276800
     77,     46,       ,       ,2005,2013,05,CAPE,1010,ONE FAM,C,AVERAGE,1708,2128,1876,91,250000
     77,     47,       ,       ,1955,2000,19,RANCH,1010,ONE FAM,C,AVERAGE,1512,3632,2128,78,248500
     77,     48,       ,       ,1949,1993,06,COLONIAL,1010,ONE FAM,C+,AVG. (+),2048,2880,2256,71,271100
     77,     49,       ,       ,1952,1992,05,CAPE,1010,ONE FAM,C,AVERAGE,1123,2845,1493,70,166100
     77,     50,       ,       ,1951,1983,19,RANCH,1010,ONE FAM,C,AVERAGE,1043,2471,1475,61,134500
     77,     51,       ,       ,1948,1993,22,CONVENT`NL,1010,ONE FAM,C,AVERAGE,1099,2070,1292,71,174200
     77,     52,       ,       ,1950,1993,06,COLONIAL,1010,ONE FAM,C,AVERAGE,1248,2040,1558,71,201300
     77,     53,       ,       ,1930,1989,15,OLD STYLE,1040,2 FAMILY,C,AVERAGE,1274,2331,1488,67,234600
     77,     54,       ,       ,1920,1989,22,CONVENT`NL,1010,ONE FAM,C,AVERAGE,1344,2733,1680,67,201600
     77,     55,       ,       ,1989,2009,19,RANCH,1010,ONE FAM,C,AVERAGE,864,1952,1189,87,163400
     77,     56,       ,       ,1951,1993,19,RANCH,1010,ONE FAM,C,AVERAGE,1040,2412,1394,71,169000
     77,     57,       ,       ,1941,1989,06,COLONIAL,1010,ONE FAM,C,AVERAGE,1152,1838,1364,67,170700
     77,     58,       ,       ,1929,1989,02,BUNGALOW,1010,ONE FAM,C,AVERAGE,708,1796,1013,67,115900
     77,     59,       ,       ,1996,2013,21,SPLIT LVL,1010,ONE FAM,C,AVERAGE,1612,1826,1638,91,240000
     77,     60,    100,       ,1960,1997,18,SPLIT/RSD RANCH,1010,ONE FAM,C,AVERAGE,1540,3557,1969,75,220400
     77,     60,    300,       ,1990,2014,19,RANCH,1010,ONE FAM,C,AVERAGE,1248,2636,1629,92,242000
     77,     61,       ,       ,1945,1996,19,RANCH,1010,ONE FAM,C,AVERAGE,792,2405,1274,74,161100
     77,     62,       ,       ,1959,1997,19,RANCH,1010,ONE FAM,C,AVERAGE,912,2104,1264,75,165900
     77,     63,       ,       ,1946,1996,05,CAPE,1010,ONE FAM,C,AVERAGE,1158,3236,1558,74,177400
     77,     64,       ,       ,1965,2004,19,RANCH,1010,ONE FAM,C+,AVG. (+),1538,3544,2204,82,283900
     77,     65,       ,       ,1949,1993,22,CONVENT`NL,1010,ONE FAM,C,AVERAGE,1112,1936,1256,71,165400
     77,     66,       ,       ,1939,1989,02,BUNGALOW,1010,ONE FAM,C,AVERAGE,907,2475,1178,67,130100
     77,     67,       ,       ,1940,1989,02,BUNGALOW,1010,ONE FAM,C,AVERAGE,917,2249,1307,67,139900
     77,     68,       ,       ,1930,1993,22,CONVENT`NL,1010,ONE FAM,C,AVERAGE,728,1742,956,71,149000
     77,     69,       ,       ,1930,1989,22,CONVENT`NL,1010,ONE FAM,C,AVERAGE,944,2144,1126,67,152900
     77,     70,       ,       ,1940,1993,05,CAPE,1010,ONE FAM,C,AVERAGE,968,1847,1115,71,149600
     77,     71,       ,       ,1940,1989,19,RANCH,1010,ONE FAM,C-,AVG. (-),662,1348,834,67,101200
     77,     72,       ,       ,1950,1988,19,RANCH,1010,ONE FAM,C-,AVG. (-),504,1032,636,66,94200
     77,     73,       ,       ,1850,1989,22,CONVENT`NL,1010,ONE FAM,C-,AVG. (-),1040,1768,1179,67,146100
     77,     74,       ,       ,1960,2000,19,RANCH,1010,ONE FAM,C-,AVG. (-),1040,2360,1380,78,158800
     77,     75,       ,       ,1890,1974,22,CONVENT`NL,1010,ONE FAM,C,AVERAGE,1344,2113,1563,52,129600
     77,     77,       ,       ,1900,1989,22,CONVENT`NL,1010,ONE FAM,C-,AVG. (-),841,1319,937,67,109400
     77,     78,       ,       ,1900,1989,22,CONVENT`NL,1010,ONE FAM,C,AVERAGE,1190,2549,1319,67,158600
     77,     79,       ,       ,1952,1997,19,RANCH,1010,ONE FAM,C,AVERAGE,936,2322,1277,75,162500
     77,     80,       ,       ,1994,2016,19,RANCH,1010,ONE FAM,C,AVERAGE,1288,2608,1697,94,253600
     77,     81,       ,       ,2000,2012,19,RANCH,1010,ONE FAM,C,AVERAGE,1344,2848,1696,90,208100
     77,     82,       ,       ,,,,,9030,,,,0,0,0,,0
     77,     83,       ,       ,1925,2005,22,CONVENT`NL,1010,ONE FAM,C,AVERAGE,1563,3552,2119,83,278900
     77,     84,       ,       ,1900,1989,22,CONVENT`NL,1012,ONE FAM W ACC,C,AVERAGE,2328,3464,2531,67,266300
     77,     85,       ,       ,1982,2012,19,RANCH,1010,ONE FAM,C,AVERAGE,960,2380,1260,90,198100
     77,     86,       ,       ,1900,1984,12,MULTI-CONV,1040,2 FAMILY,C,AVERAGE,2838,5597,3347,62,258500
     77,     87,       ,       ,1949,1983,02,BUNGALOW,1010,ONE FAM,C-,AVG. (-),1037,2496,1277,61,106600
     77,     88,       ,       ,1880,1989,22,CONVENT`NL,1010,ONE FAM,C,AVERAGE,1596,3220,1925,67,221300
     77,     89,    100,       ,1989,2012,19,RANCH,1010,ONE FAM,C,AVERAGE,960,2127,1269,90,195500
     77,     89,    200,       ,1880,1993,12,MULTI-CONV,1040,2 FAMILY,C,AVERAGE,1694,3171,1922,71,218600
     77,     89,    300,       ,1989,2012,19,RANCH,1010,ONE FAM,C,AVERAGE,960,2418,1291,90,197600
     77,     90,       ,       ,1880,1989,12,MULTI-CONV,1040,2 FAMILY,C,AVERAGE,1660,3454,2034,67,210300
     77,     91,       ,       ,1870,1989,22,CONVENT`NL,1010,ONE FAM,C,AVERAGE,1302,2001,1477,67,177400
     77,     92,       ,       ,1880,1993,22,CONVENT`NL,1010,ONE FAM,C,AVERAGE,1232,2531,1487,71,179700
     77,     93,       ,       ,1880,1989,12,MULTI-CONV,1040,2 FAMILY,C,AVERAGE,1920,2946,2046,67,212200
     77,     94,       ,       ,1880,2005,12,MULTI-CONV,1050,3 FAMILY,C,AVERAGE,2326,4200,2412,83,254200
     77,     95,       ,       ,,,,,1060,,,,0,0,0,,0
     77,     96,       ,       ,1860,1989,12,MULTI-CONV,1040,2 FAMILY,C,AVERAGE,1574,3347,1697,67,194800
     77,     97,       ,       ,1900,1989,22,CONVENT`NL,1010,ONE FAM,C,AVERAGE,2176,3711,2625,67,250500
     77,     98,    100,       ,1902,1989,12,MULTI-CONV,1040,2 FAMILY,C,AVERAGE,1862,3581,2244,67,190600
     77,     98,    200,       ,1993,2016,19,RANCH,1010,ONE FAM,C,AVERAGE,984,1462,1148,94,183300
     77,     99,       ,       ,1890,1989,12,MULTI-CONV,1040,2 FAMILY,C,AVERAGE,2166,3750,2529,67,219500
     77,    100,       ,       ,1937,1998,05,CAPE,1010,ONE FAM,C,AVERAGE,1080,3216,1632,76,191200
     77,    101,       ,       ,1880,1989,22,CONVENT`NL,1010,ONE FAM,C,AVERAGE,948,1884,1130,67,147100
     77,    102,       ,       ,1989,2009,18,SPLIT/RSD RANCH,1010,ONE FAM,C,AVERAGE,1494,3168,1983,87,257200
     77,    103,       ,       ,1925,1979,02,BUNGALOW,1010,ONE FAM,C,AVERAGE,908,2362,1376,57,86900
     77,    104,       ,       ,1920,1989,22,CONVENT`NL,1010,ONE FAM,C,AVERAGE,1540,2246,1721,67,195400
     77,    105,       ,       ,1955,1997,05,CAPE,1010,ONE FAM,C,AVERAGE,1264,4389,2142,75,224000
     77,    106,       ,       ,,,,,9030,,,,0,0,0,,0
     77,    108,       ,       ,1957,1997,05,CAPE,1010,ONE FAM,C,AVERAGE,1229,2998,1544,75,166700
     77,    109,       ,       ,1959,1997,02,BUNGALOW,1010,ONE FAM,C-,AVG. (-),1135,2390,1503,75,142000
     77,    110,       ,       ,1920,1979,02,BUNGALOW,1010,ONE FAM,C-,AVG. (-),768,1728,1123,57,100800
     77,    111,       ,       ,1920,1993,22,CONVENT`NL,1010,ONE FAM,D,FAIR,1046,2298,1272,71,120200
     77,    112,       ,       ,,,,,1320,,,,0,0,0,,0
     77,    113,       ,       ,1900,1989,12,MULTI-CONV,1050,3 FAMILY,C,AVERAGE,1338,3074,2154,67,179200
     77,    114,       ,       ,1900,1989,22,CONVENT`NL,1010,ONE FAM,C,AVERAGE,780,1680,989,67,124700
     77,    114,    100,       ,1920,1984,02,BUNGALOW,1010,ONE FAM,C,AVERAGE,1016,2272,1376,62,130100
     77,    115,       ,       ,1900,1993,22,CONVENT`NL,1010,ONE FAM,D,FAIR,1688,2782,1980,71,166500
     77,    116,       ,       ,,,,,9010,,,,0,0,0,,0
     77,    117,       ,       ,1900,1993,22,CONVENT`NL,1010,ONE FAM,C+,AVG. (+),1795,3311,2055,71,240800
     77,    118,       ,       ,1890,1982,12,MULTI-CONV,1110,APT 4-8,C,Average,3992,7777,4568,60,327900
     77,    119,       ,       ,,,,,9010,,,,0,0,0,,0
     77,    120,       ,       ,1900,1982,12,MULTI-CONV,1110,APT 4-8,C,Average,4408,7032,4860,60,309400
     77,    121,       ,       ,1982,2013,18,SPLIT/RSD RANCH,1010,ONE FAM,C,AVERAGE,858,2066,1273,91,190500
     77,    122,       ,       ,2023,2022,19,RANCH,1010,ONE FAM,C,AVERAGE,1664,4439,2445,100,350200
     77,    123,       ,       ,1900,1982,83,APARTMENT,1110,APT 4-8,C,Average,2207,3442,2678,60,189100
     77,    124,       ,       ,1900,1979,12,MULTI-CONV,1040,2 FAMILY,C,AVERAGE,1371,3042,1675,57,157500
     77,    125,       ,       ,1900,1982,12,MULTI-CONV,1110,APT 4-8,C,Average,592,1264,748,60,73500
     77,    125,       ,       ,1910,1982,12,MULTI-CONV,1110,APT 4-8,C,Average,3073,6118,3696,60,274500
     77,    126,       ,       ,1860,1984,12,MULTI-CONV,1050,3 FAMILY,C,AVERAGE,2215,4020,2625,62,165900
     77,    127,       ,       ,,,,,9030,,,,0,0,0,,0
     77,    128,       ,       ,1960,1982,78,STORE,3250,STORE,C+,Avg. (+),1293,1594,1408,60,105900
     77,    128,       ,       ,1994,1997,76,SHOP CTR,3250,STORE,C+,Avg. (+),10650,20700,14400,75,1830000
     77,    129,       ,       ,1985,1993,83,APARTMENT,9080,HOUSING,B-,Good (-),31292,34132,32002,71,2273500
     77,    130,       ,       ,1840,1982,12,MULTI-CONV,1110,APT 4-8,C,Average,3474,6418,4067,60,283400
     77,    131,       ,       ,1890,1982,12,MULTI-CONV,1120,APT 9+UP,C,Average,4048,6227,4537,60,321600
     77,    131,       ,       ,1900,1982,12,MULTI-CONV,1120,APT 9+UP,C,Average,3344,5218,3813,60,275900
     77,    131,       ,       ,1910,1982,12,MULTI-CONV,1120,APT 9+UP,C,Average,2288,3580,2609,60,202600
     77,    132,       ,       ,1900,1982,12,MULTI-CONV,1120,APT 9+UP,C,Average,3168,3624,3359,60,252200
     77,    132,       ,       ,1900,1982,12,MULTI-CONV,1120,APT 9+UP,C,Average,3966,6172,4257,60,294700
     77,    133,       ,       ,1900,1982,78,STORE,3250,STORE,C+,Avg. (+),4328,4382,4340,60,247400
     77,    136,       ,       ,2011,2011,66,GAS MART,3330,GAS STA,B,Good,4529,4529,4529,89,896800
     77,    138,       ,       ,1991,1993,72,OFFICE-PRO,3410,BANK,B+,Good (+),10777,11880,11035,71,1431500
     77,    139,       ,       ,1960,1982,66,GAS MART,3250,STORE,C,Average,1665,1665,1665,60,232600
     77,    140,       ,       ,1900,1974,12,MULTI-CONV,1040,2 FAMILY,C,AVERAGE,2100,3972,2574,52,185800
     77,    141,       ,       ,1870,1989,12,MULTI-CONV,1040,2 FAMILY,C,AVERAGE,2172,4146,2196,67,222600
     77,    142,       ,       ,1870,2005,12,MULTI-CONV,1050,3 FAMILY,C,AVERAGE,1805,3203,1995,83,207400
     77,    143,       ,       ,1900,1984,12,MULTI-CONV,1040,2 FAMILY,C,AVERAGE,990,2288,1232,62,143700
     77,    144,       ,       ,1880,1983,12,MULTI-CONV,1110,APT 4-8,C,Average,2552,3992,2912,61,229500
     77,    145,       ,       ,1890,1989,12,MULTI-CONV,1040,2 FAMILY,C,AVERAGE,1690,3396,2181,67,214700
     77,    146,       ,       ,1900,1984,12,MULTI-CONV,1040,2 FAMILY,C,AVERAGE,1406,3168,1734,62,175600
     77,    147,       ,       ,1880,1984,12,MULTI-CONV,1040,2 FAMILY,C,AVERAGE,1356,3038,1669,62,150100
     77,    148,       ,       ,1860,1974,22,CONVENT`NL,1010,ONE FAM,C,AVERAGE,1114,2457,1272,24,55200
     77,    149,       ,       ,1880,1989,22,CONVENT`NL,1010,ONE FAM,C,AVERAGE,1022,2470,1283,67,150700
     77,    150,       ,       ,1930,1993,22,CONVENT`NL,1010,ONE FAM,C,AVERAGE,1260,2280,1524,71,193500
     77,    151,    101,       ,1870,1987,07,CONDO-GRDN,1020,CONDO,03,ADEQUATE,1076,1516,1225,65,155000
     77,    151,    201,       ,1870,1987,07,CONDO-GRDN,1020,CONDO,03,ADEQUATE,1188,1464,1336,65,168000
     77,    151,    301,       ,2006,2013,07,CONDO-GRDN,1020,CONDO,03,ADEQUATE,672,1827,736,91,207100
     77,    152,       ,       ,1890,1982,12,MULTI-CONV,1110,APT 4-8,C,Average,2604,4814,2892,60,205800
     77,    153,       ,       ,1860,2005,22,CONVENT`NL,1010,ONE FAM,C,AVERAGE,2510,5388,3150,68,305100
     77,    154,       ,       ,1870,1983,12,MULTI-CONV,1110,APT 4-8,C,Average,2471,5450,2735,61,201100
     77,    155,       ,       ,1870,1993,12,MULTI-CONV,1040,2 FAMILY,C,AVERAGE,1431,3222,1783,71,192900
     77,    156,       ,       ,1900,1989,22,CONVENT`NL,1010,ONE FAM,C,AVERAGE,981,2114,1238,67,152500
     77,    157,       ,       ,1940,1989,22,CONVENT`NL,1010,ONE FAM,C,AVERAGE,736,1487,836,67,125200
     77,    158,       ,       ,1940,1989,22,CONVENT`NL,1010,ONE FAM,C,AVERAGE,656,1396,773,67,116900
     77,    159,       ,       ,1900,1989,12,MULTI-CONV,1040,2 FAMILY,C,AVERAGE,1196,2960,1502,67,183300
     77,    160,       ,       ,1860,1979,12,MULTI-CONV,1040,2 FAMILY,C,AVERAGE,2084,3580,2419,57,187100
     77,    161,       ,       ,1960,1997,19,RANCH,1010,ONE FAM,C,AVERAGE,714,1448,719,75,117200
     77,    162,       ,       ,1900,1989,22,CONVENT`NL,1010,ONE FAM,C,AVERAGE,1568,2700,1875,67,216400
     77,    163,       ,       ,1900,1998,06,COLONIAL,1012,ONE FAM W ACC,C,AVERAGE,1248,2022,1494,76,201200
     77,    165,       ,       ,1960,1997,19,RANCH,1010,ONE FAM,C,AVERAGE,1176,2701,1669,75,207100
     77,    166,       ,       ,1920,1993,22,CONVENT`NL,1040,2 FAMILY,C,AVERAGE,2210,3938,2581,71,343600
     77,    167,       ,       ,1910,1993,22,CONVENT`NL,1010,ONE FAM,C,AVERAGE,1319,2206,1462,71,188700
     77,    168,       ,       ,1900,1989,12,MULTI-CONV,1050,3 FAMILY,C,AVERAGE,2849,5223,2923,67,224600
     77,    169,       ,       ,1850,1993,22,CONVENT`NL,1010,ONE FAM,C,AVERAGE,2041,2523,2079,71,244100
     77,    169,       ,       ,2015,2015,22,CONVENT`NL,1010,ONE FAM,C,AVERAGE,1092,1092,1092,93,203700
     77,    170,       ,       ,1880,1979,22,CONVENT`NL,1010,ONE FAM,C,AVERAGE,1152,3281,1545,57,125800
     77,    171,       ,       ,1880,1998,12,MULTI-CONV,1040,2 FAMILY,C,AVERAGE,1436,2322,1611,76,202800
     77,    172,       ,       ,1910,2005,12,MULTI-CONV,1050,3 FAMILY,C,AVERAGE,2716,5641,3548,83,308600
     77,    173,       ,       ,1900,1993,12,MULTI-CONV,1040,2 FAMILY,C,AVERAGE,2003,4950,2550,71,242200
     77,    174,       ,       ,1900,1993,02,BUNGALOW,1010,ONE FAM,C,AVERAGE,1156,2736,1472,71,166000
     77,    175,       ,       ,1900,1986,12,MULTI-CONV,1110,APT 4-8,C,Average,1830,3955,2065,64,189200
     77,    176,       ,       ,1890,1983,83,APARTMENT,1110,APT 4-8,B-,Good (-),3199,6723,3722,61,294300
     77,    177,       ,       ,1850,1982,12,MULTI-CONV,1110,APT 4-8,C+,Avg. (+),2246,5212,2711,60,190700
     77,    178,       ,       ,1895,1984,12,MULTI-CONV,1050,3 FAMILY,C,AVERAGE,2613,4007,2984,62,195200
     77,    179,       ,       ,1885,1979,22,CONVENT`NL,1010,ONE FAM,C,AVERAGE,1050,2631,1356,57,141000
     77,    180,       ,       ,1875,1998,12,MULTI-CONV,1050,3 FAMILY,C,AVERAGE,1932,3627,2301,76,195500
     77,    181,       ,       ,1880,1998,15,OLD STYLE,1050,3 FAMILY,C,AVERAGE,2246,3135,2459,76,299400
     77,    182,       ,       ,1900,1989,12,MULTI-CONV,1050,3 FAMILY,C,AVERAGE,2208,3730,2581,67,183300
     77,    183,       ,       ,1900,1989,14,MULTI-TNHS,1050,3 FAMILY,C,AVERAGE,1780,2821,2080,67,167500
     77,    184,       ,       ,1918,1993,12,MULTI-CONV,1040,2 FAMILY,C,AVERAGE,2408,4768,2942,71,270700
     77,    185,       ,       ,1920,1979,12,MULTI-CONV,1050,3 FAMILY,C,AVERAGE,2160,3657,2478,57,155900
     77,    186,       ,       ,1900,1979,12,MULTI-CONV,1050,3 FAMILY,C,AVERAGE,2679,5214,3272,57,175900
     77,    187,       ,       ,1895,1989,12,MULTI-CONV,1040,2 FAMILY,C,AVERAGE,2181,2848,2341,67,205400
     77,    188,       ,       ,1930,2005,22,CONVENT`NL,1010,ONE FAM,C,AVERAGE,1246,1545,1280,83,204200
     77,    189,       ,       ,1904,1998,22,CONVENT`NL,1010,ONE FAM,C,AVERAGE,1846,3166,2146,76,261400
     77,    190,       ,       ,1910,1989,12,MULTI-CONV,1040,2 FAMILY,C,AVERAGE,2719,4537,3109,67,279100
     77,    191,       ,       ,1910,1989,15,OLD STYLE,1012,ONE FAM W ACC,C,AVERAGE,1641,2226,1730,67,198100
     78,      2,       ,       ,2004,2003,83,APARTMENT,1120,APT 9+UP,B,Good,105024,131952,115795,81,10628800
     78,      2,       ,       ,2004,2003,83,APARTMENT,1120,APT 9+UP,B,Good,105116,132570,116332,81,10673400
     78,      4,       ,       ,,0,,,3900,,,,0,0,0,,0
     78,      5,       ,       ,1955,1977,43,WAREHOUSE,4010,IND WHSE,C,Average,4600,4732,4626,55,135600
     78,      5,       ,       ,1965,1981,43,WAREHOUSE,4010,IND WHSE,C-,Avg. (-),14420,14592,14484,59,390000
     78,      6,       ,       ,1885,1979,22,CONVENT`NL,1010,ONE FAM,C,AVERAGE,1910,4341,2517,57,169300
     78,      7,       ,       ,1920,1993,02,BUNGALOW,1010,ONE FAM,C,AVERAGE,1464,3148,1862,71,186600
     78,      8,       ,       ,1880,1974,22,CONVENT`NL,1090,MULT HS,C-,AVG. (-),1161,1546,1224,52,92600
     78,      8,       ,       ,1880,1989,22,CONVENT`NL,1090,MULT HS,C,AVERAGE,1487,2890,1882,67,168300
     78,      8,       ,       ,1970,1994,10,APT/GAR,1090,MULT HS,C-,AVG. (-),704,1775,1119,72,124300
     78,      9,       ,       ,1850,1989,22,CONVENT`NL,1010,ONE FAM,C,AVERAGE,1886,3454,2285,67,229400
     78,     10,       ,       ,1880,1989,22,CONVENT`NL,1010,ONE FAM,C-,AVG. (-),1210,1504,1265,67,141400
     78,     11,       ,       ,1920,1974,02,BUNGALOW,1010,ONE FAM,D,FAIR,490,800,594,52,51000
     78,     12,       ,       ,,,,,1300,,,,0,0,0,,0
     78,     13,       ,       ,1880,1989,02,BUNGALOW,1010,ONE FAM,C-,AVG. (-),1453,2624,1693,67,152900
     78,     15,       ,       ,2020,2020,71,OFFICE,3400,OFFICE,B+,Good (+),22974,31644,23189,98,3265500
     78,     17,       ,       ,1960,1982,39,REPAIR GAR,3320,AUTO REP,C,Average,6500,6500,6500,60,199300
     78,     18,       ,       ,1900,1974,22,CONVENT`NL,1010,ONE FAM,C-,AVG. (-),1338,2483,1664,52,115800
     78,     19,       ,       ,1900,1974,22,CONVENT`NL,1010,ONE FAM,C-,AVG. (-),1365,2499,1739,52,133000
     78,     20,       ,       ,1900,1979,22,CONVENT`NL,1010,ONE FAM,C-,AVG. (-),1334,1636,1334,57,112200
     78,     21,       ,       ,1920,1998,12,MULTI-CONV,1040,2 FAMILY,C,AVERAGE,1816,3838,2474,76,284000
     78,     22,       ,       ,,,,,9030,,,,0,0,0,,0
     78,     23,       ,       ,,,,,9030,,,,0,0,0,,0
     78,     23,    100,       ,,,,,9010,,,,0,0,0,,0
     78,     24,       ,       ,,,,,9030,,,,0,0,0,,0
     78,     25,       ,       ,1984,2009,19,RANCH,1010,ONE FAM,C-,AVG. (-),1344,2733,1349,87,164200
     78,     26,       ,       ,1983,2009,19,RANCH,1010,ONE FAM,C-,AVG. (-),720,920,842,87,132500
     78,     27,       ,       ,1900,1979,22,CONVENT`NL,1010,ONE FAM,C-,AVG. (-),504,1062,582,57,82500
     78,     28,       ,       ,1900,1984,22,CONVENT`NL,1010,ONE FAM,C-,AVG. (-),1584,1624,1588,62,162700
     78,     29,       ,       ,1880,1974,22,CONVENT`NL,1010,ONE FAM,C-,AVG. (-),1176,2904,1346,52,116700
     78,     30,       ,       ,1900,1989,22,CONVENT`NL,1010,ONE FAM,C-,AVG. (-),1099,2015,1310,67,150700
     78,     31,       ,       ,1880,1989,22,CONVENT`NL,1010,ONE FAM,C-,AVG. (-),1133,1984,1310,67,149000
     78,     32,       ,       ,1900,1980,02,BUNGALOW,1010,ONE FAM,C-,AVG. (-),1069,2864,1531,58,124000
     78,     33,       ,       ,1910,1984,02,BUNGALOW,1010,ONE FAM,C-,AVG. (-),1173,2694,1464,42,83800
     78,     34,       ,       ,1922,1984,22,CONVENT`NL,1010,ONE FAM,C-,AVG. (-),1458,1783,1507,59,131400
     78,     36,       ,       ,1960,1988,19,RANCH,1010,ONE FAM,C-,AVG. (-),1056,1632,1315,66,124000
     78,     38,       ,       ,1986,1992,70,R+D LAB GD,4040,R+D BLDG,C,Average,45329,49872,45515,70,2524600
     78,     39,       ,       ,1984,1992,43,WAREHOUSE,4010,IND WHSE,C,Average,28000,28510,28128,65,788900
     78,     40,    100,       ,2001,2012,72,OFFICE-PRO,3420,MEDICAL OFF,C+,Avg. (+),9913,9913,9913,90,1146900
     78,     40,    200,       ,1969,2012,24,AUTO DEALR,3300,AUTO S+S,A,Very Good,16348,17348,16548,90,2813100
     78,     41,       ,       ,1950,1988,12,MULTI-CONV,1040,2 FAMILY,C,AVERAGE,2444,5148,3109,66,259100
     78,     42,       ,       ,1955,1988,12,MULTI-CONV,1040,2 FAMILY,C,AVERAGE,1976,3252,2283,66,213600
     78,     43,       ,       ,2012,2009,70,R+D LAB GD,4000,FACTORY,B+,Good (+),146472,151620,147538,87,13737800
     78,     44,       ,       ,1986,1992,66,GAS MART,3330,GAS STA,C,Average,4831,8988,6204,70,860200
     78,     45,       ,       ,1983,1985,39,REPAIR GAR,3320,AUTO REP,D,Fair,2700,3600,2700,63,86200
     78,     48,       ,       ,2017,2017,30,GARAGE,316C,COMMWHSE-Comm,C,Average,3420,3420,3420,95,167000
     78,     50,       ,       ,1978,1988,43,WAREHOUSE,3160,COMMWHSE,C,Average,5200,5200,5200,66,163200
     78,     55,       ,       ,1906,1982,71,OFFICE,3400,OFFICE,C-,Avg. (-),1221,1251,1229,60,110200
     78,     61,       ,       ,,0,,,4410,,,,0,0,0,,0
     78,     62,       ,       ,,,,,9030,,,,0,0,0,,0
     79,      1,       ,       ,1970,2001,05,CAPE,1010,ONE FAM,C,AVERAGE,1210,3024,1549,79,186500
     79,      2,       ,       ,1960,1997,19,RANCH,1010,ONE FAM,C,AVERAGE,1219,2788,1755,75,209200
     79,      3,       ,       ,1987,2009,05,CAPE,1010,ONE FAM,C,AVERAGE,1564,2497,1758,87,241500
     79,      4,       ,       ,1929,1989,02,BUNGALOW,1010,ONE FAM,C,AVERAGE,1404,3846,1949,67,181900
     79,      5,       ,       ,1960,1988,19,RANCH,1010,ONE FAM,C,AVERAGE,2208,4936,3009,66,222500
     79,      6,       ,       ,1972,2001,19,RANCH,1010,ONE FAM,C,AVERAGE,1056,2040,1380,79,171400
     79,      7,       ,       ,1973,2005,18,SPLIT/RSD RANCH,1010,ONE FAM,C,AVERAGE,1122,2590,1638,83,203800
     79,      8,       ,       ,1968,2001,19,RANCH,1010,ONE FAM,C,AVERAGE,1344,3224,1941,79,228900
     79,      9,       ,       ,1968,2001,18,SPLIT/RSD RANCH,1010,ONE FAM,C,AVERAGE,1040,2552,1604,79,181200
     79,     10,       ,       ,1961,1997,19,RANCH,1010,ONE FAM,C,AVERAGE,1036,3104,1611,75,188400
     79,     11,       ,       ,1960,1997,19,RANCH,1010,ONE FAM,C,AVERAGE,1050,2496,1457,75,176700
     79,     12,       ,       ,1972,2005,19,RANCH,1010,ONE FAM,C,AVERAGE,1144,3263,1801,83,229200
     79,     13,       ,       ,1973,2005,19,RANCH,1010,ONE FAM,C,AVERAGE,1368,3403,1980,83,246600
     79,     14,       ,       ,1965,2001,18,SPLIT/RSD RANCH,1010,ONE FAM,C,AVERAGE,1138,2430,1567,79,160600
     79,     15,       ,       ,1974,2005,19,RANCH,1010,ONE FAM,C,AVERAGE,1818,3654,2144,83,228300
     79,     16,       ,       ,1968,2001,19,RANCH,1010,ONE FAM,C,AVERAGE,1656,3992,2506,79,262700
     79,     17,       ,       ,1969,1994,19,RANCH,1010,ONE FAM,C,AVERAGE,1300,3016,1791,72,191600
     79,     18,       ,       ,1972,2001,19,RANCH,1010,ONE FAM,C,AVERAGE,1222,2484,1604,79,193600
     79,     19,       ,       ,1958,2000,19,RANCH,1010,ONE FAM,C,AVERAGE,1188,2103,1411,78,172500
     79,     20,       ,       ,1987,2009,06,COLONIAL,1010,ONE FAM,C,AVERAGE,1820,2444,2061,87,260000
     79,     21,       ,       ,1977,2005,19,RANCH,1010,ONE FAM,C,AVERAGE,1170,2449,1530,83,205800
     79,     22,       ,       ,1963,2001,19,RANCH,1010,ONE FAM,C,AVERAGE,1120,2457,1458,79,185300
     79,     23,       ,       ,1964,2001,19,RANCH,1010,ONE FAM,C,AVERAGE,1176,2448,1528,79,184800
     79,     28,       ,       ,1974,2010,18,SPLIT/RSD RANCH,1010,ONE FAM,C+,AVG. (+),1196,3132,1755,88,273800
     79,     28,    100,       ,1820,1993,05,CAPE,1010,ONE FAM,C,AVERAGE,1988,4574,2364,71,244200
     79,     29,       ,       ,1930,1989,02,BUNGALOW,1010,ONE FAM,C-,AVG. (-),1395,3564,1856,67,156600
     79,     30,       ,       ,1975,2005,19,RANCH,1010,ONE FAM,C,AVERAGE,1008,2480,1519,83,198800
     79,     31,       ,       ,1925,1979,05,CAPE,1010,ONE FAM,C-,AVG. (-),1044,1908,1188,57,100000
     79,     32,       ,       ,1928,1974,02,BUNGALOW,1010,ONE FAM,D,FAIR,960,2114,1210,20,28500
     79,     33,       ,       ,1920,1993,05,CAPE,1010,ONE FAM,C-,AVG. (-),778,1808,930,71,115600
     79,     34,       ,       ,1940,1989,02,BUNGALOW,1010,ONE FAM,C,AVERAGE,924,2024,1212,67,132000
     79,     35,       ,       ,1920,1998,22,CONVENT`NL,1010,ONE FAM,C,AVERAGE,1576,2098,1589,76,209800
     79,     36,       ,       ,1920,1979,02,BUNGALOW,1010,ONE FAM,C-,AVG. (-),1215,2980,1604,57,126900
     79,     37,       ,       ,1950,1993,19,RANCH,1010,ONE FAM,C-,AVG. (-),512,1216,774,71,104200
     79,     38,       ,       ,,,,,1320,,,,0,0,0,,0
     79,     39,       ,       ,,,,,9030,,,,0,0,0,,0
     79,     40,       ,       ,1900,1974,04,"CAMP,YRRND",1010,ONE FAM,C-,AVG. (-),576,1344,854,52,39700
     79,     41,       ,       ,1926,1989,06,COLONIAL,1010,ONE FAM,C-,AVG. (-),1000,1745,1067,67,118300
     79,     42,       ,       ,,,,,1320,,,,0,0,0,,0
     79,     43,       ,       ,1920,1993,22,CONVENT`NL,1010,ONE FAM,C-,AVG. (-),1441,2740,1598,71,175100
     79,     44,       ,       ,1988,2009,21,SPLIT LVL,1010,ONE FAM,C,AVERAGE,1064,2644,1422,87,203200
     79,     45,       ,       ,1987,2012,18,SPLIT/RSD RANCH,1010,ONE FAM,C,AVERAGE,1176,2644,1587,90,222500
     79,     46,       ,       ,1970,1994,19,RANCH,1010,ONE FAM,C-,AVG. (-),1975,3998,2595,72,217200
     79,     47,       ,       ,1920,1989,19,RANCH,1010,ONE FAM,C-,AVG. (-),1002,2132,1300,67,121800
     79,     48,       ,       ,,,,,1320,,,,0,0,0,,0
     79,     49,       ,       ,,,,,1300,,,,0,0,0,,0
     79,     50,       ,       ,,,,,9030,,,,0,0,0,,0
     79,     51,       ,       ,,,,,9030,,,,0,0,0,,0
     79,     52,       ,       ,,,,,6231,,,,0,0,0,,0
     79,     53,       ,       ,1998,2012,18,SPLIT/RSD RANCH,1010,ONE FAM,C,AVERAGE,1074,2360,1362,90,198900
     79,     54,       ,       ,1960,1997,19,RANCH,1010,ONE FAM,C,AVERAGE,1200,2320,1422,75,171200
     80,      1,       ,       ,1972,2005,19,RANCH,1010,ONE FAM,C,AVERAGE,1788,2058,1815,83,231600
     80,      2,       ,       ,1985,1995,19,RANCH,1010,ONE FAM,B-,GOOD (-),3163,7413,4343,73,474800
     80,      3,       ,       ,1980,2005,19,RANCH,1010,ONE FAM,C,AVERAGE,1040,2480,1464,83,187600
     80,      5,       ,       ,1966,2001,19,RANCH,1010,ONE FAM,C,AVERAGE,1040,3028,1639,79,207800
     80,      6,       ,       ,,,,,1060,,,,0,0,0,,0
     80,      6,    100,       ,2006,2013,19,RANCH,1010,ONE FAM,C,AVERAGE,1680,4016,2203,91,255400
     80,      7,       ,       ,1791,1989,22,CONVENT`NL,1010,ONE FAM,C,AVERAGE,1941,5065,2597,67,263400
     80,      8,       ,       ,1997,2013,19,RANCH,1010,ONE FAM,B-,GOOD (-),2280,4762,2983,91,445200
     80,      9,       ,       ,,,,,1300,,,,0,0,0,,0
     80,     10,       ,       ,1810,1989,06,COLONIAL,1040,2 FAMILY,C,AVERAGE,3124,6108,3984,67,394300
     80,     11,       ,       ,,,,,1060,,,,0,0,0,,0
     80,     12,       ,       ,1992,2012,18,SPLIT/RSD RANCH,1010,ONE FAM,C,AVERAGE,1337,3489,2065,90,279500
     80,     13,       ,       ,,,,,6001,,,,0,0,0,,0
     80,     14,       ,       ,1978,2005,09,CONTEMPORY,1012,ONE FAM W ACC,B-,GOOD (-),3204,7902,4296,83,588800
     80,     14,    100,       ,,0,,,6001,,,,0,0,0,,0
     80,     14,    200,       ,,0,,,6001,,,,0,0,0,,0
     80,     15,       ,       ,1855,1974,22,CONVENT`NL,1010,ONE FAM,C,AVERAGE,2800,5768,3369,27,128200
     80,     16,       ,       ,,,,,6001,,,,0,0,0,,0
     80,     17,       ,       ,1780,1989,06,COLONIAL,1010,ONE FAM,B-,GOOD (-),3738,8830,4789,67,427600
     80,     18,       ,       ,1995,2014,05,CAPE,1010,ONE FAM,B,GOOD,3103,7296,3909,92,604600
     80,     19,       ,       ,2004,2013,05,CAPE,1010,ONE FAM,C+,AVG. (+),2110,3753,2451,91,337100
     80,     20,       ,       ,1790,1989,06,COLONIAL,1010,ONE FAM,C+,AVG. (+),2441,2716,2441,67,270600
     80,     21,       ,       ,1991,2013,06,COLONIAL,1010,ONE FAM,B,GOOD,2412,4507,3107,91,537500
     80,     22,       ,       ,2009,2016,06,COLONIAL,1010,ONE FAM,A-,V GOOD-,2588,5176,3293,94,694000
     80,     23,       ,       ,1989,2012,05,CAPE,1010,ONE FAM,B,GOOD,1846,4607,2609,90,428600
     80,     24,       ,       ,1988,2012,05,CAPE,1010,ONE FAM,B-,GOOD (-),2454,5530,3215,90,473600
     80,     25,       ,       ,1988,2009,06,COLONIAL,1010,ONE FAM,C,AVERAGE,3019,5204,3544,87,445700
     80,     26,       ,       ,1970,2001,19,RANCH,1010,ONE FAM,C-,AVG. (-),1956,4794,2758,79,242200
     80,     27,       ,       ,1954,1997,19,RANCH,1010,ONE FAM,C-,AVG. (-),720,1682,1051,75,132000
     80,     28,       ,       ,1850,1993,05,CAPE,1010,ONE FAM,C+,AVG. (+),1740,3797,2042,71,242400
     80,     28,    200,       ,,0,,,6211,,,,0,0,0,,0
     80,     29,       ,       ,2006,2014,19,RANCH,1010,ONE FAM,C+,AVG. (+),1620,3958,2261,92,274400
     80,     30,       ,       ,1996,2013,05,CAPE,1010,ONE FAM,C,AVERAGE,1408,2866,1657,91,210100
     80,     30,    100,       ,1988,2012,05,CAPE,1010,ONE FAM,C+,AVG. (+),1729,3920,2272,90,275200
     80,     31,       ,       ,1954,1997,09,CONTEMPORY,1010,ONE FAM,C,AVERAGE,3602,5497,4165,75,362200
     80,     32,       ,       ,1961,1997,05,CAPE,1010,ONE FAM,C,AVERAGE,1872,3008,2096,75,230100
     80,     33,       ,       ,1990,2009,05,CAPE,1010,ONE FAM,C+,AVG. (+),1884,5568,2708,87,350700
     80,     34,       ,       ,1880,1984,06,COLONIAL,1010,ONE FAM,C,AVERAGE,2124,4399,2549,62,230400
     80,     35,       ,       ,1996,2012,06,COLONIAL,1010,ONE FAM,A-,V GOOD-,6604,12481,7899,90,998300
     80,     35,    100,       ,1996,2013,06,COLONIAL,1010,ONE FAM,B-,GOOD (-),2088,4076,2736,91,461500
     80,     35,    200,       ,1995,2012,05,CAPE,1010,ONE FAM,C+,AVG. (+),1264,3722,1631,90,257500
     80,     35,    300,       ,2002,2013,05,CAPE,1010,ONE FAM,B,GOOD,1855,4991,2307,91,390100
     80,     35,    400,       ,,,,,1320,,,,0,0,0,,0
     80,     36,       ,       ,2016,2016,19,RANCH,1010,ONE FAM,B,GOOD,1864,5100,2673,94,494400
     82,      1,       ,       ,1996,2012,05,CAPE,1010,ONE FAM,A-,V GOOD-,4745,10686,6112,90,1058600
     82,      2,       ,       ,1900,1998,22,CONVENT`NL,1010,ONE FAM,C,AVERAGE,1378,3443,1850,76,210600
     82,      3,       ,       ,2001,2012,18,SPLIT/RSD RANCH,1010,ONE FAM,B,GOOD,2563,7363,4131,90,605400
     82,      4,       ,       ,1989,2014,09,CONTEMPORY,1010,ONE FAM,B-,GOOD (-),2481,6965,3729,92,564700
     82,      5,       ,       ,1996,2012,09,CONTEMPORY,1010,ONE FAM,A,VERY GOOD,3525,9446,4214,90,848900
     82,      6,       ,       ,,,,,6220,,,,0,0,0,,0
     82,      7,       ,       ,,,,,6230,,,,0,0,0,,0
     82,      8,       ,       ,1850,1993,05,CAPE,1010,ONE FAM,C,AVERAGE,1422,3653,1900,71,196800
     82,      9,       ,       ,1954,1997,19,RANCH,1010,ONE FAM,C,AVERAGE,912,1824,1140,75,150600
     82,      9,    100,       ,1830,1932,05,CAPE,1010,ONE FAM,C-,AVG. (-),2024,4628,2876,30,94200
     82,     10,       ,       ,2019,2019,19,RANCH,1010,ONE FAM,C,AVERAGE,1956,4424,2498,97,352200
     82,     11,       ,       ,,,,,9030,,,,0,0,0,,0
     82,     12,       ,       ,1778,1989,19,RANCH,1010,ONE FAM,C-,AVG. (-),1208,2028,1525,67,148100
     82,     12,    100,       ,2000,2012,19,RANCH,1010,ONE FAM,C,AVERAGE,1666,3842,2523,90,323600
     82,     13,       ,       ,1920,1989,22,CONVENT`NL,1010,ONE FAM,C-,AVG. (-),1186,2664,1501,67,155100
     82,     14,       ,       ,,,,,9010,,,,0,0,0,,0
     82,     15,       ,       ,,,,,1060,,,,0,0,0,,0
     82,     16,       ,       ,2001,2012,19,RANCH,1010,ONE FAM,C,AVERAGE,1056,1152,1066,90,186600
     82,     17,       ,       ,1965,1994,19,RANCH,1010,ONE FAM,B-,GOOD (-),2958,7180,3935,63,378200
     82,     18,       ,       ,2003,2013,09,CONTEMPORY,1010,ONE FAM,A,VERY GOOD,3319,8423,4332,91,850300
     82,     20,       ,       ,1975,1996,09,CONTEMPORY,1010,ONE FAM,B,GOOD,2463,6639,3965,74,324400
     82,     21,       ,       ,1996,2012,06,COLONIAL,1010,ONE FAM,B-,GOOD (-),2838,6825,3763,90,476800
     82,     22,       ,       ,1992,2013,06,COLONIAL,1010,ONE FAM,B-,GOOD (-),4724,8386,5882,91,675200
     82,     23,       ,       ,,,,,6000,,,,0,0,0,,0
     82,     24,       ,       ,2011,2014,05,CAPE,1010,ONE FAM,A,VERY GOOD,2157,7358,3249,92,681900
     83,      1,       ,       ,,,,,9030,,,,0,0,0,,0
     83,      2,       ,       ,,,,,9030,,,,0,0,0,,0
     83,      3,       ,       ,1935,1998,05,CAPE,1010,ONE FAM,C,AVERAGE,1170,2582,1377,76,159600
     83,      4,       ,       ,,,,,1300,,,,0,0,0,,0
     83,      5,       ,       ,1966,2001,19,RANCH,1010,ONE FAM,C,AVERAGE,1356,3192,1857,79,218500
     83,      7,       ,       ,,,,,1300,,,,0,0,0,,0
     83,      8,       ,       ,,,,,1320,,,,0,0,0,,0
     83,      9,       ,       ,,,,,9010,,,,0,0,0,,0
     83,     10,       ,       ,,,,,9010,,,,0,0,0,,0
     83,     11,       ,       ,,,,,1060,,,,0,0,0,,0
     83,     12,       ,       ,1935,1932,05,CAPE,1010,ONE FAM,C,AVERAGE,1176,3381,1799,1,2500
     83,     13,       ,       ,1983,2004,21,SPLIT LVL,1010,ONE FAM,C+,AVG. (+),3503,7758,4505,82,470700
     83,     14,       ,       ,1986,2009,18,SPLIT/RSD RANCH,1010,ONE FAM,C,AVERAGE,1569,3717,2256,87,257700
     83,     15,       ,       ,1980,2005,05,CAPE,1010,ONE FAM,C,AVERAGE,1708,3633,2163,83,244700
     83,     16,       ,       ,1980,2005,19,RANCH,1010,ONE FAM,C,AVERAGE,1008,3076,1583,83,206200
     83,     17,       ,       ,1940,1979,05,CAPE,1010,ONE FAM,C,AVERAGE,1548,2452,1737,57,138300
     83,     18,       ,       ,1976,2005,19,RANCH,1010,ONE FAM,C,AVERAGE,1736,4132,2286,83,279000
     83,     19,       ,       ,1977,2005,19,RANCH,1010,ONE FAM,C,AVERAGE,1248,2834,1633,83,208500
     83,     20,       ,       ,,,,,1320,,,,0,0,0,,0
     84,      1,       ,       ,1985,2009,21,SPLIT LVL,1010,ONE FAM,C,AVERAGE,921,3472,1507,87,219300
     84,      2,       ,       ,1990,2012,05,CAPE,1010,ONE FAM,B,GOOD,1456,3608,1862,90,331900
     84,      3,       ,       ,1995,2012,05,CAPE,1010,ONE FAM,C,AVERAGE,2116,4590,2580,90,329700
     84,      4,       ,       ,1994,2012,05,CAPE,1010,ONE FAM,C,AVERAGE,1547,2955,1798,90,272700
     84,      5,       ,       ,1990,2012,05,CAPE,1010,ONE FAM,C,AVERAGE,1924,4651,2532,90,315100
     84,      6,       ,       ,,,,,1300,,,,0,0,0,,0
     84,      7,       ,       ,1974,2008,09,CONTEMPORY,1010,ONE FAM,C,AVERAGE,1190,3360,1670,86,244500
     84,      8,       ,       ,1920,1979,05,CAPE,1010,ONE FAM,C,AVERAGE,1233,2388,1408,57,127800
     84,      9,       ,       ,1960,2000,19,RANCH,1012,ONE FAM W ACC,C+,AVG. (+),2018,5280,3061,78,354900
     84,     10,       ,       ,1993,1997,46,CHURCH/SYN,9060,CHURCH,C-,Avg. (-),3924,6881,4653,75,433800
     84,     11,       ,       ,1976,1988,48,FIRE STAT,903I,MUNICPAL-Ind,C-,Avg. (-),1800,1800,1800,66,168400
     84,     12,       ,       ,1968,2001,19,RANCH,1010,ONE FAM,C,AVERAGE,1226,3060,1855,79,214500
     84,     13,       ,       ,1975,2005,19,RANCH,1010,ONE FAM,C,AVERAGE,1008,2260,1435,83,187900
     84,     14,       ,       ,1975,2010,19,RANCH,1010,ONE FAM,C,AVERAGE,2252,4384,2561,88,316500
     84,     15,       ,       ,,,,,9200,,,,0,0,0,,0
     84,     16,       ,       ,1960,2004,04,"CAMP,YRRND",1010,ONE FAM,C,AVERAGE,1100,1958,1411,82,115700
     84,     17,       ,       ,1960,1997,03,"CAMP,SEAS",1010,ONE FAM,C+,AVG. (+),1191,2596,1476,75,82900
     84,     18,       ,       ,1952,1997,03,"CAMP,SEAS",1010,ONE FAM,C+,AVG. (+),2391,5324,2759,75,128200
     84,     19,       ,       ,2017,2018,02,BUNGALOW,1010,ONE FAM,C,AVERAGE,1148,2422,1510,96,209300
     84,     20,       ,       ,1966,2004,22,CONVENT`NL,1010,ONE FAM,C+,AVG. (+),1460,2810,1820,82,313500
     84,     22,       ,       ,2016,2017,22,CONVENT`NL,1010,ONE FAM,C,AVERAGE,1969,4473,2530,95,405000
     84,     23,       ,       ,2013,2017,22,CONVENT`NL,1010,ONE FAM,C,AVERAGE,1920,3454,2367,95,397400
     84,     24,       ,       ,1963,2004,03,"CAMP,SEAS",1010,ONE FAM,C+,AVG. (+),920,2153,1188,82,73900
     84,     25,       ,       ,1950,1993,03,"CAMP,SEAS",1010,ONE FAM,C+,AVG. (+),1258,2100,1293,71,65400
     84,     26,       ,       ,1970,1990,03,"CAMP,SEAS",1010,ONE FAM,C-,AVG. (-),1008,2016,1515,68,38900
     84,     27,       ,       ,1960,1997,04,"CAMP,YRRND",1010,ONE FAM,C,AVERAGE,2102,5996,2926,75,156800
     84,     28,       ,       ,,,,,9030,,,,0,0,0,,0
     84,     29,       ,       ,1900,1972,66,GAS MART,3250,STORE,C-,Avg. (-),1850,3300,2225,50,196700
     84,     29,       ,       ,1981,2005,19,RANCH,325R,STORE-Res,C,AVERAGE,912,1850,1253,83,145500
     84,     30,       ,       ,1952,1988,05,CAPE,1010,ONE FAM,C-,AVG. (-),1057,3619,1573,66,158500
     84,     31,       ,       ,1934,1989,05,CAPE,1010,ONE FAM,C,AVERAGE,1587,3132,1837,67,186800
     84,     32,       ,       ,1840,1982,12,MULTI-CONV,1110,APT 4-8,C,Average,4032,5902,4445,60,316200
     84,     33,       ,       ,1860,1984,06,COLONIAL,1010,ONE FAM,C,AVERAGE,1680,2801,2070,62,198300
     84,     34,       ,       ,1860,1993,22,CONVENT`NL,1010,ONE FAM,C,AVERAGE,1708,4205,2083,71,252400
     84,     36,       ,       ,1960,2004,19,RANCH,1010,ONE FAM,C,AVERAGE,1403,2958,1792,82,235500
     84,     37,       ,       ,1991,2009,05,CAPE,1010,ONE FAM,C,AVERAGE,1398,4910,2153,87,286600
     84,     38,       ,       ,,,,,9010,,,,0,0,0,,0
     84,     39,       ,       ,,,,,9010,,,,0,0,0,,0
     84,     40,       ,       ,,,,,9010,,,,0,0,0,,0
     84,     41,       ,       ,1982,2014,06,COLONIAL,1010,ONE FAM,C+,AVG. (+),3324,6103,4137,92,556400
     84,     42,       ,       ,1979,2005,05,CAPE,1010,ONE FAM,C,AVERAGE,1753,5172,2381,83,270300
     84,     43,       ,       ,1960,1997,05,CAPE,1010,ONE FAM,C,AVERAGE,1120,4152,1837,75,214500
     84,     44,       ,       ,1985,2009,19,RANCH,1010,ONE FAM,C-,AVG. (-),1008,2216,1280,87,182500
     84,     45,       ,       ,2003,2013,05,CAPE,1010,ONE FAM,C,AVERAGE,1663,3456,1939,91,225100
     84,     46,       ,       ,1990,2009,09,CONTEMPORY,1010,ONE FAM,C+,AVG. (+),1440,3478,1883,87,290200
     84,     47,    100,       ,2002,2015,19,RANCH,1010,ONE FAM,B+,GOOD (+),3221,8092,4620,93,762000
     84,     47,    200,       ,,,,,1300,,,,0,0,0,,0
     84,     47,    300,       ,,,,,1300,,,,0,0,0,,0
     84,     48,       ,       ,,,,,1320,,,,0,0,0,,0
     84,     49,       ,       ,,,,,9200,,,,,,,,
     85,      1,       ,       ,1986,1992,46,CHURCH/SYN,9060,CHURCH,B,Good,13366,13846,13462,70,1463000
     85,      2,       ,       ,,,,,1300,,,,0,0,0,,0
     85,      2,    100,       ,,,,,9030,,,,0,0,0,,0
     85,      3,       ,       ,,,,,1320,,,,0,0,0,,0
     85,      4,       ,       ,1937,1989,03,"CAMP,SEAS",1010,ONE FAM,C-,AVG. (-),363,524,411,67,28000
     85,      5,       ,       ,,,,,1320,,,,0,0,0,,0
     85,      6,       ,       ,,,,,1320,,,,0,0,0,,0
     85,      7,       ,       ,2006,2013,09,CONTEMPORY,1010,ONE FAM,B,GOOD,2772,7028,3570,91,555800
     85,      9,       ,       ,1970,2001,19,RANCH,1010,ONE FAM,C+,AVG. (+),1828,5040,2739,79,289100
     85,     10,       ,       ,1953,1997,19,RANCH,1010,ONE FAM,C,AVERAGE,2882,6236,3834,75,374700
     85,     11,       ,       ,1971,2001,19,RANCH,1010,ONE FAM,C,AVERAGE,1776,3894,2578,79,279400
     85,     12,       ,       ,,,,,1060,,,,0,0,0,,0
     86,      1,       ,       ,1900,1982,12,MULTI-CONV,1110,APT 4-8,C,Average,2970,4484,3213,60,223000
     86,      2,       ,       ,1900,1982,12,MULTI-CONV,1110,APT 4-8,C+,Avg. (+),5051,8664,5669,60,384000
     86,      3,       ,       ,,,,,1060,,,,0,0,0,,0
     86,      4,       ,       ,1900,1989,12,MULTI-CONV,1040,2 FAMILY,C,AVERAGE,2344,3569,2506,67,236100
     86,      5,       ,       ,1900,1984,22,CONVENT`NL,1010,ONE FAM,C,AVERAGE,1056,2366,1403,62,168700
     86,      6,       ,       ,1920,1979,22,CONVENT`NL,1010,ONE FAM,C-,AVG. (-),1218,2688,1576,57,144900
     86,      7,       ,       ,2006,2014,14,MULTI-TNHS,1040,2 FAMILY,C-,AVG. (-),2184,3346,2464,92,146100
     86,      8,       ,       ,1900,1979,12,MULTI-CONV,1040,2 FAMILY,C,AVERAGE,2240,5088,2809,57,215400
     86,      9,       ,       ,1900,1993,22,CONVENT`NL,1040,2 FAMILY,C,AVERAGE,1190,2062,1402,71,243500
     86,     10,       ,       ,1900,1989,06,COLONIAL,1012,ONE FAM W ACC,C,AVERAGE,1847,3269,2200,65,214700
     86,     10,       ,       ,2022,2022,19,RANCH,1012,ONE FAM W ACC,C-,AVG. (-),768,768,768,100,118400
     86,     11,       ,       ,1922,1989,06,COLONIAL,1010,ONE FAM,C,AVERAGE,1248,2088,1490,67,174000
     86,     12,       ,       ,1890,2005,12,MULTI-CONV,1040,2 FAMILY,B,GOOD,1610,2444,1748,83,339500
     86,     13,       ,       ,1900,1993,22,CONVENT`NL,1010,ONE FAM,C,AVERAGE,1453,3026,1803,71,197900
     86,     14,       ,       ,1900,1989,12,MULTI-CONV,1040,2 FAMILY,C,AVERAGE,1626,3139,2023,67,211100
     86,     15,       ,       ,1900,1989,06,COLONIAL,1010,ONE FAM,C,AVERAGE,1440,2618,1830,67,188700
     86,     16,       ,       ,1900,1993,06,COLONIAL,1010,ONE FAM,C,AVERAGE,1578,2338,1768,71,210500
     86,     17,       ,       ,1900,1977,06,COLONIAL,1010,ONE FAM,C,AVERAGE,1542,2863,1926,55,156400
     86,     18,       ,       ,1900,1998,05,CAPE,1010,ONE FAM,C+,AVG. (+),1855,3464,2219,76,274800
     86,     18,    200,       ,2003,2014,12,MULTI-CONV,1040,2 FAMILY,C+,AVG. (+),2893,6993,3596,92,446300
     86,     19,       ,       ,1900,1989,22,CONVENT`NL,1010,ONE FAM,C,AVERAGE,2524,5776,3086,67,295500
     86,     20,    100,       ,1940,1984,05,CAPE,903R,MUNICPAL-Res,C,AVERAGE,1447,2598,1738,62,153700
     86,     20,    200,       ,,,,,1060,,,,0,0,0,,0
     86,     21,       ,       ,1987,1992,71,OFFICE,9050,CHARITABLE,C,Average,2400,4800,3027,70,277200
     86,     22,       ,       ,1920,1982,78,STORE,3250,STORE,C,Average,2850,2850,2850,60,165400
     86,     22,       ,       ,1920,1982,78,STORE,3250,STORE,C+,Avg. (+),4104,6274,4454,60,254200
     86,     23,       ,       ,1920,1989,12,MULTI-CONV,1040,2 FAMILY,C,AVERAGE,1889,3116,2200,67,208700
     86,     24,       ,       ,1870,1982,12,MULTI-CONV,1110,APT 4-8,C,Average,2960,6602,3682,60,247600
     86,     25,       ,       ,1765,1986,71,OFFICE,913C,SCHLDEPT-Comm,C,Average,1788,4564,2250,64,207300
     86,     25,       ,       ,1901,1982,58,SCHOOL,913C,SCHLDEPT-Comm,C+,Avg. (+),25137,33817,27308,60,2821800
     86,     25,       ,       ,1980,1988,39,REPAIR GAR,913C,SCHLDEPT-Comm,C,Average,2000,2000,2000,66,89800
     86,     25,    100,       ,2021,2021,30,GARAGE,903C,MUNICPAL-Comm,C+,Avg. (+),0,2720,1034,99,86700
     86,     26,       ,       ,1880,1989,12,MULTI-CONV,1210,BOARDING,C+,AVG. (+),2969,4753,3098,67,277900
     86,     27,       ,       ,1900,1932,12,MULTI-CONV,1040,2 FAMILY,C,AVERAGE,2240,3540,2522,30,4200
     86,     28,       ,       ,1890,1982,12,MULTI-CONV,1110,APT 4-8,C,Average,3184,5977,3780,60,271600
     86,     29,       ,       ,1950,1993,19,RANCH,1010,ONE FAM,C,AVERAGE,984,1324,1069,71,132800
     86,     30,       ,       ,1926,1979,06,COLONIAL,1010,ONE FAM,C,AVERAGE,1632,3451,2025,57,176200
     86,     31,       ,       ,1870,2005,15,OLD STYLE,1010,ONE FAM,B,GOOD,2830,7206,3571,83,568000
     86,     32,       ,       ,1970,2004,19,RANCH,1010,ONE FAM,C,AVERAGE,1316,2962,1758,82,203200
     86,     33,       ,       ,1963,2001,19,RANCH,1010,ONE FAM,C,AVERAGE,1032,2324,1428,79,183000
     86,     34,       ,       ,1960,2000,19,RANCH,1010,ONE FAM,C,AVERAGE,1320,3454,1710,78,210000
     86,     35,       ,       ,1965,2001,18,SPLIT/RSD RANCH,1010,ONE FAM,C,AVERAGE,1066,2426,1566,79,197600
     86,     36,       ,       ,1960,1997,19,RANCH,1010,ONE FAM,C,AVERAGE,1368,3423,1880,75,208800
     86,     37,       ,       ,1889,1989,22,CONVENT`NL,1010,ONE FAM,C,AVERAGE,1461,3318,1849,67,185700
     86,     38,       ,       ,1975,2005,12,MULTI-CONV,1050,3 FAMILY,C,AVERAGE,2436,3792,2896,83,284900
     86,     39,    100,       ,1900,1989,22,CONVENT`NL,1010,ONE FAM,C,AVERAGE,1570,3660,1964,67,214400
     86,     39,    200,       ,2002,2018,19,RANCH,1010,ONE FAM,C,AVERAGE,1040,2995,1728,96,269300
     86,     40,       ,       ,1900,1979,22,CONVENT`NL,1010,ONE FAM,C,AVERAGE,1615,2594,1811,57,164800
     86,     41,       ,       ,1964,1998,19,RANCH,1010,ONE FAM,C,AVERAGE,900,2052,1294,76,173600
     86,     42,       ,       ,,,,,4400,,,,0,0,0,,0
     86,     43,       ,       ,,,,,1310,,,,0,0,0,,0
     86,     44,       ,       ,1860,1979,22,CONVENT`NL,1010,ONE FAM,C,AVERAGE,1724,3294,2053,57,193900
     86,     45,       ,       ,,,,,1320,,,,0,0,0,,0
     86,     46,       ,       ,,,,,1320,,,,0,0,0,,0
     86,     47,       ,       ,,,,,9030,,,,0,0,0,,0
     86,     48,       ,       ,,,,,1320,,,,0,0,0,,0
     86,     49,       ,       ,,,,,1320,,,,0,0,0,,0
     86,     50,       ,       ,,,,,1320,,,,0,0,0,,0
     86,     51,       ,       ,,,,,1320,,,,0,0,0,,0
     86,     51,    100,       ,,,,,9030,,,,0,0,0,,0
     86,     52,       ,       ,1920,1993,12,MULTI-CONV,1040,2 FAMILY,C,AVERAGE,2379,4009,2692,71,267600
     86,     53,       ,       ,1920,1989,12,MULTI-CONV,1050,3 FAMILY,C,AVERAGE,2822,4093,3040,67,211100
     86,     54,       ,       ,1870,1986,12,MULTI-CONV,1110,APT 4-8,C,Average,4141,7332,4949,64,360900
     86,     55,       ,       ,,,,,9030,,,,0,0,0,,0
     86,     56,       ,       ,,0,,,9030,,,,0,0,0,,0
     86,     57,       ,       ,1900,1979,05,CAPE,903R,MUNICPAL-Res,C,AVERAGE,792,1973,1121,57,84900
     86,     58,       ,       ,,,,,1320,,,,0,0,0,,0
     86,     59,       ,       ,1894,1989,05,CAPE,1010,ONE FAM,C,AVERAGE,1357,2540,1498,67,134900
     86,     60,       ,       ,,,,,1300,,,,0,0,0,,0
     86,     61,       ,       ,1940,1984,12,MULTI-CONV,1040,2 FAMILY,C,AVERAGE,2737,6269,3353,62,258500
     87,      1,       ,       ,1950,1988,19,RANCH,1010,ONE FAM,C-,AVG. (-),840,994,879,66,105900
     87,      2,       ,       ,1956,1997,19,RANCH,1010,ONE FAM,C,AVERAGE,1176,2917,1709,75,205200
     87,      3,       ,       ,1958,1997,19,RANCH,1010,ONE FAM,C,AVERAGE,1120,2960,1664,75,184400
     87,      4,       ,       ,1955,1997,06,COLONIAL,1010,ONE FAM,C,AVERAGE,1911,3184,2271,75,271800
     87,      5,       ,       ,1960,2000,19,RANCH,1010,ONE FAM,C,AVERAGE,976,2414,1456,78,187600
     87,      6,       ,       ,1957,2004,19,RANCH,1010,ONE FAM,C,AVERAGE,936,2453,1433,82,185700
     87,      7,       ,       ,1924,1989,02,BUNGALOW,1010,ONE FAM,C,AVERAGE,1240,4216,1916,67,164600
     87,      8,       ,       ,1960,1997,18,SPLIT/RSD RANCH,1010,ONE FAM,C,AVERAGE,999,2809,1520,75,163000
     87,      9,       ,       ,1956,2000,19,RANCH,1010,ONE FAM,C,AVERAGE,1136,2402,1500,78,190000
     87,     10,       ,       ,1957,1997,19,RANCH,1010,ONE FAM,C,AVERAGE,1959,4847,2636,75,263200
     87,     11,       ,       ,1961,2000,18,SPLIT/RSD RANCH,1010,ONE FAM,C,AVERAGE,1008,2344,1423,78,188700
     87,     12,       ,       ,2012,2015,22,CONVENT`NL,1010,ONE FAM,C,AVERAGE,2688,4240,3076,93,413500
     87,     13,       ,       ,1900,1993,22,CONVENT`NL,1010,ONE FAM,C,AVERAGE,1310,2879,1783,71,224800
     87,     14,       ,       ,1960,1997,18,SPLIT/RSD RANCH,1010,ONE FAM,C+,AVG. (+),1190,2511,1662,75,212300
     87,     15,       ,       ,1960,1997,18,SPLIT/RSD RANCH,1010,ONE FAM,C,AVERAGE,1092,2407,1551,75,188700
     87,     16,       ,       ,1965,2001,14,MULTI-TNHS,1040,2 FAMILY,C,AVERAGE,1464,3600,2209,79,270900
     87,     17,       ,       ,1986,2012,05,CAPE,1010,ONE FAM,C,AVERAGE,1540,3279,2110,90,277300
     87,     18,       ,       ,1890,2005,22,CONVENT`NL,1010,ONE FAM,C,AVERAGE,1719,3068,1929,83,270500
     87,     19,       ,       ,1810,1984,22,CONVENT`NL,1010,ONE FAM,C,AVERAGE,2076,3869,2629,62,212500
     87,     20,       ,       ,1900,1979,12,MULTI-CONV,1040,2 FAMILY,C,AVERAGE,2361,3126,2481,57,189800
     87,     21,       ,       ,1800,1979,22,CONVENT`NL,1010,ONE FAM,C,AVERAGE,1800,4110,2266,57,197100
     87,     22,       ,       ,,,,,1300,,,,0,0,0,,0
     87,     23,       ,       ,1900,1993,12,MULTI-CONV,1050,3 FAMILY,C+,AVG. (+),2579,5248,3014,71,248200
     87,     24,       ,       ,1900,1993,22,CONVENT`NL,1010,ONE FAM,C,AVERAGE,1172,2430,1391,71,183600
     87,     25,       ,       ,1910,1989,12,MULTI-CONV,1040,2 FAMILY,C,AVERAGE,2621,5330,3362,67,267400
     87,     26,       ,       ,1910,1993,22,CONVENT`NL,1010,ONE FAM,C,AVERAGE,2398,4653,2744,71,281400
     87,     27,       ,       ,1924,1989,06,COLONIAL,1012,ONE FAM W ACC,C,AVERAGE,2154,4959,2811,67,291500
     87,     28,       ,       ,1910,1989,12,MULTI-CONV,1040,2 FAMILY,C-,AVG. (-),2160,4376,2905,67,238600
     87,     29,       ,       ,1934,1993,05,CAPE,1010,ONE FAM,C,AVERAGE,1800,3843,2164,71,228300
     87,     30,       ,       ,1920,1989,02,BUNGALOW,1010,ONE FAM,C-,AVG. (-),1159,2575,1542,67,108400
     87,     31,       ,       ,1912,1998,22,CONVENT`NL,1010,ONE FAM,C,AVERAGE,1855,4244,2489,76,290200
     87,     32,       ,       ,1965,2001,19,RANCH,1010,ONE FAM,C-,AVG. (-),1272,2604,1564,79,175400
     87,     33,       ,       ,1960,1992,19,RANCH,1010,ONE FAM,C,AVERAGE,816,2140,1201,70,141900
     87,     34,       ,       ,1940,1998,05,CAPE,1010,ONE FAM,C+,AVG. (+),1820,4968,2419,76,273200
     87,     35,       ,       ,1969,1986,69,LODGE,9080,HOUSING,C,Average,1380,1398,1385,64,105700
     87,     35,       ,       ,1969,1986,83,APARTMENT,9080,HOUSING,C+,Avg. (+),5824,5950,5856,64,407300
     87,     35,       ,       ,1969,1986,83,APARTMENT,9080,HOUSING,C+,Avg. (+),6077,6185,6104,64,420400
     87,     35,       ,       ,1969,1986,83,APARTMENT,9080,HOUSING,C+,Avg. (+),11909,12565,12148,64,786100
     87,     36,       ,       ,1950,1993,19,RANCH,1010,ONE FAM,C,AVERAGE,1242,3180,1860,71,187900
     87,     37,       ,       ,1965,2001,19,RANCH,1010,ONE FAM,C-,AVG. (-),1120,2672,1551,79,179100
     87,     38,       ,       ,1900,1989,05,CAPE,1010,ONE FAM,C,AVERAGE,1285,3192,1563,67,169500
     87,     39,       ,       ,1900,1989,22,CONVENT`NL,1010,ONE FAM,C,AVERAGE,1387,3196,1818,67,186700
     87,     40,       ,       ,2018,2019,09,CONTEMPORY,1010,ONE FAM,C+,AVG. (+),1836,3718,2199,97,353100
     87,     41,       ,       ,1900,1993,22,CONVENT`NL,1010,ONE FAM,C,AVERAGE,2582,5674,3189,71,362800
     87,     42,       ,       ,,,,,1060,,,,0,0,0,,0
     87,     43,       ,       ,1959,1997,19,RANCH,1010,ONE FAM,C,AVERAGE,1288,2612,1816,75,206200
     87,     44,       ,       ,1930,1993,22,CONVENT`NL,1010,ONE FAM,C,AVERAGE,1445,2493,1602,71,207900
     87,     45,       ,       ,1960,2004,19,RANCH,1010,ONE FAM,C,AVERAGE,1104,2688,1476,82,198700
     87,     46,       ,       ,1880,1989,22,CONVENT`NL,1010,ONE FAM,C,AVERAGE,1727,4161,2489,67,247200
     87,     47,       ,       ,1920,1989,02,BUNGALOW,1010,ONE FAM,C,AVERAGE,1788,3711,2125,67,189300
     87,     48,       ,       ,1910,1989,06,COLONIAL,1010,ONE FAM,C,AVERAGE,1792,3489,2366,67,232500
     87,     49,    101,       ,1971,2000,07,CONDO-GRDN,1020,CONDO,03,ADEQUATE,852,852,852,78,132900
     87,     49,    201,       ,1971,2000,07,CONDO-GRDN,1020,CONDO,03,ADEQUATE,852,912,858,78,142600
     87,     49,    301,       ,1971,2000,07,CONDO-GRDN,1020,CONDO,03,ADEQUATE,852,912,858,78,142600
     87,     49,    401,       ,1971,2000,07,CONDO-GRDN,1020,CONDO,03,ADEQUATE,852,852,852,78,134700
     87,     49,    501,       ,1971,2000,07,CONDO-GRDN,1020,CONDO,03,ADEQUATE,852,912,858,78,142600
     87,     49,    601,       ,1971,2000,07,CONDO-GRDN,1020,CONDO,03,ADEQUATE,852,912,858,78,142600
     87,     49,    701,       ,1971,2000,07,CONDO-GRDN,1020,CONDO,03,ADEQUATE,852,912,858,78,142600
     87,     49,    801,       ,1971,2000,07,CONDO-GRDN,1020,CONDO,03,ADEQUATE,852,912,858,78,142600
     87,     49,    901,       ,1971,2000,07,CONDO-GRDN,1020,CONDO,03,ADEQUATE,852,852,852,78,130500
     87,     49,   1001,       ,1971,2000,07,CONDO-GRDN,1020,CONDO,03,ADEQUATE,852,912,858,78,142600
     87,     49,   1101,       ,1971,2000,07,CONDO-GRDN,1020,CONDO,03,ADEQUATE,852,912,858,78,142600
     87,     49,   1202,       ,1971,2000,07,CONDO-GRDN,1020,CONDO,03,ADEQUATE,852,852,852,78,130500
     87,     49,   1302,       ,1971,2000,07,CONDO-GRDN,1020,CONDO,03,ADEQUATE,852,912,858,78,142600
     87,     49,   1402,       ,1971,2000,07,CONDO-GRDN,1020,CONDO,03,ADEQUATE,852,912,858,78,142600
     87,     49,   1502,       ,1971,2000,07,CONDO-GRDN,1020,CONDO,03,ADEQUATE,852,912,858,78,142600
     87,     49,   1602,       ,1971,2000,07,CONDO-GRDN,1020,CONDO,03,ADEQUATE,852,912,858,78,146400
     87,     49,   1702,       ,1976,2003,07,CONDO-GRDN,1020,CONDO,03,ADEQUATE,852,852,852,81,135500
     87,     49,   1802,       ,1971,2000,07,CONDO-GRDN,1020,CONDO,03,ADEQUATE,852,912,858,78,142600
     87,     49,   1902,       ,1971,2000,07,CONDO-GRDN,1020,CONDO,03,ADEQUATE,852,912,858,78,142600
     87,     49,   2002,       ,1971,2000,07,CONDO-GRDN,1020,CONDO,03,ADEQUATE,852,852,852,78,130500
     87,     49,   2102,       ,1971,2000,07,CONDO-GRDN,1020,CONDO,03,ADEQUATE,852,912,858,78,142600
     87,     49,   2202,       ,1971,2000,07,CONDO-GRDN,1020,CONDO,03,ADEQUATE,852,912,858,78,142600
     87,     49,   2303,       ,1971,2000,07,CONDO-GRDN,1020,CONDO,03,ADEQUATE,852,852,852,78,130500
     87,     49,   2403,       ,1971,2000,07,CONDO-GRDN,1020,CONDO,03,ADEQUATE,852,912,858,78,142600
     87,     49,   2503,       ,1971,2000,07,CONDO-GRDN,1020,CONDO,03,ADEQUATE,852,912,858,78,142600
     87,     49,   2603,       ,1971,2006,07,CONDO-GRDN,1020,CONDO,03,ADEQUATE,852,852,852,84,140600
     87,     49,   2703,       ,1971,2000,07,CONDO-GRDN,1020,CONDO,03,ADEQUATE,852,912,858,78,142600
     87,     49,   2803,       ,1971,2000,07,CONDO-GRDN,1020,CONDO,03,ADEQUATE,852,912,858,78,142600
     87,     49,   2903,       ,1971,2000,07,CONDO-GRDN,1020,CONDO,03,ADEQUATE,852,912,858,78,147200
     87,     49,   3003,       ,1971,2002,07,CONDO-GRDN,1020,CONDO,03,ADEQUATE,852,912,858,80,151000
     87,     49,   3103,       ,1971,2000,07,CONDO-GRDN,1020,CONDO,03,ADEQUATE,852,852,852,78,134700
     87,     49,   3203,       ,1971,2000,07,CONDO-GRDN,1020,CONDO,03,ADEQUATE,852,912,858,78,147200
     87,     49,   3303,       ,1971,2000,07,CONDO-GRDN,1020,CONDO,03,ADEQUATE,852,912,858,78,147200
     87,     49,   3404,       ,1971,2000,07,CONDO-GRDN,1020,CONDO,03,ADEQUATE,852,852,852,78,130500
     87,     49,   3504,       ,1971,2000,07,CONDO-GRDN,1020,CONDO,03,ADEQUATE,852,912,858,78,142600
     87,     49,   3604,       ,1971,2000,07,CONDO-GRDN,1020,CONDO,03,ADEQUATE,852,912,858,78,142600
     87,     49,   3704,       ,1971,2000,07,CONDO-GRDN,1020,CONDO,03,ADEQUATE,852,912,858,78,142600
     87,     49,   3804,       ,1971,2000,07,CONDO-GRDN,1020,CONDO,03,ADEQUATE,852,912,858,78,142600
     87,     49,   3904,       ,1971,2000,07,CONDO-GRDN,1020,CONDO,03,ADEQUATE,852,852,852,78,130500
     87,     49,   4004,       ,1971,2000,07,CONDO-GRDN,1020,CONDO,03,ADEQUATE,852,912,858,78,142600
     87,     49,   4104,       ,1971,2006,07,CONDO-GRDN,1020,CONDO,03,ADEQUATE,852,912,858,84,153500
     87,     49,   4204,       ,1971,2000,07,CONDO-GRDN,1020,CONDO,03,ADEQUATE,852,852,852,78,130500
     87,     49,   4304,       ,1971,2000,07,CONDO-GRDN,1020,CONDO,03,ADEQUATE,852,912,858,78,142600
     87,     49,   4404,       ,1971,2000,07,CONDO-GRDN,1020,CONDO,03,ADEQUATE,852,912,858,78,147200
     87,     50,       ,       ,,,,,1320,,,,0,0,0,,0
     87,     51,       ,       ,1900,1998,02,BUNGALOW,1010,ONE FAM,C,AVERAGE,1615,3857,2067,76,211500
     87,     52,       ,       ,1950,1996,05,CAPE,1010,ONE FAM,C,AVERAGE,1913,3818,2423,74,253400
     87,     53,       ,       ,1940,1993,19,RANCH,1010,ONE FAM,C,AVERAGE,1056,2136,1344,71,167100
     87,     54,       ,       ,1940,1998,05,CAPE,1010,ONE FAM,C+,AVG. (+),1378,3094,1659,76,212400
     87,     55,       ,       ,1950,1996,05,CAPE,1010,ONE FAM,C,AVERAGE,1264,3113,1569,74,193500
     87,     56,       ,       ,1954,1997,05,CAPE,1010,ONE FAM,C,AVERAGE,1210,3068,1615,75,175200
     87,     57,       ,       ,1960,2000,19,RANCH,1010,ONE FAM,C,AVERAGE,1368,3304,1962,78,223900
     87,     58,       ,       ,1950,1996,05,CAPE,1010,ONE FAM,C,AVERAGE,1320,3026,1703,74,182400
     87,     59,       ,       ,1958,2000,19,RANCH,1010,ONE FAM,C,AVERAGE,1028,3026,1593,78,210900
     87,     60,       ,       ,1952,2000,19,RANCH,1010,ONE FAM,C,AVERAGE,1155,2858,1621,78,206100
     87,     61,       ,       ,1962,2001,18,SPLIT/RSD RANCH,1010,ONE FAM,C,AVERAGE,858,1926,1255,79,172300
     87,     62,       ,       ,1956,2000,19,RANCH,1010,ONE FAM,C,AVERAGE,1608,4332,2605,78,277800
     87,     63,       ,       ,1949,1993,02,BUNGALOW,1010,ONE FAM,C,AVERAGE,1457,2749,1766,71,205100
     87,     64,       ,       ,1961,2000,05,CAPE,1010,ONE FAM,C,AVERAGE,1770,3840,2296,78,245100
     87,     65,       ,       ,1955,1997,21,SPLIT LVL,1010,ONE FAM,C,AVERAGE,1104,2176,1502,75,191700
     87,     66,       ,       ,1949,1993,19,RANCH,1010,ONE FAM,C,AVERAGE,952,3256,1452,71,154000
     87,     67,       ,       ,1945,1993,02,BUNGALOW,1010,ONE FAM,C,AVERAGE,1129,2258,1411,71,158500
     87,     68,       ,       ,1955,1997,06,COLONIAL,1010,ONE FAM,C,AVERAGE,2882,4903,3411,75,365900
     87,     69,       ,       ,1956,1997,05,CAPE,1010,ONE FAM,C,AVERAGE,1237,3568,1695,75,215000
     87,     70,       ,       ,1960,2000,18,SPLIT/RSD RANCH,1010,ONE FAM,C,AVERAGE,972,2521,1494,78,190800
     87,     71,       ,       ,1965,2001,06,COLONIAL,1010,ONE FAM,C,AVERAGE,1850,3213,2225,79,278000
     87,     72,       ,       ,1956,1997,19,RANCH,1010,ONE FAM,C,AVERAGE,1030,2869,1522,75,179800
     87,     73,       ,       ,1950,1993,19,RANCH,1010,ONE FAM,C,AVERAGE,1695,3377,2212,71,228100
     87,     74,       ,       ,,,,,1300,,,,0,0,0,,0
     87,     75,       ,       ,1950,2000,05,CAPE,1010,ONE FAM,C,AVERAGE,2020,3800,2386,78,260800
     87,     76,       ,       ,1985,2012,19,RANCH,1010,ONE FAM,C,AVERAGE,1176,2592,1494,90,219000
     87,     77,       ,       ,1950,1996,05,CAPE,1010,ONE FAM,C,AVERAGE,1582,4470,2176,74,238100
     87,     78,       ,       ,1954,2000,19,RANCH,1010,ONE FAM,C,AVERAGE,1080,3442,1688,78,208400
     87,     79,       ,       ,1950,1993,19,RANCH,1010,ONE FAM,C,AVERAGE,864,1116,893,71,114200
     87,     80,       ,       ,1950,2000,05,CAPE,1010,ONE FAM,C,AVERAGE,1404,3365,1699,78,212300
     87,     81,       ,       ,1955,2000,19,RANCH,1010,ONE FAM,C,AVERAGE,1284,3364,1863,78,225500
     87,     82,       ,       ,1960,2018,05,CAPE,1010,ONE FAM,C+,AVG. (+),2185,5394,2623,96,411100
     87,     83,       ,       ,1945,1996,19,RANCH,1010,ONE FAM,C,AVERAGE,994,2862,1668,74,192700
     87,     84,       ,       ,1953,1997,05,CAPE,1010,ONE FAM,C,AVERAGE,2550,4333,2982,75,299100
     87,     85,       ,       ,1950,1993,19,RANCH,1010,ONE FAM,C,AVERAGE,1280,3568,1664,71,195000
     87,     86,       ,       ,1950,1996,05,CAPE,1010,ONE FAM,C,AVERAGE,1348,3535,1692,74,202000
     87,     87,       ,       ,1955,1997,19,RANCH,1010,ONE FAM,C,AVERAGE,1306,3044,1748,75,206000
     87,     88,       ,       ,1954,1997,19,RANCH,1010,ONE FAM,C,AVERAGE,1248,2734,1618,75,199100
     87,     89,       ,       ,1957,1997,19,RANCH,1010,ONE FAM,C,AVERAGE,1818,3883,2188,75,240400
     87,     90,       ,       ,1958,1997,19,RANCH,1010,ONE FAM,C,AVERAGE,975,2266,1341,75,162500
     87,     91,       ,       ,1981,2001,18,SPLIT/RSD RANCH,1010,ONE FAM,C,AVERAGE,906,2412,1528,79,185500
     87,     92,       ,       ,1958,2000,19,RANCH,1010,ONE FAM,C+,AVG. (+),1344,3339,1915,78,250000
     87,     93,       ,       ,1950,1996,05,CAPE,1010,ONE FAM,C,AVERAGE,1215,3716,1866,74,204900
     87,     94,       ,       ,1950,1993,05,CAPE,1010,ONE FAM,C,AVERAGE,1053,3036,1635,71,162800
     87,     95,       ,       ,1960,2000,18,SPLIT/RSD RANCH,1010,ONE FAM,C,AVERAGE,936,1996,1322,78,167000
     87,     96,       ,       ,1970,2001,14,MULTI-TNHS,1040,2 FAMILY,C,AVERAGE,2464,3928,2823,79,267400
     87,     97,       ,       ,1967,2001,18,SPLIT/RSD RANCH,1010,ONE FAM,C,AVERAGE,1281,3199,1956,79,241200
     87,     98,       ,       ,1950,2008,18,SPLIT/RSD RANCH,1010,ONE FAM,C,AVERAGE,964,2180,1346,86,188300
     87,     99,       ,       ,1956,2000,06,COLONIAL,1010,ONE FAM,C,AVERAGE,3958,7389,4816,78,472200
     87,    100,       ,       ,1952,2000,19,RANCH,1010,ONE FAM,C,AVERAGE,1120,4655,1970,78,228200
     87,    101,       ,       ,1965,2008,19,RANCH,1010,ONE FAM,C,AVERAGE,1008,2240,1352,93,214600
     87,    102,       ,       ,1956,1997,19,RANCH,1010,ONE FAM,C,AVERAGE,816,1728,1087,75,145500
     87,    103,       ,       ,1960,1997,19,RANCH,1010,ONE FAM,C,AVERAGE,996,2444,1365,75,167900
     87,    104,       ,       ,1950,1996,19,RANCH,1010,ONE FAM,C,AVERAGE,1008,2380,1363,74,171100
     87,    104,    100,       ,2006,2014,19,RANCH,1010,ONE FAM,C,AVERAGE,1806,3768,2290,92,308400
     87,    105,       ,       ,,,,,9090,,,,0,0,0,,0
     87,    106,       ,       ,1991,2012,05,CAPE,1010,ONE FAM,C,AVERAGE,1539,3396,2013,90,268500
     87,    107,       ,       ,1989,2012,18,SPLIT/RSD RANCH,1010,ONE FAM,C,AVERAGE,1232,3286,2031,90,264800
     87,    108,       ,       ,1996,2013,06,COLONIAL,1010,ONE FAM,C+,AVG. (+),1664,3306,2097,91,339600
     87,    109,       ,       ,1992,2013,05,CAPE,1010,ONE FAM,C,AVERAGE,1404,3432,1927,91,264600
     87,    110,       ,       ,1995,2013,19,RANCH,1010,ONE FAM,C,AVERAGE,1196,2422,1503,91,231400
     87,    111,       ,       ,1992,2013,05,CAPE,1010,ONE FAM,C,AVERAGE,1860,4488,2441,91,317800
     87,    112,       ,       ,1993,2012,06,COLONIAL,1010,ONE FAM,C,AVERAGE,2002,2600,2182,90,311300
     87,    113,       ,       ,1992,2012,05,CAPE,1010,ONE FAM,C,AVERAGE,2425,6110,3386,90,401300
     87,    114,       ,       ,1989,2012,05,CAPE,1010,ONE FAM,C,AVERAGE,1855,3844,2269,90,291300
     87,    115,       ,       ,1993,2013,05,CAPE,1010,ONE FAM,C,AVERAGE,1368,2896,1640,91,238800
     87,    116,       ,       ,1993,2013,05,CAPE,1010,ONE FAM,C,AVERAGE,2340,5240,3019,91,368400
     87,    117,       ,       ,2001,2013,18,SPLIT/RSD RANCH,1010,ONE FAM,C,AVERAGE,1476,3472,2187,91,268600
     87,    118,       ,       ,1993,2013,18,SPLIT/RSD RANCH,1010,ONE FAM,C,AVERAGE,1548,3404,2120,91,288000
     87,    119,       ,       ,1992,2012,06,COLONIAL,1010,ONE FAM,C,AVERAGE,2412,4612,3166,90,416400
     87,    120,       ,       ,1995,2014,05,CAPE,1010,ONE FAM,C,AVERAGE,1932,4236,2641,92,350600
     87,    121,       ,       ,1997,2012,19,RANCH,1010,ONE FAM,C,AVERAGE,960,2256,1234,90,192200
     87,    122,       ,       ,1992,2013,05,CAPE,1010,ONE FAM,C,AVERAGE,2128,4100,2592,91,327700
     87,    123,       ,       ,1992,2013,06,COLONIAL,1010,ONE FAM,C,AVERAGE,1944,3588,2488,91,350700
     87,    124,       ,       ,1992,2012,06,COLONIAL,1010,ONE FAM,C,AVERAGE,1872,3112,2231,90,321300
     87,    125,       ,       ,1989,2012,06,COLONIAL,1010,ONE FAM,C,AVERAGE,3290,5694,4068,90,534300
     87,    126,       ,       ,1992,2013,19,RANCH,1010,ONE FAM,C,AVERAGE,1196,3084,1796,91,264000
     87,    127,       ,       ,1993,2013,19,RANCH,1010,ONE FAM,C,AVERAGE,924,1872,1214,91,198200
     87,    128,       ,       ,1996,2016,05,CAPE,1010,ONE FAM,C,AVERAGE,1560,3168,1904,94,276400
     87,    129,       ,       ,1991,2009,05,CAPE,1010,ONE FAM,C,AVERAGE,1947,4332,2428,87,295400
     87,    130,       ,       ,1993,2012,19,RANCH,1010,ONE FAM,C,AVERAGE,1448,2368,1716,90,244500
     87,    131,       ,       ,1992,2014,18,SPLIT/RSD RANCH,1010,ONE FAM,C,AVERAGE,1454,4887,2445,92,331900
     87,    132,       ,       ,1989,2013,05,CAPE,1010,ONE FAM,C,AVERAGE,1657,2972,2037,91,273700
     87,    133,       ,       ,1995,2012,18,SPLIT/RSD RANCH,1010,ONE FAM,C,AVERAGE,1236,3014,1931,90,264900
     87,    134,       ,       ,1990,2012,05,CAPE,1010,ONE FAM,C,AVERAGE,1692,3572,1991,90,275000
     87,    135,       ,       ,2001,2013,05,CAPE,1010,ONE FAM,C,AVERAGE,1456,2888,1703,91,257200
     87,    136,       ,       ,1989,2009,05,CAPE,1010,ONE FAM,C,AVERAGE,1512,3120,1939,87,253200
     87,    137,       ,       ,1989,2012,19,RANCH,1010,ONE FAM,C,AVERAGE,1246,3446,1854,90,261400
     87,    138,       ,       ,,,,,9090,,,,0,0,0,,0
     87,    139,       ,       ,1990,2012,09,CONTEMPORY,1010,ONE FAM,C,AVERAGE,1924,5176,2502,90,349300
     87,    140,       ,       ,2013,2017,19,RANCH,1010,ONE FAM,C,AVERAGE,1909,4877,2684,95,349200
     87,    141,       ,       ,1995,2016,19,RANCH,1010,ONE FAM,C,AVERAGE,1436,3100,1857,94,268500
     87,    142,       ,       ,1992,2012,05,CAPE,1010,ONE FAM,C,AVERAGE,2229,4968,2880,90,359400
     87,    143,       ,       ,1994,2012,18,SPLIT/RSD RANCH,1010,ONE FAM,C,AVERAGE,1248,3458,1785,90,252900
     87,    144,       ,       ,1991,2012,18,SPLIT/RSD RANCH,1010,ONE FAM,C,AVERAGE,953,2153,1395,90,214600
     87,    145,       ,       ,1991,2009,06,COLONIAL,1010,ONE FAM,C,AVERAGE,1584,3456,2027,87,288800
     87,    146,       ,       ,1991,2012,19,RANCH,1010,ONE FAM,C,AVERAGE,960,2060,1214,90,193600
     87,    147,       ,       ,1991,2012,19,RANCH,1010,ONE FAM,C,AVERAGE,816,1905,1074,90,178300
     87,    148,       ,       ,1991,2012,19,RANCH,1010,ONE FAM,C,AVERAGE,1376,2606,1657,90,230300
     87,    149,       ,       ,,,,,9090,,,,0,0,0,,0
     87,    150,       ,       ,1970,2001,19,RANCH,1010,ONE FAM,C,AVERAGE,1287,3172,1776,79,179500
     87,    151,       ,       ,1970,2004,21,SPLIT LVL,1010,ONE FAM,C,AVERAGE,1442,3660,2059,82,252600
     87,    152,       ,       ,1967,2008,18,SPLIT/RSD RANCH,1010,ONE FAM,C,AVERAGE,1170,2496,1668,86,227600
     87,    153,       ,       ,1965,2001,18,SPLIT/RSD RANCH,1010,ONE FAM,C,AVERAGE,994,2766,1772,79,220200
     87,    154,       ,       ,1965,2004,19,RANCH,1010,ONE FAM,C,AVERAGE,1170,3297,1943,82,240600
     87,    155,       ,       ,1970,2001,19,RANCH,1010,ONE FAM,C,AVERAGE,1092,2507,1646,79,201900
     87,    156,       ,       ,1968,2001,18,SPLIT/RSD RANCH,1010,ONE FAM,C,AVERAGE,1288,3954,2234,79,257600
     87,    157,       ,       ,1970,2001,19,RANCH,1010,ONE FAM,C,AVERAGE,940,1748,1245,79,155900
     87,    158,       ,       ,1970,2011,19,RANCH,1010,ONE FAM,C,AVERAGE,1542,1980,1594,89,217000
     87,    159,       ,       ,1970,2004,19,RANCH,1010,ONE FAM,C,AVERAGE,1984,3080,2180,82,241900
     87,    160,       ,       ,1960,2000,19,RANCH,1010,ONE FAM,C,AVERAGE,1302,3066,1912,78,226400
     87,    161,       ,       ,1950,1993,19,RANCH,1010,ONE FAM,C,AVERAGE,1384,3032,1756,71,186900
     87,    162,       ,       ,1963,2008,19,RANCH,1010,ONE FAM,C,AVERAGE,1332,3036,1830,86,242800
     87,    163,       ,       ,1964,2004,19,RANCH,1010,ONE FAM,C,AVERAGE,1145,2342,1419,82,192400
     87,    164,       ,       ,1920,1989,02,BUNGALOW,1010,ONE FAM,C,AVERAGE,1507,3508,1826,67,172800
     87,    165,       ,       ,1929,1993,06,COLONIAL,1010,ONE FAM,B-,GOOD (-),1680,2815,1939,71,275200
     87,    166,       ,       ,1950,1983,04,"CAMP,YRRND",301R,MOTEL-Res,C,AVERAGE,1204,2356,1271,61,60900
     87,    166,       ,       ,1965,1994,19,RANCH,301R,MOTEL-Res,C,AVERAGE,1150,2740,1676,72,162500
     87,    167,       ,       ,1960,2009,19,RANCH,1010,ONE FAM,C,AVERAGE,920,1756,1124,87,178900
     87,    168,       ,       ,1960,1997,21,SPLIT LVL,1010,ONE FAM,C,AVERAGE,1181,3232,1781,75,202300
     87,    169,       ,       ,1940,1993,02,BUNGALOW,1010,ONE FAM,C-,AVG. (-),1354,1762,1496,71,163700
     87,    170,       ,       ,1946,1996,02,BUNGALOW,1010,ONE FAM,C-,AVG. (-),1022,1442,1091,74,123200
     89,      1,       ,       ,2022,2022,39,REPAIR GAR,903C,MUNICPAL-Comm,C,Average,2592,3456,2808,100,200700
     89,      2,       ,       ,,,,,9030,,,,0,0,0,,0
     89,      3,       ,       ,,,,,4420,,,,0,0,0,,0
     89,      4,       ,       ,,,,,4420,,,,0,0,0,,0
     89,      5,       ,       ,1973,2005,11,MOBILE HM,1030,MOBIL HM,C,AVERAGE,890,1816,897,83,53700
     89,      6,       ,       ,2004,2013,19,RANCH,1010,ONE FAM,C+,AVG. (+),1428,3366,1985,91,297700
     89,      7,       ,       ,1962,2001,19,RANCH,1010,ONE FAM,C,AVERAGE,909,2721,1545,79,193100
     89,      8,    101,       ,1986,2007,08,CONDO-TNHS,1020,CONDO,03,ADEQUATE,816,1272,912,85,131200
     89,      8,    201,       ,1986,2007,08,CONDO-TNHS,1020,CONDO,03,ADEQUATE,816,1152,900,85,130400
     89,      8,    301,       ,1986,2007,08,CONDO-TNHS,1020,CONDO,03,ADEQUATE,816,1152,900,85,130400
     89,      8,    401,       ,1986,2007,08,CONDO-TNHS,1020,CONDO,03,ADEQUATE,816,1152,900,85,130400
     89,      8,    501,       ,1986,2007,08,CONDO-TNHS,1020,CONDO,03,ADEQUATE,816,1152,900,85,130400
     89,      8,    601,       ,1986,2012,08,CONDO-TNHS,1020,CONDO,03,ADEQUATE,816,1152,900,90,139700
     89,      8,    701,       ,1986,2007,08,CONDO-TNHS,1020,CONDO,03,ADEQUATE,816,1272,912,85,131200
     89,      8,    801,       ,1986,2007,08,CONDO-TNHS,1020,CONDO,03,ADEQUATE,816,1272,912,85,131200
     89,      8,    901,       ,1986,2007,08,CONDO-TNHS,1020,CONDO,03,ADEQUATE,816,1152,900,85,130400
     89,      8,   1001,       ,1986,2007,08,CONDO-TNHS,1020,CONDO,03,ADEQUATE,816,1272,912,85,131200
     89,      8,   1101,       ,1986,2007,08,CONDO-TNHS,1020,CONDO,03,ADEQUATE,816,1272,912,85,136100
     89,      8,   1201,       ,1986,2007,08,CONDO-TNHS,1020,CONDO,03,ADEQUATE,816,1152,900,85,130400
     89,      8,   1301,       ,1986,2007,08,CONDO-TNHS,1020,CONDO,03,ADEQUATE,816,1152,900,85,130400
     89,      8,   1401,       ,1986,2007,08,CONDO-TNHS,1020,CONDO,03,ADEQUATE,816,1272,912,85,131200
     89,      8,   1501,       ,1986,2007,08,CONDO-TNHS,1020,CONDO,03,ADEQUATE,816,1152,900,85,132000
     89,      8,   1601,       ,1986,2013,08,CONDO-TNHS,1020,CONDO,03,ADEQUATE,816,1152,900,91,138500
     89,      8,   1702,       ,1986,2007,08,CONDO-TNHS,1020,CONDO,03,ADEQUATE,816,1152,900,85,130400
     89,      8,   1802,       ,1986,2007,08,CONDO-TNHS,1020,CONDO,03,ADEQUATE,816,1152,900,85,130400
     89,      8,   1902,       ,1986,2007,08,CONDO-TNHS,1020,CONDO,03,ADEQUATE,816,1272,912,85,131200
     89,      8,   2002,       ,1986,2007,08,CONDO-TNHS,1020,CONDO,03,ADEQUATE,816,1152,900,85,132000
     89,      8,   2102,       ,1986,2012,08,CONDO-TNHS,1020,CONDO,03,ADEQUATE,816,1272,912,90,142100
     89,      8,   2202,       ,1986,2007,08,CONDO-TNHS,1020,CONDO,03,ADEQUATE,816,1152,900,85,130400
     89,      8,   2302,       ,1986,2012,08,CONDO-TNHS,1020,CONDO,03,ADEQUATE,816,1152,900,90,142400
     89,      8,   2402,       ,1986,2007,08,CONDO-TNHS,1020,CONDO,03,ADEQUATE,816,1152,900,85,132000
     89,      8,   2502,       ,1986,2007,08,CONDO-TNHS,1020,CONDO,03,ADEQUATE,816,1152,900,85,130400
     89,      8,   2602,       ,1986,2007,08,CONDO-TNHS,1020,CONDO,03,ADEQUATE,816,1152,900,85,130400
     89,      8,   2702,       ,1986,2007,08,CONDO-TNHS,1020,CONDO,03,ADEQUATE,816,1152,900,85,130400
     89,      8,   2802,       ,1986,2007,08,CONDO-TNHS,1020,CONDO,03,ADEQUATE,816,1152,900,85,132000
     89,      8,   2902,       ,1986,2007,08,CONDO-TNHS,1020,CONDO,03,ADEQUATE,816,1152,900,85,130400
     89,      8,   3002,       ,1986,2007,08,CONDO-TNHS,1020,CONDO,03,ADEQUATE,816,1152,900,85,130400
     89,      8,   3102,       ,1986,2013,08,CONDO-TNHS,1020,CONDO,03,ADEQUATE,816,1272,912,91,142200
     89,      8,   3202,       ,1986,2007,08,CONDO-TNHS,1020,CONDO,03,ADEQUATE,816,1272,912,85,131200
     89,      8,   3303,       ,1986,2007,08,CONDO-TNHS,1020,CONDO,03,ADEQUATE,816,1272,912,85,131200
     89,      8,   3403,       ,1986,2007,08,CONDO-TNHS,1020,CONDO,03,ADEQUATE,816,1272,912,85,134100
     89,      8,   3503,       ,1986,2007,08,CONDO-TNHS,1020,CONDO,03,ADEQUATE,816,1152,900,85,130400
     89,      8,   3603,       ,1986,2007,08,CONDO-TNHS,1020,CONDO,03,ADEQUATE,816,1152,900,85,133100
     89,      8,   3703,       ,1986,2007,08,CONDO-TNHS,1020,CONDO,03,ADEQUATE,816,1272,912,85,134200
     89,      8,   3803,       ,1986,2007,08,CONDO-TNHS,1020,CONDO,03,ADEQUATE,816,1272,912,85,131200
     89,      8,   3903,       ,1986,2007,08,CONDO-TNHS,1020,CONDO,03,ADEQUATE,816,1272,912,85,131200
     89,      8,   4003,       ,1986,2007,08,CONDO-TNHS,1020,CONDO,03,ADEQUATE,816,1152,900,85,132300
     89,      8,   4103,       ,1986,2013,08,CONDO-TNHS,1020,CONDO,03,ADEQUATE,816,1152,900,91,139600
     89,      8,   4203,       ,1986,2007,08,CONDO-TNHS,1020,CONDO,03,ADEQUATE,816,1152,900,85,131900
     89,      8,   4303,       ,1986,2007,08,CONDO-TNHS,1020,CONDO,03,ADEQUATE,816,1152,900,85,130400
     89,      8,   4403,       ,1986,2007,08,CONDO-TNHS,1020,CONDO,03,ADEQUATE,816,1152,900,85,130400
     89,      8,   4503,       ,1986,2007,08,CONDO-TNHS,1020,CONDO,03,ADEQUATE,816,1272,912,85,133100
     89,      8,   4603,       ,1986,2007,08,CONDO-TNHS,1020,CONDO,03,ADEQUATE,816,1152,900,85,130400
     89,      8,   4703,       ,1986,2013,08,CONDO-TNHS,1020,CONDO,03,ADEQUATE,816,1272,912,91,146200
     89,      8,   4803,       ,1986,2007,08,CONDO-TNHS,1020,CONDO,03,ADEQUATE,840,1296,936,85,134700
     89,      8,   4904,       ,1986,2007,08,TNHS,1020,CONDO,03,ADEQUATE,816,1152,900,85,130400
     89,      8,   5004,       ,1986,2007,08,CONDO-TNHS,1020,CONDO,03,ADEQUATE,816,1272,912,85,140700
     89,      8,   5104,       ,1986,2007,08,CONDO-TNHS,1020,CONDO,03,ADEQUATE,816,1152,900,85,130400
     89,      8,   5204,       ,1986,2007,08,CONDO-TNHS,1020,CONDO,03,ADEQUATE,816,1152,900,85,130400
     89,      8,   5304,       ,1986,2007,08,CONDO-TNHS,1020,CONDO,03,ADEQUATE,816,1272,912,85,131200
     89,      8,   5404,       ,1986,2012,08,CONDO-TNHS,1020,CONDO,03,ADEQUATE,816,1272,912,90,150600
     89,      8,   5504,       ,1986,2007,08,CONDO-TNHS,1020,CONDO,03,ADEQUATE,816,1152,900,85,133100
     89,      8,   5604,       ,1986,2007,08,CONDO-TNHS,1020,CONDO,03,ADEQUATE,816,1152,900,85,131900
     89,      8,   5704,       ,1986,2007,08,CONDO-TNHS,1020,CONDO,03,ADEQUATE,816,1152,900,85,129900
     89,      8,   5804,       ,1986,2007,08,CONDO-TNHS,1020,CONDO,03,ADEQUATE,816,1152,900,85,132300
     89,      8,   5904,       ,1986,2007,08,CONDO-TNHS,1020,CONDO,03,ADEQUATE,804,1188,900,85,130400
     89,      8,   6004,       ,1986,2007,08,CONDO-TNHS,1020,CONDO,03,ADEQUATE,816,1152,900,85,130400
     89,      8,   6104,       ,1986,2007,08,CONDO-TNHS,1020,CONDO,03,ADEQUATE,816,1272,912,85,131200
     89,      8,   6204,       ,1986,2007,08,CONDO-TNHS,1020,CONDO,03,ADEQUATE,816,1272,912,85,131200
     89,      8,   6304,       ,1986,2007,08,CONDO-TNHS,1020,CONDO,03,ADEQUATE,816,1152,900,85,130400
     89,      8,   6404,       ,1986,2007,08,CONDO-TNHS,1020,CONDO,03,ADEQUATE,816,1272,912,85,134200
     89,      8,   6505,       ,1986,2007,08,CONDO-TNHS,1020,CONDO,03,ADEQUATE,816,1152,900,85,130400
     89,      8,   6605,       ,1986,2007,08,CONDO-TNHS,1020,CONDO,03,ADEQUATE,816,1152,900,85,130400
     89,      8,   6705,       ,1986,2007,08,CONDO-TNHS,1020,CONDO,03,ADEQUATE,816,1152,900,85,132000
     89,      8,   6805,       ,1986,2007,08,CONDO-TNHS,1020,CONDO,03,ADEQUATE,816,1152,900,85,130400
     89,      8,   6905,       ,1986,2007,08,CONDO-TNHS,1020,CONDO,03,ADEQUATE,816,1152,900,85,132300
     89,      8,   7005,       ,1986,2007,08,CONDO-TNHS,1020,CONDO,03,ADEQUATE,816,1152,900,85,130400
     89,      8,   7105,       ,1986,2007,08,CONDO-TNHS,1020,CONDO,03,ADEQUATE,816,1152,900,85,130400
     89,      8,   7205,       ,1986,2007,08,CONDO-TNHS,1020,CONDO,03,ADEQUATE,816,1152,900,85,130400
     89,      8,   7305,       ,1986,2007,08,CONDO-TNHS,1020,CONDO,03,ADEQUATE,816,1262,911,85,135100
     89,      8,   7405,       ,1986,2007,08,CONDO-TNHS,1020,CONDO,03,ADEQUATE,816,1152,900,85,130400
     89,      8,   7505,       ,1986,2007,08,CONDO-TNHS,1020,CONDO,03,ADEQUATE,816,1152,900,85,132000
     89,      8,   7605,       ,1986,2007,08,CONDO-TNHS,1020,CONDO,03,ADEQUATE,816,1152,900,85,130400
     89,      8,   7705,       ,1986,2007,08,CONDO-TNHS,1020,CONDO,03,ADEQUATE,816,1152,900,85,130400
     89,      8,   7805,       ,1986,2007,08,CONDO-TNHS,1020,CONDO,03,ADEQUATE,816,1272,912,85,131200
     89,      8,   7905,       ,1986,2007,08,CONDO-TNHS,1020,CONDO,03,ADEQUATE,816,1272,912,85,131200
     89,      8,   8005,       ,1986,2007,08,CONDO-TNHS,1020,CONDO,03,ADEQUATE,816,1152,900,85,130400
     89,      8,   8106,       ,1986,2007,08,CONDO-TNHS,1020,CONDO,03,ADEQUATE,816,1272,912,85,131200
     89,      8,   8206,       ,1986,2012,08,CONDO-TNHS,1020,CONDO,03,ADEQUATE,816,1272,912,90,142200
     89,      8,   8306,       ,1986,2007,08,TNHS,1020,CONDO,03,ADEQUATE,816,1272,912,85,132800
     89,      8,   8406,       ,1986,2007,08,CONDO-TNHS,1020,CONDO,03,ADEQUATE,816,1272,912,85,131200
     89,      8,   8506,       ,1986,2014,08,TNHS,1020,CONDO,03,ADEQUATE,816,1272,912,92,142000
     89,      8,   8606,       ,1986,2007,08,CONDO-TNHS,1020,CONDO,03,ADEQUATE,816,1272,912,85,139300
     89,      8,   8706,       ,1986,2007,08,CONDO-TNHS,1020,CONDO,03,ADEQUATE,816,1272,912,85,131200
     89,      8,   8806,       ,1986,2013,08,CONDO-TNHS,1020,CONDO,03,ADEQUATE,816,1272,912,91,142100
     89,      8,   8906,       ,1986,2007,08,CONDO-TNHS,1020,CONDO,03,ADEQUATE,816,1152,900,85,130400
     89,      8,   9006,       ,1986,2007,08,CONDO-TNHS,1020,CONDO,03,ADEQUATE,816,1152,900,85,130400
     89,      8,   9106,       ,1986,2007,08,CONDO-TNHS,1020,CONDO,03,ADEQUATE,816,1272,912,85,131200
     89,      8,   9206,       ,1986,2013,08,CONDO-TNHS,1020,CONDO,03,ADEQUATE,816,1272,912,91,142600
     89,      8,   9306,       ,1986,2012,08,CONDO-TNHS,1020,CONDO,03,ADEQUATE,816,1272,912,90,138900
     89,      8,   9406,       ,1986,2007,08,CONDO-TNHS,1020,CONDO,03,ADEQUATE,816,1272,912,85,131200
     89,      8,   9506,       ,1986,2007,08,CONDO-TNHS,1020,CONDO,03,ADEQUATE,816,1152,900,85,130400
     89,      8,   9606,       ,1986,2007,08,CONDO-TNHS,1020,CONDO,03,ADEQUATE,816,1152,900,85,130400
     89,      8,   9707,       ,1986,2007,08,CONDO-TNHS,1020,CONDO,03,ADEQUATE,816,1272,912,85,131200
     89,      8,   9807,       ,1986,2007,08,CONDO-TNHS,1020,CONDO,03,ADEQUATE,816,1272,912,85,131200
     89,      8,   9907,       ,1986,2007,08,CONDO-TNHS,1020,CONDO,03,ADEQUATE,816,1152,900,85,130400
     89,      8,  10007,       ,1986,2007,08,CONDO-TNHS,1020,CONDO,03,ADEQUATE,816,1152,900,85,132000
     89,      8,  10107,       ,1986,2007,08,CONDO-TNHS,1020,CONDO,03,ADEQUATE,816,1272,912,85,131200
     89,      8,  10207,       ,1986,2007,08,CONDO-TNHS,1020,CONDO,03,ADEQUATE,816,1272,912,85,131200
     89,      8,  10307,       ,1986,2007,08,CONDO-TNHS,1020,CONDO,03,ADEQUATE,816,1272,912,85,134200
     89,      8,  10407,       ,1986,2013,08,CONDO-TNHS,1020,CONDO,03,ADEQUATE,816,1296,914,91,141900
     89,      8,  10507,       ,1986,2007,08,CONDO-TNHS,1020,CONDO,03,ADEQUATE,816,1152,900,85,127100
     89,      8,  10607,       ,1986,2007,08,CONDO-TNHS,1020,CONDO,03,ADEQUATE,816,1152,900,85,135300
     89,      8,  10707,       ,1986,2007,08,CONDO-TNHS,1020,CONDO,03,ADEQUATE,816,1272,912,85,126900
     89,      8,  10807,       ,1986,2007,08,CONDO-TNHS,1020,CONDO,03,ADEQUATE,816,1152,900,85,125800
     89,      8,  10907,       ,1986,2007,08,CONDO-TNHS,1020,CONDO,03,ADEQUATE,816,1296,914,85,134200
     89,      8,  11007,       ,1986,2007,08,CONDO-TNHS,1020,CONDO,03,ADEQUATE,816,1272,912,85,126900
     89,      8,  11107,       ,1986,2007,08,CONDO-TNHS,1020,CONDO,03,ADEQUATE,816,1152,900,85,124200
     89,      8,  11207,       ,1986,2007,08,CONDO-TNHS,1020,CONDO,03,ADEQUATE,816,1152,900,85,124200
     89,      8,  11308,       ,1986,2007,08,CONDO-TNHS,1020,CONDO,03,ADEQUATE,816,1152,900,85,126100
     89,      8,  11408,       ,1986,2007,08,CONDO-TNHS,1020,CONDO,03,ADEQUATE,816,1272,912,85,125000
     89,      8,  11508,       ,1986,2007,08,CONDO-TNHS,1020,CONDO,03,ADEQUATE,816,1152,900,85,125800
     89,      8,  11608,       ,1986,2007,08,CONDO-TNHS,1020,CONDO,03,ADEQUATE,816,1176,902,85,124300
     89,      8,  11708,       ,1986,2007,08,CONDO-TNHS,1020,CONDO,03,ADEQUATE,816,1152,900,85,125800
     89,      8,  11808,       ,1986,2007,08,CONDO-TNHS,1020,CONDO,03,ADEQUATE,816,1152,900,85,125800
     89,      8,  11908,       ,1986,2007,08,CONDO-TNHS,1020,CONDO,03,ADEQUATE,816,1152,900,85,125800
     89,      8,  12008,       ,1986,2007,08,CONDO-TNHS,1020,CONDO,03,ADEQUATE,816,1152,900,85,124200
     89,      8,  12108,       ,1986,2007,08,CONDO-TNHS,1020,CONDO,03,ADEQUATE,816,1152,900,85,132000
     89,      8,  12208,       ,1986,2007,08,CONDO-TNHS,1020,CONDO,03,ADEQUATE,816,1152,900,85,132000
     89,      8,  12308,       ,1986,2007,08,CONDO-TNHS,1020,CONDO,03,ADEQUATE,816,1152,900,85,132000
     89,      8,  12408,       ,1986,2007,08,CONDO-TNHS,1020,CONDO,03,ADEQUATE,816,1152,900,85,132000
     89,      8,  12508,       ,1986,2007,08,CONDO-TNHS,1020,CONDO,03,ADEQUATE,816,1152,900,85,132000
     89,      8,  12608,       ,1986,2007,08,CONDO-TNHS,1020,CONDO,03,ADEQUATE,816,1152,900,85,130400
     89,      8,  12708,       ,1986,2007,08,CONDO-TNHS,1020,CONDO,03,ADEQUATE,816,1152,900,85,132000
     89,      8,  12808,       ,1986,2007,08,CONDO-TNHS,1020,CONDO,03,ADEQUATE,816,1152,900,85,130400
     89,      9,       ,       ,1767,1984,05,CAPE,1040,2 FAMILY,B-,GOOD (-),1736,5324,2357,62,250200
     89,     10,       ,       ,1964,1985,39,REPAIR GAR,3320,AUTO REP,C-,Avg. (-),2340,2623,2384,63,100400
     89,     10,    100,       ,1992,2012,18,SPLIT/RSD RANCH,1010,ONE FAM,C,AVERAGE,1073,2341,1464,90,221200
     89,     11,       ,       ,1995,2013,19,RANCH,1010,ONE FAM,C,AVERAGE,1064,3495,1999,91,272000
     89,     12,       ,       ,1950,1996,02,BUNGALOW,1010,ONE FAM,C-,AVG. (-),768,2958,1346,74,142700
     89,     15,       ,       ,1949,1993,04,"CAMP,YRRND",1010,ONE FAM,C,AVERAGE,344,920,507,71,54000
     89,     16,       ,       ,,,,,1300,,,,0,0,0,,0
     89,     17,       ,       ,1958,1997,12,MULTI-CONV,1040,2 FAMILY,C,AVERAGE,2231,4646,2747,75,265200
     89,     18,    101,       ,2007,2016,07,CONDO-GRDN,1020,CONDO,03,ADEQUATE,896,1004,928,94,229500
     89,     18,    102,       ,2007,2016,07,CONDO-GRDN,1020,CONDO,03,ADEQUATE,896,1004,915,94,227900
     89,     18,    103,       ,2007,2016,07,CONDO-GRDN,1020,CONDO,03,ADEQUATE,896,1004,928,94,229500
     89,     18,    104,       ,2007,2016,07,CONDO-GRDN,1020,CONDO,03,ADEQUATE,896,1004,928,94,229500
     89,     18,    105,       ,2007,2016,07,CONDO-GRDN,1020,CONDO,03,ADEQUATE,896,1004,928,94,229500
     89,     18,    106,       ,2007,2016,07,CONDO-GRDN,1020,CONDO,03,ADEQUATE,896,1004,928,94,229500
     89,     18,    107,       ,2007,2016,07,CONDO-GRDN,1020,CONDO,03,ADEQUATE,896,1004,928,94,229500
     89,     18,    108,       ,2007,2016,07,CONDO-GRDN,1020,CONDO,03,ADEQUATE,896,1004,928,94,229500
     89,     18,    201,       ,2007,2016,07,CONDO-GRDN,1020,CONDO,03,ADEQUATE,896,1004,928,94,229500
     89,     18,    202,       ,2007,2016,07,CONDO-GRDN,1020,CONDO,03,ADEQUATE,896,1004,928,94,229500
     89,     18,    203,       ,2007,2016,07,CONDO-GRDN,1020,CONDO,03,ADEQUATE,896,1004,928,94,229500
     89,     18,    204,       ,2007,2016,07,CONDO-GRDN,1020,CONDO,03,ADEQUATE,896,1004,928,94,229500
     89,     18,    205,       ,2007,2016,07,CONDO-GRDN,1020,CONDO,03,ADEQUATE,896,1004,928,94,229500
     89,     18,    206,       ,2007,2016,07,CONDO-GRDN,1020,CONDO,03,ADEQUATE,896,1004,928,94,229500
     89,     18,    207,       ,2007,2016,07,CONDO-GRDN,1020,CONDO,03,ADEQUATE,896,1004,928,94,229500
     89,     18,    208,       ,2007,2016,07,CONDO-GRDN,1020,CONDO,03,ADEQUATE,896,1004,928,94,229500
     89,     18,    209,       ,2007,2016,07,CONDO-GRDN,1020,CONDO,03,ADEQUATE,896,1004,928,94,229500
     89,     18,    210,       ,2007,2016,07,CONDO-GRDN,1020,CONDO,03,ADEQUATE,896,1004,928,94,229500
     89,     18,    211,       ,2007,2016,07,CONDO-GRDN,1020,CONDO,03,ADEQUATE,896,1004,928,94,229500
     89,     18,    212,       ,2007,2016,07,CONDO-GRDN,1020,CONDO,03,ADEQUATE,896,1004,928,94,229500
     89,     18,    213,       ,2007,2016,07,CONDO-GRDN,1020,CONDO,03,ADEQUATE,896,1004,928,94,229500
     89,     18,    215,       ,2007,2016,07,CONDO-GRDN,1020,CONDO,03,ADEQUATE,896,1004,915,94,227900
     89,     18,    301,       ,2007,2016,07,CONDO-GRDN,1020,CONDO,03,ADEQUATE,896,1004,928,94,229500
     89,     18,    302,       ,2007,2016,07,CONDO-GRDN,1020,CONDO,03,ADEQUATE,896,1004,928,94,229500
     89,     18,    303,       ,2007,2016,07,CONDO-GRDN,1020,CONDO,03,ADEQUATE,896,1004,928,94,229500
     89,     18,    304,       ,2007,2016,07,CONDO-GRDN,1020,CONDO,03,ADEQUATE,896,1004,928,94,229500
     89,     18,    305,       ,2007,2016,07,CONDO-GRDN,1020,CONDO,03,ADEQUATE,896,1004,928,94,229500
     89,     18,    306,       ,2007,2016,07,CONDO-GRDN,1020,CONDO,03,ADEQUATE,896,1004,928,94,229500
     89,     18,    307,       ,2007,2016,07,CONDO-GRDN,1020,CONDO,03,ADEQUATE,896,1004,928,94,229500
     89,     18,    308,       ,2007,2016,07,CONDO-GRDN,1020,CONDO,03,ADEQUATE,896,1004,928,94,229500
     89,     18,    309,       ,2007,2016,07,CONDO-GRDN,1020,CONDO,03,ADEQUATE,896,1004,928,94,229500
     89,     18,    311,       ,2007,2016,07,CONDO-GRDN,1020,CONDO,03,ADEQUATE,896,1004,928,94,231300
     89,     18,    313,       ,2007,2016,07,CONDO-GRDN,1020,CONDO,03,ADEQUATE,896,1004,928,94,229500
     89,     18,    315,       ,2007,2016,07,CONDO-GRDN,1020,CONDO,03,ADEQUATE,896,1004,928,94,229500
     90,      1,       ,       ,,,,,1060,,,,0,0,0,,0
     90,      2,       ,       ,1900,1989,02,BUNGALOW,1010,ONE FAM,C,AVERAGE,1344,2334,1550,67,164800
     90,      3,       ,       ,1984,2013,11,MOBILE HM,1030,MOBIL HM,C+,AVG. (+),924,1204,1060,91,68000
     90,      4,       ,       ,1935,1998,02,BUNGALOW,1010,ONE FAM,C,AVERAGE,1322,2280,1495,76,172900
     90,      5,       ,       ,1940,1998,19,RANCH,1010,ONE FAM,C,AVERAGE,1508,3172,1773,77,205700
     90,      6,       ,       ,1995,2016,19,RANCH,1010,ONE FAM,C,AVERAGE,1216,3056,1909,94,261200
     90,      7,       ,       ,,,,,9030,,,,0,0,0,,0
     90,      9,       ,       ,1959,2004,05,CAPE,1010,ONE FAM,C,AVERAGE,1494,4209,2174,82,242900
     90,     10,       ,       ,1928,1989,02,BUNGALOW,1010,ONE FAM,C,AVERAGE,1056,2712,1548,67,146900
     90,     11,       ,       ,1987,2009,19,RANCH,1010,ONE FAM,C,AVERAGE,1888,3776,2434,87,302100
     90,     13,       ,       ,1950,1993,02,BUNGALOW,1090,MULT HS,C,AVERAGE,1123,3229,1561,71,149000
     90,     13,       ,       ,2023,2022,06,COLONIAL,1090,MULT HS,C,AVERAGE,528,2304,1301,100,200900
     90,     14,       ,       ,1930,1989,02,BUNGALOW,1010,ONE FAM,C,AVERAGE,1264,2832,1623,67,169600
     90,     15,       ,       ,1968,2001,19,RANCH,1010,ONE FAM,C,AVERAGE,1056,2272,1412,79,188900
     90,     16,       ,       ,1924,1993,22,CONVENT`NL,1010,ONE FAM,C,AVERAGE,1360,2080,1544,71,203000
     90,     17,       ,       ,1948,1996,02,BUNGALOW,1010,ONE FAM,C,AVERAGE,960,2040,1242,74,153800
     90,     18,       ,       ,1920,1998,22,CONVENT`NL,1010,ONE FAM,C,AVERAGE,1288,2232,1532,76,213700
     90,     19,       ,       ,1920,1989,02,BUNGALOW,1010,ONE FAM,C,AVERAGE,1209,2670,1573,67,162800
     90,     20,       ,       ,,,,,9030,,,,0,0,0,,0
     90,     21,       ,       ,1920,1989,02,BUNGALOW,1010,ONE FAM,C,AVERAGE,1046,2176,1280,67,135900
     90,     22,       ,       ,1960,1997,06,COLONIAL,1010,ONE FAM,C,AVERAGE,2110,4004,2749,75,283000
     90,     23,       ,       ,1953,1988,19,RANCH,1010,ONE FAM,C,AVERAGE,1338,2772,1833,66,185700
     90,     24,       ,       ,1860,1989,22,CONVENT`NL,1010,ONE FAM,B-,GOOD (-),2024,4286,2448,43,176800
     90,     25,       ,       ,1952,1997,19,RANCH,1010,ONE FAM,C,AVERAGE,1027,2102,1341,75,169600
     90,     26,       ,       ,1890,1989,22,CONVENT`NL,1010,ONE FAM,C,AVERAGE,1476,3580,2076,67,212600
     90,     27,       ,       ,,,,,9030,,,,0,0,0,,0
     90,     27,    100,       ,,,,,9200,,,,0,0,0,,0
     90,     28,       ,       ,1950,1977,43,WAREHOUSE,3160,COMMWHSE,C-,Avg. (-),4303,8966,4359,55,117300
     90,     29,       ,       ,1950,1983,02,BUNGALOW,1010,ONE FAM,C,AVERAGE,1094,2728,1463,61,131800
     90,     30,       ,       ,1925,1993,22,CONVENT`NL,1010,ONE FAM,C,AVERAGE,1843,4942,2545,71,269700
     90,     31,       ,       ,1972,2005,05,CAPE,1010,ONE FAM,C,AVERAGE,1296,3140,1687,83,217200
     90,     32,       ,       ,1928,1989,02,BUNGALOW,1010,ONE FAM,C,AVERAGE,1448,2528,1673,67,172400
     90,     33,       ,       ,1965,2004,19,RANCH,1010,ONE FAM,C,AVERAGE,1092,2904,1787,82,217700
     90,     34,       ,       ,1980,2005,19,RANCH,1010,ONE FAM,C,AVERAGE,1228,3355,1840,83,231000
     90,     34,    100,       ,1992,2012,19,RANCH,1010,ONE FAM,C,AVERAGE,1040,2538,1345,90,215300
     90,     35,       ,       ,1955,1997,19,RANCH,1010,ONE FAM,C,AVERAGE,1270,2780,1534,75,183900
     90,     36,       ,       ,1965,2001,19,RANCH,1010,ONE FAM,C,AVERAGE,1056,2148,1324,79,167800
     90,     37,       ,       ,1978,2005,18,SPLIT/RSD RANCH,1010,ONE FAM,C,AVERAGE,1606,4090,2505,83,291800
     90,     38,       ,       ,1974,2000,19,RANCH,1010,ONE FAM,C-,AVG. (-),1008,2044,1228,78,149100
     90,     39,       ,       ,1988,2009,21,SPLIT LVL,1010,ONE FAM,C,AVERAGE,1020,2192,1161,87,183700
     90,     40,       ,       ,1964,2001,18,SPLIT/RSD RANCH,1010,ONE FAM,C,AVERAGE,1044,2790,1543,79,206200
     90,     41,       ,       ,1973,2010,19,RANCH,1010,ONE FAM,D+,FAIR (+),1524,2868,1824,88,208800
     90,     42,       ,       ,,,,,1100,,,,0,0,0,,0
     90,     42,    100,       ,1978,2001,11,MOBILE HM,1030,MOBIL HM,C,AVERAGE,924,1188,977,79,46100
     90,     42,    200,       ,1990,2009,11,MOBILE HM,1030,MOBIL HM,C+,AVG. (+),980,1375,1047,87,61400
     90,     42,    300,       ,1990,2012,11,MOBILE HM,1030,MOBIL HM,C+,AVG. (+),784,1059,839,90,56600
     90,     42,    400,       ,1972,2001,11,MOBILE HM,1030,MOBIL HM,C-,AVG. (-),902,1330,1055,79,43700
     90,     42,    500,       ,1995,2013,11,MOBILE HM,1030,MOBIL HM,C+,AVG. (+),952,1016,958,91,58100
     90,     42,    600,       ,1977,2010,11,MOBILE HM,1030,MOBIL HM,C,AVERAGE,924,1024,934,88,53000
     90,     42,    700,       ,1994,2016,11,MOBILE HM,1030,MOBIL HM,C+,AVG. (+),1008,1460,1095,94,67900
     90,     42,    800,       ,1980,2005,11,MOBILE HM,1030,MOBIL HM,C+,AVG. (+),728,998,799,83,48500
     90,     42,    900,       ,2000,2012,11,MOBILE HM,1030,MOBIL HM,C+,AVG. (+),980,1344,1046,90,65000
     90,     42,   1000,       ,1982,2005,11,MOBILE HM,1030,MOBIL HM,C+,AVG. (+),784,1054,838,83,49800
     90,     42,   1100,       ,2008,2014,11,MOBILE HM,1030,MOBIL HM,C+,AVG. (+),1120,1743,1225,92,73600
     90,     42,   1200,       ,2005,2013,11,MOBILE HM,1030,MOBIL HM,C+,AVG. (+),1056,1632,1146,91,69600
     90,     42,   1300,       ,1975,2010,11,MOBILE HM,1030,MOBIL HM,C-,AVG. (-),896,1242,997,88,48500
     90,     42,   1400,       ,1968,2004,11,MOBILE HM,1030,MOBIL HM,D,FAIR,684,821,747,82,33400
     90,     42,   1500,       ,1987,2014,11,MOBILE HM,1030,MOBIL HM,C+,AVG. (+),952,1332,1014,92,61800
     90,     42,   1600,       ,1969,2001,11,MOBILE HM,1030,MOBIL HM,D,FAIR,672,947,731,79,31900
     90,     42,   1700,       ,1995,2013,11,MOBILE HM,1030,MOBIL HM,C+,AVG. (+),1008,1208,1056,91,65400
     90,     42,   1800,       ,1997,2012,11,MOBILE HM,1030,MOBIL HM,C+,AVG. (+),1008,1553,1125,90,70800
     90,     42,   1900,       ,2007,2013,11,MOBILE HM,1030,MOBIL HM,C+,AVG. (+),840,968,872,91,61200
     90,     42,   2000,       ,1966,2001,11,MOBILE HM,1030,MOBIL HM,D,FAIR,420,628,518,79,27800
     90,     42,   2100,       ,1988,2012,11,MOBILE HM,1030,MOBIL HM,C+,AVG. (+),1008,1358,1043,90,65100
     90,     42,   2200,       ,2015,2017,11,MOBILE HM,1030,MOBIL HM,C+,AVG. (+),840,992,875,95,67300
     90,     42,   2300,       ,1968,2001,11,MOBILE HM,1030,MOBIL HM,D,FAIR,774,882,850,79,34500
     90,     42,   2400,       ,1961,1997,11,MOBILE HM,1030,MOBIL HM,D,FAIR,510,540,516,75,27200
     90,     42,   2500,       ,2013,2014,11,MOBILE HM,1030,MOBIL HM,C+,AVG. (+),924,1100,966,92,59500
     90,     42,   2600,       ,1988,2013,11,MOBILE HM,1030,MOBIL HM,C+,AVG. (+),672,857,780,91,54300
     90,     42,   2700,       ,1968,2008,11,MOBILE HM,1030,MOBIL HM,D,FAIR,576,1112,715,86,34500
     90,     42,   2800,       ,2023,2021,11,MOBILE HM,1030,MOBIL HM,C+,AVG. (+),784,1618,793,99,64700
     90,     42,   2900,       ,1985,2009,11,MOBILE HM,1030,MOBIL HM,C+,AVG. (+),948,1048,973,87,57600
     90,     42,   3000,       ,1997,2012,11,MOBILE HM,1030,MOBIL HM,C+,AVG. (+),980,1220,1004,90,62500
     90,     42,   3100,       ,1984,2009,11,MOBILE HM,1030,MOBIL HM,C+,AVG. (+),938,1130,957,87,55500
     90,     42,   3200,       ,1995,2013,11,MOBILE HM,1030,MOBIL HM,C+,AVG. (+),938,1442,1041,91,63200
     90,     42,   3300,       ,1997,2016,11,MOBILE HM,1030,MOBIL HM,C+,AVG. (+),864,1284,955,94,66700
     90,     42,   3400,       ,2002,2012,11,MOBILE HM,1030,MOBIL HM,C+,AVG. (+),784,1068,834,90,56400
     90,     42,   3500,       ,2013,2014,11,MOBILE HM,1030,MOBIL HM,C+,AVG. (+),960,1120,976,92,62900
     90,     42,   3600,       ,1984,2013,11,MOBILE HM,1030,MOBIL HM,C+,AVG. (+),756,932,831,91,54900
     90,     42,   3700,       ,1966,2004,11,MOBILE HM,1030,MOBIL HM,D,FAIR,684,836,703,82,32300
     90,     42,   3800,       ,1977,2008,11,MOBILE HM,1030,MOBIL HM,C,AVERAGE,924,1254,995,86,57800
     90,     42,   3900,       ,2018,2017,11,MOBILE HM,1030,MOBIL HM,C+,AVG. (+),900,1139,956,95,65900
     90,     42,   4000,       ,1980,2005,11,MOBILE HM,1030,MOBIL HM,C+,AVG. (+),728,1048,780,83,48600
     90,     42,   4100,       ,1984,2002,11,MOBILE HM,1030,MOBIL HM,C+,AVG. (+),840,1285,936,80,51500
     90,     42,   4200,       ,1995,2014,11,MOBILE HM,1030,MOBIL HM,C+,AVG. (+),1008,1488,1077,92,65900
     90,     42,   4300,       ,1970,1998,11,MOBILE HM,1030,MOBIL HM,C-,AVG. (-),672,948,722,76,36300
     90,     42,   4400,       ,1973,2010,11,MOBILE HM,1030,MOBIL HM,C-,AVG. (-),660,816,676,88,42700
     90,     42,   4500,       ,2016,2015,11,MOBILE HM,1030,MOBIL HM,C,AVERAGE,840,1050,893,93,54900
     90,     42,   4600,       ,1988,2012,11,MOBILE HM,1030,MOBIL HM,C+,AVG. (+),924,1199,976,90,67700
     90,     42,   4700,       ,1972,2001,11,MOBILE HM,1030,MOBIL HM,C-,AVG. (-),684,1068,809,79,39800
     90,     42,   4800,       ,1970,1998,11,MOBILE HM,1030,MOBIL HM,C-,AVG. (-),952,1412,1118,76,43300
     90,     42,   4900,       ,2007,2013,11,MOBILE HM,1030,MOBIL HM,C+,AVG. (+),924,1180,988,91,62900
     90,     42,   5000,       ,2015,2015,11,MOBILE HM,1030,MOBIL HM,C+,AVG. (+),1056,1359,1168,93,71800
     90,     42,   5100,       ,2008,2014,11,MOBILE HM,1030,MOBIL HM,C+,AVG. (+),840,1144,916,92,62100
     90,     42,   5200,       ,1972,1994,11,MOBILE HM,1030,MOBIL HM,C-,AVG. (-),684,974,743,72,34400
     90,     42,   5300,       ,1964,1994,11,MOBILE HM,1030,MOBIL HM,D,FAIR,660,861,693,72,28600
     90,     42,   5400,       ,1977,2008,11,MOBILE HM,1030,MOBIL HM,C,AVERAGE,864,960,874,86,51800
     90,     42,   5500,       ,1974,2005,11,MOBILE HM,1030,MOBIL HM,C-,AVG. (-),792,862,808,83,41800
     90,     42,   5600,       ,1965,2001,11,MOBILE HM,1030,MOBIL HM,D,FAIR,480,858,551,79,29200
     90,     42,   5700,       ,2013,2014,11,MOBILE HM,1030,MOBIL HM,C+,AVG. (+),840,1000,859,92,60300
     90,     42,   5800,       ,1997,2012,11,MOBILE HM,1030,MOBIL HM,C+,AVG. (+),1008,1168,1024,90,63900
     90,     42,   5900,       ,1964,1994,11,MOBILE HM,1030,MOBIL HM,D,FAIR,812,907,869,72,31100
     90,     42,   6000,       ,1976,2005,11,MOBILE HM,1030,MOBIL HM,C,AVERAGE,744,1219,834,83,45500
     90,     42,   6100,       ,1967,2001,11,MOBILE HM,1030,MOBIL HM,D,FAIR,576,903,767,79,32900
     90,     42,   6200,       ,1967,2001,11,MOBILE HM,1030,MOBIL HM,D,FAIR,704,948,754,79,31700
     90,     42,   6300,       ,1977,2008,11,MOBILE HM,1030,MOBIL HM,C,AVERAGE,924,1124,1064,86,53100
     90,     42,   6400,       ,1972,2001,11,MOBILE HM,1030,MOBIL HM,C-,AVG. (-),768,1098,834,79,40100
     90,     42,   6500,       ,1960,1997,11,MOBILE HM,1030,MOBIL HM,D,FAIR,896,1156,948,75,34500
     90,     42,   6600,       ,1965,2001,11,MOBILE HM,1030,MOBIL HM,C,AVERAGE,600,648,634,79,40800
     90,     42,   6700,       ,1975,2000,11,MOBILE HM,1030,MOBIL HM,C,AVERAGE,950,1062,978,78,45800
     90,     42,   6800,       ,2023,2021,11,MOBILE HM,1030,MOBIL HM,C+,AVG. (+),840,1046,881,99,66300
     90,     42,   6900,       ,1971,2001,11,MOBILE HM,1030,MOBIL HM,C,AVERAGE,684,828,698,79,40600
     90,     42,   7000,       ,1968,2001,11,MOBILE HM,1030,MOBIL HM,C,AVERAGE,576,882,637,79,39300
     90,     42,   7100,       ,2015,2015,11,MOBILE HM,1030,MOBIL HM,C+,AVG. (+),924,1084,943,93,63600
     90,     42,   7200,       ,1982,2005,11,MOBILE HM,1030,MOBIL HM,C+,AVG. (+),924,1456,1030,83,55000
     90,     42,   7300,       ,1965,1994,11,MOBILE HM,1030,MOBIL HM,C,AVERAGE,660,816,757,72,37900
     90,     42,   7400,       ,1996,2012,11,MOBILE HM,1030,MOBIL HM,C+,AVG. (+),1008,1136,1098,90,66700
     90,     42,   7500,       ,1962,1997,11,MOBILE HM,1030,MOBIL HM,D,FAIR,684,978,740,75,30200
     90,     42,   7600,       ,1974,2005,11,MOBILE HM,1030,MOBIL HM,C,AVERAGE,872,1152,1046,83,51000
     90,     42,   7700,       ,2023,2021,11,MOBILE HM,1030,MOBIL HM,C+,AVG. (+),980,2135,1021,99,74200
     90,     42,   7800,       ,1974,2005,11,MOBILE HM,1030,MOBIL HM,C,AVERAGE,854,1064,881,83,45900
     90,     42,   7900,       ,2002,2012,11,MOBILE HM,1030,MOBIL HM,C+,AVG. (+),960,1060,985,90,58600
     90,     42,   8000,       ,2002,2012,11,MOBILE HM,1030,MOBIL HM,C+,AVG. (+),1056,1232,1100,90,67500
     90,     42,   8100,       ,2001,2012,11,MOBILE HM,1030,MOBIL HM,C+,AVG. (+),900,1000,925,90,58700
     90,     44,       ,       ,1966,2001,19,RANCH,1010,ONE FAM,C,AVERAGE,1120,3020,1821,79,214500
     90,     44,    100,       ,1999,2012,05,CAPE,1010,ONE FAM,C,AVERAGE,1680,3720,2050,90,271900
     90,     44,  70100,       ,1971,1994,11,MOBILE HM,1030,MOBIL HM,C-,AVG. (-),732,1116,809,72,40300
     90,     45,       ,       ,1920,1984,02,BUNGALOW,1010,ONE FAM,C,AVERAGE,1284,2640,1669,62,148500
     90,     46,       ,       ,1950,1993,02,BUNGALOW,1010,ONE FAM,C,AVERAGE,968,2308,1324,56,118600
     90,     47,       ,       ,1935,1984,02,BUNGALOW,1010,ONE FAM,C,AVERAGE,1006,1576,1041,62,119100
     90,     48,       ,       ,1931,1993,02,BUNGALOW,1010,ONE FAM,C,AVERAGE,981,2065,1255,71,158200
     90,     49,       ,       ,1957,1997,19,RANCH,1010,ONE FAM,C,AVERAGE,960,2052,1335,75,172500
     90,     50,       ,       ,1986,2009,18,SPLIT/RSD RANCH,1010,ONE FAM,C,AVERAGE,960,1960,1299,87,190300
     90,     51,       ,       ,1972,2010,19,RANCH,1010,ONE FAM,C,AVERAGE,976,3108,1476,88,200600
     90,     52,       ,       ,1965,2001,11,MOBILE HM,1030,MOBIL HM,D-,POOR,684,999,837,79,35800
     90,     53,       ,       ,1989,2009,19,RANCH,1010,ONE FAM,C,AVERAGE,920,2256,1192,87,172700
     90,     54,       ,       ,2010,2014,08,CONDO-TNHS,1020,CONDO,03,ADEQUATE,1320,2091,1511,92,212400
     90,     54,    100,       ,2010,2014,08,CONDO-TNHS,1020,CONDO,03,ADEQUATE,1320,2091,1511,92,224700
     90,     55,       ,       ,1963,2001,19,RANCH,1010,ONE FAM,C,AVERAGE,1248,2976,1637,79,191000
     90,     56,       ,       ,1950,1996,05,CAPE,1010,ONE FAM,C,AVERAGE,1290,2562,1496,70,169700
     90,     57,       ,       ,1963,2001,19,RANCH,1010,ONE FAM,C,AVERAGE,1040,2779,1558,79,191700
     90,     58,       ,       ,1800,1993,12,MULTI-CONV,1040,2 FAMILY,C,AVERAGE,2171,5688,2900,71,282600
     90,     59,       ,       ,1860,1982,72,OFFICE-PRO,3050,HOSPITAL,C+,Avg. (+),6018,8644,6251,60,550700
     90,     59,       ,       ,1880,1982,72,OFFICE-PRO,3050,HOSPITAL,C,Average,7904,12528,8684,30,0
     90,     59,       ,       ,1880,1982,72,OFFICE-PRO,3050,HOSPITAL,C+,Avg. (+),2676,4356,2936,60,304700
     90,     59,       ,       ,1964,1989,89,HOSPITAL,3050,HOSPITAL,B-,Good (-),76705,77263,76817,67,14320000
     90,     59,       ,       ,1976,1990,72,OFFICE-PRO,3050,HOSPITAL,B-,Good (-),16298,27300,17664,68,1753600
     90,     59,       ,       ,1991,1993,72,OFFICE-PRO,3050,HOSPITAL,C+,Avg. (+),6052,12268,9716,71,964500
     90,     59,       ,       ,2015,2013,89,HOSPITAL,3050,HOSPITAL,B,Good,44328,45282,44596,91,12463200
     90,     59,  70300,       ,,,,,3910,POTNLDEV,,,,,,,
     90,     59,  70400,       ,1880,1983,72,OFFICE-PRO,3050,HOSPITAL,C+,Avg. (+),7904,12528,8684,30,353000
     90,     60,       ,       ,,0,,,1300,,,,0,0,0,,0
     91,      1,       ,       ,1900,1984,22,CONVENT`NL,1010,ONE FAM,C,AVERAGE,1420,2877,1852,62,197300
     91,      2,       ,       ,1987,2009,18,SPLIT/RSD RANCH,1010,ONE FAM,C,AVERAGE,906,1980,1145,87,185400
     91,      3,       ,       ,1920,1993,02,BUNGALOW,1010,ONE FAM,C,AVERAGE,1543,3883,1972,71,199500
     91,      4,       ,       ,1900,1982,12,MULTI-CONV,1110,APT 4-8,C,Average,2800,4224,3056,60,214300
     91,      5,       ,       ,1886,1998,22,CONVENT`NL,1010,ONE FAM,C,AVERAGE,1736,3210,2082,76,254600
     91,      6,       ,       ,1900,1989,22,CONVENT`NL,1010,ONE FAM,C,AVERAGE,1339,2287,1523,67,166900
     91,      7,       ,       ,1900,1993,22,CONVENT`NL,1010,ONE FAM,C,AVERAGE,1280,2130,1531,71,190700
     91,      8,       ,       ,1988,2012,19,RANCH,1010,ONE FAM,C,AVERAGE,1035,2280,1360,90,210600
     91,      9,       ,       ,1989,2009,19,RANCH,1010,ONE FAM,C,AVERAGE,935,1995,1241,87,198400
     91,     10,       ,       ,1935,1989,02,BUNGALOW,1010,ONE FAM,C,AVERAGE,920,2712,1250,67,144800
     91,     11,       ,       ,1935,1989,02,BUNGALOW,1010,ONE FAM,C-,AVG. (-),1000,1884,1218,67,125300
     91,     12,       ,       ,1935,1989,02,BUNGALOW,1010,ONE FAM,C-,AVG. (-),1080,2581,1325,67,129500
     91,     13,       ,       ,1922,2005,22,CONVENT`NL,1010,ONE FAM,C,AVERAGE,1984,3058,2217,83,303600
     91,     14,       ,       ,1939,1989,05,CAPE,1040,2 FAMILY,C+,AVG. (+),2042,3544,2345,67,298700
     91,     15,       ,       ,1950,1993,05,CAPE,1010,ONE FAM,C,AVERAGE,1285,2938,1642,71,189000
     91,     16,       ,       ,1958,1997,22,CONVENT`NL,1010,ONE FAM,C,AVERAGE,1632,3428,2020,75,247600
     91,     17,       ,       ,1929,1989,22,CONVENT`NL,1010,ONE FAM,C,AVERAGE,1092,2026,1300,67,166500
     91,     18,       ,       ,1930,1993,22,CONVENT`NL,1010,ONE FAM,C,AVERAGE,1092,2172,1343,71,171000
     91,     19,       ,       ,1925,1989,19,RANCH,1010,ONE FAM,C-,AVG. (-),792,1596,992,67,117000
     91,     20,       ,       ,1923,1984,22,CONVENT`NL,1010,ONE FAM,C,AVERAGE,1364,2420,1675,62,169400
     91,     21,       ,       ,1987,2009,19,RANCH,1040,2 FAMILY,C,AVERAGE,1456,3662,2112,87,343200
     91,     22,       ,       ,1922,1993,22,CONVENT`NL,1010,ONE FAM,C,AVERAGE,2130,4921,2772,71,272000
     91,     23,       ,       ,1900,1989,12,MULTI-CONV,1040,2 FAMILY,C,AVERAGE,2080,4224,2648,67,243100
     91,     24,       ,       ,1880,1993,22,CONVENT`NL,1010,ONE FAM,C+,AVG. (+),1391,2700,1608,71,199000
     91,     25,       ,       ,1946,1996,05,CAPE,1010,ONE FAM,C,AVERAGE,1221,2859,1557,74,181700
     91,     26,       ,       ,1987,2012,19,RANCH,1010,ONE FAM,C,AVERAGE,2814,6403,3732,90,381400
     91,     27,       ,       ,1988,2012,06,COLONIAL,1010,ONE FAM,C,AVERAGE,2519,5029,3156,90,425100
     91,     28,       ,       ,1953,2004,05,CAPE,1010,ONE FAM,C,AVERAGE,1351,3921,1844,82,225700
     91,     29,       ,       ,1940,1989,19,RANCH,1010,ONE FAM,C,AVERAGE,780,2000,1175,67,137200
     91,     30,       ,       ,1941,1989,19,RANCH,1010,ONE FAM,C-,AVG. (-),1112,2410,1210,67,132400
     91,     31,       ,       ,1880,1993,22,CONVENT`NL,1010,ONE FAM,C+,AVG. (+),1732,2894,2065,71,256400
     91,     32,       ,       ,1920,1993,12,MULTI-CONV,1050,3 FAMILY,C,AVERAGE,1422,3053,1780,71,166300
     91,     33,       ,       ,1920,1993,22,CONVENT`NL,1010,ONE FAM,C,AVERAGE,1620,3396,2022,71,252400
     91,     34,       ,       ,2012,2014,05,CAPE,1010,ONE FAM,C,AVERAGE,1494,3130,1924,92,271100
     91,     35,       ,       ,1922,1989,02,BUNGALOW,1010,ONE FAM,C,AVERAGE,1063,3428,1707,67,182100
     91,     36,       ,       ,1927,1993,02,BUNGALOW,1010,ONE FAM,C,AVERAGE,1280,3024,1709,71,189900
     91,     37,       ,       ,1952,2000,19,RANCH,1010,ONE FAM,C+,AVG. (+),1538,3802,2197,78,286800
     91,     38,       ,       ,1982,2013,05,CAPE,1010,ONE FAM,C,AVERAGE,1939,4076,2520,91,323100
     91,     39,       ,       ,1951,1993,19,RANCH,1010,ONE FAM,C,AVERAGE,1723,3534,2224,71,225400
     91,     40,       ,       ,1964,2001,19,RANCH,1010,ONE FAM,C,AVERAGE,864,1938,1176,79,166800
     91,     41,       ,       ,1950,1996,05,CAPE,1010,ONE FAM,C,AVERAGE,1750,3117,2112,74,219900
     91,     42,       ,       ,1928,1989,02,BUNGALOW,1010,ONE FAM,C,AVERAGE,963,3073,1368,67,152900
     91,     43,       ,       ,1964,2004,18,SPLIT/RSD RANCH,1010,ONE FAM,C,AVERAGE,1000,2104,1330,82,186600
     91,     44,       ,       ,1956,2004,05,CAPE,1010,ONE FAM,C,AVERAGE,1326,3202,1740,82,226000
     91,     45,       ,       ,1950,1996,05,CAPE,1010,ONE FAM,C,AVERAGE,1475,3251,1890,74,213600
     91,     45,    100,       ,1986,2012,06,COLONIAL,1010,ONE FAM,C,AVERAGE,1680,3452,2033,90,303400
     91,     46,       ,       ,1954,2004,05,CAPE,1010,ONE FAM,C+,AVG. (+),1287,3190,1790,82,256300
     91,     47,       ,       ,1962,2004,06,COLONIAL,1010,ONE FAM,C,AVERAGE,1440,2441,1775,82,241000
     91,     48,       ,       ,1955,1997,19,RANCH,1010,ONE FAM,C,AVERAGE,1736,3900,2195,75,245800
     91,     49,       ,       ,1919,1989,12,MULTI-CONV,1050,3 FAMILY,C,AVERAGE,2920,4994,3325,67,237100
     91,     50,       ,       ,1920,1998,05,CAPE,1010,ONE FAM,C,AVERAGE,936,2989,1330,76,165500
     91,     51,       ,       ,1910,1989,05,CAPE,1010,ONE FAM,C+,AVG. (+),1685,4228,2317,67,247000
     91,     52,       ,       ,1976,2005,18,SPLIT/RSD RANCH,1010,ONE FAM,C,AVERAGE,1125,2377,1560,83,195900
     91,     53,       ,       ,,,,,1320,,,,0,0,0,,0
     91,     54,       ,       ,1975,2005,19,RANCH,1010,ONE FAM,C,AVERAGE,1056,2382,1451,83,197000
     91,     55,       ,       ,1900,1989,22,CONVENT`NL,1010,ONE FAM,C,AVERAGE,1260,3009,1629,67,185800
     91,     56,       ,       ,1930,1989,12,MULTI-CONV,1050,3 FAMILY,C,AVERAGE,2008,4120,2327,67,178700
     91,     57,       ,       ,1910,1974,12,MULTI-CONV,1050,3 FAMILY,C,AVERAGE,1492,2863,1618,52,105600
     91,     58,       ,       ,1910,1979,12,MULTI-CONV,1040,2 FAMILY,C,AVERAGE,1699,3220,1953,57,185300
     91,     59,       ,       ,1910,1974,22,CONVENT`NL,1010,ONE FAM,C,AVERAGE,1249,2224,1402,25,63800
     91,     60,       ,       ,1900,1989,12,MULTI-CONV,1050,3 FAMILY,C,AVERAGE,1750,3770,2024,67,167500
     91,     61,       ,       ,1900,1989,12,MULTI-CONV,1050,3 FAMILY,C,AVERAGE,1451,2672,1678,67,158800
     91,     62,       ,       ,1910,1983,12,MULTI-CONV,1110,APT 4-8,C,Average,2391,4314,2695,61,199000
     91,     62,       ,       ,1910,1983,83,APARTMENT,1110,APT 4-8,C,Average,1652,3021,1886,61,139500
     91,     63,       ,       ,1900,1989,12,MULTI-CONV,1040,2 FAMILY,C,AVERAGE,1739,2833,1943,67,214300
     91,     64,       ,       ,1900,1998,22,CONVENT`NL,1010,ONE FAM,C,AVERAGE,1302,2709,1597,76,209700
     91,     65,       ,       ,1860,1989,22,CONVENT`NL,1010,ONE FAM,C,AVERAGE,1935,4896,2382,67,237900
     91,     66,       ,       ,1910,1989,22,CONVENT`NL,1010,ONE FAM,C,AVERAGE,893,1068,927,67,134900
     91,     67,       ,       ,1850,1989,22,CONVENT`NL,1010,ONE FAM,C,AVERAGE,1843,2846,1991,67,223700
     91,     68,       ,       ,1880,1998,22,CONVENT`NL,1010,ONE FAM,C,AVERAGE,1798,4140,2161,76,273400
     91,     69,       ,       ,1880,1989,12,MULTI-CONV,1050,3 FAMILY,C,AVERAGE,1960,3390,2184,67,187200
     91,     70,       ,       ,1880,1989,22,CONVENT`NL,1010,ONE FAM,C,AVERAGE,1018,2000,1153,67,157900
     91,     71,       ,       ,1890,1989,12,MULTI-CONV,013R,RES/COM-Res,C,AVERAGE,2800,4890,3239,67,246500
     91,     72,       ,       ,1910,1986,12,MULTI-CONV,1110,APT 4-8,C,Average,3780,6020,4629,64,328500
     91,     73,       ,       ,1880,1979,22,CONVENT`NL,1010,ONE FAM,C-,AVG. (-),1193,2796,1563,57,111800
     91,     74,       ,       ,2021,2021,06,COLONIAL,1010,ONE FAM,C,AVERAGE,2352,4359,2823,99,419700
     91,     75,       ,       ,1900,1989,22,CONVENT`NL,1010,ONE FAM,C,AVERAGE,3101,6034,3826,54,264200
     91,     76,       ,       ,1900,1989,12,MULTI-CONV,1010,ONE FAM,C,AVERAGE,1152,2564,1368,67,148600
     91,     77,       ,       ,2011,2015,22,CONVENT`NL,1010,ONE FAM,C,AVERAGE,1904,3162,2219,93,342900
     91,     78,       ,       ,1910,1989,06,COLONIAL,1010,ONE FAM,C,AVERAGE,1736,3175,2007,67,199600
     91,     79,       ,       ,1900,1993,14,MULTI-TNHS,1040,2 FAMILY,C,AVERAGE,2580,4406,3116,71,271200
     91,     80,       ,       ,1929,1989,02,BUNGALOW,1010,ONE FAM,C,AVERAGE,1456,2706,1743,67,171200
     91,     80,      1,       ,2011,2014,22,CONVENT`NL,1010,ONE FAM,B-,GOOD (-),1560,2716,1849,92,348000
     91,     81,       ,       ,1880,1982,12,MULTI-CONV,1110,APT 4-8,C+,Avg. (+),3150,5676,3444,60,230900
     91,     82,       ,       ,1840,1998,22,CONVENT`NL,1010,ONE FAM,C,AVERAGE,1444,3674,2182,76,259500
     91,     83,       ,       ,1955,1997,14,MULTI-TNHS,1040,2 FAMILY,C,AVERAGE,1920,3111,2185,75,230500
     91,     84,       ,       ,1920,1989,22,CONVENT`NL,1010,ONE FAM,C,AVERAGE,1617,3136,1924,67,205900
     91,     85,       ,       ,1960,1992,19,RANCH,1010,ONE FAM,C,AVERAGE,936,2088,1303,70,150000
     91,     86,       ,       ,1940,1989,19,RANCH,1010,ONE FAM,C-,AVG. (-),1032,2316,1431,67,142200
     91,     87,       ,       ,1978,2008,18,SPLIT/RSD RANCH,1040,2 FAMILY,C,AVERAGE,2172,5898,3215,86,392800
     91,     88,       ,       ,1979,2000,18,SPLIT/RSD RANCH,1010,ONE FAM,C-,AVG. (-),1034,2413,1322,78,155800
     91,     89,       ,       ,1920,1989,15,OLD STYLE,1010,ONE FAM,C,AVERAGE,1168,2408,1438,67,180400
     91,     90,       ,       ,1940,1989,22,CONVENT`NL,1010,ONE FAM,C,AVERAGE,936,2304,1269,67,159700
     91,     91,       ,       ,1920,1979,22,CONVENT`NL,1010,ONE FAM,C,AVERAGE,857,2328,1170,57,115700
     91,     92,       ,       ,1920,1989,22,CONVENT`NL,1010,ONE FAM,C,AVERAGE,1418,2688,1696,67,201600
     91,     93,       ,       ,1936,1989,02,BUNGALOW,1010,ONE FAM,C,AVERAGE,816,2616,1220,67,139400
     91,     94,       ,       ,1910,1989,12,MULTI-CONV,1040,2 FAMILY,C,AVERAGE,1468,2335,1685,67,189400
     91,     95,       ,       ,1900,1993,02,BUNGALOW,1010,ONE FAM,C,AVERAGE,904,1878,1061,71,124100
     91,     96,       ,       ,1927,1998,22,CONVENT`NL,1010,ONE FAM,C,AVERAGE,1717,3744,2071,76,247700
     91,     97,       ,       ,1920,1993,22,CONVENT`NL,1010,ONE FAM,C,AVERAGE,1000,1690,1185,71,167100
     91,     98,       ,       ,1900,1993,12,MULTI-CONV,1010,ONE FAM,C,AVERAGE,1845,3897,2345,71,201100
     91,     99,       ,       ,1900,2005,05,CAPE,1010,ONE FAM,C+,AVG. (+),1456,2924,1821,83,253000
     91,    100,       ,       ,1917,1993,22,CONVENT`NL,1012,ONE FAM W ACC,C,AVERAGE,1157,3049,1527,71,198900
     91,    100,       ,       ,2024,2022,19,RANCH,1012,ONE FAM W ACC,C,AVERAGE,352,816,383,100,113900
     91,    101,       ,       ,1910,1998,22,CONVENT`NL,1010,ONE FAM,C,AVERAGE,1792,3764,2144,76,265500
     91,    102,       ,       ,1915,1984,15,OLD STYLE,1040,2 FAMILY,C,AVERAGE,1572,4108,2254,62,262500
     91,    103,       ,       ,1930,1979,22,CONVENT`NL,1010,ONE FAM,C,AVERAGE,1260,2592,1520,43,122000
     91,    104,       ,       ,1915,1989,22,CONVENT`NL,1010,ONE FAM,C,AVERAGE,1158,2318,1377,67,182200
     91,    105,       ,       ,,,,,1300,,,,0,0,0,,0
     91,    106,       ,       ,1962,2001,19,RANCH,1010,ONE FAM,C,AVERAGE,1168,2904,1756,79,208000
     91,    107,       ,       ,1940,1993,22,CONVENT`NL,1010,ONE FAM,C,AVERAGE,1478,2724,1740,71,212600
     91,    108,       ,       ,1924,1979,05,CAPE,1010,ONE FAM,C,AVERAGE,1296,2190,1584,57,139400
     91,    109,       ,       ,1890,1986,12,MULTI-CONV,1110,APT 4-8,B-,Good (-),3824,7269,4889,64,402500
     91,    110,       ,       ,1927,1989,22,CONVENT`NL,1010,ONE FAM,C+,AVG. (+),2138,3951,2704,67,293800
     91,    111,       ,       ,1913,1993,22,CONVENT`NL,1010,ONE FAM,C,AVERAGE,2051,4239,2389,71,259800
     91,    112,       ,       ,1890,1989,12,MULTI-CONV,1050,3 FAMILY,C,AVERAGE,3675,6386,3753,67,257800
     91,    113,       ,       ,1876,1998,12,MULTI-CONV,1040,2 FAMILY,C,AVERAGE,2223,4465,3078,76,302100
     91,    114,       ,       ,1900,1989,12,MULTI-CONV,1012,ONE FAM W ACC,C,AVERAGE,1622,3298,2093,67,151000
     91,    115,       ,       ,1870,1989,12,MULTI-CONV,1040,2 FAMILY,C,AVERAGE,2342,4781,2917,67,235200
     91,    116,       ,       ,1909,1998,22,CONVENT`NL,1010,ONE FAM,C,AVERAGE,1606,3114,1879,76,227500
     91,    117,       ,       ,1910,1974,15,OLD STYLE,1040,2 FAMILY,C,AVERAGE,1550,3122,1964,52,197100
     91,    118,       ,       ,1910,1989,12,MULTI-CONV,1040,2 FAMILY,C,AVERAGE,2292,3842,2632,67,235000
     91,    119,       ,       ,1890,1982,12,MULTI-CONV,1110,APT 4-8,C,Average,4308,6738,4673,60,299600
     91,    120,       ,       ,1904,1993,12,MULTI-CONV,1040,2 FAMILY,C,AVERAGE,1974,3955,2362,71,220400
     91,    121,       ,       ,1900,1984,22,CONVENT`NL,1010,ONE FAM,C,AVERAGE,2052,3283,2354,62,227300
     91,    122,       ,       ,1920,1989,12,MULTI-CONV,1040,2 FAMILY,C,AVERAGE,2310,4818,2923,67,246900
     91,    123,       ,       ,1918,1993,22,CONVENT`NL,1010,ONE FAM,C,AVERAGE,1134,1869,1285,71,187400
     91,    124,       ,       ,1911,1993,22,CONVENT`NL,1010,ONE FAM,C,AVERAGE,1528,2634,1773,71,215600
     91,    125,       ,       ,1880,1993,22,CONVENT`NL,1010,ONE FAM,C,AVERAGE,1092,2098,1365,71,194100
     91,    126,       ,       ,1910,1979,22,CONVENT`NL,1010,ONE FAM,C,AVERAGE,1527,3588,1930,57,170300
     91,    127,       ,       ,1910,1989,22,CONVENT`NL,1010,ONE FAM,C,AVERAGE,1064,2063,1275,67,156300
     91,    128,       ,       ,1876,1982,52,MIXED OLD,3400,OFFICE,C,Average,3262,5909,3866,60,524400
     91,    129,       ,       ,1890,1989,12,MULTI-CONV,1050,3 FAMILY,C,AVERAGE,2589,5753,2825,67,195100
     91,    130,       ,       ,1870,1982,12,MULTI-CONV,1110,APT 4-8,C+,Avg. (+),2641,5634,3191,60,241800
     91,    131,       ,       ,1880,1986,12,MULTI-CONV,1110,APT 4-8,C+,Avg. (+),4712,8920,5112,64,417200
     91,    132,       ,       ,1880,1982,12,MULTI-CONV,1110,APT 4-8,C+,Avg. (+),2053,3848,2124,60,201200
     91,    133,       ,       ,1897,1982,52,MIXED OLD,112C,APT 9+UP-Comm,C,Average,12013,17286,13687,60,827600
     91,    134,       ,       ,1910,1989,12,MULTI-CONV,1040,2 FAMILY,C,AVERAGE,1920,3963,2301,67,219400
     91,    135,       ,       ,1910,1989,12,MULTI-CONV,1040,2 FAMILY,C,AVERAGE,1698,3100,1988,67,201500
     91,    136,       ,       ,1880,1979,12,MULTI-CONV,1040,2 FAMILY,C,AVERAGE,1344,2296,1540,57,151600
     91,    137,       ,       ,1915,2005,22,CONVENT`NL,1010,ONE FAM,C,AVERAGE,1001,1864,1208,83,203300
     91,    138,       ,       ,1850,1989,22,CONVENT`NL,1010,ONE FAM,C,AVERAGE,1537,2732,1957,67,206200
     91,    139,    101,       ,1900,1987,07,CONDO-GRDN,1020,CONDO,03,ADEQUATE,1001,1716,1144,65,133400
     91,    139,    201,       ,1900,1987,07,CONDO-GRDN,1020,CONDO,03,ADEQUATE,883,1240,907,65,116700
     91,    139,    301,       ,1900,1987,07,CONDO-GRDN,1020,CONDO,03,ADEQUATE,688,1013,714,65,113400
     91,    139,    401,       ,1900,1987,07,CONDO-GRDN,1020,CONDO,03,ADEQUATE,680,785,706,65,116200
     91,    140,       ,       ,1901,1974,12,MULTI-CONV,1010,ONE FAM,C,AVERAGE,1674,2400,1864,52,116900
     91,    141,       ,       ,1910,1989,12,MULTI-CONV,1040,2 FAMILY,C,AVERAGE,1805,3232,2071,67,197100
     91,    142,       ,       ,1885,1998,12,MULTI-CONV,1040,2 FAMILY,C,AVERAGE,1339,2490,1519,76,207900
     91,    143,       ,       ,1915,1989,22,CONVENT`NL,1010,ONE FAM,C,AVERAGE,911,1952,1111,67,142300
     91,    144,       ,       ,1910,1989,12,MULTI-CONV,1050,3 FAMILY,C,AVERAGE,2745,5054,2909,67,202200
     91,    145,       ,       ,1860,1979,12,MULTI-CONV,1040,2 FAMILY,C,AVERAGE,1682,2225,1759,57,154100
     91,    146,       ,       ,1910,1979,12,MULTI-CONV,1040,2 FAMILY,C,AVERAGE,1364,3166,1809,57,163600
     91,    147,       ,       ,1880,1982,12,MULTI-CONV,1110,APT 4-8,C,Average,3125,4693,3304,60,256400
     91,    148,       ,       ,1870,1979,22,CONVENT`NL,1012,ONE FAM W ACC,C,AVERAGE,1332,2496,1582,57,156800
     91,    149,       ,       ,1910,1989,12,MULTI-CONV,1040,2 FAMILY,C,AVERAGE,1770,3820,1983,67,214600
     91,    150,       ,       ,1901,1989,12,MULTI-CONV,1040,2 FAMILY,C,AVERAGE,1835,3192,2139,67,196600
     91,    151,       ,       ,1860,1974,12,MULTI-CONV,1040,2 FAMILY,C,AVERAGE,1920,2620,2095,52,149800
     91,    154,       ,       ,,,,,9030,,,,0,0,0,,0
     91,    155,       ,       ,,,,,1060,,,,0,0,0,,0
     91,    156,       ,       ,1860,1989,22,CONVENT`NL,1010,ONE FAM,C,AVERAGE,1288,2767,1603,67,189300
     91,    157,       ,       ,1938,1989,12,MULTI-CONV,1040,2 FAMILY,C,AVERAGE,1992,4492,2420,67,226700
     91,    158,       ,       ,1900,1967,22,CONVENT`NL,1010,ONE FAM,D-,POOR,400,1296,616,25,27600
     91,    159,       ,       ,1903,1979,12,MULTI-CONV,1040,2 FAMILY,C,AVERAGE,1968,3762,2194,57,177200
     91,    160,       ,       ,1890,1979,22,CONVENT`NL,1010,ONE FAM,C,AVERAGE,1182,2671,1508,42,107600
     91,    161,       ,       ,1880,1984,22,CONVENT`NL,1090,MULT HS,C-,AVG. (-),707,910,707,62,88800
     91,    161,       ,       ,1890,1984,12,MULTI-CONV,1090,MULT HS,C,AVERAGE,1179,1909,1286,62,124900
     91,    162,       ,       ,1860,1989,15,OLD STYLE,1010,ONE FAM,C,AVERAGE,1584,3583,1703,67,187500
     91,    163,       ,       ,1920,1989,12,MULTI-CONV,1050,3 FAMILY,C,AVERAGE,1728,3090,2237,67,168700
     91,    164,       ,       ,1920,1993,15,OLD STYLE,1010,ONE FAM,C,AVERAGE,1560,3240,1933,71,235200
     91,    165,       ,       ,1920,1983,12,MULTI-CONV,1110,APT 4-8,C+,Avg. (+),3500,6032,4141,61,295500
     91,    166,       ,       ,1920,1983,12,MULTI-CONV,1110,APT 4-8,A+,Excellent,2646,4442,3094,61,433500
     91,    167,       ,       ,2000,2013,05,CAPE,1010,ONE FAM,C,AVERAGE,1365,2430,1578,91,229900
     91,    168,       ,       ,1920,1989,02,BUNGALOW,1012,ONE FAM W ACC,C,AVERAGE,881,3176,1468,67,159600
     91,    168,       ,       ,1935,1989,10,APT/GAR,1012,ONE FAM W ACC,C,AVERAGE,464,1088,681,67,109700
     91,    170,       ,       ,1910,1989,05,CAPE,1040,2 FAMILY,C,AVERAGE,1759,3241,2086,67,237000
     91,    171,       ,       ,1948,1993,05,CAPE,1010,ONE FAM,C,AVERAGE,1456,2496,1664,71,186400
     91,    172,       ,       ,1939,1993,05,CAPE,1010,ONE FAM,C+,AVG. (+),1496,2607,1745,71,213700
     91,    173,       ,       ,1920,1989,12,MULTI-CONV,1040,2 FAMILY,C,AVERAGE,1792,3948,2297,67,235700
     91,    174,       ,       ,1890,1989,12,MULTI-CONV,1050,3 FAMILY,C,AVERAGE,1920,3965,2679,67,210200
     91,    175,       ,       ,1927,1989,12,MULTI-CONV,1040,2 FAMILY,C,AVERAGE,1792,4284,2421,67,225800
     91,    176,       ,       ,1941,1993,05,CAPE,906R,CHURCH-Res,C+,AVG. (+),1372,2840,1747,71,188200
     91,    177,       ,       ,1941,1986,46,CHURCH/SYN,9060,CHURCH,A,Very Good,10004,23813,13630,64,1797900
     91,    177,       ,       ,1941,1993,06,COLONIAL,906R,CHURCH-Res,B+,GOOD (+),4540,8183,5399,71,699800
     91,    178,       ,       ,1920,1993,22,CONVENT`NL,1010,ONE FAM,C,AVERAGE,1974,4035,2391,71,260300
     91,    179,       ,       ,1928,1979,02,BUNGALOW,1010,ONE FAM,C,AVERAGE,1401,3213,1689,57,146700
     91,    181,       ,       ,1948,1996,06,COLONIAL,1010,ONE FAM,C,AVERAGE,1592,3508,2197,74,274600
     91,    182,       ,       ,1950,2008,05,CAPE,1010,ONE FAM,C,AVERAGE,1470,2720,1703,86,241500
     91,    183,       ,       ,1950,1993,05,CAPE,1040,2 FAMILY,C,AVERAGE,1778,3411,2252,71,281600
     91,    184,       ,       ,1948,1996,05,CAPE,1010,ONE FAM,C,AVERAGE,1166,3237,1730,74,201600
     91,    185,       ,       ,1950,1996,05,CAPE,1010,ONE FAM,C,AVERAGE,1656,3180,1966,74,215300
     91,    186,       ,       ,2002,2014,05,CAPE,1010,ONE FAM,C+,AVG. (+),1404,3236,1742,92,282500
     91,    187,       ,       ,1950,1996,12,MULTI-CONV,1040,2 FAMILY,C,AVERAGE,1456,2856,1855,74,229800
     91,    188,       ,       ,1950,1993,05,CAPE,1010,ONE FAM,C,AVERAGE,1562,2790,1824,71,198800
     91,    189,       ,       ,1930,1993,05,CAPE,1010,ONE FAM,C,AVERAGE,1960,3916,2433,71,229400
     91,    190,       ,       ,1940,1989,02,BUNGALOW,1010,ONE FAM,C,AVERAGE,1800,4121,2281,67,208500
     91,    191,       ,       ,1920,1993,12,MULTI-CONV,1050,3 FAMILY,C,AVERAGE,2342,3789,2784,71,243700
     91,    192,       ,       ,1910,1993,12,MULTI-CONV,1050,3 FAMILY,C,AVERAGE,3210,5901,3831,71,284100
     91,    193,       ,       ,1920,1993,22,CONVENT`NL,1010,ONE FAM,C,AVERAGE,2304,4886,2931,71,322000
     91,    194,       ,       ,1910,1982,78,STORE,9050,CHARITABLE,C+,Avg. (+),7724,10532,8148,60,428300
     91,    195,       ,       ,1900,1986,12,MULTI-CONV,1110,APT 4-8,C,Average,3656,6221,4052,64,302400
     91,    196,       ,       ,,,,,3370,,,,0,0,0,,0
     91,    197,       ,       ,1950,1982,78,STORE,3260,REST/BAR,C,Average,4064,6210,4617,60,201200
     91,    198,       ,       ,1880,1989,12,MULTI-CONV,1050,3 FAMILY,C,AVERAGE,2463,4103,2723,67,212200
     91,    199,       ,       ,1880,1989,12,MULTI-CONV,1050,3 FAMILY,C,AVERAGE,1611,3207,1865,67,171900
     91,    200,       ,       ,1875,1982,12,MULTI-CONV,1110,APT 4-8,C,Average,3729,6254,3993,60,272700
     91,    201,       ,       ,1880,1989,12,MULTI-CONV,1050,3 FAMILY,C,AVERAGE,3032,5638,3474,67,247800
     91,    202,       ,       ,1930,1993,22,CONVENT`NL,1010,ONE FAM,C,AVERAGE,1008,1896,1205,71,163000
     91,    203,       ,       ,1910,1989,12,MULTI-CONV,1050,3 FAMILY,C,AVERAGE,1656,3720,2140,67,185200
     91,    204,       ,       ,1900,1989,12,MULTI-CONV,1050,3 FAMILY,C,AVERAGE,1701,2940,1846,67,156100
     91,    205,       ,       ,1910,1982,83,APARTMENT,1110,APT 4-8,C,Average,1080,2310,1296,60,108600
     91,    205,       ,       ,1920,1982,83,APARTMENT,1110,APT 4-8,C+,Avg. (+),1506,3311,1834,60,137000
     91,    206,       ,       ,1850,1989,12,MULTI-CONV,1050,3 FAMILY,C,AVERAGE,2731,4546,3126,67,223900
     91,    207,       ,       ,1940,1989,22,CONVENT`NL,1010,ONE FAM,C,AVERAGE,978,2136,1214,67,150800
     91,    208,       ,       ,1890,1984,22,CONVENT`NL,1010,ONE FAM,C,AVERAGE,1722,2859,2008,55,180900
     91,    209,       ,       ,1910,1984,22,CONVENT`NL,1010,ONE FAM,C,AVERAGE,1210,2798,1448,62,150700
     91,    210,       ,       ,1890,1982,71,OFFICE,3400,OFFICE,C+,Avg. (+),5383,7807,6104,60,518900
     91,    211,       ,       ,1976,1988,39,REPAIR GAR,3160,COMMWHSE,C+,Avg. (+),10656,22362,13530,66,545800
     91,    211,       ,       ,1990,1992,43,WAREHOUSE,3160,COMMWHSE,C,Average,3200,3200,3200,70,120300
     91,    212,       ,       ,1870,1982,71,OFFICE,3400,OFFICE,C+,Avg. (+),6521,11428,7371,60,516800
     91,    213,       ,       ,1790,1989,12,MULTI-CONV,1040,2 FAMILY,C,AVERAGE,2356,4987,2904,67,232400
     91,    214,       ,       ,1850,1992,12,MULTI-CONV,1210,BOARDING,C,AVERAGE,4143,7386,4730,70,363600
     91,    215,       ,       ,,,,,3910,,,,0,0,0,,0
     91,    216,       ,       ,1920,1982,78,STORE,3250,STORE,C-,Avg. (-),3425,3919,3579,60,170100
     91,    217,       ,       ,1900,1983,83,APARTMENT,1120,APT 9+UP,C,Average,12870,21392,15767,61,892200
     91,    218,       ,       ,1902,1982,78,STORE,0130,RES/COM,C,Average,3679,5812,4331,60,86500
     91,    219,       ,       ,1922,1972,62,COMM BLOCK,3250,STORE,C,Average,9703,16715,11664,50,385700
     91,    220,       ,       ,1910,1977,78,STORE,3250,STORE,C,Average,3476,7040,4765,55,119000
     91,    221,       ,       ,1910,1972,78,STORE,3250,STORE,D+,Fair (+),1722,3444,2153,50,51300
     91,    222,       ,       ,1984,1992,83,APARTMENT,112C,APT 9+UP-Comm,C,Average,18180,35288,24956,70,1582800
     91,    223,       ,       ,,,,,3920,,,,0,0,0,,0
     91,    225,       ,       ,1900,1977,52,MIXED OLD,3250,STORE,C-,Avg. (-),3105,4689,3524,55,232000
     91,    226,       ,       ,1900,1982,78,STORE,3250,STORE,C-,Avg. (-),796,1592,995,60,62600
     91,    227,       ,       ,,,,,9030,,,,0,0,0,,0
     91,    228,       ,       ,1970,1985,71,OFFICE,3400,OFFICE,C,Average,1309,2536,1614,63,144800
     91,    229,       ,       ,,,,,9030,,,,0,0,0,,0
     91,    230,       ,       ,,,,,9030,,,,0,0,0,,0
     91,    232,       ,       ,1890,1963,71,OFFICE,3400,OFFICE,C+,Avg. (+),30745,39339,33152,41,855000
     91,    233,       ,       ,1882,1965,71,OFFICE,3400,OFFICE,C+,Avg. (+),25969,36165,29880,43,1177900
     91,    235,       ,       ,1965,1985,78,STORE,3250,STORE,C+,Avg. (+),7837,16095,10272,63,518000
     91,    236,       ,       ,1965,1986,78,STORE,3250,STORE,C+,Avg. (+),12865,19575,15439,64,745300
     91,    237,       ,       ,,,,,9030,,,,0,0,0,,0
     91,    238,       ,       ,1987,1993,78,STORE,3250,STORE,C+,Avg. (+),11118,27748,15222,71,881200
     91,    239,      E,       ,1963,1985,58,SCHOOL,9040,SCHOOL,C+,Avg. (+),2550,7650,5610,63,483300
     91,    241,       ,       ,1986,1992,71,OFFICE,3400,OFFICE,C,Average,5402,12359,7660,70,455500
     91,    242,       ,       ,1925,1986,47,COLLEGE,9040,SCHOOL,C+,Avg. (+),9639,19278,13495,64,1316000
     91,    243,       ,       ,1901,1982,71,OFFICE,3400,OFFICE,C+,Avg. (+),8420,12705,9492,60,811000
     91,    244,       ,       ,1988,1995,71,OFFICE,3400,OFFICE,A,Very Good,26227,35020,26265,73,3654000
     91,    245,       ,       ,,,,,9030,,,,0,0,0,,0
     91,    246,       ,       ,1923,1983,50,GOVT BLDG,903C,MUNICPAL-Comm,B,Good,26474,49018,31233,61,3897100
     91,    246,    100,       ,,,,,3370,,,,0,0,0,,0
     91,    247,       ,       ,1982,1998,45,BANK,3410,BANK,C+,Avg. (+),13868,21464,15735,76,1860600
     91,    248,       ,       ,1925,1982,52,MIXED OLD,3250,STORE,C+,Avg. (+),6248,8400,6786,60,540300
     91,    249,       ,       ,1888,1982,46,CHURCH/SYN,9060,CHURCH,B,Good,9630,19277,11907,60,1084800
     91,    250,    100,       ,1994,2010,08,CONDO-TNHS,1020,CONDO,03,ADEQUATE,907,2112,1219,88,174200
     91,    250,    200,       ,1994,2010,08,CONDO-TNHS,1020,CONDO,03,ADEQUATE,907,2112,1219,88,174200
     91,    251,    100,       ,1994,2010,08,CONDO-TNHS,1020,CONDO,03,ADEQUATE,907,2096,1217,88,198500
     91,    251,    200,       ,1994,2010,08,CONDO-TNHS,1020,CONDO,03,ADEQUATE,907,2112,1219,88,181700
     91,    252,       ,       ,1945,2000,22,CONVENT`NL,905R,CHARITABLE-Res,C,AVERAGE,2843,4464,3265,78,356900
     91,    253,       ,       ,1954,1982,48,FIRE STAT,903I,MUNICPAL-Ind,B,Good,14800,14840,14810,60,56600
     91,    254,       ,       ,1945,1982,74,RESTAURANT,3240,SUPERMKT,C-,Avg. (-),5436,5611,5559,60,369200
     91,    254,       ,       ,1975,1988,79,SUPER MKT,3240,SUPERMKT,C,Average,12966,26392,19029,66,807700
     91,    255,       ,       ,,0,,,3900,,,,0,0,0,,0
     91,    257,       ,       ,1920,1982,71,OFFICE,3400,OFFICE,D+,Fair (+),3177,6454,4067,60,209500
     91,    258,       ,       ,1900,1990,43,WAREHOUSE,3160,COMMWHSE,C,Average,21185,31369,23718,68,817500
     91,    259,       ,       ,1895,1982,28,WHSE/OFFICE,4020,IND OFC,C,Average,42584,57568,45457,60,1785900
     91,    260,       ,       ,1944,1986,78,STORE,3250,STORE,C,Average,1484,2968,1855,64,109400
     91,    261,       ,       ,1880,1972,78,STORE,3310,AUTOPART,D,Fair,4282,5002,4458,50,99700
     91,    262,       ,       ,,,,,3370,,,,0,0,0,,0
     91,    263,       ,       ,1900,1956,35,MILL,4000,FACTORY,C,Average,43666,57622,47155,34,365000
     91,    263,       ,       ,1946,1972,43,WAREHOUSE,4000,FACTORY,C,Average,11666,13527,12192,50,203200
     91,    264,       ,       ,1900,2021,83,APARTMENT,1120,APT 9+UP,C+,Avg. (+),6848,11398,8472,99,82300
     91,    265,       ,       ,1880,1979,14,MULTI-TNHS,1050,3 FAMILY,C,AVERAGE,2820,5816,3364,57,188700
     91,    266,       ,       ,1890,1972,12,MULTI-CONV,1110,APT 4-8,C,Average,3482,6020,4092,50,230900
     91,    269,       ,       ,1930,1932,78,STORE,3250,STORE,C,Average,3925,8054,4796,30,120300
     91,    270,       ,       ,1900,1982,12,MULTI-CONV,1110,APT 4-8,C,Average,2244,4564,2892,60,178200
     91,    270,       ,       ,1930,1982,12,MULTI-CONV,1110,APT 4-8,C,Average,812,1019,871,60,67700
     91,    270,       ,       ,1930,1982,12,MULTI-CONV,1110,APT 4-8,C,Average,2142,3282,2427,60,166100
     91,    271,       ,       ,1870,1989,12,MULTI-CONV,1040,2 FAMILY,C,AVERAGE,2670,3749,2837,67,254700
     91,    272,       ,       ,1860,1989,22,CONVENT`NL,1010,ONE FAM,C,AVERAGE,1279,2753,1529,67,177800
     91,    273,       ,       ,1860,1979,22,CONVENT`NL,1010,ONE FAM,C,AVERAGE,1242,3103,1664,43,117800
     91,    274,       ,       ,1900,1989,22,CONVENT`NL,1010,ONE FAM,C,AVERAGE,1739,3643,1978,67,178100
     91,    275,       ,       ,1860,1984,12,MULTI-CONV,1040,2 FAMILY,C,AVERAGE,1888,4130,2210,62,176300
     91,    276,       ,       ,1880,1979,12,MULTI-CONV,1040,2 FAMILY,C,AVERAGE,1923,4249,2111,57,162000
     91,    277,       ,       ,1900,1979,12,MULTI-CONV,1040,2 FAMILY,C,AVERAGE,1500,3764,1824,57,161000
     91,    278,       ,       ,1850,1989,12,MULTI-CONV,1040,2 FAMILY,C,AVERAGE,2410,5987,3101,67,245700
     91,    279,       ,       ,1905,1979,22,CONVENT`NL,1010,ONE FAM,C,AVERAGE,869,2020,894,57,108100
     91,    280,       ,       ,1900,1972,12,MULTI-CONV,1110,APT 4-8,C,Average,3508,6728,4725,50,264200
     91,    281,       ,       ,1950,1982,75,SERVICE ST,3320,AUTO REP,C-,Avg. (-),1192,2384,1192,60,86400
     91,    282,       ,       ,1805,1993,22,CONVENT`NL,1010,ONE FAM,C,AVERAGE,1619,2970,1990,71,242400
     91,    283,       ,       ,1858,1993,22,CONVENT`NL,1010,ONE FAM,C+,AVG. (+),2343,4425,2746,71,321000
     91,    284,       ,       ,1870,1993,12,MULTI-CONV,1040,2 FAMILY,C,AVERAGE,2043,2830,2166,71,219900
     91,    285,       ,       ,1880,1989,12,MULTI-CONV,1040,2 FAMILY,C,AVERAGE,1872,3168,2196,67,212000
     91,    286,       ,       ,1860,1993,12,MULTI-CONV,1040,2 FAMILY,C,AVERAGE,1587,2367,1687,85,241500
     91,    287,       ,       ,1870,1989,22,CONVENT`NL,1010,ONE FAM,C,AVERAGE,2080,4660,2625,67,254700
     91,    288,       ,       ,1900,1989,12,MULTI-CONV,1040,2 FAMILY,C,AVERAGE,2392,5729,3106,67,256600
     91,    289,       ,       ,1909,1986,72,OFFICE-PRO,3400,OFFICE,B+,Good (+),9276,14733,11801,64,949500
     92,      1,       ,       ,,,,,9200,,,,0,0,0,,0
     92,      2,       ,       ,1838,1977,52,MIXED OLD,3510,SCHOOL,C,Average,10248,15855,12647,55,428700
     92,      3,       ,       ,1993,1997,46,CHURCH/SYN,9060,CHURCH,A,Very Good,8712,17336,10868,75,1548300
     92,      4,       ,       ,1892,1982,78,STORE,101C,ONE FAM-Comm,C,Average,840,2400,1123,60,71800
     92,      4,       ,       ,1892,2005,22,CONVENT`NL,013R,RES/COM-Res,B-,GOOD (-),2820,6249,3492,83,448500
     92,      5,       ,       ,1855,1979,12,MULTI-CONV,1050,3 FAMILY,C+,AVG. (+),2650,6372,3751,57,246900
     92,      6,       ,       ,1860,1986,12,MULTI-CONV,1110,APT 4-8,B,Good,3594,5802,4044,64,380900
     92,      7,       ,       ,1860,1983,71,OFFICE,3400,OFFICE,B-,Good (-),5457,8105,5895,61,478300
     92,      8,       ,       ,1810,1994,83,APARTMENT,1120,APT 9+UP,B,Good,6556,9433,7056,72,345200
     92,      9,       ,       ,1900,1986,71,OFFICE,3400,OFFICE,B,Good,4767,8362,5097,64,542700
     92,     10,       ,       ,1810,1983,71,OFFICE,9050,CHARITABLE,B,Good,5468,11106,6606,61,646800
     92,     11,       ,       ,,,,,9030,,,,0,0,0,,0
     92,     12,       ,       ,1900,1982,83,APARTMENT,9080,HOUSING,C+,Avg. (+),30488,38902,32649,60,1952600
     92,     13,       ,       ,1880,1982,69,LODGE,903C,MUNICPAL-Comm,B,Good,2880,4360,3250,60,271800
     92,     14,       ,       ,1930,1983,74,RESTAURANT,3260,REST/BAR,C,Average,1653,1653,1653,61,162300
     92,     15,       ,       ,1916,1983,72,OFFICE-PRO,3420,MEDICAL OFF,C,Average,5115,7637,5757,61,474400
     92,     19,       ,       ,1880,1982,12,MULTI-CONV,1110,APT 4-8,C,Average,3572,5266,3990,60,263500
     92,     20,       ,       ,1850,1989,22,CONVENT`NL,1010,ONE FAM,C-,AVG. (-),1234,2266,1461,67,151700
     92,     21,       ,       ,1900,2010,22,CONVENT`NL,1010,ONE FAM,C,AVERAGE,1327,3080,1595,88,256800
     92,     22,       ,       ,,,,,3370,,,,0,0,0,,0
     92,     23,       ,       ,1960,1986,69,LODGE,9050,CHARITABLE,B,Good,8460,17106,8497,64,586400
     92,     23,       ,       ,2000,2000,71,OFFICE,9050,CHARITABLE,B,Good,3520,7100,3535,78,477500
     92,     25,       ,       ,1986,1995,88,HEALTH CLB,9050,CHARITABLE,A,Very Good,42964,42964,42964,73,3737000
     92,     28,       ,       ,1840,1977,12,MULTI-CONV,1110,APT 4-8,C,Average,2048,2984,2670,36,112400
     92,     28,       ,       ,1900,1982,12,MULTI-CONV,1110,APT 4-8,C,Average,3562,7036,4139,60,266500
     92,     29,       ,       ,1920,1989,22,CONVENT`NL,1010,ONE FAM,C-,AVG. (-),948,1102,948,67,112900
     92,     30,       ,       ,,,,,9030,,,,0,0,0,,0
     92,     31,       ,       ,,0,,,9030,,,,0,0,0,,0
     92,     33,       ,       ,1910,1972,39,REPAIR GAR,316C,COMMWHSE-Comm,C,Average,7836,16180,8221,40,206900
     92,     34,       ,       ,2003,2003,83,APARTMENT,1110,APT 4-8,C,Average,3614,4086,3667,81,291200
     92,     36,       ,       ,2000,1997,83,APARTMENT,1120,APT 9+UP,C,Average,5280,10560,5280,75,386200
     92,     36,       ,       ,2000,1997,83,APARTMENT,1120,APT 9+UP,C-,Avg. (-),12669,19247,14184,75,910900
     92,     37,       ,       ,1880,1993,12,MULTI-CONV,1050,3 FAMILY,C,AVERAGE,3269,6983,3734,71,290800
     92,     38,       ,       ,1890,1982,12,MULTI-CONV,1110,APT 4-8,C,Average,5218,8175,5884,60,383500
     92,     39,       ,       ,1880,1982,12,MULTI-CONV,1110,APT 4-8,C,Average,3632,5756,4062,60,274100
     92,     40,       ,       ,1880,1989,12,MULTI-CONV,1040,2 FAMILY,C,AVERAGE,2184,4688,2754,67,244500
     92,     41,       ,       ,1880,1993,12,MULTI-CONV,1050,3 FAMILY,C,AVERAGE,3423,5647,3746,56,232200
     92,     42,       ,       ,1890,1989,12,MULTI-CONV,1050,3 FAMILY,C,AVERAGE,2702,3955,2933,67,209800
     92,     43,       ,       ,1880,1989,12,MULTI-CONV,1050,3 FAMILY,C+,AVG. (+),2650,5582,3283,67,291000
     92,     44,       ,       ,1860,1993,12,MULTI-CONV,1040,2 FAMILY,C+,AVG. (+),2401,3983,2710,71,285200
     92,     45,       ,       ,1889,1989,12,MULTI-CONV,1040,2 FAMILY,C+,AVG. (+),2822,5028,3181,67,289500
     92,     46,       ,       ,1916,1993,22,CONVENT`NL,1010,ONE FAM,C,AVERAGE,1896,4240,2363,71,258900
     92,     47,       ,       ,1870,1993,12,MULTI-CONV,1040,2 FAMILY,C+,AVG. (+),2875,5879,3591,71,322000
     92,     48,       ,       ,1860,1993,12,MULTI-CONV,013R,RES/COM-Res,C+,AVG. (+),3721,6447,4125,71,315900
     92,     49,       ,       ,1870,1989,12,MULTI-CONV,1040,2 FAMILY,C+,AVG. (+),2996,5410,3503,67,325200
     92,     50,       ,       ,1900,1989,12,MULTI-CONV,1040,2 FAMILY,C,AVERAGE,2443,5158,3269,67,277700
     92,     51,       ,       ,1860,1989,12,MULTI-CONV,1050,3 FAMILY,C,AVERAGE,2078,4512,2353,67,197700
     92,     52,       ,       ,1860,1989,12,MULTI-CONV,1050,3 FAMILY,C,AVERAGE,1674,3522,1898,67,173600
     92,     53,       ,       ,1880,1979,22,CONVENT`NL,1010,ONE FAM,C,AVERAGE,1339,3022,1611,57,153100
     92,     54,       ,       ,1920,1989,05,CAPE,1010,ONE FAM,C,AVERAGE,1224,2403,1490,67,159500
     92,     55,       ,       ,1880,1989,12,MULTI-CONV,1040,2 FAMILY,C,AVERAGE,2016,4307,2382,67,227500
     92,     56,       ,       ,1880,1993,15,OLD STYLE,1010,ONE FAM,C,AVERAGE,2066,4715,2745,71,315900
     92,     57,    200,       ,1924,1987,08,CONDO-TNHS,1020,CONDO,03,ADEQUATE,1384,2248,1667,65,203200
     92,     57,    400,       ,1924,1987,08,CONDO-TNHS,1020,CONDO,03,ADEQUATE,1384,2230,1665,65,203100
     92,     57,    600,       ,1924,1987,08,CONDO-TNHS,1020,CONDO,03,ADEQUATE,1384,2286,1671,65,218600
     92,     57,    800,       ,1924,1987,08,CONDO-TNHS,1020,CONDO,03,ADEQUATE,1384,2321,1674,65,218800
     92,     57,   1000,       ,1924,1987,08,CONDO-TNHS,1020,CONDO,03,ADEQUATE,1384,2248,1667,65,214000
     92,     57,   1200,       ,1924,1987,08,CONDO-TNHS,1020,CONDO,03,ADEQUATE,1384,2230,1665,65,218200
     92,     60,       ,       ,1860,1993,12,MULTI-CONV,1040,2 FAMILY,C,AVERAGE,2236,5412,2580,71,258200
     92,     61,       ,       ,1867,1989,12,MULTI-CONV,1040,2 FAMILY,C+,AVG. (+),2343,3927,2610,67,253500
     92,     62,       ,       ,1870,1982,83,APARTMENT,1120,APT 9+UP,C,Average,8214,16808,9908,60,575300
     92,     63,       ,       ,1890,1986,83,APARTMENT,9080,HOUSING,C,Average,8624,12268,9104,64,577600
     92,     64,       ,       ,1916,1983,69,LODGE,9050,CHARITABLE,B,Good,7660,12666,8875,61,613600
     92,     65,       ,       ,1880,1989,12,MULTI-CONV,111C,APT 4-8-Comm,B,GOOD,5134,9176,5861,67,537500
     92,     65,       ,       ,1880,1989,12,MULTI-CONV,111C,APT 4-8-Comm,C,AVERAGE,1620,3616,1958,67,246300
     92,     66,       ,       ,1920,1989,15,OLD STYLE,905R,CHARITABLE-Res,B,GOOD,6349,11419,7256,67,712000
     92,     67,       ,       ,1890,1982,26,MUSEUM,0310,COM/RES,C+,Avg. (+),27982,30519,29681,60,265600
     92,     67,      E,       ,1890,1982,26,MUSEUM,9050,CHARITABLE,C-,Avg. (-),27982,30519,29681,60,1439400
     92,     67,      E,       ,2016,2016,33,INDUST-LT,9050,CHARITABLE,A,Very Good,3734,4099,3807,94,275200
     92,     68,       ,       ,1890,1983,78,STORE,3250,STORE,D,Fair,3315,6654,4102,61,159100
     92,     70,       ,       ,1850,1982,71,OFFICE,3400,OFFICE,B-,Good (-),4042,7488,5009,60,433500
     92,     71,       ,       ,1850,1983,71,OFFICE,3400,OFFICE,C+,Avg. (+),4603,8406,5210,61,435700
     92,     72,       ,       ,1870,1982,71,OFFICE,3400,OFFICE,C+,Avg. (+),3441,5271,3630,60,277900
     92,     73,       ,       ,1870,2014,12,MULTI-CONV,1040,2 FAMILY,B,GOOD,3491,6260,4108,92,595900
     92,     74,       ,       ,1860,1982,12,MULTI-CONV,1110,APT 4-8,C,Average,3684,5743,3857,60,278200
     92,     75,       ,       ,1860,1982,52,MIXED OLD,3400,OFFICE,C,Average,2422,4491,2897,60,187400
     92,     76,       ,       ,1900,1989,12,MULTI-CONV,1050,3 FAMILY,C+,AVG. (+),3167,5905,3749,67,278600
     92,     77,       ,       ,1930,1989,22,CONVENT`NL,1010,ONE FAM,B,GOOD,2506,4924,3040,67,395100
     92,     78,       ,       ,1927,1983,83,APARTMENT,1120,APT 9+UP,C+,Avg. (+),24131,41187,28395,61,1987700
     92,     79,       ,       ,1890,1982,71,OFFICE,3400,OFFICE,C,Average,3118,7349,4141,60,318400
     92,     80,       ,       ,1920,1979,06,COLONIAL,1010,ONE FAM,C,AVERAGE,2158,4314,2685,57,211600
     92,     81,       ,       ,1850,1989,12,MULTI-CONV,1050,3 FAMILY,C,AVERAGE,3350,6222,3983,67,280400
     92,     82,       ,       ,1850,1982,12,MULTI-CONV,1110,APT 4-8,C,Average,3169,7238,3749,60,257200
     92,     83,       ,       ,1870,1989,12,MULTI-CONV,1040,2 FAMILY,C,AVERAGE,2980,6702,3676,67,284900
     92,     84,       ,       ,1875,1993,12,MULTI-CONV,1040,2 FAMILY,C+,AVG. (+),4282,8046,4976,71,377600
     92,     86,       ,       ,1890,1984,12,MULTI-CONV,1050,3 FAMILY,C,AVERAGE,1242,2692,1647,62,146900
     92,     86,    200,       ,2019,2019,19,RANCH,1010,ONE FAM,C,AVERAGE,1102,1202,1127,97,201600
     92,     87,       ,       ,1860,1972,52,MIXED OLD,3250,STORE,D,Fair,3593,7342,5005,50,143500
     92,     88,       ,       ,1960,1972,71,OFFICE,101C,ONE FAM-Comm,C-,Avg. (-),864,1872,1109,50,78900
     92,     89,       ,       ,1925,1993,06,COLONIAL,1010,ONE FAM,B,GOOD,1940,3579,2410,71,330100
     92,     90,       ,       ,1900,1989,06,COLONIAL,1010,ONE FAM,A-,V GOOD-,4452,7662,5027,67,601600
     92,     91,       ,       ,1900,1993,06,COLONIAL,1010,ONE FAM,A+,EXCELLENT,3242,5965,3756,71,657900
     92,     92,       ,       ,1800,1993,06,COLONIAL,1010,ONE FAM,A,VERY GOOD,2287,3902,2689,71,444200
     92,     93,       ,       ,1895,1989,06,COLONIAL,1010,ONE FAM,B,GOOD,1898,4324,2577,67,318200
     92,     94,       ,       ,1920,1989,06,COLONIAL,1010,ONE FAM,C,AVERAGE,2441,4558,2773,67,251800
     92,     95,       ,       ,1895,1979,12,MULTI-CONV,1040,2 FAMILY,C,AVERAGE,2300,4382,2640,57,188000
     92,     96,       ,       ,1930,1989,02,BUNGALOW,1010,ONE FAM,C,AVERAGE,1380,2488,1578,67,164200
     92,     97,       ,       ,1906,1989,06,COLONIAL,1010,ONE FAM,B,GOOD,2633,5208,3012,67,371200
     92,     98,       ,       ,1951,1993,19,RANCH,1010,ONE FAM,C,AVERAGE,1355,3350,1718,71,177500
     92,     99,       ,       ,1860,1979,22,CONVENT`NL,1040,2 FAMILY,C-,AVG. (-),1592,2319,1754,57,177600
     92,    100,       ,       ,1904,1986,06,COLONIAL,1010,ONE FAM,C,AVERAGE,1778,2322,1914,64,192000
     92,    101,       ,       ,1950,1993,05,CAPE,1010,ONE FAM,C,AVERAGE,1349,3584,1761,71,191200
     92,    102,       ,       ,1951,1993,05,CAPE,1010,ONE FAM,C,AVERAGE,1323,3235,1871,71,204300
     92,    103,       ,       ,2025,2022,09,CONTEMPORY,1010,ONE FAM,B,GOOD,2231,7748,3577,40,256400
     92,    104,       ,       ,,,,,1060,,,,0,0,0,,0
     92,    105,       ,       ,,,,,1060,,,,0,0,0,,0
     92,    106,       ,       ,1800,1993,22,CONVENT`NL,1010,ONE FAM,C+,AVG. (+),1982,3324,2232,71,278900
     92,    107,       ,       ,1870,1982,12,MULTI-CONV,1110,APT 4-8,C,Average,3943,7921,4880,60,302600
     92,    108,       ,       ,1880,1974,22,CONVENT`NL,1010,ONE FAM,C,AVERAGE,3146,6186,3812,52,282000
     92,    109,       ,       ,1870,1998,22,CONVENT`NL,1010,ONE FAM,B+,GOOD (+),3560,6750,4381,76,604600
     92,    110,       ,       ,1890,1982,12,MULTI-CONV,1110,APT 4-8,C,Average,5307,10598,6098,60,404800
     92,    111,       ,       ,1880,1982,72,OFFICE-PRO,3420,MEDICAL OFF,C,Average,2369,4757,2834,60,258800
     92,    112,       ,       ,1860,1982,71,OFFICE,3400,OFFICE,C,Average,2247,3824,2509,60,230500
     92,    113,       ,       ,1858,1989,22,CONVENT`NL,1010,ONE FAM,B-,GOOD (-),2921,6134,3381,67,399100
     92,    114,       ,       ,1935,1993,06,COLONIAL,1010,ONE FAM,B+,GOOD (+),3561,7502,4201,71,646100
     92,    115,       ,       ,1855,1993,22,CONVENT`NL,1010,ONE FAM,B,GOOD,2366,6482,3125,71,445600
     92,    116,       ,       ,1860,1982,71,OFFICE,9050,CHARITABLE,C,Average,2820,5939,3746,60,298700
     92,    117,       ,       ,1860,1990,12,MULTI-CONV,1110,APT 4-8,C+,Avg. (+),2294,6914,3071,68,292500
     92,    118,       ,       ,1860,1989,22,CONVENT`NL,905R,CHARITABLE-Res,C,AVERAGE,1582,2765,1837,67,191200
     92,    119,       ,       ,1850,1993,12,MULTI-CONV,1050,3 FAMILY,C,AVERAGE,2970,5636,3477,71,274800
     92,    120,       ,       ,1920,1982,71,OFFICE,3400,OFFICE,C+,Avg. (+),3854,6987,4214,60,306800
     92,    121,       ,       ,1860,1982,71,OFFICE,3400,OFFICE,B-,Good (-),4067,7307,4574,60,431800
     92,    122,       ,       ,1960,1982,57,RELAY BLDG,4300,TEL XSTA,B,Good,4708,9416,4708,60,410500
     92,    122,      P,       ,,,,,4400,,,,,,,,
     92,    123,       ,       ,1890,1982,71,OFFICE,3400,OFFICE,C+,Avg. (+),3450,7281,4193,60,330600
     92,    124,       ,       ,1850,1979,12,MULTI-CONV,1210,BOARDING,C-,AVG. (-),5352,9292,6215,57,300200
     92,    124,       ,       ,1890,1983,12,MULTI-CONV,1110,APT 4-8,C,Average,5342,8613,6276,61,411200
     92,    126,       ,       ,1904,1990,53,LIBRARY,903C,MUNICPAL-Comm,A,Very Good,5940,8308,6533,68,1478500
     92,    127,       ,       ,1937,1982,56,POST OFF,9000,US GOVT,B,Good,3911,8358,4954,60,534500
     92,    128,       ,       ,1860,1982,71,OFFICE,3400,OFFICE,C+,Avg. (+),3638,6980,4241,60,378900
     92,    129,       ,       ,1880,1977,12,MULTI-CONV,1110,APT 4-8,C,Average,4145,7127,4764,55,243600
     92,    130,       ,       ,1864,1979,12,MULTI-CONV,1050,3 FAMILY,C,AVERAGE,2304,4450,2679,57,166100
     92,    131,       ,       ,1860,2005,12,MULTI-CONV,908R,HOUSING-Res,C,AVERAGE,3800,7680,4528,83,402900
     92,    131,       ,       ,1920,2005,14,MULTI-TNHS,908R,HOUSING-Res,C,AVERAGE,2448,5404,3108,83,270600
     92,    132,       ,       ,1860,1989,12,MULTI-CONV,1050,3 FAMILY,C+,AVG. (+),2728,4860,3292,67,253000
     92,    133,       ,       ,1880,1983,83,APARTMENT,1110,APT 4-8,C+,Avg. (+),3940,9405,5391,61,368600
     92,    134,       ,       ,1860,1989,12,MULTI-CONV,1050,3 FAMILY,C,AVERAGE,2244,3467,2547,67,194900
     92,    135,       ,       ,1850,2005,22,CONVENT`NL,1010,ONE FAM,C,AVERAGE,1534,3104,1823,83,251600
     92,    136,       ,       ,1870,1977,12,MULTI-CONV,1110,APT 4-8,C,Average,3279,6575,4006,55,218100
     92,    137,       ,       ,1860,1993,12,MULTI-CONV,1050,3 FAMILY,C+,AVG. (+),3455,7411,4236,71,341300
     92,    138,       ,       ,1860,1989,12,MULTI-CONV,1040,2 FAMILY,C,AVERAGE,2231,4506,2693,67,219600
     92,    139,       ,       ,1920,1989,12,MULTI-CONV,1040,2 FAMILY,C,AVERAGE,1767,3054,2100,67,202900
     92,    140,       ,       ,1850,1989,12,MULTI-CONV,1050,3 FAMILY,C+,AVG. (+),3869,6439,4266,67,286100
     92,    141,       ,       ,1890,1989,12,MULTI-CONV,1040,2 FAMILY,B,GOOD,2964,6452,3616,67,365800
     92,    142,       ,       ,1880,1986,12,MULTI-CONV,1110,APT 4-8,B-,Good (-),5622,9700,6579,64,507800
     92,    143,       ,       ,1860,1989,12,MULTI-CONV,1050,3 FAMILY,C,AVERAGE,2843,4991,3253,67,239200
     92,    144,       ,       ,1890,1989,15,OLD STYLE,1010,ONE FAM,C,AVERAGE,1817,3540,2240,67,234100
     92,    145,       ,       ,1860,1984,12,MULTI-CONV,1040,2 FAMILY,C,AVERAGE,3135,5094,3642,62,268500
     92,    146,       ,       ,1900,1989,22,CONVENT`NL,1010,ONE FAM,C,AVERAGE,2031,3786,2377,67,257800
     92,    147,       ,       ,1860,1989,22,CONVENT`NL,1010,ONE FAM,C,AVERAGE,1848,3471,2185,67,231300
     92,    148,       ,       ,1930,1998,06,COLONIAL,1010,ONE FAM,C+,AVG. (+),1752,3530,2212,76,278900
     92,    149,       ,       ,1870,1998,22,CONVENT`NL,1010,ONE FAM,C+,AVG. (+),1680,4194,2282,76,309000
     92,    150,       ,       ,1860,1989,12,MULTI-CONV,1040,2 FAMILY,C,AVERAGE,3368,6491,3851,67,311400
     92,    151,       ,       ,1927,1989,22,CONVENT`NL,1010,ONE FAM,C,AVERAGE,1462,3044,1739,67,209200
     92,    152,       ,       ,1946,1996,06,COLONIAL,1010,ONE FAM,C,AVERAGE,1636,3526,2164,74,254000
     92,    153,       ,       ,1860,2005,22,CONVENT`NL,1010,ONE FAM,C,AVERAGE,2061,4604,2577,83,340900
     92,    154,       ,       ,1894,2005,22,CONVENT`NL,1040,2 FAMILY,C,AVERAGE,2505,5094,2822,83,398500
     92,    155,       ,       ,1900,1998,12,MULTI-CONV,1040,2 FAMILY,B-,GOOD (-),2962,4602,3245,76,347300
     92,    156,       ,       ,1800,1993,22,CONVENT`NL,1010,ONE FAM,C+,AVG. (+),2521,4800,2821,71,320600
     92,    157,       ,       ,1890,1982,12,MULTI-CONV,1110,APT 4-8,C,Average,4403,6625,4803,60,306700
     92,    158,       ,       ,1922,1993,06,COLONIAL,1010,ONE FAM,C+,AVG. (+),2326,3624,2588,71,292900
     92,    159,       ,       ,,,,,1300,,,,0,0,0,,0
     92,    160,       ,       ,1963,2001,19,RANCH,1010,ONE FAM,C,AVERAGE,1000,2264,1425,79,185800
     92,    161,       ,       ,1950,1996,05,CAPE,1010,ONE FAM,C,AVERAGE,978,3074,1414,74,172900
     92,    162,       ,       ,1840,1989,15,OLD STYLE,1010,ONE FAM,C,AVERAGE,1545,3577,1971,67,217000
     92,    163,       ,       ,1860,1989,12,MULTI-CONV,1040,2 FAMILY,C,AVERAGE,2365,4132,2769,67,245000
     92,    164,       ,       ,1900,1990,12,MULTI-CONV,1110,APT 4-8,C+,Avg. (+),3564,6653,4370,68,350700
     92,    166,       ,       ,1850,1998,22,CONVENT`NL,1010,ONE FAM,C,AVERAGE,2265,4788,2666,76,310300
     92,    167,       ,       ,1870,2005,22,CONVENT`NL,1010,ONE FAM,C+,AVG. (+),2393,4755,2817,83,400800
     92,    168,       ,       ,1860,1993,22,CONVENT`NL,906R,CHURCH-Res,C,AVERAGE,1792,3791,2178,71,219000
     92,    169,       ,       ,1926,1989,02,BUNGALOW,1010,ONE FAM,C,AVERAGE,856,2624,1191,67,129800
     92,    170,    101,       ,1900,1987,07,CONDO-GRDN,1020,CONDO,03,ADEQUATE,1408,1523,1432,65,146400
     92,    170,    201,       ,1900,1987,07,CONDO-GRDN,1020,CONDO,03,ADEQUATE,1327,1362,1331,65,141900
     92,    170,    301,       ,1900,1987,07,CONDO-GRDN,1020,CONDO,03,ADEQUATE,1300,2556,1819,65,170000
     92,    171,       ,       ,1860,1989,12,MULTI-CONV,1040,2 FAMILY,C,AVERAGE,2755,4998,3217,67,258400
     92,    172,       ,       ,1910,1993,22,CONVENT`NL,1012,ONE FAM W ACC,C,AVERAGE,1787,4515,2225,71,257700
     92,    172,       ,       ,1970,2001,10,APT/GAR,1012,ONE FAM W ACC,C-,AVG. (-),250,1428,536,79,26200
     92,    173,       ,       ,1925,1989,06,COLONIAL,1010,ONE FAM,C+,AVG. (+),2024,3193,2287,67,260300
     92,    174,       ,       ,1924,1984,06,COLONIAL,1010,ONE FAM,C+,AVG. (+),2572,3768,2916,62,276600
     92,    175,       ,       ,1922,1998,22,CONVENT`NL,1010,ONE FAM,C+,AVG. (+),1966,3818,2321,76,316700
     92,    176,       ,       ,1860,1989,22,CONVENT`NL,1010,ONE FAM,C,AVERAGE,2132,3420,2505,67,251300
     92,    177,       ,       ,1880,1989,12,MULTI-CONV,1040,2 FAMILY,C,AVERAGE,2616,4408,3073,67,247700
     92,    178,       ,       ,1892,1982,12,MULTI-CONV,1110,APT 4-8,C,Average,3679,7047,4399,60,271100
     92,    179,       ,       ,1870,2005,12,MULTI-CONV,1040,2 FAMILY,C+,AVG. (+),2787,5274,3345,83,359600
     92,    180,    101,       ,1886,1991,08,CONDO-TNHS,1020,CONDO,03,ADEQUATE,2056,3542,2286,69,229900
     92,    180,    201,       ,1890,1991,08,CONDO-TNHS,1020,CONDO,03,ADEQUATE,2099,3484,2336,69,240000
     92,    180,    301,       ,1890,1996,08,CONDO-TNHS,1020,CONDO,03,ADEQUATE,2136,3478,2368,74,256800
     92,    180,    401,       ,1890,1996,08,CONDO-TNHS,1020,CONDO,03,ADEQUATE,2056,3688,2322,74,256800
     92,    181,       ,       ,1870,1986,12,MULTI-CONV,1110,APT 4-8,C+,Avg. (+),3234,5347,3604,64,283300
     92,    182,       ,       ,1860,1974,12,MULTI-CONV,1050,3 FAMILY,C,AVERAGE,2358,4618,2880,52,157200
     92,    183,       ,       ,1920,1989,05,CAPE,1010,ONE FAM,C,AVERAGE,1260,2276,1469,67,158500
     92,    184,       ,       ,1900,1979,22,CONVENT`NL,1010,ONE FAM,C,AVERAGE,1410,2900,1656,57,165900
     92,    185,       ,       ,1860,1998,22,CONVENT`NL,1010,ONE FAM,C,AVERAGE,1494,3436,1881,76,243400
     92,    186,       ,       ,1870,1998,22,CONVENT`NL,1010,ONE FAM,C,AVERAGE,1332,2763,1629,76,228600
     92,    187,       ,       ,1890,1993,12,MULTI-CONV,1040,2 FAMILY,C,AVERAGE,4468,7753,5210,71,389400
     92,    188,       ,       ,1860,1984,22,CONVENT`NL,013R,RES/COM-Res,C,AVERAGE,1943,3527,2269,62,185300
     92,    189,       ,       ,1860,1984,05,CAPE,1010,ONE FAM,C,AVERAGE,1946,4107,2239,62,189900
     92,    190,       ,       ,1900,1982,12,MULTI-CONV,1110,APT 4-8,C,Average,5112,8104,5600,60,378200
     92,    191,       ,       ,1910,1993,22,CONVENT`NL,1010,ONE FAM,C,AVERAGE,1614,3598,2079,71,227200
     92,    192,       ,       ,1900,1982,12,MULTI-CONV,1110,APT 4-8,C,Average,3678,6341,4137,60,290400
     92,    193,       ,       ,1860,1984,22,CONVENT`NL,1090,MULT HS,D,FAIR,936,2058,1090,62,91600
     92,    193,       ,       ,1860,1989,22,CONVENT`NL,1090,MULT HS,D,FAIR,936,2058,1090,67,99000
     92,    194,       ,       ,1860,1989,22,CONVENT`NL,1010,ONE FAM,C,AVERAGE,1504,2780,1753,67,188100
     92,    195,       ,       ,1860,1998,12,MULTI-CONV,1040,2 FAMILY,C+,AVG. (+),2427,5026,3209,76,343100
     92,    196,       ,       ,1860,1979,12,MULTI-CONV,1050,3 FAMILY,C+,AVG. (+),4283,8683,5253,57,299000
     92,    197,       ,       ,1860,1989,12,MULTI-CONV,1050,3 FAMILY,C,AVERAGE,2962,5216,3251,67,236800
     92,    198,       ,       ,1890,1972,69,LODGE,3530,FRAT ORG,C+,Avg. (+),3979,10823,5582,50,184900
     92,    199,       ,       ,1880,1986,12,MULTI-CONV,1110,APT 4-8,C+,Avg. (+),660,1345,747,64,73500
     92,    199,       ,       ,1890,1982,12,MULTI-CONV,1110,APT 4-8,B-,Good (-),3383,5714,3886,60,291400
     92,    200,       ,       ,1830,1984,22,CONVENT`NL,1010,ONE FAM,C,AVERAGE,3015,6723,3481,62,292700
     92,    201,       ,       ,1860,1998,15,OLD STYLE,1010,ONE FAM,C,AVERAGE,2226,4268,2552,76,298200
     92,    202,       ,       ,1890,1982,12,MULTI-CONV,1110,APT 4-8,C+,Avg. (+),4764,8782,5451,60,353200
     92,    203,       ,       ,1860,1993,22,CONVENT`NL,906R,CHURCH-Res,C+,AVG. (+),2273,3685,2798,71,294200
     92,    204,       ,       ,1860,1989,12,MULTI-CONV,1040,2 FAMILY,C,AVERAGE,2287,4342,2926,67,254200
     92,    205,       ,       ,1860,1986,83,APARTMENT,1110,APT 4-8,C,Average,3862,7418,4527,64,300600
     92,    206,       ,       ,1860,1993,05,CAPE,1010,ONE FAM,C,AVERAGE,2300,5922,2989,71,284900
     92,    207,       ,       ,1860,1989,12,MULTI-CONV,1050,3 FAMILY,C,AVERAGE,2765,4746,3004,67,205600
     92,    208,       ,       ,1860,1989,22,CONVENT`NL,1010,ONE FAM,C,AVERAGE,1295,2601,1501,67,167300
     92,    209,       ,       ,1880,1982,12,MULTI-CONV,1110,APT 4-8,C+,Avg. (+),4457,7700,5050,60,348800
     92,    210,       ,       ,1885,1989,22,CONVENT`NL,1010,ONE FAM,C+,AVG. (+),2420,4450,2865,67,306100
     92,    211,       ,       ,1882,1993,12,MULTI-CONV,1010,ONE FAM,C+,AVG. (+),2649,4408,3001,71,266800
     92,    212,       ,       ,1850,1993,22,CONVENT`NL,1010,ONE FAM,C,AVERAGE,1743,4138,2206,71,256200
     92,    213,       ,       ,1866,1993,12,MULTI-CONV,1040,2 FAMILY,C,AVERAGE,2432,5936,3192,71,289800
     92,    214,       ,       ,1853,1993,12,MULTI-CONV,1040,2 FAMILY,C,AVERAGE,2284,5332,3068,71,263600
     92,    215,       ,       ,1860,1979,12,MULTI-CONV,1040,2 FAMILY,C,AVERAGE,2056,4134,2505,57,198600
     92,    216,       ,       ,1854,1998,22,CONVENT`NL,1010,ONE FAM,C,AVERAGE,1717,3097,2044,76,240200
     92,    217,       ,       ,2020,2020,46,CHURCH/SYN,9060,CHURCH,A,Very Good,4981,10130,7013,98,1469000
     92,    218,       ,       ,1820,1993,22,CONVENT`NL,1010,ONE FAM,C,AVERAGE,2236,4648,2548,71,281200
     92,    219,       ,       ,1820,1993,22,CONVENT`NL,906R,CHURCH-Res,C+,AVG. (+),2558,3623,2824,71,275300
     92,    220,       ,       ,1840,1989,71,OFFICE,111C,APT 4-8-Comm,C-,AVG. (-),804,1644,1140,67,126100
     92,    220,       ,       ,1840,1993,12,MULTI-CONV,111C,APT 4-8-Comm,C,AVERAGE,5736,9088,6222,71,534300
     92,    221,       ,       ,1840,1989,22,CONVENT`NL,1010,ONE FAM,B,GOOD,1716,4734,2198,67,289000
     92,    222,       ,       ,1830,1983,71,OFFICE,3400,OFFICE,B,Good,5784,11553,6990,61,694700
     92,    223,       ,       ,1926,1983,12,MULTI-CONV,1120,APT 9+UP,C+,Avg. (+),2319,4764,2483,61,218800
     92,    223,       ,       ,1979,1990,83,APARTMENT,1120,APT 9+UP,C,Average,3136,4986,3207,68,246400
     92,    223,       ,       ,1979,1990,83,APARTMENT,1120,APT 9+UP,C,Average,3136,4986,3207,68,246400
     92,    223,       ,       ,1979,1990,83,APARTMENT,1120,APT 9+UP,C,Average,3136,4986,3207,68,246400
     92,    223,       ,       ,1979,1990,83,APARTMENT,1120,APT 9+UP,C,Average,6336,10060,6475,68,442100
     92,    223,       ,       ,1979,1990,83,APARTMENT,1120,APT 9+UP,C,Average,9484,15072,9696,68,635200
     92,    224,       ,       ,1930,1998,06,COLONIAL,1010,ONE FAM,B,GOOD,2016,4134,2470,76,391500
     93,      1,       ,       ,1948,1993,19,RANCH,1010,ONE FAM,C-,AVG. (-),1104,2544,1326,71,134400
     93,      2,       ,       ,,,,,9030,,,,0,0,0,,0
     93,      3,       ,       ,1950,2008,19,RANCH,1010,ONE FAM,C-,AVG. (-),1232,2660,1365,86,185500
     93,      4,       ,       ,,,,,9030,,,,0,0,0,,0
     93,      5,       ,       ,,,,,6220,,,,0,0,0,,0
     93,      6,       ,       ,1932,1989,22,CONVENT`NL,1010,ONE FAM,C,AVERAGE,1334,2964,1581,67,185400
     93,      7,       ,       ,1900,1989,22,CONVENT`NL,1010,ONE FAM,C+,AVG. (+),1736,3530,2081,67,262600
     93,      8,       ,       ,1915,1989,06,COLONIAL,1010,ONE FAM,B,GOOD,2422,4507,2708,67,355100
     93,      9,       ,       ,1900,1989,12,MULTI-CONV,1040,2 FAMILY,C,AVERAGE,704,1548,718,67,66000
     93,      9,      E,       ,1900,1989,12,MULTI-CONV,908R,HOUSING-Res,C,AVERAGE,1567,3861,2108,67,166900
     93,     10,       ,       ,2003,2013,06,COLONIAL,1010,ONE FAM,C,AVERAGE,1542,2865,1908,91,286600
     93,     11,       ,       ,1927,1984,22,CONVENT`NL,1010,ONE FAM,C,AVERAGE,1092,2257,1511,62,171500
     93,     12,       ,       ,1965,2004,19,RANCH,1010,ONE FAM,C,AVERAGE,1260,3190,1906,82,229300
     93,     13,       ,       ,1968,2004,19,RANCH,1012,ONE FAM W ACC,C,AVERAGE,1148,2828,1842,82,238600
     93,     14,       ,       ,1972,2005,18,SPLIT/RSD RANCH,1010,ONE FAM,C,AVERAGE,1132,2700,1481,83,195600
     93,     15,       ,       ,1965,2001,19,RANCH,1010,ONE FAM,C,AVERAGE,1240,3117,1869,79,218000
     93,     16,       ,       ,1920,1989,02,BUNGALOW,1010,ONE FAM,C,AVERAGE,1276,2284,1572,67,156000
     93,     17,       ,       ,1925,1998,02,BUNGALOW,1010,ONE FAM,C+,AVG. (+),1615,3575,1957,76,233400
     93,     18,       ,       ,1930,1989,22,CONVENT`NL,1010,ONE FAM,C,AVERAGE,1124,2016,1355,67,172100
     93,     19,       ,       ,1930,1989,12,MULTI-CONV,1040,2 FAMILY,C,AVERAGE,2079,3356,2287,67,224200
     93,     20,       ,       ,1900,1993,06,COLONIAL,1010,ONE FAM,C,AVERAGE,1536,2634,1823,71,222700
     93,     21,       ,       ,1939,1989,05,CAPE,1010,ONE FAM,C,AVERAGE,1037,2390,1276,67,132500
     93,     22,       ,       ,1955,1997,19,RANCH,1010,ONE FAM,C,AVERAGE,1120,2684,1571,75,190200
     93,     23,       ,       ,1958,1997,19,RANCH,1010,ONE FAM,C,AVERAGE,1234,2716,1573,75,190100
     93,     24,       ,       ,1960,1997,19,RANCH,1010,ONE FAM,C,AVERAGE,1194,1974,1492,75,171600
     93,     25,       ,       ,1947,1996,05,CAPE,1010,ONE FAM,C,AVERAGE,1296,3279,1954,74,212600
     93,     26,       ,       ,1949,1996,05,CAPE,1010,ONE FAM,C,AVERAGE,1428,3734,2106,74,230300
     93,     27,       ,       ,1986,2009,05,CAPE,1010,ONE FAM,C,AVERAGE,1344,1888,1414,87,194100
     93,     28,       ,       ,1920,1989,22,CONVENT`NL,1010,ONE FAM,C,AVERAGE,1017,1896,1220,67,161400
     93,     29,       ,       ,1956,2000,19,RANCH,1010,ONE FAM,C,AVERAGE,1222,2688,1514,78,167900
     93,     30,       ,       ,1950,1993,05,CAPE,1010,ONE FAM,C,AVERAGE,1166,2896,1412,71,152300
     93,     31,       ,       ,1945,1993,22,CONVENT`NL,1010,ONE FAM,C,AVERAGE,870,1616,961,71,142900
     93,     32,       ,       ,1978,2005,19,RANCH,1010,ONE FAM,C,AVERAGE,936,2180,1341,83,184000
     93,     33,       ,       ,1977,2005,18,SPLIT/RSD RANCH,1010,ONE FAM,C,AVERAGE,1028,2884,1914,83,222200
     93,     34,       ,       ,1956,1997,05,CAPE,1010,ONE FAM,C-,AVG. (-),1521,3502,1817,75,188100
     93,     35,       ,       ,1955,1997,19,RANCH,1010,ONE FAM,C,AVERAGE,1080,2368,1477,75,157800
     93,     36,       ,       ,1950,1993,19,RANCH,1010,ONE FAM,C,AVERAGE,1108,3252,1572,71,166700
     93,     37,       ,       ,1948,1993,05,CAPE,1010,ONE FAM,C,AVERAGE,1404,3224,1800,71,168300
     93,     38,       ,       ,1950,1983,04,"CAMP,YRRND",1010,ONE FAM,D,FAIR,594,1188,594,61,35000
     93,     39,       ,       ,1945,1996,05,CAPE,1010,ONE FAM,C,AVERAGE,1018,2262,1207,74,153100
     93,     40,       ,       ,1945,1993,05,CAPE,1010,ONE FAM,C,AVERAGE,1320,2452,1624,71,185000
     93,     41,       ,       ,1955,1997,05,CAPE,1010,ONE FAM,C,AVERAGE,1179,2772,1613,75,178000
     93,     42,       ,       ,1950,2000,05,CAPE,1010,ONE FAM,C,AVERAGE,1170,2756,1436,78,186600
     93,     43,       ,       ,1942,1993,05,CAPE,1010,ONE FAM,C,AVERAGE,780,2604,1132,71,146100
     93,     44,       ,       ,1946,1993,05,CAPE,1010,ONE FAM,C,AVERAGE,1053,2564,1405,71,137000
     93,     45,       ,       ,2008,2015,19,RANCH,1010,ONE FAM,C-,AVG. (-),1196,3032,1747,93,234200
     93,     46,       ,       ,1945,1993,02,BUNGALOW,1090,MULT HS,C-,AVG. (-),1185,2579,1533,71,133100
     93,     46,       ,       ,1945,1993,15,OLD STYLE,1090,MULT HS,C-,AVG. (-),1260,1305,1271,71,129900
     93,     47,       ,       ,1984,2009,05,CAPE,1010,ONE FAM,C-,AVG. (-),1092,1902,1321,87,159800
     93,     48,       ,       ,1880,1974,22,CONVENT`NL,1040,2 FAMILY,C,AVERAGE,1899,4066,2124,23,87900
     93,     49,       ,       ,1930,1993,05,CAPE,1010,ONE FAM,C,AVERAGE,1344,2588,1651,71,178400
     93,     50,       ,       ,1948,1993,22,CONVENT`NL,1010,ONE FAM,D+,FAIR (+),696,1369,870,71,95400
     93,     51,       ,       ,1973,2008,19,RANCH,1010,ONE FAM,C,AVERAGE,1160,3196,1716,86,197800
     93,     52,       ,       ,1984,2009,19,RANCH,1010,ONE FAM,C,AVERAGE,1248,3108,1621,87,201900
     93,     53,       ,       ,1987,2009,06,COLONIAL,1010,ONE FAM,C,AVERAGE,1968,4182,2533,87,300600
     93,     54,       ,       ,1850,1977,12,MULTI-CONV,1110,APT 4-8,C,Average,4629,9330,5599,55,261100
     93,     55,       ,       ,1986,2009,05,CAPE,1010,ONE FAM,C,AVERAGE,1638,2808,1872,87,202900
     93,     56,       ,       ,1986,2009,18,SPLIT/RSD RANCH,1010,ONE FAM,C,AVERAGE,944,1976,1234,87,156200
     93,     57,       ,       ,1967,2001,19,RANCH,1010,ONE FAM,C,AVERAGE,1040,2530,1442,79,154500
     93,     58,       ,       ,1966,2001,19,RANCH,1010,ONE FAM,C,AVERAGE,1104,2288,1388,79,153900
     93,     59,       ,       ,1910,1989,22,CONVENT`NL,1010,ONE FAM,C,AVERAGE,1428,2880,1793,67,171100
     93,     60,       ,       ,1880,1979,22,CONVENT`NL,1010,ONE FAM,C-,AVG. (-),2067,4029,2277,54,157600
     93,     61,       ,       ,,,,,1320,,,,0,0,0,,0
     93,     62,       ,       ,1800,1974,05,CAPE,1010,ONE FAM,C-,AVG. (-),1811,4224,2290,52,105600
     93,     63,       ,       ,1930,1979,05,CAPE,1090,MULT HS,C-,AVG. (-),1206,2230,1503,57,100300
     93,     63,       ,       ,2005,2009,10,APT/GAR,1090,MULT HS,C-,AVG. (-),420,1715,760,87,132400
     93,     64,       ,       ,1974,2005,19,RANCH,1010,ONE FAM,C,AVERAGE,1248,2737,1630,83,176400
     93,     65,       ,       ,1974,2005,19,RANCH,1010,ONE FAM,C,AVERAGE,960,2356,1265,83,152100
     93,     66,       ,       ,1975,2008,19,RANCH,1010,ONE FAM,C,AVERAGE,708,1668,980,86,140000
     93,     67,       ,       ,1952,1972,43,WAREHOUSE,3160,COMMWHSE,C-,Avg. (-),6720,6720,6720,50,127300
     93,     67,       ,       ,1955,1972,43,WAREHOUSE,3160,COMMWHSE,C-,Avg. (-),5917,5917,5917,50,113900
     93,     67,       ,       ,1965,1976,43,WAREHOUSE,3160,COMMWHSE,C,Average,4000,4480,4096,54,113400
     93,     68,       ,       ,1974,2005,19,RANCH,1010,ONE FAM,C,AVERAGE,1144,2720,1567,83,191900
     93,     69,       ,       ,1975,2005,19,RANCH,1010,ONE FAM,C,AVERAGE,960,2140,1297,83,179700
     93,     70,       ,       ,1976,2005,19,RANCH,1010,ONE FAM,C,AVERAGE,1128,2540,1529,83,191400
     93,     71,       ,       ,1974,2005,19,RANCH,1010,ONE FAM,C,AVERAGE,1046,2460,1580,83,210500
     93,     72,       ,       ,1975,2005,18,SPLIT/RSD RANCH,1010,ONE FAM,C,AVERAGE,762,1886,1194,83,178900
     93,     73,       ,       ,1973,2008,19,RANCH,1010,ONE FAM,C,AVERAGE,1110,2250,1400,86,185700
     93,     74,       ,       ,1970,2008,19,RANCH,1010,ONE FAM,C,AVERAGE,1248,2784,1574,86,199400
     93,     75,       ,       ,1974,2005,19,RANCH,1010,ONE FAM,C,AVERAGE,1032,2302,1431,83,189700
     93,     76,       ,       ,1975,2005,19,RANCH,1010,ONE FAM,C,AVERAGE,960,1944,1202,83,169700
     93,     77,       ,       ,1975,2008,19,RANCH,1010,ONE FAM,C,AVERAGE,960,2798,1551,86,214500
     93,     78,       ,       ,1974,2005,18,SPLIT/RSD RANCH,1010,ONE FAM,C,AVERAGE,810,1626,1138,83,165100
     93,     79,       ,       ,1976,2005,21,SPLIT LVL,1010,ONE FAM,C,AVERAGE,1056,2684,1152,83,161100
     93,     80,       ,       ,1975,2005,19,RANCH,1010,ONE FAM,C,AVERAGE,960,2120,1314,83,186000
     93,     81,       ,       ,1973,2008,19,RANCH,1010,ONE FAM,C,AVERAGE,1320,2856,1646,86,234700
     93,     82,       ,       ,1963,2001,19,RANCH,1010,ONE FAM,C,AVERAGE,960,2024,1249,79,173100
     93,     83,       ,       ,1975,2008,19,RANCH,1010,ONE FAM,C,AVERAGE,1576,3296,2064,86,269600
     93,     84,       ,       ,1977,2005,19,RANCH,1010,ONE FAM,C,AVERAGE,1212,2676,1669,83,223400
     93,     85,       ,       ,1820,1989,22,CONVENT`NL,1010,ONE FAM,C,AVERAGE,1628,3465,1937,67,172700
     93,     86,       ,       ,1985,2009,18,SPLIT/RSD RANCH,1010,ONE FAM,C,AVERAGE,1444,3150,2043,87,277200
     93,     87,       ,       ,1972,2005,19,RANCH,1010,ONE FAM,C-,AVG. (-),960,2148,1232,83,158000
     93,     88,       ,       ,1933,1989,05,CAPE,1010,ONE FAM,C,AVERAGE,1155,2421,1490,67,164800
     93,     89,    100,       ,1991,2009,19,RANCH,1010,ONE FAM,C-,AVG. (-),744,1506,748,87,120300
     93,     89,    200,       ,1850,1989,02,BUNGALOW,1010,ONE FAM,C-,AVG. (-),770,1500,978,67,111100
     93,     89,    300,       ,1996,2012,05,CAPE,1010,ONE FAM,C,AVERAGE,1066,1780,1098,90,188200
     93,     89,    400,       ,,,,,1310,,,,0,0,0,,0
     93,     90,       ,       ,1920,1989,05,CAPE,1010,ONE FAM,C,AVERAGE,1166,2852,1411,67,148900
     93,     91,       ,       ,1940,1989,02,BUNGALOW,1010,ONE FAM,D,FAIR,794,1106,794,67,72700
     93,     92,       ,       ,1910,1974,02,BUNGALOW,1010,ONE FAM,C-,AVG. (-),1409,2485,1610,52,109200
     93,     93,       ,       ,1964,2008,19,RANCH,1010,ONE FAM,C,AVERAGE,1160,2140,1376,86,204600
     93,     94,       ,       ,1925,1989,22,CONVENT`NL,1010,ONE FAM,C,AVERAGE,1248,2274,1582,67,182600
     93,     94,    100,       ,2022,2022,19,RANCH,1010,ONE FAM,C,AVERAGE,1344,3374,1585,100,251900
     93,     95,       ,       ,,,,,3900,,,,0,0,0,,0
     93,     96,       ,       ,1900,1989,02,BUNGALOW,1010,ONE FAM,C-,AVG. (-),933,1558,1089,67,109800
     93,     97,       ,       ,1940,1989,05,CAPE,1010,ONE FAM,C-,AVG. (-),920,1892,1110,67,113800
     93,     98,       ,       ,1920,1993,04,"CAMP,YRRND",1010,ONE FAM,D+,FAIR (+),484,1164,657,71,48000
     93,     99,       ,       ,1930,1989,02,BUNGALOW,1010,ONE FAM,C,AVERAGE,696,2766,1320,67,143800
     93,    100,       ,       ,1920,1993,12,MULTI-CONV,1050,3 FAMILY,C,AVERAGE,3719,6239,4306,71,310800
     93,    101,       ,       ,,,,,9030,,,,0,0,0,,0
     93,    102,       ,       ,,,,,1320,,,,0,0,0,,0
     93,    103,       ,       ,,,,,9030,,,,0,0,0,,0
     93,    104,       ,       ,,,,,1320,,,,0,0,0,,0
     93,    105,       ,       ,,,,,1320,,,,0,0,0,,0
     93,    106,       ,       ,,,,,1320,,,,0,0,0,,0
     93,    107,       ,       ,,,,,9030,,,,0,0,0,,0
     93,    108,       ,       ,,,,,9030,,,,0,0,0,,0
     93,    109,       ,       ,,,,,9030,,,,0,0,0,,0
     93,    110,       ,       ,,,,,9030,,,,0,0,0,,0
     93,    111,       ,       ,,,,,9030,,,,0,0,0,,0
     93,    112,       ,       ,,,,,9030,,,,0,0,0,,0
     93,    113,       ,       ,1924,1989,22,CONVENT`NL,1010,ONE FAM,C-,AVG. (-),698,1417,809,67,115700
     93,    114,       ,       ,1930,1974,19,RANCH,1010,ONE FAM,C-,AVG. (-),956,2260,1232,52,97200
     93,    115,       ,       ,1902,1984,19,RANCH,1010,ONE FAM,C-,AVG. (-),1088,2568,1264,62,123200
     93,    116,       ,       ,1976,2005,19,RANCH,1010,ONE FAM,C-,AVG. (-),960,2184,1298,83,178200
     93,    117,       ,       ,1950,1988,19,RANCH,1010,ONE FAM,D,FAIR,985,2011,1182,66,102800
     93,    118,       ,       ,1900,1989,22,CONVENT`NL,1010,ONE FAM,C,AVERAGE,1377,3037,1734,67,210800
     93,    119,       ,       ,1936,1979,22,CONVENT`NL,1010,ONE FAM,C-,AVG. (-),1100,1690,1266,57,113800
     93,    120,       ,       ,1945,1996,22,CONVENT`NL,1010,ONE FAM,C-,AVG. (-),1568,3412,1977,74,197300
     93,    122,       ,       ,,,,,1320,,,,0,0,0,,0
     93,    123,       ,       ,,,,,1300,,,,0,0,0,,0
     93,    124,       ,       ,,,,,9030,,,,0,0,0,,0
     93,    125,       ,       ,,,,,9030,,,,0,0,0,,0
     93,    126,       ,       ,2018,2018,19,RANCH,1010,ONE FAM,C,AVERAGE,1326,2730,1678,96,252400
     94,      1,       ,       ,1924,1982,43,WAREHOUSE,3160,COMMWHSE,C-,Avg. (-),12933,19385,14556,60,317500
     94,      1,       ,       ,1940,1979,19,RANCH,013R,RES/COM-Res,D,FAIR,540,1080,675,57,57100
     94,      2,       ,       ,1910,1979,05,CAPE,1010,ONE FAM,C-,AVG. (-),1154,2726,1416,57,109600
     94,      2,    100,       ,1977,2001,18,SPLIT/RSD RANCH,1010,ONE FAM,C,AVERAGE,1040,2016,1404,79,165400
     94,      3,       ,       ,1963,2008,19,RANCH,1010,ONE FAM,C,AVERAGE,1612,3512,2058,86,267900
     94,      4,       ,       ,1971,2001,18,SPLIT/RSD RANCH,1010,ONE FAM,C,AVERAGE,1076,2888,1783,79,205100
     94,      5,       ,       ,1925,1998,19,RANCH,1010,ONE FAM,C,AVERAGE,1461,2798,1720,76,198000
     94,      6,       ,       ,1967,2001,19,RANCH,1010,ONE FAM,C+,AVG. (+),1926,5004,2783,79,337900
     94,      7,       ,       ,1973,2005,19,RANCH,1010,ONE FAM,C-,AVG. (-),1322,2692,1624,83,183600
     94,      8,       ,       ,1970,2004,19,RANCH,1010,ONE FAM,C,AVERAGE,1422,1842,1469,82,203500
     94,      9,       ,       ,,,,,6001,,,,0,0,0,,0
     94,     10,       ,       ,1979,2005,19,RANCH,1010,ONE FAM,C,AVERAGE,1424,4656,2214,83,271600
     94,     11,       ,       ,1935,1979,22,CONVENT`NL,1010,ONE FAM,C,AVERAGE,1232,1848,1386,57,115700
     94,     12,       ,       ,1930,1993,22,CONVENT`NL,1010,ONE FAM,C,AVERAGE,1242,2952,1530,71,170000
     94,     13,       ,       ,1933,1993,06,COLONIAL,1010,ONE FAM,C,AVERAGE,2068,3752,2489,71,231300
     94,     14,       ,       ,1947,1993,02,BUNGALOW,1010,ONE FAM,C,AVERAGE,1647,3821,2193,71,187200
     94,     15,       ,       ,1949,1996,05,CAPE,1010,ONE FAM,C,AVERAGE,1419,4156,1925,74,175900
     94,     16,       ,       ,1924,1989,22,CONVENT`NL,1010,ONE FAM,C-,AVG. (-),855,1851,1041,67,109900
     94,     17,       ,       ,1947,1988,05,CAPE,1040,2 FAMILY,C,AVERAGE,2331,3734,2570,66,230400
     94,     17,       ,       ,1947,1993,02,BUNGALOW,1040,2 FAMILY,C,AVERAGE,625,1250,875,71,169800
     94,     18,       ,       ,1937,1989,05,CAPE,1012,ONE FAM W ACC,C-,AVG. (-),1080,3009,1422,67,122700
     94,     19,       ,       ,1988,2012,18,SPLIT/RSD RANCH,1010,ONE FAM,C,AVERAGE,1248,2792,1868,90,259500
     94,     20,       ,       ,1987,2012,18,SPLIT/RSD RANCH,1010,ONE FAM,C,AVERAGE,1232,2920,1714,90,237700
     94,     21,       ,       ,1993,2012,19,RANCH,1010,ONE FAM,C,AVERAGE,864,1848,1110,90,175700
     94,     22,       ,       ,1988,2009,21,SPLIT LVL,1010,ONE FAM,C,AVERAGE,1178,2940,1807,87,233100
     94,     23,       ,       ,1987,2009,05,CAPE,1010,ONE FAM,C,AVERAGE,1638,3284,2102,87,262300
     94,     24,       ,       ,1988,2009,05,CAPE,1010,ONE FAM,C,AVERAGE,1547,4110,2151,87,250400
     94,     25,       ,       ,1987,2012,05,CAPE,1010,ONE FAM,C,AVERAGE,1638,3896,2136,90,265100
     94,     26,       ,       ,1992,2013,05,CAPE,1010,ONE FAM,C,AVERAGE,1512,2807,1815,91,243400
     94,     27,       ,       ,1993,2013,05,CAPE,1010,ONE FAM,C,AVERAGE,1456,2994,1810,91,240400
     97,      1,       ,       ,,,,,1320,,,,0,0,0,,0
     97,      2,       ,       ,,,,,1320,,,,0,0,0,,0
     97,      3,       ,       ,,,,,1320,,,,0,0,0,,0
     97,      4,       ,       ,,,,,9010,,,,0,0,0,,0
     97,      5,       ,       ,1980,2005,18,SPLIT/RSD RANCH,1010,ONE FAM,C,AVERAGE,1244,2588,1740,83,210000
     97,      6,       ,       ,1980,2005,19,RANCH,1010,ONE FAM,C,AVERAGE,2155,5283,2930,83,334700
     97,      7,       ,       ,1977,2008,19,RANCH,1010,ONE FAM,C,AVERAGE,1176,3129,1828,86,246900
     97,      8,       ,       ,,,,,6210,,,,0,0,0,,0
     97,      9,       ,       ,,,,,6210,,,,0,0,0,,0
     97,     10,       ,       ,,,,,6220,,,,0,0,0,,0
     97,     11,       ,       ,,,,,6220,,,,0,0,0,,0
     97,     12,       ,       ,,,,,6220,,,,0,0,0,,0
     97,     13,       ,       ,,,,,6220,,,,0,0,0,,0
     97,     14,       ,       ,,,,,9010,,,,0,0,0,,0
     98,      1,       ,       ,1984,2012,18,SPLIT/RSD RANCH,1010,ONE FAM,C,AVERAGE,1400,3056,1950,90,266200
     98,      2,       ,       ,1984,2009,09,CONTEMPORY,1010,ONE FAM,C,AVERAGE,1428,2856,1682,87,231800
     98,      3,       ,       ,1982,2009,05,CAPE,1010,ONE FAM,C,AVERAGE,1803,3417,2081,87,258600
     98,      4,       ,       ,1980,2008,18,SPLIT/RSD RANCH,1010,ONE FAM,C,AVERAGE,1163,3069,1680,86,215500
     98,      5,       ,       ,1987,2014,09,CONTEMPORY,1010,ONE FAM,C,AVERAGE,1020,3250,1510,92,249800
     98,      6,       ,       ,2003,2013,03,"CAMP,SEAS",1090,MULT HS,C,AVERAGE,356,1063,506,91,29900
     98,      6,       ,       ,2003,2015,09,CONTEMPORY,1090,MULT HS,B,GOOD,2214,6568,3397,93,542400
     98,      7,       ,       ,1955,1982,74,RESTAURANT,3260,REST/BAR,C,Average,1080,2473,1658,60,167500
     98,      8,       ,       ,,,,,3830,,,,0,0,0,,0
     98,      9,       ,       ,2006,2013,09,CONTEMPORY,1010,ONE FAM,B,GOOD,2038,4218,2684,91,489000
     98,     10,       ,       ,1988,2012,05,CAPE,1010,ONE FAM,C+,AVG. (+),1084,3364,1392,90,245800
     98,     11,       ,       ,1988,2013,05,CAPE,1010,ONE FAM,C+,AVG. (+),1130,3604,1639,91,274200
     98,     12,       ,       ,,,,,1300,,,,0,0,0,,0
     98,     13,       ,       ,2019,2019,19,RANCH,1010,ONE FAM,C,AVERAGE,896,3016,1405,97,235300
     98,     14,       ,       ,2003,2014,05,CAPE,1012,ONE FAM W ACC,C+,AVG. (+),1044,2672,1368,92,231000
     98,     15,       ,       ,1935,1993,09,CONTEMPORY,1010,ONE FAM,C,AVERAGE,1444,2790,1984,71,226900
     98,     16,       ,       ,,,,,1300,,,,0,0,0,,0
     98,     17,       ,       ,1998,2013,05,CAPE,1010,ONE FAM,B-,GOOD (-),1505,3629,1850,91,322900
     98,     18,       ,       ,1920,1998,04,"CAMP,YRRND",1010,ONE FAM,C+,AVG. (+),840,2320,1229,76,96600
     98,     19,       ,       ,1950,1990,12,MULTI-CONV,1120,APT 9+UP,C,Average,672,1884,1090,68,148600
     98,     19,       ,       ,1955,1982,83,APARTMENT,112C,APT 9+UP-Comm,C,Average,2976,7902,4776,60,427500
     98,     20,       ,       ,1988,1993,83,APARTMENT,1110,APT 4-8,C+,Avg. (+),8000,12804,9702,71,663100
     98,     21,       ,       ,,,,,1300,,,,0,0,0,,0
     98,     22,       ,       ,,,,,1100,,,,0,0,0,,0
     98,     22,    200,       ,1981,2008,11,MOBILE HM,1030,MOBIL HM,C+,AVG. (+),996,1336,1043,86,48200
     98,     22,    300,       ,1977,2005,11,MOBILE HM,1030,MOBIL HM,C,AVERAGE,672,720,677,83,32400
     98,     22,    400,       ,1966,2001,11,MOBILE HM,1030,MOBIL HM,D-,POOR,672,717,683,79,22400
     98,     22,    500,       ,2002,2012,11,MOBILE HM,1030,MOBIL HM,C+,AVG. (+),840,904,846,90,46400
     98,     22,    600,       ,1982,2005,11,MOBILE HM,1030,MOBIL HM,C,AVERAGE,872,1032,888,83,36900
     98,     22,    700,       ,1970,2008,11,MOBILE HM,1030,MOBIL HM,C-,AVG. (-),672,800,710,86,32800
     98,     22,    800,       ,1972,2001,11,MOBILE HM,1030,MOBIL HM,C-,AVG. (-),660,825,677,79,27200
     98,     22,    900,       ,2006,2013,11,MOBILE HM,1030,MOBIL HM,C+,AVG. (+),840,920,848,91,46900
     98,     22,   1000,       ,1969,2004,11,MOBILE HM,1030,MOBIL HM,D-,POOR,744,978,767,82,24700
     98,     22,   1100,       ,2005,2013,11,MOBILE HM,1030,MOBIL HM,C+,AVG. (+),840,984,854,91,45500
     98,     22,   1200,       ,1970,2001,11,MOBILE HM,1030,MOBIL HM,C-,AVG. (-),780,1005,836,79,30600
     98,     22,   1300,       ,1977,2005,11,MOBILE HM,1030,MOBIL HM,C,AVERAGE,728,1072,768,83,33100
     98,     22,   1400,       ,1975,2005,11,MOBILE HM,1030,MOBIL HM,B+,GOOD (+),1248,1363,1260,83,64500
     98,     22,   1500,       ,1977,2005,11,MOBILE HM,1030,MOBIL HM,C,AVERAGE,728,792,734,83,34800
     98,     22,   1600,       ,1977,2008,11,MOBILE HM,1030,MOBIL HM,C,AVERAGE,784,976,829,86,37000
     98,     22,   1700,       ,1977,2005,11,MOBILE HM,1030,MOBIL HM,C,AVERAGE,953,1255,1027,83,40000
     98,     22,   1800,       ,1977,2000,11,MOBILE HM,1030,MOBIL HM,C,AVERAGE,924,1148,978,78,36900
     98,     22,   1900,       ,1979,2005,11,MOBILE HM,1030,MOBIL HM,C,AVERAGE,924,1104,942,83,38600
     98,     22,   2000,       ,2015,2015,11,MOBILE HM,1030,MOBIL HM,C+,AVG. (+),924,1100,942,93,51100
     98,     22,   2100,       ,1980,1980,11,MOBILE HM,1030,MOBIL HM,C,AVERAGE,840,992,856,58,26500
     98,     22,   2200,       ,1979,2005,11,MOBILE HM,1030,MOBIL HM,C,AVERAGE,924,1054,957,83,38900
     98,     22,   2300,       ,1978,2005,11,MOBILE HM,1030,MOBIL HM,C,AVERAGE,728,758,736,83,34200
     98,     22,   2400,       ,1985,2013,11,MOBILE HM,1030,MOBIL HM,C,AVERAGE,924,1004,944,91,46300
     98,     22,   2500,       ,2005,2013,11,MOBILE HM,1030,MOBIL HM,C+,AVG. (+),924,1036,952,91,48600
     98,     22,   2600,       ,2006,2013,11,MOBILE HM,1030,MOBIL HM,C+,AVG. (+),840,948,867,91,45400
     98,     22,   2700,       ,2005,2013,11,MOBILE HM,1030,MOBIL HM,C+,AVG. (+),840,1024,858,91,46400
     98,     22,   2800,       ,1974,2005,11,MOBILE HM,1030,MOBIL HM,C,AVERAGE,1044,1360,1094,83,41300
     98,     22,   2900,       ,1976,2010,11,MOBILE HM,1030,MOBIL HM,C,AVERAGE,720,828,731,88,36200
     98,     22,   3000,       ,1976,2005,11,MOBILE HM,1030,MOBIL HM,C,AVERAGE,924,1100,942,83,39600
     98,     22,   3200,       ,2006,2013,11,MOBILE HM,1030,MOBIL HM,C+,AVG. (+),924,1055,950,91,48600
     98,     22,   3500,       ,1977,2005,11,MOBILE HM,1030,MOBIL HM,C,AVERAGE,924,972,929,83,38400
     98,     22,   3600,       ,2022,2021,11,MOBILE HM,1030,MOBIL HM,C+,AVG. (+),924,1848,924,99,54100
     98,     22,   3700,       ,1978,2005,11,MOBILE HM,1030,MOBIL HM,C,AVERAGE,784,880,808,83,35400
     98,     22,   3800,       ,2001,2012,11,MOBILE HM,1030,MOBIL HM,C+,AVG. (+),840,912,847,90,45600
     98,     22,   4000,       ,2017,2016,11,MOBILE HM,1030,MOBIL HM,C+,AVG. (+),924,1044,936,94,50300
     98,     22,   4100,       ,2001,2012,11,MOBILE HM,1030,MOBIL HM,C+,AVG. (+),840,1126,869,90,45900
     98,     22,   4200,       ,1970,1994,11,MOBILE HM,1030,MOBIL HM,C-,AVG. (-),708,836,721,72,26800
     98,     23,    100,       ,1860,1984,05,CAPE,1010,ONE FAM,C,AVERAGE,1867,3726,2105,62,167600
     98,     23,    200,       ,,,,,1300,,,,0,0,0,,0
     98,     24,       ,       ,2024,2022,19,RANCH,1010,ONE FAM,C+,AVG. (+),1568,3872,1814,100,281800
     98,     25,       ,       ,1980,2008,05,CAPE,1010,ONE FAM,C,AVERAGE,1229,3386,1626,86,235800
     98,     26,       ,       ,,,,,1060,,,,0,0,0,,0
     98,     27,       ,       ,1985,2009,09,CONTEMPORY,1010,ONE FAM,C+,AVG. (+),2021,4349,2456,87,370100
     98,     28,       ,       ,1978,2005,19,RANCH,1010,ONE FAM,C,AVERAGE,1288,2848,1768,83,232700
     99,      1,       ,       ,,,,,1300,,,,0,0,0,,0
     99,      2,       ,       ,1965,1985,100,REC HALL,386C,CAMPGRND-Comm,C,Average,2576,5152,2576,63,95600
     99,      2,       ,       ,1970,2001,12,MULTI-CONV,3860,CAMPGRND,C,AVERAGE,1920,3298,2059,79,202500
     99,      2,       ,       ,1985,2009,04,"CAMP,YRRND",3860,CAMPGRND,D+,FAIR (+),521,1352,543,87,57100
     99,      3,       ,       ,1987,2012,09,CONTEMPORY,1010,ONE FAM,C,AVERAGE,1071,3411,1554,90,248100
     99,      3,    100,       ,1996,2012,05,CAPE,1010,ONE FAM,C-,AVG. (-),1325,1906,1333,90,155000
     99,      4,       ,       ,1987,2012,09,CONTEMPORY,1010,ONE FAM,C+,AVG. (+),1568,5631,2531,90,378100
     99,      5,       ,       ,1850,1993,05,CAPE,1010,ONE FAM,C,AVERAGE,997,3103,1518,71,161400
     99,      6,       ,       ,1957,1997,19,RANCH,1010,ONE FAM,C,AVERAGE,1350,3476,1980,75,209500
     99,      7,       ,       ,1965,2001,19,RANCH,1010,ONE FAM,C,AVERAGE,1376,1408,1390,79,180100
     99,      7,    100,       ,,,,,1320,,,,0,0,0,,0
     99,      8,       ,       ,,,,,1100,,,,0,0,0,,0
     99,      8,    100,       ,2023,2021,11,MOBILE HM,1030,MOBIL HM,C+,AVG. (+),924,2032,942,99,73600
     99,      8,    200,       ,2005,2020,11,MOBILE HM,1030,MOBIL HM,C+,AVG. (+),924,1036,935,98,66200
     99,      8,    300,       ,1985,2012,11,MOBILE HM,1030,MOBIL HM,B+,GOOD (+),1248,1506,1288,90,92900
     99,      8,    400,       ,1987,2009,11,MOBILE HM,1030,MOBIL HM,C+,AVG. (+),924,988,930,87,61800
     99,      8,    500,       ,2013,2014,11,MOBILE HM,1030,MOBIL HM,C+,AVG. (+),840,1412,945,92,64100
     99,      8,    600,       ,1966,2001,11,MOBILE HM,1030,MOBIL HM,D-,POOR,576,788,614,79,27800
     99,      8,    700,       ,1990,2012,11,MOBILE HM,1030,MOBIL HM,C+,AVG. (+),840,976,866,90,55400
     99,      8,    800,       ,2023,2021,11,MOBILE HM,1030,MOBIL HM,C+,AVG. (+),924,2030,942,99,75900
     99,      8,    900,       ,2023,2021,11,MOBILE HM,1030,MOBIL HM,C+,AVG. (+),924,2030,942,99,66200
     99,      8,   1000,       ,2015,2015,11,MOBILE HM,1030,MOBIL HM,C,AVERAGE,924,1148,970,93,62300
     99,      8,   1100,       ,1967,2001,11,MOBILE HM,1030,MOBIL HM,D,FAIR,648,676,655,79,30900
     99,      8,   1200,       ,1963,2004,11,MOBILE HM,1030,MOBIL HM,D-,POOR,720,860,806,82,31800
     99,      8,   1300,       ,2002,2012,11,MOBILE HM,1030,MOBIL HM,C+,AVG. (+),924,1025,934,90,60100
     99,      8,   1400,       ,1972,2001,11,MOBILE HM,1030,MOBIL HM,C-,AVG. (-),552,870,727,79,38200
     99,      8,   1600,       ,2017,2017,11,MOBILE HM,1030,MOBIL HM,C+,AVG. (+),910,1098,929,95,67400
     99,      8,   1700,       ,2023,2021,11,MOBILE HM,1030,MOBIL HM,C+,AVG. (+),840,1808,853,99,65300
     99,      8,   1800,       ,1978,2001,11,MOBILE HM,1030,MOBIL HM,C,AVERAGE,924,1096,956,32,19500
     99,      8,   1900,       ,2003,2013,11,MOBILE HM,1030,MOBIL HM,C+,AVG. (+),924,1004,932,91,61400
     99,      8,   2000,       ,1970,2004,11,MOBILE HM,1030,MOBIL HM,C-,AVG. (-),792,1052,835,82,43300
    101,      1,       ,       ,2011,2009,79,SUPER MKT,3240,SUPERMKT,C+,Avg. (+),49450,51922,50844,87,3038200
    101,      1,       ,       ,2012,2011,96,MINI-LUBE,3240,SUPERMKT,B-,Good (-),2736,4572,3195,89,294800
    101,      2,       ,       ,1976,1988,50,GOVT BLDG,903C,MUNICPAL-Comm,B-,Good (-),966,1932,1208,66,189100
    101,      2,       ,       ,1976,1988,50,GOVT BLDG,903C,MUNICPAL-Comm,C,Average,363,363,363,66,42700
    101,      2,       ,       ,1976,1990,50,GOVT BLDG,903C,MUNICPAL-Comm,A,Very Good,13882,24844,16623,68,2276300
    101,      2,       ,       ,1988,1992,43,WAREHOUSE,903I,MUNICPAL-Ind,C,Average,5464,5464,5464,70,171300
    101,      2,       ,       ,2014,2013,71,OFFICE,903C,MUNICPAL-Comm,B+,Good (+),2843,2930,2865,91,511700
    101,      2,    100,       ,,0,,,9030,,,,0,0,0,,0
    101,      5,       ,       ,1850,1982,71,OFFICE,3400,OFFICE,C+,Avg. (+),2352,3761,2597,60,254900
    101,      9,       ,       ,1900,1989,22,CONVENT`NL,1010,ONE FAM,C,AVERAGE,2006,3091,2262,67,242100
    101,     10,       ,       ,1947,1993,02,BUNGALOW,1010,ONE FAM,C,AVERAGE,1278,3064,1663,71,166900
    101,     11,       ,       ,1957,1997,19,RANCH,1010,ONE FAM,C,AVERAGE,1272,2376,1554,75,170900
    101,     12,       ,       ,1930,1989,22,CONVENT`NL,1010,ONE FAM,C,AVERAGE,1508,2335,1677,67,199400
    101,     13,       ,       ,1920,1998,22,CONVENT`NL,1010,ONE FAM,C,AVERAGE,2000,3384,2352,76,291800
    101,     14,       ,       ,1989,2009,19,RANCH,1010,ONE FAM,C,AVERAGE,1176,1808,1316,87,196600
    101,     15,       ,       ,1920,1979,19,RANCH,1010,ONE FAM,C-,AVG. (-),2010,4108,2425,57,176500
    101,     16,       ,       ,1987,2012,21,SPLIT LVL,1010,ONE FAM,C-,AVG. (-),2736,4993,3135,90,345600
    101,     17,       ,       ,1900,1974,19,RANCH,1010,ONE FAM,C,AVERAGE,1088,2388,1499,52,119100
    101,     18,    100,       ,1910,2005,02,BUNGALOW,1010,ONE FAM,C,AVERAGE,1646,2992,1924,83,239300
    101,     18,    200,       ,2003,2014,19,RANCH,1010,ONE FAM,C,AVERAGE,1176,3177,1714,92,251900
    101,     19,       ,       ,1930,1989,02,BUNGALOW,1010,ONE FAM,C,AVERAGE,1841,3858,2271,67,221700
    101,     20,       ,       ,1973,1988,83,APARTMENT,9080,HOUSING,C,Average,4928,4928,4928,66,298600
    101,     20,       ,       ,1973,1988,83,APARTMENT,9080,HOUSING,C,Average,5826,7824,6326,66,364000
    101,     20,       ,       ,1973,1988,83,APARTMENT,9080,HOUSING,C,Average,8064,11952,9036,66,513200
    101,     20,       ,       ,1973,1988,83,APARTMENT,9080,HOUSING,C,Average,8492,12100,9436,66,525000
    101,     20,       ,       ,1975,1988,83,APARTMENT,9080,HOUSING,C,Average,7392,7392,7392,66,424100
    101,     20,    200,       ,2010,2009,83,APARTMENT,1120,APT 9+UP,C,Average,3904,4624,4149,87,361300
    101,     20,    200,       ,2010,2009,83,APARTMENT,1120,APT 9+UP,C,Average,4452,5234,4706,87,397300
    101,     20,    200,       ,2010,2009,83,APARTMENT,1120,APT 9+UP,C,Average,8310,8893,8401,87,664700
    101,     21,       ,       ,1900,1989,12,MULTI-CONV,1050,3 FAMILY,C,AVERAGE,3003,5932,3686,67,173400
    101,     22,       ,       ,1900,1993,22,CONVENT`NL,1010,ONE FAM,C,AVERAGE,1008,2176,1208,71,177200
    101,     23,       ,       ,1900,1984,22,CONVENT`NL,1010,ONE FAM,C,AVERAGE,1392,2786,1699,62,174800
    101,     25,       ,       ,1960,1997,19,RANCH,1010,ONE FAM,C,AVERAGE,1056,2420,1443,75,172600
    101,     26,       ,       ,,,,,1300,CHARITABLE-Vac,,,,,,,
    101,     27,       ,       ,1920,1983,71,OFFICE,3400,OFFICE,C-,Avg. (-),3616,6032,4035,61,310300
    101,     28,       ,       ,1987,1992,71,OFFICE,3400,OFFICE,C,Average,4933,7968,5897,70,627100
    101,     29,       ,       ,1930,1989,22,CONVENT`NL,1010,ONE FAM,C,AVERAGE,1584,2768,1984,67,205100
    101,     30,       ,       ,1930,1993,19,RANCH,1010,ONE FAM,C,AVERAGE,1240,2447,1503,71,162600
    101,     31,       ,       ,1952,1990,72,OFFICE-PRO,3420,MEDICAL OFF,B-,Good (-),2580,5455,3064,68,366000
    101,     33,       ,       ,,0,,,3900,,,,0,0,0,,0
    101,     36,       ,       ,1968,1985,36,IND+OFC AREA,4000,FACTORY,C,Average,17357,17663,17418,63,556300
    101,     36,       ,       ,1980,1988,43,WAREHOUSE,4000,FACTORY,C,Average,3200,3200,3200,66,92400
    101,     36,       ,       ,2008,2007,33,INDUST-LT,4000,FACTORY,C,Average,3050,3050,3050,85,115800
    101,     37,       ,       ,1974,1988,78,STORE,3250,STORE,C,Average,4867,10755,6263,66,243100
    101,     37,       ,       ,1985,1992,76,SHOP CTR,3250,STORE,C+,Avg. (+),30955,54550,31498,70,2633100
    101,     37,       ,       ,1996,1997,78,STORE,3250,STORE,C,Average,4080,4560,4176,75,223200
    101,     38,       ,       ,1975,1988,71,OFFICE,3400,OFFICE,C-,Avg. (-),6272,8501,6679,66,521800
    102,      1,       ,       ,1950,1993,19,RANCH,1010,ONE FAM,C-,AVG. (-),910,1192,958,71,114500
    102,      2,       ,       ,1957,1997,02,BUNGALOW,1010,ONE FAM,D+,FAIR (+),792,966,809,75,99000
    102,      3,       ,       ,1940,1989,02,BUNGALOW,1010,ONE FAM,C-,AVG. (-),861,1719,1048,67,114400
    102,      4,       ,       ,1940,1989,05,CAPE,1010,ONE FAM,C,AVERAGE,1197,3294,1671,67,168100
    102,      5,       ,       ,1970,1985,46,CHURCH/SYN,9060,CHURCH,C+,Avg. (+),4416,12124,6563,63,556100
    102,      6,       ,       ,1972,2005,19,RANCH,1010,ONE FAM,C,AVERAGE,965,2116,1242,83,167400
    102,      8,       ,       ,1965,2004,18,SPLIT/RSD RANCH,1010,ONE FAM,C,AVERAGE,1028,2328,1369,82,194900
    102,      9,       ,       ,1972,2000,19,RANCH,1010,ONE FAM,C,AVERAGE,1152,3036,1779,78,190900
    102,     10,       ,       ,1939,1989,02,BUNGALOW,1010,ONE FAM,C+,AVG. (+),864,1896,1150,67,138100
    102,     11,       ,       ,1920,1989,06,COLONIAL,1010,ONE FAM,C,AVERAGE,1029,2118,1214,67,150400
    102,     12,      1,       ,2010,2014,07,CONDO-GRDN,1020,CONDO,03,ADEQUATE,952,2404,1350,92,239100
    102,     12,      2,       ,2007,2016,08,CONDO-TNHS,1020,CONDO,03,ADEQUATE,1456,2920,1804,94,238000
    102,     12,      3,       ,2008,2014,07,CONDO-GRDN,1020,CONDO,03,ADEQUATE,994,2446,1377,92,241400
    102,     12,      4,       ,,,,,102V,,,,0,0,0,,0
    102,     12,      5,       ,2007,2016,08,CONDO-TNHS,1020,CONDO,03,ADEQUATE,1036,1728,1192,94,187500
    102,     12,      6,       ,2007,2016,08,CONDO-TNHS,1020,CONDO,03,ADEQUATE,1036,1728,1192,94,187500
    102,     12,      7,       ,2007,2016,08,CONDO-TNHS,1020,CONDO,03,ADEQUATE,1036,1608,1180,94,186600
    102,     12,      8,       ,2007,2016,08,CONDO-TNHS,1020,CONDO,03,ADEQUATE,1036,1608,1180,94,185100
    102,     12,      9,       ,2007,2016,08,CONDO-TNHS,1020,CONDO,03,ADEQUATE,1182,1945,1355,94,200000
    102,     12,     10,       ,2007,2016,08,CONDO-TNHS,1020,CONDO,03,ADEQUATE,1228,2014,1407,94,229100
    102,     12,     11,       ,,,,,102V,,,,0,0,0,,0
    102,     12,     12,       ,2007,2016,08,CONDO-TNHS,1020,CONDO,03,ADEQUATE,1456,2920,1804,94,233800
    102,     12,     13,       ,2007,2016,08,CONDO-TNHS,1020,CONDO,03,ADEQUATE,1228,2294,1519,94,212800
    102,     12,     14,       ,2007,2014,08,CONDO-TNHS,1020,CONDO,03,ADEQUATE,1228,2294,1519,92,208200
    102,     12,     15,       ,2014,2015,07,CONDO-GRDN,1020,CONDO,03,ADEQUATE,952,2288,1338,93,241400
    102,     12,     16,       ,,,,,102V,,,,0,0,0,,0
    102,     12,     17,       ,,,,,102V,,,,0,0,0,,0
    102,     12,     18,       ,,,,,102V,,,,0,0,0,,0
    102,     12,     19,       ,,,,,102V,,,,0,0,0,,0
    102,     12,     20,       ,,,,,102V,,,,0,0,0,,0
    102,     12,     21,       ,,,,,102V,,,,0,0,0,,0
    102,     12,     22,       ,,,,,102V,,,,0,0,0,,0
    102,     12,     23,       ,,,,,102V,,,,0,0,0,,0
    102,     12,     24,       ,,,,,102V,,,,0,0,0,,0
    102,     12,     25,       ,,,,,102V,,,,0,0,0,,0
    102,     12,     26,       ,,,,,102V,,,,0,0,0,,0
    102,     12,     27,       ,,,,,102V,,,,0,0,0,,0
    102,     12,     28,       ,,,,,102V,,,,0,0,0,,0
    102,     12,     29,       ,,,,,102V,,,,0,0,0,,0
    102,     12,     30,       ,2007,2016,08,CONDO-TNHS,1020,CONDO,03,ADEQUATE,1036,1728,1192,94,195300
    102,     12,     31,       ,2007,2016,08,CONDO-TNHS,1020,CONDO,03,ADEQUATE,1036,1728,1192,94,195700
    102,     12,     32,       ,2007,2014,07,CONDO-GRDN,1020,CONDO,03,ADEQUATE,1050,2404,1408,92,244200
    102,     12,     33,       ,1910,1987,08,CONDO-TNHS,1020,CONDO,03,ADEQUATE,1274,2690,1696,65,158000
    102,     13,       ,       ,1970,1985,71,OFFICE,3520,DAY CARE,C-,Avg. (-),2888,3515,3076,63,195900
    102,     14,       ,       ,1960,1997,19,RANCH,1010,ONE FAM,C,AVERAGE,960,2290,1373,75,155000
    102,     15,       ,       ,1955,1997,19,RANCH,1010,ONE FAM,C,AVERAGE,1092,2773,1652,75,174900
    102,     16,       ,       ,1962,2001,19,RANCH,1010,ONE FAM,C,AVERAGE,1212,3812,1814,79,207000
    102,     17,       ,       ,1959,1997,19,RANCH,1010,ONE FAM,C,AVERAGE,2228,5550,3039,75,296800
    102,     19,       ,       ,1955,1997,19,RANCH,1010,ONE FAM,C,AVERAGE,1232,3184,1810,75,187700
    102,     20,       ,       ,1950,1993,19,RANCH,1010,ONE FAM,C+,AVG. (+),2678,7680,3654,71,346100
    102,     21,       ,       ,1960,1997,19,RANCH,1010,ONE FAM,C,AVERAGE,1296,2892,1741,75,196600
    102,     22,       ,       ,1950,1996,18,SPLIT/RSD RANCH,1010,ONE FAM,C,AVERAGE,1085,2437,1544,74,169100
    102,     23,       ,       ,1955,2000,19,RANCH,1010,ONE FAM,C+,AVG. (+),1208,3080,1890,78,244500
    102,     24,       ,       ,1958,1997,19,RANCH,1010,ONE FAM,C,AVERAGE,1220,2934,1710,75,199300
    102,     25,       ,       ,1965,2001,18,SPLIT/RSD RANCH,1010,ONE FAM,C,AVERAGE,1092,2250,1539,79,181100
    102,     25,    100,       ,2008,2015,06,COLONIAL,1010,ONE FAM,C,AVERAGE,2240,4276,2771,93,399600
    102,     26,       ,       ,1900,1993,12,MULTI-CONV,1040,2 FAMILY,C,AVERAGE,2444,4196,2856,71,268000
    102,     27,       ,       ,1969,2004,19,RANCH,1010,ONE FAM,C,AVERAGE,1470,3128,1904,82,235400
    102,     28,       ,       ,1972,2008,18,SPLIT/RSD RANCH,1010,ONE FAM,C,AVERAGE,1056,2312,1603,86,223200
    102,     29,       ,       ,1970,2001,18,SPLIT/RSD RANCH,1010,ONE FAM,C,AVERAGE,1072,3194,1684,79,204400
    102,     30,       ,       ,1976,2005,21,SPLIT LVL,1010,ONE FAM,C,AVERAGE,1208,2520,1642,83,224500
    102,     31,       ,       ,1970,2004,18,SPLIT/RSD RANCH,1010,ONE FAM,C,AVERAGE,1320,3141,1821,82,232500
    102,     32,       ,       ,1970,1998,06,COLONIAL,1010,ONE FAM,C-,AVG. (-),2184,3800,2362,76,254800
    102,     33,       ,       ,1970,2008,18,SPLIT/RSD RANCH,1010,ONE FAM,C,AVERAGE,960,3196,1693,86,213100
    102,     34,       ,       ,1970,2001,18,SPLIT/RSD RANCH,1010,ONE FAM,C,AVERAGE,1078,2982,1854,79,231100
    102,     35,       ,       ,1960,2000,06,COLONIAL,1010,ONE FAM,C,AVERAGE,2211,2779,2304,78,272600
    102,     36,       ,       ,1969,2001,19,RANCH,1010,ONE FAM,C,AVERAGE,1320,2964,1868,79,214000
    102,     37,       ,       ,1970,2004,19,RANCH,1010,ONE FAM,C,AVERAGE,1040,2744,1536,82,207500
    102,     38,       ,       ,1975,2005,06,COLONIAL,1010,ONE FAM,C,AVERAGE,1680,2658,1914,83,236100
    102,     39,       ,       ,1967,1986,83,APARTMENT,1120,APT 9+UP,C,Average,10098,10154,10112,64,663200
    102,     39,       ,       ,1967,1986,83,APARTMENT,1120,APT 9+UP,C,Average,10098,10154,10112,64,663200
    102,     39,       ,       ,1976,1990,83,APARTMENT,1120,APT 9+UP,C,Average,4992,5676,5131,68,373800
    102,     40,       ,       ,1987,2012,06,COLONIAL,1010,ONE FAM,C,AVERAGE,1728,3278,2238,90,328500
    102,     41,       ,       ,1987,2013,19,RANCH,1010,ONE FAM,C,AVERAGE,1508,3756,2145,91,271400
    102,     42,       ,       ,1987,2009,05,CAPE,1010,ONE FAM,C,AVERAGE,864,3172,1364,87,204700
    102,     44,       ,       ,1987,2009,05,CAPE,1010,ONE FAM,C,AVERAGE,1166,2792,1414,87,208900
    102,     45,       ,       ,1987,2009,05,CAPE,1010,ONE FAM,C,AVERAGE,1166,3184,1527,87,222000
    102,     46,       ,       ,1987,2012,05,CAPE,1010,ONE FAM,C,AVERAGE,1166,2805,1406,90,219100
    102,     47,       ,       ,1987,2012,05,CAPE,1010,ONE FAM,C,AVERAGE,1166,3156,1555,90,232400
    102,     48,       ,       ,1987,2004,05,CAPE,1010,ONE FAM,C,AVERAGE,1166,3452,1676,82,208100
    102,     49,       ,       ,1987,2012,05,CAPE,1010,ONE FAM,C,AVERAGE,1166,3282,1700,90,247300
    102,     50,       ,       ,1945,1996,05,CAPE,1010,ONE FAM,C,AVERAGE,1781,3448,2193,74,244100
    102,     53,       ,       ,1951,2000,09,CONTEMPORY,1010,ONE FAM,C+,AVG. (+),2252,4740,3140,89,462000
    102,     54,       ,       ,1958,1992,19,RANCH,1010,ONE FAM,C+,AVG. (+),1200,3460,2133,70,208700
    102,     54,    200,       ,2004,2014,19,RANCH,1010,ONE FAM,B-,GOOD (-),2383,6614,3517,92,543600
    102,     55,       ,       ,1940,2005,22,CONVENT`NL,1010,ONE FAM,C+,AVG. (+),1746,2906,2094,83,325900
    102,     57,       ,       ,1910,1989,22,CONVENT`NL,1010,ONE FAM,B-,GOOD (-),4363,6134,4842,67,568300
    102,     58,       ,       ,,,,,1320,,,,0,0,0,,0
    102,     59,       ,       ,,,,,1320,,,,0,0,0,,0
    102,     60,       ,       ,,,,,9030,,,,0,0,0,,0
    102,     61,       ,       ,,,,,1320,,,,0,0,0,,0
    102,     62,       ,       ,,,,,4420,,,,0,0,0,,0
    103,      1,       ,       ,,,,,3900,,,,0,0,0,,0
    103,      2,       ,       ,1960,1977,43,WAREHOUSE,4270,GAS STOR,C-,Avg. (-),960,1564,1091,55,36000
    103,      2,       ,       ,1965,1986,43,WAREHOUSE,4270,GAS STOR,C,Average,3200,4160,3440,64,145800
    103,      3,       ,       ,1988,1992,76,SHOP CTR,3230,SHOP CTR,C,Average,30584,35210,31741,70,2768100
    103,      4,       ,       ,1980,1988,78,STORE,3250,STORE,C,Average,7000,7000,7000,66,338400
    103,      6,       ,       ,1955,1977,76,SHOP CTR,3250,STORE,C+,Avg. (+),27047,29258,27626,55,2497200
    103,      6,       ,       ,1985,1995,79,SUPER MKT,3250,STORE,C+,Avg. (+),48600,51300,49400,73,2282400
    103,      8,       ,       ,2015,2014,78,STORE,3250,STORE,C+,Avg. (+),18900,19580,19168,92,1374900
    103,      8,    100,       ,1965,1993,65,CONVEN MKT,3330,GAS STA,C,Average,2092,2108,2096,71,175300
    103,      9,       ,       ,1987,1992,78,STORE,3250,STORE,B-,Good (-),24757,26947,25195,70,1197000
    103,     10,       ,       ,2012,2009,65,CONVEN MKT,3340,SERV STA,C+,Avg. (+),1764,3081,1908,87,212400
    103,     11,       ,       ,1989,2003,74,RESTAURANT,3300,AUTO S+S,B+,Good (+),18988,20285,19295,81,2555400
    103,     12,       ,       ,2007,2007,78,STORE,3250,STORE,C+,Avg. (+),7360,7544,7397,85,456800
    103,     13,       ,       ,1952,1986,78,STORE,9050,CHARITABLE,C+,Avg. (+),13040,28242,18774,64,917800
    103,     13,       ,       ,1989,1992,43,WAREHOUSE,905I,CHARITABLE-Ind,C,Average,8176,8176,8176,70,295000
    103,     14,       ,       ,1965,1981,43,WAREHOUSE,450I,STATE ED TAX-Ind,B,Good,17270,29730,19786,59,657600
    103,     14,       ,       ,1995,1997,43,WAREHOUSE,450I,STATE ED TAX-Ind,C+,Avg. (+),4000,4000,4000,75,163000
    103,     15,       ,       ,1948,1983,24,AUTO DEALR,3300,AUTO S+S,C+,Avg. (+),37226,38714,37423,61,2097300
    103,     16,       ,       ,1988,1993,78,STORE,3250,STORE,C,Average,8000,8000,8000,71,439300
    104,      1,       ,       ,1970,1985,78,STORE,3250,STORE,C,Average,2246,2246,2246,63,129800
    104,      1,       ,       ,1985,1992,78,STORE,3250,STORE,C,Average,1500,1500,1500,70,115000
    104,      2,       ,       ,1958,1982,34,INDUSTRIAL,4000,FACTORY,C,Average,191646,197772,193113,60,4878900
    104,      2,       ,       ,1995,1997,33,INDUST-LT,4000,FACTORY,C,Average,1500,1500,1500,75,65300
    104,      5,       ,       ,1900,1982,43,WAREHOUSE,325I,STORE-Ind,C,Average,6416,6416,6416,60,215600
    104,      5,       ,       ,1980,1988,43,WAREHOUSE,325I,STORE-Ind,C,Average,10800,10800,10800,66,357400
    104,      5,       ,       ,1981,1988,78,STORE,3250,STORE,C-,Avg. (-),2550,3003,2641,66,144800
    104,      5,       ,       ,2012,2009,65,CONVEN MKT,3250,STORE,C+,Avg. (+),7200,7314,7223,87,626300
    104,      6,       ,       ,1970,1985,75,SERVICE ST,3340,SERV STA,C,Average,1470,3166,1515,63,120700
    104,      7,       ,       ,1930,1982,39,REPAIR GAR,3320,AUTO REP,C,Average,4250,4396,4316,60,163900
    104,      8,       ,       ,1931,1982,78,STORE,3250,STORE,C,Average,1380,2108,1546,60,52400
    104,      9,       ,       ,1930,1982,78,STORE,3250,STORE,C,Average,4400,4436,4404,60,218400
    104,     10,       ,       ,1978,2008,05,CAPE,1010,ONE FAM,C,AVERAGE,1969,4833,2750,86,317100
    104,     11,       ,       ,1978,2008,18,SPLIT/RSD RANCH,1010,ONE FAM,C,AVERAGE,1288,2824,1831,86,227200
    105,      1,       ,       ,1978,2005,06,COLONIAL,1010,ONE FAM,C,AVERAGE,1920,3936,2672,83,339500
    105,      2,       ,       ,1978,2010,05,CAPE,1010,ONE FAM,C,AVERAGE,3264,5882,3942,88,449100
    105,      3,       ,       ,1988,1992,71,OFFICE,3400,OFFICE,C,Average,14525,17918,14644,70,1013300
    105,      4,       ,       ,1988,1992,72,OFFICE-PRO,3560,PRO ASSOC,C,Average,3267,4540,3431,70,350900
    105,      5,       ,       ,1986,1992,78,STORE,3250,STORE,C,Average,7277,8597,7607,70,399700
    105,      5,       ,       ,1987,1992,39,REPAIR GAR,3250,STORE,C-,Avg. (-),920,1496,1150,70,61400
    105,      5,       ,       ,1995,1997,43,WAREHOUSE,325I,STORE-Ind,C,Average,4000,5600,4320,75,157000
    105,      6,       ,       ,1949,1993,06,COLONIAL,1010,ONE FAM,C,AVERAGE,1440,2424,1703,71,204700
    105,      7,       ,       ,1890,1989,22,CONVENT`NL,1040,2 FAMILY,B,GOOD,2579,5886,3380,67,521500
    105,      8,       ,       ,1860,1998,15,OLD STYLE,1040,2 FAMILY,C+,AVG. (+),1663,3075,1959,76,349800
    105,      9,    101,       ,1978,2003,07,CONDO-GRDN,1020,CONDO,03,ADEQUATE,944,944,944,81,167500
    105,      9,    201,       ,1978,2003,07,CONDO-GRDN,1020,CONDO,03,ADEQUATE,828,828,828,81,157200
    105,      9,    301,       ,1978,2003,07,CONDO-GRDN,1020,CONDO,03,ADEQUATE,660,660,660,81,144200
    105,      9,    401,       ,1978,2003,07,CONDO-GRDN,1020,CONDO,03,ADEQUATE,660,660,660,81,148900
    105,      9,    501,       ,1978,2003,07,CONDO-GRDN,1020,CONDO,03,ADEQUATE,680,680,680,81,146900
    105,      9,    601,       ,1978,2003,07,CONDO-GRDN,1020,CONDO,03,ADEQUATE,660,660,660,81,144200
    105,      9,    701,       ,1978,2003,07,CONDO-GRDN,1020,CONDO,03,ADEQUATE,828,828,828,81,158600
    105,      9,    801,       ,1978,2003,07,CONDO-GRDN,1020,CONDO,03,ADEQUATE,828,828,828,81,157200
    105,      9,    902,       ,1978,2006,07,CONDO-GRDN,1020,CONDO,03,ADEQUATE,828,828,828,84,164500
    105,      9,   1002,       ,1978,2003,07,CONDO-GRDN,1020,CONDO,03,ADEQUATE,828,828,828,81,160100
    105,      9,   1102,       ,1978,2003,07,CONDO-GRDN,1020,CONDO,03,ADEQUATE,660,660,660,81,145500
    105,      9,   1202,       ,1978,2003,07,CONDO-GRDN,1020,CONDO,03,ADEQUATE,660,660,660,81,144200
    105,      9,   1302,       ,1978,2003,07,CONDO-GRDN,1020,CONDO,03,ADEQUATE,660,660,660,81,144200
    105,      9,   1402,       ,1978,2003,07,CONDO-GRDN,1020,CONDO,03,ADEQUATE,660,660,660,81,145500
    105,      9,   1502,       ,1978,2010,07,CONDO-GRDN,1020,CONDO,03,ADEQUATE,828,828,828,88,170800
    105,      9,   1602,       ,1978,2003,07,CONDO-GRDN,1020,CONDO,03,ADEQUATE,828,828,828,81,157200
    105,      9,   1703,       ,1978,2003,07,CONDO-GRDN,1020,CONDO,03,ADEQUATE,828,828,828,81,157200
    105,      9,   1803,       ,1978,2003,07,CONDO-GRDN,1020,CONDO,03,ADEQUATE,828,828,828,81,162500
    105,      9,   1903,       ,1978,2003,07,CONDO-GRDN,1020,CONDO,03,ADEQUATE,660,660,660,81,144200
    105,      9,   2003,       ,1978,2003,07,CONDO-GRDN,1020,CONDO,03,ADEQUATE,660,660,660,81,144200
    105,      9,   2103,       ,1978,2003,07,CONDO-GRDN,1020,CONDO,03,ADEQUATE,660,660,660,81,144200
    105,      9,   2203,       ,1978,2003,07,CONDO-GRDN,1020,CONDO,03,ADEQUATE,660,660,660,81,145500
    105,      9,   2303,       ,1978,2010,07,CONDO-GRDN,1020,CONDO,03,ADEQUATE,828,828,828,88,170800
    105,      9,   2403,       ,1978,2003,07,CONDO-GRDN,1020,CONDO,03,ADEQUATE,828,828,828,81,158600
    105,      9,   2504,       ,1978,2003,07,CONDO-GRDN,1020,CONDO,03,ADEQUATE,828,828,828,81,160100
    105,      9,   2604,       ,1978,2003,07,CONDO-GRDN,1020,CONDO,03,ADEQUATE,828,828,828,81,157200
    105,      9,   2704,       ,1978,2003,07,CONDO-GRDN,1020,CONDO,03,ADEQUATE,660,660,660,81,144200
    105,      9,   2804,       ,1978,2003,07,CONDO-GRDN,1020,CONDO,03,ADEQUATE,660,660,660,81,144200
    105,      9,   2904,       ,1978,2003,07,CONDO-GRDN,1020,CONDO,03,ADEQUATE,660,660,660,81,144200
    105,      9,   3004,       ,1978,2003,07,CONDO-GRDN,1020,CONDO,03,ADEQUATE,660,660,660,81,144200
    105,      9,   3104,       ,1978,2003,07,CONDO-GRDN,1020,CONDO,03,ADEQUATE,828,828,828,81,158600
    105,      9,   3204,       ,1978,2003,07,CONDO-GRDN,1020,CONDO,03,ADEQUATE,828,828,828,81,160100
    105,      9,   3305,       ,1978,2003,07,CONDO-GRDN,1020,CONDO,03,ADEQUATE,828,828,828,81,157200
    105,      9,   3405,       ,1978,2003,07,CONDO-GRDN,1020,CONDO,03,ADEQUATE,828,828,828,81,160100
    105,      9,   3505,       ,1978,2003,07,CONDO-GRDN,1020,CONDO,03,ADEQUATE,680,680,680,81,146900
    105,      9,   3605,       ,1978,2003,07,CONDO-GRDN,1020,CONDO,03,ADEQUATE,660,660,660,81,144200
    105,      9,   3705,       ,1978,2003,07,CONDO-GRDN,1020,CONDO,03,ADEQUATE,660,660,660,81,144200
    105,      9,   3805,       ,1978,2003,07,CONDO-GRDN,1020,CONDO,03,ADEQUATE,660,660,660,81,145500
    105,      9,   3905,       ,1978,2003,07,CONDO-GRDN,1020,CONDO,03,ADEQUATE,828,828,828,81,157200
    105,      9,   4005,       ,1978,2003,07,CONDO-GRDN,1020,CONDO,03,ADEQUATE,828,828,828,81,161100
    105,     10,       ,       ,1926,1989,22,CONVENT`NL,1010,ONE FAM,C,AVERAGE,1260,3337,1957,67,220200
    105,     11,       ,       ,1900,1984,22,CONVENT`NL,1040,2 FAMILY,C,AVERAGE,1830,2730,1943,62,240300
    105,     12,       ,       ,1850,1982,71,OFFICE,9050,CHARITABLE,C,Average,6598,9815,7198,58,510900
    105,     13,       ,       ,1959,2000,05,CAPE,1010,ONE FAM,C+,AVG. (+),2550,6320,3619,78,417400
    105,     14,       ,       ,1900,1984,12,MULTI-CONV,013R,RES/COM-Res,C,AVERAGE,2160,4928,2729,62,186800
    105,     15,       ,       ,,,,,9030,,,,0,0,0,,0
    105,     16,       ,       ,1901,1974,12,MULTI-CONV,1040,2 FAMILY,C,AVERAGE,2901,4925,3249,52,209000
    105,     17,       ,       ,1820,1998,22,CONVENT`NL,031R,COM/RES-Res,C,AVERAGE,2166,3876,2332,76,255800
    105,     17,       ,       ,1965,1985,39,REPAIR GAR,101C,ONE FAM-Comm,D,Fair,1512,1512,1512,63,44700
    105,     22,       ,       ,1870,1989,22,CONVENT`NL,1010,ONE FAM,C,AVERAGE,1418,2994,1739,67,201600
    105,     23,       ,       ,,0,,,1320,,,,0,0,0,,0
    105,     26,       ,       ,,,,,9030,,,,0,0,0,,0
    105,     27,       ,       ,1940,1994,71,OFFICE,3250,STORE,C-,Avg. (-),1800,1800,1800,72,185500
    105,     28,       ,       ,,,,,9030,,,,0,0,0,,0
    105,     29,       ,       ,1912,1993,12,MULTI-CONV,325R,STORE-Res,C+,AVG. (+),1440,2889,1876,71,189300
    105,     29,       ,       ,1997,1998,65,CONVEN MKT,3250,STORE,C+,Avg. (+),3380,6760,3380,76,274900
    105,     29,       ,       ,1998,1998,78,STORE,3250,STORE,C+,Avg. (+),1264,2528,1264,76,117400
    105,     31,       ,       ,1945,1982,72,OFFICE-PRO,3420,MEDICAL OFF,C-,Avg. (-),1026,2501,1359,60,146600
    105,     32,       ,       ,1860,1986,83,APARTMENT,3420,MEDICAL OFF,C,Average,3475,6696,4067,64,267400
    105,     33,       ,       ,1939,1989,02,BUNGALOW,1010,ONE FAM,C,AVERAGE,1991,3559,2354,67,219300
    105,     34,       ,       ,1993,2016,06,COLONIAL,1010,ONE FAM,C,AVERAGE,2184,3276,2457,94,352900
    105,     35,       ,       ,1996,2012,06,COLONIAL,1010,ONE FAM,C,AVERAGE,1560,3052,2085,90,309700
    105,     36,       ,       ,1960,1997,05,CAPE,1010,ONE FAM,C,AVERAGE,1466,3694,1856,75,180800
    105,     37,       ,       ,1975,2005,19,RANCH,1010,ONE FAM,C,AVERAGE,1012,2056,1378,48,112100
    105,     38,       ,       ,2005,2013,18,SPLIT/RSD RANCH,1010,ONE FAM,C,AVERAGE,1001,3004,1720,91,242400
    105,     39,       ,       ,1983,2014,19,RANCH,1010,ONE FAM,C,AVERAGE,1040,3056,1410,92,218100
    105,     40,       ,       ,2005,2014,19,RANCH,1010,ONE FAM,C,AVERAGE,1144,2393,1442,92,222800
    105,     45,       ,       ,2013,2015,19,RANCH,1010,ONE FAM,C,AVERAGE,1500,3400,2017,93,288100
    105,     46,       ,       ,1972,2005,18,SPLIT/RSD RANCH,1010,ONE FAM,C,AVERAGE,1344,2643,1795,83,235300
    105,     48,       ,       ,,,,,1300,,,,0,0,0,,0
    105,     93,       ,       ,,,,,1310,,,,0,0,0,,0
    105,     94,       ,       ,1955,1997,06,COLONIAL,1010,ONE FAM,B,GOOD,3161,9937,5798,75,745200
    105,     95,       ,       ,,,,,1310,,,,0,0,0,,0
    105,     98,       ,       ,,,,,1310,,,,0,0,0,,0
    105,     99,       ,       ,1970,1998,09,CONTEMPORY,1010,ONE FAM,C,AVERAGE,1620,4244,2457,76,258800
    105,    100,       ,       ,1965,2004,18,SPLIT/RSD RANCH,1012,ONE FAM W ACC,C,AVERAGE,1608,6316,3163,82,355600
    105,    101,       ,       ,2013,2013,14,MULTI-TNHS,1120,APT 9+UP,C+,Avg. (+),7998,8853,8176,91,848900
    105,    101,       ,       ,2013,2013,14,MULTI-TNHS,1120,APT 9+UP,C+,Avg. (+),16466,18844,16921,91,1658900
    105,    102,       ,       ,1850,1989,12,MULTI-CONV,1050,3 FAMILY,C+,AVG. (+),3666,7210,4360,67,299600
    105,    103,       ,       ,1955,1997,05,CAPE,1010,ONE FAM,C,AVERAGE,1210,2928,1458,75,178700
    105,    104,       ,       ,1952,1992,05,CAPE,1010,ONE FAM,C,AVERAGE,1210,3204,1664,70,179300
    105,    105,       ,       ,,,,,4500,,,,0,0,0,,0
    105,    106,       ,       ,2000,1997,71,OFFICE,3400,OFFICE,C+,Avg. (+),2176,4276,3120,75,394200
    105,    107,       ,       ,1860,1982,78,STORE,3250,STORE,C,Average,1922,3339,2289,60,136700
    105,    108,       ,       ,1900,1982,72,OFFICE-PRO,3400,OFFICE,C,Average,1986,4707,2629,60,296600
    105,    110,       ,       ,1840,1982,39,REPAIR GAR,313C,LUMBER-Comm,C,Average,4734,10520,6002,60,221600
    105,    110,       ,       ,1890,1972,43,WAREHOUSE,3130,LUMBER,D,Fair,2210,6990,3830,50,72400
    105,    110,       ,       ,1900,1972,43,WAREHOUSE,3130,LUMBER,D,Fair,4433,6113,5129,50,92000
    105,    110,       ,       ,1963,1985,43,WAREHOUSE,3130,LUMBER,C,Average,11977,15137,12935,63,343100
    105,    110,       ,       ,1963,1989,78,STORE,313C,LUMBER-Comm,C+,Avg. (+),6324,12892,8742,67,501900
    105,    111,       ,       ,1900,1979,22,CONVENT`NL,1010,ONE FAM,C,AVERAGE,1616,3763,2099,57,194200
    105,    112,       ,       ,1895,1983,78,STORE,3250,STORE,C-,Avg. (-),8880,8928,8892,61,373800
    105,    113,       ,       ,1989,1992,69,LODGE,9050,CHARITABLE,B,Good,4654,9929,7501,70,572900
    105,    114,       ,       ,2020,2020,62,COMM BLOCK,112C,APT 9+UP-Comm,C+,Avg. (+),3840,3840,3840,98,334400
    105,    114,       ,       ,2021,2021,83,APARTMENT,1120,APT 9+UP,C+,Avg. (+),30176,37720,32439,99,2822500
    105,    115,       ,       ,1949,1982,39,REPAIR GAR,316C,COMMWHSE-Comm,C-,Avg. (-),1848,1848,1848,60,74500
    105,    116,       ,       ,1960,1990,78,STORE,3250,STORE,C,Average,18669,18999,18752,68,945500
    105,    117,       ,       ,1988,1992,44,WHSE-MINI,340I,OFFICE-Ind,C,Average,4500,4500,4500,70,154300
    105,    117,       ,       ,1988,1992,44,WHSE-MINI,340I,OFFICE-Ind,C,Average,6300,6300,6300,70,204800
    105,    117,       ,       ,1988,1992,44,WHSE-MINI,340I,OFFICE-Ind,C,Average,6300,6300,6300,70,204800
    105,    117,       ,       ,1999,1997,44,WHSE-MINI,340I,OFFICE-Ind,C,Average,4500,4500,4500,75,165300
    105,    117,       ,       ,1999,1997,44,WHSE-MINI,340I,OFFICE-Ind,C,Average,6300,6300,6300,75,219500
    105,    117,       ,       ,2000,1997,44,WHSE-MINI,340I,OFFICE-Ind,C,Average,3000,3000,3000,75,120100
    105,    117,       ,       ,2008,2007,25,CAR WASH-AUT,3400,OFFICE,B,Good,1520,1520,1520,85,210000
    105,    117,       ,       ,2008,2007,71,OFFICE,3400,OFFICE,B-,Good (-),2326,2658,2399,85,356900
    105,    117,       ,       ,2009,2007,78,STORE,3400,OFFICE,C+,Avg. (+),12546,12914,12638,85,836700
    105,    118,       ,       ,1987,1992,46,CHURCH/SYN,9060,CHURCH,C,Average,5550,11645,7894,70,677400
    105,    119,       ,       ,2008,2009,45,BANK,3410,BANK,C+,Avg. (+),8000,13261,9852,87,1808600
    106,     14,       ,       ,2001,2012,19,RANCH,1010,ONE FAM,C,AVERAGE,1056,2347,1344,90,211400
    106,     15,       ,       ,2004,2013,19,RANCH,1010,ONE FAM,C,AVERAGE,1144,2384,1454,91,223300
    106,     16,       ,       ,2003,2013,19,RANCH,1010,ONE FAM,C,AVERAGE,1144,2424,1450,91,223000
    106,     17,       ,       ,1988,2009,19,RANCH,1010,ONE FAM,C,AVERAGE,1056,2319,1341,87,206300
    106,     18,       ,       ,2005,2014,19,RANCH,1010,ONE FAM,C,AVERAGE,1144,2414,1443,92,224800
    106,     20,       ,       ,1910,1979,12,MULTI-CONV,1040,2 FAMILY,C,AVERAGE,3157,5398,3876,41,191200
    106,     21,       ,       ,1957,2004,19,RANCH,1010,ONE FAM,C,AVERAGE,1552,2984,1975,82,228300
    106,     22,       ,       ,1970,2001,19,RANCH,1010,ONE FAM,C,AVERAGE,864,2165,1342,79,180300
    106,     23,       ,       ,1960,1997,19,RANCH,1010,ONE FAM,C,AVERAGE,957,2250,1414,75,173700
    106,     24,       ,       ,1984,2012,05,CAPE,1010,ONE FAM,C,AVERAGE,1600,2928,1614,90,220500
    106,     25,       ,       ,1940,1998,06,COLONIAL,1010,ONE FAM,C,AVERAGE,1018,3728,1993,76,243700
    106,     26,       ,       ,1960,2004,19,RANCH,1010,ONE FAM,C-,AVG. (-),1336,3146,1779,82,187000
    106,     27,       ,       ,1956,2009,19,RANCH,1010,ONE FAM,C,AVERAGE,672,1889,1033,87,171700
    106,     28,       ,       ,1948,2000,05,CAPE,1010,ONE FAM,C,AVERAGE,1870,4064,2249,78,259600
    106,     29,       ,       ,1949,1983,22,CONVENT`NL,1010,ONE FAM,C,AVERAGE,1620,2868,1997,61,196000
    106,     30,       ,       ,,,,,9030,,,,0,0,0,,0
    106,     31,       ,       ,,,,,9030,,,,0,0,0,,0
    106,     32,       ,       ,,,,,9030,,,,0,0,0,,0
    106,     33,       ,       ,,,,,1320,,,,0,0,0,,0
    106,     34,       ,       ,1840,1982,83,APARTMENT,1110,APT 4-8,C+,Avg. (+),2896,6034,3535,60,245800
    106,     36,       ,       ,,,,,325V,POTNLDEV,,,,,,,
    106,     37,       ,       ,1850,2010,02,BUNGALOW,1010,ONE FAM,C+,AVG. (+),1080,2526,1332,88,227500
    106,     38,       ,       ,1860,1989,22,CONVENT`NL,1010,ONE FAM,C,AVERAGE,1421,2860,1702,67,184500
    106,     39,       ,       ,1860,1993,22,CONVENT`NL,1010,ONE FAM,C,AVERAGE,1071,2211,1271,71,187900
    106,     40,       ,       ,1890,1989,22,CONVENT`NL,1010,ONE FAM,C-,AVG. (-),1015,1932,1256,67,138800
    106,     41,       ,       ,1890,1974,12,MULTI-CONV,1010,ONE FAM,C-,AVG. (-),1975,2965,2155,52,121600
    106,     42,       ,       ,1860,1989,12,MULTI-CONV,1040,2 FAMILY,C,AVERAGE,2498,4284,2770,67,236000
    106,     43,       ,       ,1890,1983,12,MULTI-CONV,1110,APT 4-8,C,Average,2523,4760,3088,61,241600
    106,     43,       ,       ,1930,1989,02,BUNGALOW,1010,ONE FAM,C-,AVG. (-),420,420,420,67,80900
    106,     44,       ,       ,1860,1974,22,CONVENT`NL,1010,ONE FAM,C-,AVG. (-),1440,2508,1707,52,124700
    106,     45,       ,       ,1930,1982,78,STORE,3270,CONDO-RETAI,C,Average,10672,17024,11838,60,301700
    106,     46,       ,       ,1881,1982,63,CONDO-OFC,3430,CONDO-OFF,C,Average,3044,4381,3312,60,107400
    106,     46,       ,       ,1881,1982,63,CONDO-OFC,3430,CONDO-OFF,C,Average,47306,73226,57711,59,1684000
    106,     46,       ,       ,1881,1982,63,CONDO-OFC,3430,CONDO-OFF,C+,Avg. (+),2907,4820,3061,60,103100
    106,     46,       ,       ,1881,1982,64,CONDO-RTL,3430,CONDO-OFF,C+,Avg. (+),4760,4760,4760,60,155000
    106,     46,       ,       ,1886,1982,63,CONDO-OFC,3430,CONDO-OFF,C+,Avg. (+),11530,21009,15271,60,451500
    106,     46,       ,       ,1980,1988,29,CONDO-WHSE,3430,CONDO-OFF,C,Average,7200,7308,7216,66,87300
    106,     46,      A,       ,1945,1982,39,REPAIR GAR,316C,COMMWHSE-Comm,C,Average,4995,4995,4995,60,174000
    106,     46,    907,       ,1881,1982,63,CONDO-OFC,3430,CONDO-OFF,C,Average,16125,16125,16125,60,467500
    106,     46,    DAM,       ,,,,,9030,,,,,,,,
    106,     47,       ,       ,1962,1985,43,WAREHOUSE,3160,COMMWHSE,C,Average,13470,14710,13758,63,403000
    106,     48,       ,       ,1980,1988,39,REPAIR GAR,316C,COMMWHSE-Comm,C,Average,3200,3200,3200,66,131900
    106,     49,       ,       ,,,,,9030,,,,0,0,0,,0
    106,     50,       ,       ,,,,,9030,,,,0,0,0,,0
    106,     51,       ,       ,1860,2005,12,MULTI-CONV,1040,2 FAMILY,C,AVERAGE,1452,1996,1465,83,230400
    106,     52,       ,       ,1860,1979,12,MULTI-CONV,1040,2 FAMILY,C,AVERAGE,1969,3833,2413,57,185700
    106,     52,    100,       ,1860,1989,12,MULTI-CONV,1040,2 FAMILY,C,AVERAGE,1895,3631,2205,67,208600
    106,     53,       ,       ,1860,1998,22,CONVENT`NL,1010,ONE FAM,C,AVERAGE,1538,3236,1944,76,246200
    106,     54,       ,       ,1920,1989,22,CONVENT`NL,1010,ONE FAM,C,AVERAGE,914,1564,1049,67,137400
    106,     55,       ,       ,1880,1998,22,CONVENT`NL,1010,ONE FAM,C,AVERAGE,1118,2124,1290,76,195600
    106,     56,       ,       ,1890,1982,83,APARTMENT,1110,APT 4-8,C-,Avg. (-),3013,4808,3383,60,202400
    106,     57,       ,       ,1920,2010,12,MULTI-CONV,1040,2 FAMILY,C+,AVG. (+),2342,4056,2694,88,346300
    106,     58,       ,       ,1910,1989,12,MULTI-CONV,1050,3 FAMILY,C+,AVG. (+),3034,5186,3386,67,245700
    106,     59,       ,       ,1890,1982,12,MULTI-CONV,1110,APT 4-8,C,Average,2936,3943,3187,60,199400
    106,     60,       ,       ,1900,1982,12,MULTI-CONV,1110,APT 4-8,C,Average,4413,7767,4947,60,306900
    106,     61,       ,       ,1860,1989,15,OLD STYLE,1010,ONE FAM,C,AVERAGE,1856,3066,2122,67,229000
    106,     62,       ,       ,1890,1982,12,MULTI-CONV,1110,APT 4-8,C,Average,3161,5605,3571,60,242000
    106,     63,       ,       ,1900,2009,12,MULTI-CONV,1110,APT 4-8,B-,Good (-),3776,6760,4379,87,503400
    106,     64,       ,       ,1940,2005,15,OLD STYLE,1010,ONE FAM,C,AVERAGE,1052,2296,1229,83,191500
    106,     65,       ,       ,1880,1989,12,MULTI-CONV,1040,2 FAMILY,C,AVERAGE,2231,4143,2743,67,233000
    106,     66,       ,       ,1886,1993,12,MULTI-CONV,1040,2 FAMILY,C,AVERAGE,2760,5354,3203,71,294800
    106,     67,       ,       ,1900,1989,12,MULTI-CONV,1040,2 FAMILY,C,AVERAGE,2272,4588,2720,67,248700
    106,     67,    100,       ,1860,2005,12,MULTI-CONV,1110,APT 4-8,C+,Avg. (+),2048,4356,2523,83,264400
    106,     68,       ,       ,1860,1998,12,MULTI-CONV,1040,2 FAMILY,C+,AVG. (+),2736,4884,3111,76,324000
    106,     69,       ,       ,1965,2004,19,RANCH,1010,ONE FAM,C,AVERAGE,1008,2078,1297,82,183400
    106,     70,       ,       ,1890,1983,12,MULTI-CONV,1110,APT 4-8,C,Average,4523,8054,5122,61,343200
    106,     71,       ,       ,1860,1984,12,MULTI-CONV,1040,2 FAMILY,C,AVERAGE,2217,4273,2776,62,194200
    106,     72,       ,       ,1900,1984,22,CONVENT`NL,1010,ONE FAM,C,AVERAGE,1532,2642,1761,62,190900
    106,     73,       ,       ,1857,1993,12,MULTI-CONV,1110,APT 4-8,B-,Good (-),3566,8202,4707,71,439400
    106,     74,       ,       ,1910,1984,15,OLD STYLE,1010,ONE FAM,C,AVERAGE,1659,2959,2097,62,206300
    106,     75,       ,       ,1880,1989,22,CONVENT`NL,1010,ONE FAM,C,AVERAGE,1166,1610,1301,67,147000
    106,     76,       ,       ,1860,1984,12,MULTI-CONV,1050,3 FAMILY,C,AVERAGE,3052,6150,3703,62,213500
    106,     77,       ,       ,1890,1993,12,MULTI-CONV,1040,2 FAMILY,C,AVERAGE,2279,4624,2844,71,268500
    106,     78,       ,       ,1860,1989,22,CONVENT`NL,1010,ONE FAM,C,AVERAGE,1498,3951,2158,67,218600
    106,     80,       ,       ,1860,1993,22,CONVENT`NL,1040,2 FAMILY,C+,AVG. (+),2836,4604,3207,71,409600
    106,     81,       ,       ,1860,1989,12,MULTI-CONV,1040,2 FAMILY,C,AVERAGE,2168,4140,2767,67,232800
    106,     82,       ,       ,1860,1989,12,MULTI-CONV,1040,2 FAMILY,C,AVERAGE,2342,5052,2947,67,241400
    106,     83,       ,       ,1920,1989,02,BUNGALOW,1010,ONE FAM,C,AVERAGE,988,2517,1388,67,141300
    106,     84,       ,       ,1860,1989,12,MULTI-CONV,1040,2 FAMILY,C+,AVG. (+),3246,5807,3710,67,321600
    106,     85,       ,       ,1890,1986,12,MULTI-CONV,1110,APT 4-8,C+,Avg. (+),3348,6579,3975,64,305500
    106,     86,       ,       ,1920,1998,05,CAPE,1090,MULT HS,C,AVERAGE,999,1929,1196,76,125600
    106,     86,       ,       ,1930,1993,22,CONVENT`NL,1090,MULT HS,C,AVERAGE,1112,1845,1270,71,168700
    106,     87,       ,       ,1920,1998,22,CONVENT`NL,1010,ONE FAM,C+,AVG. (+),1064,1914,1236,76,191800
    106,     87,    100,       ,1910,1989,12,MULTI-CONV,1040,2 FAMILY,C,AVERAGE,1365,2086,1591,67,192600
    106,     88,       ,       ,1870,1979,22,CONVENT`NL,1010,ONE FAM,C,AVERAGE,1448,1783,1499,57,150000
    106,     89,       ,       ,1890,1989,12,MULTI-CONV,1050,3 FAMILY,C,AVERAGE,1872,2568,2029,67,184000
    106,     90,       ,       ,1860,1993,12,MULTI-CONV,1040,2 FAMILY,C,AVERAGE,2370,3836,2596,71,249600
    106,     91,       ,       ,1860,1982,12,MULTI-CONV,1110,APT 4-8,C,Average,3758,5808,4068,60,267700
    106,     92,       ,       ,1860,1989,15,OLD STYLE,1040,2 FAMILY,C,AVERAGE,1347,2869,1793,67,228500
    106,     93,       ,       ,1870,1993,22,CONVENT`NL,1010,ONE FAM,C,AVERAGE,1099,1892,1331,71,163600
    106,     94,       ,       ,1860,1993,22,CONVENT`NL,1010,ONE FAM,C,AVERAGE,1114,1665,1227,71,165200
    106,     95,       ,       ,1900,1989,22,CONVENT`NL,1010,ONE FAM,C,AVERAGE,1432,2816,1827,67,208700
    106,     96,       ,       ,1880,1993,22,CONVENT`NL,1010,ONE FAM,C,AVERAGE,2192,4284,2752,71,291300
    106,     97,       ,       ,1900,1993,22,CONVENT`NL,1010,ONE FAM,C,AVERAGE,1584,2639,1772,71,224600
    106,     98,       ,       ,1890,1993,22,CONVENT`NL,1010,ONE FAM,C,AVERAGE,1681,2636,1865,71,221800
    106,     99,       ,       ,1912,1989,14,MULTI-TNHS,1040,2 FAMILY,C,AVERAGE,2397,4248,2755,67,243000
    106,    100,       ,       ,1920,1998,22,CONVENT`NL,1010,ONE FAM,C,AVERAGE,1441,2301,1609,76,206400
    106,    101,       ,       ,1900,1989,12,MULTI-CONV,1040,2 FAMILY,C,AVERAGE,1765,2640,1971,67,198200
    106,    102,       ,       ,1890,1993,22,CONVENT`NL,1010,ONE FAM,C+,AVG. (+),2122,2438,2168,71,293400
    106,    103,       ,       ,1910,1993,12,MULTI-CONV,1040,2 FAMILY,C,AVERAGE,1687,3195,1962,71,214100
    106,    104,       ,       ,1880,1983,12,MULTI-CONV,1110,APT 4-8,C+,Avg. (+),4124,7054,4754,61,349900
    106,    105,       ,       ,1890,1993,12,MULTI-CONV,1040,2 FAMILY,C,AVERAGE,2710,4366,3025,71,259900
    106,    106,       ,       ,1890,1998,22,CONVENT`NL,1010,ONE FAM,C,AVERAGE,1638,3201,1968,76,258700
    106,    107,       ,       ,1920,1984,22,CONVENT`NL,1010,ONE FAM,C,AVERAGE,1681,3040,1918,62,186500
    106,    108,       ,       ,1890,1979,22,CONVENT`NL,1010,ONE FAM,C,AVERAGE,1380,2584,1654,57,164600
    106,    109,       ,       ,1880,1984,22,CONVENT`NL,1010,ONE FAM,C,AVERAGE,996,1983,1284,62,137500
    106,    110,       ,       ,1910,1986,12,MULTI-CONV,1110,APT 4-8,C,Average,2448,4798,3240,64,260100
    106,    111,       ,       ,1910,1989,12,MULTI-CONV,1050,3 FAMILY,C,AVERAGE,1670,2928,1957,67,161500
    106,    112,       ,       ,1860,1989,12,MULTI-CONV,1040,2 FAMILY,C,AVERAGE,2175,4599,2639,67,209400
    106,    113,       ,       ,1966,2011,19,RANCH,1010,ONE FAM,C,AVERAGE,1101,2522,1482,89,216800
    106,    114,       ,       ,1920,1989,22,CONVENT`NL,1010,ONE FAM,C,AVERAGE,1489,2912,1797,67,197200
    106,    115,       ,       ,,,,,9030,,,,0,0,0,,0
    106,    116,       ,       ,,,,,9030,,,,0,0,0,,0
    106,    117,       ,       ,1985,2009,19,RANCH,1010,ONE FAM,C,AVERAGE,936,2595,1635,87,217000
    106,    118,       ,       ,2010,2015,09,CONTEMPORY,1010,ONE FAM,C,AVERAGE,1372,3136,1573,93,244800
    106,    119,       ,       ,1982,2012,19,RANCH,1010,ONE FAM,C,AVERAGE,1176,2776,1421,90,213600
    106,    120,       ,       ,1956,2012,19,RANCH,1010,ONE FAM,C,AVERAGE,1248,2668,1750,90,251700
    106,    133,       ,       ,1860,1998,22,CONVENT`NL,1010,ONE FAM,C,AVERAGE,1320,2752,1594,76,214300
    107,      1,       ,       ,1930,1989,06,COLONIAL,1010,ONE FAM,C,AVERAGE,1196,2639,1635,67,189900
    107,      2,       ,       ,1920,1989,06,COLONIAL,1010,ONE FAM,C-,AVG. (-),1552,2704,1863,67,163800
    107,      2,       ,       ,1960,1982,30,GARAGE,101C,ONE FAM-Comm,C-,Avg. (-),912,1824,1140,60,41100
    107,      3,       ,       ,1940,1979,06,COLONIAL,1010,ONE FAM,C,AVERAGE,1080,2004,1327,57,133700
    107,      4,       ,       ,1900,1986,83,APARTMENT,1120,APT 9+UP,C+,Avg. (+),8432,12566,9563,64,677000
    107,      5,       ,       ,1850,1982,12,MULTI-CONV,1110,APT 4-8,C,Average,51084,4785,3649,60,260100
    107,      6,       ,       ,1860,1989,12,MULTI-CONV,1040,2 FAMILY,C,AVERAGE,2796,5867,3386,67,276200
    107,      7,       ,       ,1926,1989,22,CONVENT`NL,1010,ONE FAM,C,AVERAGE,1344,2642,1598,67,197500
    107,      8,    100,       ,1890,1977,12,MULTI-CONV,1110,APT 4-8,C,Average,2820,4962,3257,55,222100
    107,      8,    200,       ,2000,2012,19,RANCH,1010,ONE FAM,C,AVERAGE,1288,2600,1612,90,230900
    107,      8,    300,       ,1992,2013,22,CONVENT`NL,1010,ONE FAM,C,AVERAGE,1296,2528,1733,91,276700
    107,      9,       ,       ,1951,1993,06,COLONIAL,1010,ONE FAM,C,AVERAGE,1504,3015,2041,71,238000
    107,     10,       ,       ,,,,,1320,,,,0,0,0,,0
    107,     11,       ,       ,1940,1989,02,BUNGALOW,1010,ONE FAM,C,AVERAGE,1071,2951,1598,54,123800
    107,     12,       ,       ,1890,1989,22,CONVENT`NL,1010,ONE FAM,C,AVERAGE,1103,2297,1357,67,162800
    107,     13,       ,       ,1890,1998,12,MULTI-CONV,1050,3 FAMILY,C,AVERAGE,2071,4068,2716,76,234300
    107,     14,       ,       ,1920,1993,22,CONVENT`NL,1010,ONE FAM,C,AVERAGE,1224,2776,1586,71,201700
    107,     15,       ,       ,1920,1989,22,CONVENT`NL,1040,2 FAMILY,C,AVERAGE,1847,3540,2214,67,277200
    107,     16,       ,       ,1890,1998,12,MULTI-CONV,1040,2 FAMILY,C,AVERAGE,2764,4404,2983,76,284200
    107,     17,       ,       ,1860,1989,12,MULTI-CONV,1040,2 FAMILY,C,AVERAGE,2533,4749,3078,67,254300
    107,     18,       ,       ,1890,1977,12,MULTI-CONV,1120,APT 9+UP,C,Average,4898,9037,5803,55,339300
    107,     18,       ,       ,1982,1992,83,APARTMENT,1120,APT 9+UP,C,Average,4704,7176,5322,70,349200
    107,     18,       ,       ,1982,1992,83,APARTMENT,1120,APT 9+UP,C,Average,4704,7176,5322,70,349200
    107,     18,       ,       ,2009,2008,83,APARTMENT,1120,APT 9+UP,C,Average,6480,6580,6525,86,495900
    107,     19,       ,       ,1860,1989,12,MULTI-CONV,1040,2 FAMILY,C,AVERAGE,1253,2815,1446,67,172300
    107,     20,       ,       ,,,,,9030,,,,0,0,0,,0
    107,     21,       ,       ,1860,1989,22,CONVENT`NL,1010,ONE FAM,C-,AVG. (-),945,2048,1380,67,136100
    107,     22,       ,       ,,,,,9030,,,,0,0,0,,0
    107,     23,       ,       ,1977,2008,19,RANCH,1010,ONE FAM,C,AVERAGE,1248,3005,1716,86,237700
    107,     24,       ,       ,1880,1989,12,MULTI-CONV,1040,2 FAMILY,C,AVERAGE,2464,3948,2801,67,252300
    107,     25,       ,       ,1890,1984,12,MULTI-CONV,1050,3 FAMILY,C,AVERAGE,3723,6400,4327,62,224600
    107,     26,       ,       ,1886,1989,22,CONVENT`NL,1010,ONE FAM,C,AVERAGE,1157,2578,1312,67,160700
    107,     27,       ,       ,1900,1993,22,CONVENT`NL,1010,ONE FAM,C,AVERAGE,1872,3036,2213,71,254900
    107,     28,       ,       ,1919,1993,05,CAPE,1010,ONE FAM,C,AVERAGE,1484,4082,1951,71,198800
    107,     29,       ,       ,1870,1989,14,MULTI-TNHS,1040,2 FAMILY,C,AVERAGE,2320,3792,2698,67,240700
    107,     30,       ,       ,1860,1993,22,CONVENT`NL,1010,ONE FAM,C,AVERAGE,2471,5180,3023,71,317600
    107,     31,       ,       ,1860,1993,22,CONVENT`NL,1010,ONE FAM,C,AVERAGE,924,2672,1440,71,185400
    107,     32,       ,       ,1860,1993,12,MULTI-CONV,1050,3 FAMILY,C,AVERAGE,2589,5923,3212,71,258700
    107,     33,       ,       ,1860,1998,12,MULTI-CONV,1040,2 FAMILY,C,AVERAGE,2115,3933,2609,76,278500
    107,     34,       ,       ,1860,1989,22,CONVENT`NL,1040,2 FAMILY,C,AVERAGE,1409,2990,1774,67,268400
    107,     35,       ,       ,1900,1984,22,CONVENT`NL,1010,ONE FAM,C,AVERAGE,1562,3268,1824,62,190300
    107,     36,       ,       ,1890,1982,12,MULTI-CONV,1110,APT 4-8,C,Average,4967,8579,5465,60,341800
    107,     36,       ,       ,1890,1982,12,MULTI-CONV,1110,APT 4-8,D,Fair,560,560,560,60,38500
    107,     37,       ,       ,1860,1989,22,CONVENT`NL,1010,ONE FAM,C,AVERAGE,1369,2895,1667,67,193500
    107,     38,       ,       ,1860,1984,12,MULTI-CONV,1040,2 FAMILY,C,AVERAGE,1731,2962,1979,62,186000
    107,     39,       ,       ,1860,1989,12,MULTI-CONV,1040,2 FAMILY,C,AVERAGE,2512,5052,3155,67,282900
    107,     40,       ,       ,1930,1993,22,CONVENT`NL,1010,ONE FAM,C,AVERAGE,1592,3160,1898,71,224400
    107,     42,       ,       ,1860,1998,22,CONVENT`NL,1010,ONE FAM,C,AVERAGE,720,1490,904,76,153300
    107,     43,       ,       ,1911,1998,22,CONVENT`NL,1010,ONE FAM,C,AVERAGE,1140,2444,1250,76,183700
    107,     44,       ,       ,1880,1993,12,MULTI-CONV,1050,3 FAMILY,C,AVERAGE,2603,4376,2707,61,182200
    107,     45,       ,       ,1926,1979,02,BUNGALOW,1010,ONE FAM,C,AVERAGE,1102,2540,1341,57,102900
    107,     46,       ,       ,1900,1993,12,MULTI-CONV,1040,2 FAMILY,C,AVERAGE,1896,4044,2422,71,235900
    107,     47,       ,       ,1860,1984,22,CONVENT`NL,1010,ONE FAM,C,AVERAGE,1092,2092,1310,62,147900
    107,     48,       ,       ,1900,1989,12,MULTI-CONV,1040,2 FAMILY,C,AVERAGE,1815,2957,2083,67,219300
    107,     49,       ,       ,1860,1989,12,MULTI-CONV,1040,2 FAMILY,C,AVERAGE,1862,3918,2346,67,206900
    107,     50,       ,       ,1900,1989,12,MULTI-CONV,1040,2 FAMILY,C,AVERAGE,1681,3492,2283,67,212000
    107,     51,       ,       ,1890,1989,22,CONVENT`NL,1010,ONE FAM,C,AVERAGE,973,2350,1097,67,142700
    107,     52,       ,       ,1890,1979,22,CONVENT`NL,1010,ONE FAM,C,AVERAGE,1020,2172,1228,57,131900
    107,     53,       ,       ,1900,1989,22,CONVENT`NL,1010,ONE FAM,C,AVERAGE,1162,1988,1325,67,164400
    107,     54,       ,       ,1890,2005,22,CONVENT`NL,1010,ONE FAM,C,AVERAGE,1650,2866,1921,83,258000
    107,     55,       ,       ,1890,1979,15,OLD STYLE,1010,ONE FAM,C,AVERAGE,1433,2297,1598,57,146000
    107,     56,       ,       ,1900,1982,12,MULTI-CONV,1110,APT 4-8,C+,Avg. (+),2737,3789,2910,60,223000
    107,     57,       ,       ,1860,1993,12,MULTI-CONV,1040,2 FAMILY,C,AVERAGE,1782,3273,1968,71,209400
    107,     58,       ,       ,1900,1989,05,CAPE,1010,ONE FAM,C-,AVG. (-),1015,2030,1040,67,106400
    107,     59,       ,       ,1900,2005,22,CONVENT`NL,1010,ONE FAM,C-,AVG. (-),986,1816,1138,83,181900
    107,     60,       ,       ,1920,1989,22,CONVENT`NL,1010,ONE FAM,C,AVERAGE,1393,3486,1809,67,209100
    107,     61,       ,       ,1870,1984,22,CONVENT`NL,1010,ONE FAM,C,AVERAGE,2360,5494,3072,62,262400
    107,     62,       ,       ,1880,2010,22,CONVENT`NL,1010,ONE FAM,C+,AVG. (+),1826,4013,2224,88,337900
    107,     63,       ,       ,1930,1993,12,MULTI-CONV,1040,2 FAMILY,C,AVERAGE,1627,2693,1894,71,222700
    107,     64,       ,       ,1900,1998,22,CONVENT`NL,1010,ONE FAM,C-,AVG. (-),1110,2430,1349,44,105100
    107,     65,       ,       ,1900,1998,05,CAPE,1010,ONE FAM,C-,AVG. (-),713,1972,910,76,113200
    107,     66,       ,       ,1860,1998,22,CONVENT`NL,1010,ONE FAM,C-,AVG. (-),875,1608,1027,76,150300
    107,     67,       ,       ,1860,1979,22,CONVENT`NL,1010,ONE FAM,C,AVERAGE,1159,2508,1500,57,143400
    107,     68,       ,       ,1920,1989,12,MULTI-CONV,1040,2 FAMILY,C,AVERAGE,1248,2284,1514,67,179200
    107,     69,       ,       ,1860,1989,12,MULTI-CONV,1040,2 FAMILY,C,AVERAGE,1796,3002,2029,67,213200
    107,     70,       ,       ,1860,1984,12,MULTI-CONV,1040,2 FAMILY,C,AVERAGE,1449,3744,1914,62,178000
    107,     71,       ,       ,1850,1979,12,MULTI-CONV,1040,2 FAMILY,C,AVERAGE,1884,5019,2571,57,179300
    107,     72,       ,       ,1920,1989,22,CONVENT`NL,1010,ONE FAM,C-,AVG. (-),1055,1628,1152,67,134200
    107,     73,       ,       ,1890,1989,22,CONVENT`NL,1090,MULT HS,C,AVERAGE,1382,2836,1652,67,152900
    107,     73,       ,       ,1920,1974,22,CONVENT`NL,1090,MULT HS,D,FAIR,596,1448,719,52,53700
    107,     74,       ,       ,1860,1989,12,MULTI-CONV,1040,2 FAMILY,C,AVERAGE,1880,4034,2489,67,232700
    107,     75,       ,       ,1900,1983,83,APARTMENT,1110,APT 4-8,C,Average,2648,4719,3153,61,223100
    107,     76,       ,       ,,,,,9030,,,,0,0,0,,0
    107,     77,       ,       ,1979,2001,18,SPLIT/RSD RANCH,1010,ONE FAM,C-,AVG. (-),816,1744,1122,79,140900
    107,     78,       ,       ,1900,1998,06,COLONIAL,1010,ONE FAM,C+,AVG. (+),2603,4659,2921,76,375700
    107,     79,       ,       ,1860,1989,12,MULTI-CONV,1040,2 FAMILY,C,AVERAGE,2352,4862,2735,67,241300
    107,     80,       ,       ,1925,1993,05,CAPE,1010,ONE FAM,C,AVERAGE,1888,3498,2264,71,226100
    107,     81,       ,       ,1910,1989,22,CONVENT`NL,1010,ONE FAM,C,AVERAGE,1780,3032,2057,67,211700
    107,     82,       ,       ,1910,1993,22,CONVENT`NL,1010,ONE FAM,C,AVERAGE,1156,2322,1356,71,180500
    107,     83,       ,       ,1910,1979,22,CONVENT`NL,1010,ONE FAM,C,AVERAGE,1008,2109,1244,57,121000
    107,     84,       ,       ,1790,1982,12,MULTI-CONV,1110,APT 4-8,C+,Avg. (+),4288,7764,4854,60,363200
    107,     85,       ,       ,1910,1993,06,COLONIAL,1010,ONE FAM,B,GOOD,2150,4312,2709,71,360400
    107,     86,       ,       ,1850,2005,14,MULTI-TNHS,1040,2 FAMILY,C+,AVG. (+),3486,6936,4221,83,423600
    107,     87,       ,       ,1860,1989,14,MULTI-TNHS,1040,2 FAMILY,C+,AVG. (+),3246,5465,3619,67,313600
    107,     88,       ,       ,1900,1993,06,COLONIAL,1010,ONE FAM,C,AVERAGE,1496,2338,1763,71,221800
    107,     89,       ,       ,1860,1993,15,OLD STYLE,1010,ONE FAM,C+,AVG. (+),4212,7989,5074,71,569900
    107,     90,       ,       ,1860,1993,06,COLONIAL,1010,ONE FAM,C+,AVG. (+),2127,5694,3116,71,336500
    107,     91,       ,       ,1926,1989,22,CONVENT`NL,1010,ONE FAM,C+,AVG. (+),1821,3824,2347,67,268200
    107,     92,       ,       ,1880,2005,22,CONVENT`NL,1010,ONE FAM,C,AVERAGE,1836,3850,2124,83,278400
    107,     93,       ,       ,1826,1998,06,COLONIAL,1010,ONE FAM,B,GOOD,2392,4373,2975,76,405100
    107,     94,       ,       ,1860,1993,22,CONVENT`NL,1010,ONE FAM,C,AVERAGE,1839,4118,2200,71,250900
    107,     95,       ,       ,1860,1998,12,MULTI-CONV,1040,2 FAMILY,C+,AVG. (+),2042,3888,2582,76,298200
    107,     96,       ,       ,1880,1983,12,MULTI-CONV,1120,APT 9+UP,C,Average,6163,9116,6851,61,460500
    107,     97,       ,       ,1968,2001,19,RANCH,1010,ONE FAM,C,AVERAGE,1024,2235,1341,79,175900
    107,     98,       ,       ,1920,1989,22,CONVENT`NL,1010,ONE FAM,C,AVERAGE,1260,2682,1588,67,190000
    107,     99,       ,       ,1880,1993,12,MULTI-CONV,1110,APT 4-8,B,Good,3686,6067,4521,71,468600
    107,    100,       ,       ,1860,1986,49,FUNERAL HM,3550,FUNRL HM,B-,Good (-),8371,13208,9176,64,670300
    107,    101,       ,       ,1890,1982,12,MULTI-CONV,1120,APT 9+UP,B-,Good (-),5077,9061,5820,60,447700
    107,    102,       ,       ,1860,1993,12,MULTI-CONV,1040,2 FAMILY,C+,AVG. (+),3570,6301,4117,71,359200
    107,    103,       ,       ,1825,1983,52,MIXED OLD,3400,OFFICE,C+,Avg. (+),3807,5020,4135,61,333000
    107,    104,       ,       ,1927,1998,22,CONVENT`NL,1010,ONE FAM,C,AVERAGE,1352,2650,1668,76,220200
    107,    105,       ,       ,1941,1998,05,CAPE,1010,ONE FAM,C,AVERAGE,1496,3101,1931,76,224300
    107,    106,       ,       ,1939,1989,05,CAPE,1010,ONE FAM,C,AVERAGE,910,2060,1230,67,140600
    107,    107,       ,       ,1923,2005,06,COLONIAL,1010,ONE FAM,C+,AVG. (+),2846,5188,3360,83,414100
    107,    108,       ,       ,1926,1998,02,BUNGALOW,1010,ONE FAM,C,AVERAGE,1185,2770,1571,76,178600
    107,    109,       ,       ,1912,1993,12,MULTI-CONV,1040,2 FAMILY,C,AVERAGE,2197,3605,2666,71,261900
    107,    110,       ,       ,1920,1993,22,CONVENT`NL,1010,ONE FAM,C,AVERAGE,1881,3369,2229,71,239300
    107,    111,       ,       ,1850,1993,12,MULTI-CONV,1040,2 FAMILY,B,GOOD,3354,6383,4061,71,445600
    107,    112,       ,       ,1960,1997,19,RANCH,1010,ONE FAM,C,AVERAGE,1928,4818,2842,75,284500
    107,    113,       ,       ,1910,1993,12,MULTI-CONV,1040,2 FAMILY,C+,AVG. (+),2386,5712,3106,71,317600
    107,    114,       ,       ,1864,1989,12,MULTI-CONV,1050,3 FAMILY,C,AVERAGE,2035,7409,3895,55,208800
    107,    115,       ,       ,1840,1993,12,MULTI-CONV,1040,2 FAMILY,B,GOOD,3248,5860,3677,71,405000
    107,    116,       ,       ,1920,1982,78,STORE,3250,STORE,D+,Fair (+),700,700,700,60,36500
    107,    117,       ,       ,1870,1989,12,MULTI-CONV,1040,2 FAMILY,C,AVERAGE,2823,5834,3392,17,62500
    107,    118,       ,       ,1860,1989,12,MULTI-CONV,1050,3 FAMILY,C,AVERAGE,3207,6303,3815,67,253300
    107,    119,       ,       ,1937,1989,02,BUNGALOW,1010,ONE FAM,C,AVERAGE,1600,4670,2192,67,208700
    107,    120,       ,       ,,,,,1060,,,,0,0,0,,0
    107,    121,       ,       ,1865,2005,22,CONVENT`NL,1010,ONE FAM,C,AVERAGE,1264,2707,1608,83,232100
    107,    122,       ,       ,1850,1989,12,MULTI-CONV,1040,2 FAMILY,C+,AVG. (+),1801,3399,2097,67,236100
    107,    123,       ,       ,1850,1993,12,MULTI-CONV,1040,2 FAMILY,C,AVERAGE,1763,3372,2130,71,234800
    107,    124,       ,       ,1920,1989,22,CONVENT`NL,1010,ONE FAM,C,AVERAGE,1711,3716,2035,67,221900
    107,    125,       ,       ,1880,1982,12,MULTI-CONV,1110,APT 4-8,C+,Avg. (+),5431,8480,6094,60,441700
    107,    126,       ,       ,1890,1998,22,CONVENT`NL,1010,ONE FAM,C,AVERAGE,2438,5776,3129,76,366800
    107,    127,       ,       ,1860,1989,05,CAPE,1010,ONE FAM,C+,AVG. (+),2234,4360,2684,67,257900
    107,    128,       ,       ,1860,1989,12,MULTI-CONV,1050,3 FAMILY,C,AVERAGE,2118,4113,2437,67,192900
    107,    129,       ,       ,1890,2005,22,CONVENT`NL,1010,ONE FAM,B,GOOD,1897,4652,2515,91,489000
    107,    130,       ,       ,1860,1998,22,CONVENT`NL,1010,ONE FAM,C,AVERAGE,2012,3770,2365,76,237900
    107,    131,       ,       ,1880,1983,12,MULTI-CONV,1110,APT 4-8,C+,Avg. (+),4276,7105,4762,61,334100
    107,    132,       ,       ,1860,1989,12,MULTI-CONV,1050,3 FAMILY,C,AVERAGE,2064,3708,2377,67,196500
    107,    133,       ,       ,1865,1993,12,MULTI-CONV,1010,ONE FAM,C,AVERAGE,1990,4109,2428,71,197000
    107,    134,       ,       ,1860,2005,22,CONVENT`NL,1010,ONE FAM,C,AVERAGE,1703,3604,2115,83,279800
    107,    135,       ,       ,1928,1989,06,COLONIAL,1010,ONE FAM,C,AVERAGE,1944,3162,2249,67,229400
    107,    136,       ,       ,1920,1989,22,CONVENT`NL,1010,ONE FAM,C,AVERAGE,1014,2276,1245,67,164000
    107,    137,       ,       ,1923,1976,06,COLONIAL,1010,ONE FAM,C,AVERAGE,1690,2804,2030,54,167100
    107,    138,       ,       ,1860,1993,22,CONVENT`NL,1010,ONE FAM,C+,AVG. (+),1639,3819,2127,71,261900
    107,    139,       ,       ,1927,1998,22,CONVENT`NL,1010,ONE FAM,C,AVERAGE,1126,2252,1330,76,203900
    107,    140,       ,       ,1920,1979,12,MULTI-CONV,1040,2 FAMILY,C,AVERAGE,1658,3574,2165,57,178100
    107,    141,       ,       ,,,,,1300,,,,0,0,0,,0
    107,    142,       ,       ,1865,2005,22,CONVENT`NL,1010,ONE FAM,B+,GOOD (+),1681,2886,1867,83,409600
    107,    143,       ,       ,1900,1982,12,MULTI-CONV,1110,APT 4-8,C+,Avg. (+),4837,8443,5673,60,370500
    107,    144,       ,       ,1950,1996,19,RANCH,1010,ONE FAM,C,AVERAGE,1056,2136,1411,74,181200
    107,    145,       ,       ,1947,1996,19,RANCH,1010,ONE FAM,C,AVERAGE,1589,4380,2145,74,223700
    107,    146,       ,       ,1950,1993,19,RANCH,1010,ONE FAM,C-,AVG. (-),1024,2083,1325,71,137600
    107,    147,       ,       ,1950,1993,19,RANCH,1010,ONE FAM,C+,AVG. (+),1330,4627,2094,71,241600
    107,    148,       ,       ,1945,2008,05,CAPE,1010,ONE FAM,C+,AVG. (+),1277,3315,1603,86,243400
    107,    149,       ,       ,1946,2000,06,COLONIAL,1010,ONE FAM,C,AVERAGE,2420,4084,2786,78,317600
    107,    150,       ,       ,1955,2000,19,RANCH,1010,ONE FAM,C+,AVG. (+),2498,2624,2530,78,306300
    107,    151,       ,       ,1957,2000,19,RANCH,1010,ONE FAM,C,AVERAGE,1236,2340,1628,78,213600
    107,    152,       ,       ,1945,2008,05,CAPE,1010,ONE FAM,C+,AVG. (+),1897,4436,2286,86,308300
    107,    153,       ,       ,1953,2004,19,RANCH,1010,ONE FAM,B,GOOD,2020,4742,2914,82,438400
    107,    154,       ,       ,1850,1989,12,MULTI-CONV,1050,3 FAMILY,C,AVERAGE,2555,9614,4531,67,274800
    107,    156,       ,       ,1779,1984,05,CAPE,1010,ONE FAM,C,AVERAGE,1320,3227,1750,62,157600
    107,    157,       ,       ,1952,1992,19,RANCH,1010,ONE FAM,C,AVERAGE,2365,5586,2857,70,255500
    107,    158,       ,       ,1992,2013,05,CAPE,1010,ONE FAM,C,AVERAGE,1448,3072,1457,91,197600
    107,    159,       ,       ,1942,1993,05,CAPE,1010,ONE FAM,C,AVERAGE,2223,5342,2830,71,251000
    107,    160,       ,       ,1984,2009,19,RANCH,1010,ONE FAM,C,AVERAGE,1616,3344,2098,87,264000
    107,    161,       ,       ,1948,1993,06,COLONIAL,1010,ONE FAM,C,AVERAGE,1931,4711,2531,71,266600
    107,    162,       ,       ,1909,1998,06,COLONIAL,1010,ONE FAM,C,AVERAGE,1309,2286,1551,76,210700
    107,    162,    100,       ,2010,2016,19,RANCH,1010,ONE FAM,C+,AVG. (+),1380,4176,2065,94,321600
    107,    163,       ,       ,1890,1989,22,CONVENT`NL,1010,ONE FAM,C,AVERAGE,1448,4840,2075,67,221400
    107,    164,       ,       ,1900,1998,22,CONVENT`NL,1010,ONE FAM,B+,GOOD (+),2695,5596,3189,76,540100
    107,    165,       ,       ,1965,2008,05,CAPE,1010,ONE FAM,C,AVERAGE,1638,3296,2012,86,256500
    107,    166,       ,       ,1920,1989,12,MULTI-CONV,1040,2 FAMILY,C,AVERAGE,2114,3843,2465,67,213400
    107,    167,       ,       ,1880,1989,12,MULTI-CONV,1040,2 FAMILY,C,AVERAGE,2718,4798,3137,67,276100
    107,    168,       ,       ,1994,2014,18,SPLIT/RSD RANCH,1010,ONE FAM,C,AVERAGE,954,1922,1189,92,190100
    107,    169,       ,       ,1900,1993,22,CONVENT`NL,1010,ONE FAM,C,AVERAGE,816,1656,999,71,156900
    107,    170,       ,       ,1938,1984,02,BUNGALOW,1090,MULT HS,C-,AVG. (-),972,2346,1264,62,98400
    107,    170,       ,       ,1960,1988,10,APT/GAR,1090,MULT HS,C-,AVG. (-),720,1580,1050,66,102600
    107,    171,       ,       ,1942,1996,22,CONVENT`NL,1010,ONE FAM,C-,AVG. (-),1960,3410,2146,74,236400
    107,    172,       ,       ,1996,2013,05,CAPE,1010,ONE FAM,C,AVERAGE,1365,2500,1635,91,239300
    107,    173,       ,       ,1880,1984,12,MULTI-CONV,1040,2 FAMILY,C,AVERAGE,1645,3380,2104,62,182700
    107,    174,       ,       ,1959,2000,21,SPLIT LVL,1010,ONE FAM,C+,AVG. (+),1796,4602,2508,78,323500
    107,    175,       ,       ,1932,1989,06,COLONIAL,1010,ONE FAM,C+,AVG. (+),1959,4159,2502,67,276400
    107,    176,       ,       ,1950,1996,05,CAPE,1010,ONE FAM,C,AVERAGE,1509,3548,1871,74,210300
    107,    177,       ,       ,1900,1993,12,MULTI-CONV,1040,2 FAMILY,C,AVERAGE,2610,5039,3166,71,275800
    107,    178,       ,       ,1953,2009,19,RANCH,1010,ONE FAM,C,AVERAGE,1080,2830,1748,87,227500
    107,    179,       ,       ,1900,2005,06,COLONIAL,1010,ONE FAM,C,AVERAGE,1758,2580,1982,83,265500
    107,    180,       ,       ,1938,1989,02,BUNGALOW,1010,ONE FAM,C,AVERAGE,1274,3060,1645,67,174200
    107,    181,       ,       ,1930,1993,02,BUNGALOW,1010,ONE FAM,C,AVERAGE,1018,3072,1671,71,176100
    107,    182,       ,       ,1929,2005,05,CAPE,1010,ONE FAM,C,AVERAGE,2216,5061,2699,83,289700
    107,    183,       ,       ,1955,2000,19,RANCH,1010,ONE FAM,C,AVERAGE,1232,2904,1818,78,205200
    107,    184,       ,       ,1880,1982,12,MULTI-CONV,1110,APT 4-8,C+,Avg. (+),5045,8605,5734,60,403300
    107,    185,       ,       ,1860,1989,12,MULTI-CONV,1040,2 FAMILY,C,AVERAGE,1604,2739,1953,67,209300
    107,    186,       ,       ,1900,1977,12,MULTI-CONV,1110,APT 4-8,C,Average,5310,6873,5700,55,317900
    107,    187,       ,       ,1900,1989,02,BUNGALOW,1010,ONE FAM,C,AVERAGE,1106,2520,1394,67,153500
    107,    188,       ,       ,1936,1989,02,BUNGALOW,1010,ONE FAM,C,AVERAGE,1134,2988,1612,67,147300
    107,    189,       ,       ,2022,2022,19,RANCH,1010,ONE FAM,C,AVERAGE,864,2160,1102,100,194900
    107,    190,       ,       ,1925,2005,06,COLONIAL,1010,ONE FAM,C,AVERAGE,1880,2978,2216,83,269900
    107,    191,       ,       ,1880,1998,22,CONVENT`NL,1010,ONE FAM,C+,AVG. (+),2050,4365,2538,76,333900
    107,    192,       ,       ,1860,1989,22,CONVENT`NL,1010,ONE FAM,C,AVERAGE,2205,3576,2565,67,246000
    107,    193,       ,       ,1850,1989,15,OLD STYLE,1010,ONE FAM,C,AVERAGE,1448,3175,1968,67,221400
    107,    194,       ,       ,1925,1989,02,BUNGALOW,1010,ONE FAM,C,AVERAGE,866,2288,1189,67,142900
    107,    195,       ,       ,1910,1998,02,BUNGALOW,1010,ONE FAM,C+,AVG. (+),1159,2377,1459,77,201500
    107,    196,       ,       ,1920,1989,02,BUNGALOW,1010,ONE FAM,C,AVERAGE,1296,2862,1580,67,173000
    107,    197,       ,       ,1900,2005,22,CONVENT`NL,1010,ONE FAM,B-,GOOD (-),1600,3088,1860,83,303900
    107,    198,       ,       ,1890,1993,22,CONVENT`NL,1040,2 FAMILY,C,AVERAGE,2383,3422,2594,71,315700
    107,    199,       ,       ,1935,1989,05,CAPE,1010,ONE FAM,C,AVERAGE,1665,2617,1903,67,180500
    107,    200,       ,       ,1947,2008,05,CAPE,1010,ONE FAM,C,AVERAGE,1546,3568,1940,86,271100
    107,    201,       ,       ,1947,1993,05,CAPE,1010,ONE FAM,C,AVERAGE,2181,4436,2444,71,243100
    107,    202,       ,       ,1890,1998,12,MULTI-CONV,1040,2 FAMILY,C,AVERAGE,2160,4814,2783,76,291300
    107,    203,       ,       ,1920,1989,06,COLONIAL,1010,ONE FAM,C,AVERAGE,1524,2648,1790,67,190300
    107,    204,       ,       ,1925,1993,02,BUNGALOW,1010,ONE FAM,C,AVERAGE,1026,1846,1249,71,144800
    107,    205,       ,       ,1910,1989,22,CONVENT`NL,1010,ONE FAM,C,AVERAGE,1444,3481,1796,67,208300
    107,    206,       ,       ,1880,1989,22,CONVENT`NL,1010,ONE FAM,C,AVERAGE,2080,4352,2659,67,289000
    107,    207,       ,       ,1860,1989,22,CONVENT`NL,1010,ONE FAM,C,AVERAGE,1512,2801,1812,67,193700
    107,    208,       ,       ,1880,1979,22,CONVENT`NL,1010,ONE FAM,C,AVERAGE,1696,2795,1882,57,184400
    107,    209,       ,       ,1930,1993,19,RANCH,1010,ONE FAM,C,AVERAGE,1342,3028,1778,71,201200
    107,    210,       ,       ,1938,1989,06,COLONIAL,1010,ONE FAM,C,AVERAGE,2744,3700,2969,67,291500
    107,    211,       ,       ,1936,1989,06,COLONIAL,1010,ONE FAM,C,AVERAGE,1650,3273,1938,67,213200
    107,    212,       ,       ,1942,2000,05,CAPE,1010,ONE FAM,C,AVERAGE,1526,2748,1783,78,215400
    107,    213,       ,       ,1949,1993,19,RANCH,1090,MULT HS,C-,AVG. (-),966,1381,1185,71,120300
    107,    213,       ,       ,1950,1993,05,CAPE,1090,MULT HS,C+,AVG. (+),2172,5085,2286,71,253100
    107,    214,       ,       ,,,,,9740,UNPROD,,,,,,,
    108,      1,       ,       ,1910,1989,06,COLONIAL,1010,ONE FAM,C,AVERAGE,1712,2822,1990,67,218600
    108,      2,     55,       ,,,,,102V,CONDO-Vac,,,,,,,
    108,      2,     56,       ,,,,,102V,CONDO-Vac,,,,,,,
    108,      2,     57,       ,,,,,102V,,,,,,,,
    108,      2,     58,       ,,,,,102V,CONDO-Vac,,,,,,,
    108,      2,     59,       ,,,,,102V,CONDO-Vac,,,,,,,
    108,      2,     60,       ,,,,,102V,CONDO-Vac,,,,,,,
    108,      2,     61,       ,,,,,102V,CONDO-Vac,,,,,,,
    108,      2,     62,       ,,,,,102V,CONDO-Vac,,,,,,,
    108,      2,     63,       ,,,,,102V,CONDO-Vac,,,,,,,
    108,      2,     64,       ,,,,,102V,CONDO-Vac,,,,,,,
    108,      2,     65,       ,,,,,102V,CONDO-Vac,,,,,,,
    108,      2,     66,       ,,,,,102V,CONDO-Vac,,,,,,,
    108,      2,     67,       ,,,,,102V,CONDO-Vac,,,,,,,
    108,      2,     68,       ,,,,,102V,CONDO-Vac,,,,,,,
    108,      2,     69,       ,,,,,102V,CONDO-Vac,,,,,,,
    108,      2,     70,       ,,,,,102V,CONDO-Vac,,,,,,,
    108,      2,     71,       ,,,,,102V,CONDO-Vac,,,,,,,
    108,      2,     72,       ,,,,,102V,CONDO-Vac,,,,,,,
    108,      2,     73,       ,,,,,102V,CONDO-Vac,,,,,,,
    108,      2,     74,       ,,,,,102V,CONDO-Vac,,,,,,,
    108,      2,     75,       ,,,,,102V,CONDO-Vac,,,,,,,
    108,      2,     76,       ,,,,,102V,CONDO-Vac,,,,,,,
    108,      2,     77,       ,,,,,102V,CONDO-Vac,,,,,,,
    108,      2,     78,       ,,,,,102V,CONDO-Vac,,,,,,,
    108,      2,     79,       ,,,,,102V,CONDO-Vac,,,,,,,
    108,      2,     80,       ,,,,,102V,CONDO-Vac,,,,,,,
    108,      2,     81,       ,,,,,102V,CONDO-Vac,,,,,,,
    108,      2,     82,       ,,,,,102V,CONDO-Vac,,,,,,,
    108,      2,     83,       ,,,,,102V,CONDO-Vac,,,,,,,
    108,      2,     84,       ,,,,,102V,CONDO-Vac,,,,,,,
    108,      2,     85,       ,,,,,102V,CONDO-Vac,,,,,,,
    108,      2,     86,       ,,,,,102V,CONDO-Vac,,,,,,,
    108,      2,     87,       ,,,,,102V,CONDO-Vac,,,,,,,
    108,      2,     88,       ,,,,,102V,CONDO-Vac,,,,,,,
    108,      2,     89,       ,,,,,102V,CONDO-Vac,,,,,,,
    108,      2,     90,       ,,,,,102V,CONDO-Vac,,,,,,,
    108,      2,     91,       ,,,,,102V,CONDO-Vac,,,,,,,
    108,      2,     92,       ,,,,,102V,CONDO-Vac,,,,,,,
    108,      2,     93,       ,,,,,102V,CONDO-Vac,,,,,,,
    108,      2,     94,       ,,,,,102V,CONDO-Vac,,,,,,,
    108,      2,     95,       ,,,,,102V,CONDO-Vac,,,,,,,
    108,      2,     96,       ,,,,,102V,CONDO-Vac,,,,,,,
    108,      2,     97,       ,,,,,102V,CONDO-Vac,,,,,,,
    108,      2,     98,       ,,,,,102V,CONDO-Vac,,,,,,,
    108,      2,     99,       ,,,,,102V,CONDO-Vac,,,,,,,
    108,      2,    100,       ,,,,,102V,CONDO-Vac,,,,,,,
    108,      2,    101,       ,,,,,102V,CONDO-Vac,,,,,,,
    108,      2,    102,       ,,,,,102V,CONDO-Vac,,,,,,,
    108,      2,    103,       ,,,,,102V,CONDO-Vac,,,,,,,
    108,      2,    104,       ,,,,,102V,CONDO-Vac,,,,,,,
    108,      2,    105,       ,,,,,102V,CONDO-Vac,,,,,,,
    108,      2,    106,       ,,,,,102V,CONDO-Vac,,,,,,,
    108,      2,    107,       ,,,,,102V,CONDO-Vac,,,,,,,
    108,      2,    108,       ,,,,,102V,CONDO-Vac,,,,,,,
    108,      2,    109,       ,,,,,102V,CONDO-Vac,,,,,,,
    108,      2,    110,       ,,,,,102V,CONDO-Vac,,,,,,,
    108,      2,    111,       ,,,,,102V,CONDO-Vac,,,,,,,
    108,      2,    112,       ,,,,,102V,CONDO-Vac,,,,,,,
    108,      2,    113,       ,,,,,102V,CONDO-Vac,,,,,,,
    108,      2,    114,       ,,,,,102V,CONDO-Vac,,,,,,,
    108,      2,    115,       ,,,,,102V,CONDO-Vac,,,,,,,
    108,      2,    116,       ,,,,,102V,CONDO-Vac,,,,,,,
    108,      2,    117,       ,,,,,102V,CONDO-Vac,,,,,,,
    108,      2,    118,       ,,,,,102V,CONDO-Vac,,,,,,,
    108,      2,    119,       ,,,,,102V,CONDO-Vac,,,,,,,
    108,      2,    120,       ,,,,,102V,CONDO-Vac,,,,,,,
    108,      2,    121,       ,,,,,102V,CONDO-Vac,,,,,,,
    108,      2,    122,       ,,,,,102V,CONDO-Vac,,,,,,,
    108,      2,    123,       ,,,,,102V,CONDO-Vac,,,,,,,
    108,      2,    124,       ,,,,,102V,CONDO-Vac,,,,,,,
    108,      2,    125,       ,,,,,102V,CONDO-Vac,,,,,,,
    108,      2,    126,       ,,,,,102V,CONDO-Vac,,,,,,,
    108,      2,    127,       ,,,,,102V,CONDO-Vac,,,,,,,
    108,      2,    128,       ,,,,,102V,CONDO-Vac,,,,,,,
    108,      2,    129,       ,2024,2022,103,CONDO-RANCH,1020,CONDO,03,ADEQUATE,1148,2632,1282,100,272700
    108,      2,    130,       ,2024,2022,103,CONDO-RANCH,1020,CONDO,03,ADEQUATE,1148,2632,1282,100,272700
    108,      2,    131,       ,,,,,102V,CONDO-Vac,,,,,,,
    108,      2,    132,       ,,,,,102V,CONDO-Vac,,,,,,,
    108,      2,    133,       ,,,,,102V,CONDO-Vac,,,,,,,
    108,      2,    134,       ,,,,,102V,CONDO-Vac,,,,,,,
    108,      2,    135,       ,,,,,102V,CONDO-Vac,,,,,,,
    108,      2,    136,       ,,,,,102V,CONDO-Vac,,,,,,,
    108,      2,    137,       ,,,,,102V,CONDO-Vac,,,,,,,
    108,      2,    138,       ,,,,,102V,CONDO-Vac,,,,,,,
    108,      2,    139,       ,,,,,102V,,,,,,,,
    108,      2,    140,       ,,,,,102V,CONDO-Vac,,,,,,,
    108,      2,    141,       ,,,,,102V,CONDO-Vac,,,,,,,
    108,      2,    142,       ,,,,,102V,CONDO-Vac,,,,,,,
    108,      2,    143,       ,,,,,102V,CONDO-Vac,,,,,,,
    108,      2,    144,       ,,,,,102V,CONDO-Vac,,,,,,,
    108,      2,    145,       ,,,,,102V,CONDO-Vac,,,,,,,
    108,      2,    146,       ,,,,,102V,CONDO-Vac,,,,,,,
    108,      2,    147,       ,,,,,102V,CONDO-Vac,,,,,,,
    108,      2,    148,       ,,,,,102V,CONDO-Vac,,,,,,,
    108,      2,    149,       ,,,,,102V,CONDO-Vac,,,,,,,
    108,      2,    150,       ,2024,2022,103,CONDO-RANCH,1020,CONDO,,,1148,2632,1282,100,272700
    108,      2,    151,       ,,,,,102V,CONDO-Vac,,,,,,,
    108,      2,    152,       ,,,,,102V,CONDO-Vac,,,,,,,
    108,      2,    153,       ,,,,,102V,CONDO-Vac,,,,,,,
    108,      2,    154,       ,,,,,102V,CONDO-Vac,,,,,,,
    108,      2,    155,       ,,,,,102V,CONDO-Vac,,,,,,,
    108,      2,    156,       ,,,,,102V,CONDO-Vac,,,,,,,
    108,      2,    157,       ,,,,,102V,CONDO-Vac,,,,,,,
    108,      2,    158,       ,,,,,102V,CONDO-Vac,,,,,,,
    108,      2,    159,       ,2024,2022,103,CONDO-RANCH,1020,CONDO,03,ADEQUATE,1148,2632,1282,100,272700
    108,      2,    160,       ,2024,2022,103,CONDO-RANCH,1020,CONDO,03,ADEQUATE,1148,2632,1282,100,272700
    108,      2,    161,       ,2024,2022,103,CONDO-RANCH,1020,CONDO,03,ADEQUATE,1148,2632,1282,100,272700
    108,      2,    162,       ,2024,2022,103,CONDO-RANCH,1020,CONDO,03,ADEQUATE,1148,2632,1282,100,272700
    108,      2,    163,       ,2024,2022,103,CONDO-RANCH,1020,CONDO,03,ADEQUATE,1148,2632,1282,100,272700
    108,      2,    164,       ,2024,2022,103,CONDO-RANCH,1020,CONDO,03,ADEQUATE,1078,2562,1230,100,266700
    108,      2,    165,       ,2024,2022,103,CONDO-RANCH,1020,CONDO,03,ADEQUATE,1148,2632,1282,100,272700
    108,      2,    166,       ,2024,2022,103,CONDO-RANCH,1020,CONDO,03,ADEQUATE,1148,2632,1282,100,272700
    108,      2,    167,       ,2024,2022,103,CONDO-RANCH,1020,CONDO,03,ADEQUATE,1148,2632,1282,100,272700
    108,      2,    168,       ,2024,2022,103,CONDO-RANCH,1020,CONDO,03,ADEQUATE,1148,2632,1282,100,272700
    108,      2,    169,       ,2024,2022,103,CONDO-RANCH,1020,CONDO,03,ADEQUATE,1078,2562,1230,100,266700
    108,      2,    170,       ,2024,2022,103,CONDO-RANCH,1020,CONDO,03,ADEQUATE,1148,2632,1282,100,272700
    108,      2,    171,       ,2024,2022,103,CONDO-RANCH,1020,CONDO,03,ADEQUATE,1148,2632,1282,100,272700
    108,      3,       ,       ,1981,2005,19,RANCH,1010,ONE FAM,C-,AVG. (-),836,1720,1124,83,159300
    108,      3,    100,       ,1999,2012,05,CAPE,1010,ONE FAM,C+,AVG. (+),1708,3686,2192,90,331600
    108,      4,       ,       ,1949,1996,19,RANCH,1010,ONE FAM,C+,AVG. (+),1330,2570,1634,74,212700
    108,      5,       ,       ,1946,1993,06,COLONIAL,1010,ONE FAM,C,AVERAGE,2065,4275,2637,71,267900
    108,      6,       ,       ,1953,1997,05,CAPE,1010,ONE FAM,C,AVERAGE,1502,3606,1975,75,220900
    108,      7,       ,       ,1950,1993,22,CONVENT`NL,1010,ONE FAM,C,AVERAGE,1736,3141,2152,71,241700
    108,      8,       ,       ,1956,1997,19,RANCH,1010,ONE FAM,C,AVERAGE,1824,4310,2370,75,226300
    108,     10,       ,       ,1965,2008,19,RANCH,1010,ONE FAM,C,AVERAGE,1529,4087,2413,86,313200
    108,     11,       ,       ,1958,2004,19,RANCH,1010,ONE FAM,C,AVERAGE,1848,2780,2185,82,260500
    108,     12,       ,       ,1963,2008,19,RANCH,1010,ONE FAM,C,AVERAGE,1144,3132,1620,86,228500
    108,     13,       ,       ,1950,1983,22,CONVENT`NL,1090,MULT HS,C-,AVG. (-),1128,3156,1650,61,134500
    108,     13,       ,       ,1950,1983,22,CONVENT`NL,1090,MULT HS,D,FAIR,1134,3320,1508,61,105700
    108,     14,      1,       ,2007,2014,08,CONDO-TNHS,1020,CONDO,03,ADEQUATE,1144,1739,1336,92,243000
    108,     14,      2,       ,2007,2014,08,CONDO-TNHS,1020,CONDO,03,ADEQUATE,1144,1739,1336,92,243000
    108,     14,      3,       ,2013,2015,08,CONDO-TNHS,1020,CONDO,03,ADEQUATE,1024,1536,1152,93,260100
    108,     14,      4,       ,2013,2015,08,CONDO-TNHS,1020,CONDO,03,ADEQUATE,1024,1536,1152,93,260100
    108,     14,      5,       ,2013,2015,08,CONDO-TNHS,1020,CONDO,03,ADEQUATE,1024,1536,1152,93,260100
    108,     14,      6,       ,2013,2015,08,CONDO-TNHS,1020,CONDO,03,ADEQUATE,1024,1536,1152,93,260100
    108,     14,      7,       ,2013,2015,08,CONDO-TNHS,1020,CONDO,03,ADEQUATE,1024,1536,1152,93,260100
    108,     14,      8,       ,2013,2015,08,CONDO-TNHS,1020,CONDO,03,ADEQUATE,1024,1536,1152,93,260100
    108,     14,      9,       ,2013,2015,08,CONDO-TNHS,1020,CONDO,03,ADEQUATE,1024,1536,1152,93,260100
    108,     14,     10,       ,2013,2015,08,CONDO-TNHS,1020,CONDO,03,ADEQUATE,1024,1536,1152,93,260100
    108,     14,     11,       ,2013,2015,08,CONDO-TNHS,1020,CONDO,03,ADEQUATE,1698,1992,1816,93,334300
    108,     14,     12,       ,2013,2015,08,CONDO-TNHS,1020,CONDO,03,ADEQUATE,1698,1992,1816,93,334300
    108,     14,     13,       ,2013,2015,08,CONDO-TNHS,1020,CONDO,03,ADEQUATE,1698,1992,1816,93,334300
    108,     14,     14,       ,2013,2015,08,CONDO-TNHS,1020,CONDO,03,ADEQUATE,1698,1992,1816,93,334300
    108,     14,     15,       ,2013,2015,08,CONDO-TNHS,1020,CONDO,03,ADEQUATE,1698,1992,1816,93,334300
    108,     14,     16,       ,2013,2015,08,CONDO-TNHS,1020,CONDO,03,ADEQUATE,1698,1992,1816,93,334300
    108,     14,     17,       ,2013,2015,08,CONDO-TNHS,1020,CONDO,03,ADEQUATE,1698,1992,1816,93,334300
    108,     14,     18,       ,2013,2015,08,CONDO-TNHS,1020,CONDO,03,ADEQUATE,1698,1992,1816,93,334300
    108,     14,     19,       ,2013,2015,08,CONDO-TNHS,1020,CONDO,03,ADEQUATE,1698,2542,1954,93,356700
    108,     14,     20,       ,2013,2015,08,CONDO-TNHS,1020,CONDO,03,ADEQUATE,1698,2542,1954,93,356700
    108,     14,     21,       ,2013,2015,08,CONDO-TNHS,1020,CONDO,03,ADEQUATE,1698,2542,1954,93,356700
    108,     14,     22,       ,2013,2015,08,CONDO-TNHS,1020,CONDO,03,ADEQUATE,1698,2542,1954,93,356700
    108,     14,     23,       ,2013,2015,08,CONDO-TNHS,1020,CONDO,03,ADEQUATE,1698,2542,1954,93,356700
    108,     14,     24,       ,2013,2015,08,CONDO-TNHS,1020,CONDO,03,ADEQUATE,1698,2542,1954,93,356700
    108,     14,     25,       ,2013,2015,08,CONDO-TNHS,1020,CONDO,03,ADEQUATE,1698,2542,1954,93,356700
    108,     14,     26,       ,2013,2015,08,CONDO-TNHS,1020,CONDO,03,ADEQUATE,1698,2542,1954,93,356700
    108,     14,     27,       ,2011,2014,101,COLONIAL,1020,CONDO,03,ADEQUATE,1872,3652,2415,92,424800
    108,     14,     28,       ,2007,2014,103,RANCH,1020,CONDO,03,ADEQUATE,1764,4344,2554,92,430800
    108,     14,     29,       ,2011,2014,103,CONDO-RANCH,1020,CONDO,03,ADEQUATE,1192,2920,1794,92,350600
    108,     14,     30,       ,2011,2014,103,CONDO-RANCH,1020,CONDO,03,ADEQUATE,1248,2937,1736,92,349600
    108,     14,     31,       ,2011,2014,103,CONDO-RANCH,1020,CONDO,03,ADEQUATE,1192,3152,1724,92,352500
    108,     14,     32,       ,2011,2014,103,CONDO-RANCH,1020,CONDO,03,ADEQUATE,1248,2937,1736,92,349600
    108,     14,     33,       ,2011,2014,103,CONDO-RANCH,1020,CONDO,03,ADEQUATE,1247,3055,1838,92,370000
    108,     14,     34,       ,2011,2014,101,CONDO-COLONIAL,1020,CONDO,03,ADEQUATE,1872,3700,2373,92,420100
    108,     14,     35,       ,2012,2014,08,CONDO-TNHS,1020,CONDO,03,ADEQUATE,2080,3988,2608,92,442700
    108,     14,     36,       ,2011,2014,101,COLONIAL,1020,CONDO,03,ADEQUATE,1872,3832,2386,92,418600
    108,     14,     37,       ,2012,2014,08,CONDO-TNHS,1020,CONDO,03,ADEQUATE,2080,3988,2608,92,439000
    108,     14,     38,       ,2011,2014,101,CONDO-COLONIAL,1020,CONDO,03,ADEQUATE,2080,3844,2594,92,441200
    108,     14,     39,       ,2012,2014,08,CONDO-TNHS,1020,CONDO,03,ADEQUATE,2080,3940,2760,92,458900
    108,     14,     40,       ,2007,2014,101,COLONIAL,1020,CONDO,03,ADEQUATE,3003,6375,3874,92,622400
    108,     14,     41,       ,2012,2014,08,CONDO-TNHS,1020,CONDO,03,ADEQUATE,2080,3940,2604,92,445600
    108,     14,     42,       ,2007,2014,101,CONDO-COLONIAL,1020,CONDO,03,ADEQUATE,2226,4794,3053,92,511600
    108,     14,     43,       ,2011,2014,103,CONDO-RANCH,1020,CONDO,03,ADEQUATE,1192,2928,1664,92,349900
    108,     14,     44,       ,2011,2014,101,CONDO-COLONIAL,1020,CONDO,03,ADEQUATE,2080,3988,2608,92,452000
    108,     14,     45,       ,2012,2014,101,CONDO-COLONIAL,1020,CONDO,03,ADEQUATE,1872,3628,2366,92,420500
    108,     14,     46,       ,2011,2014,101,CONDO-COLONIAL,1020,CONDO,03,ADEQUATE,1872,3876,2390,92,423200
    108,     14,     47,       ,2012,2014,101,CONDO-COLONIAL,1020,CONDO,03,ADEQUATE,2080,4069,2617,92,427600
    108,     14,     48,       ,2011,2014,101,CONDO-COLONIAL,1020,CONDO,03,ADEQUATE,2080,3988,2686,92,450900
    108,     14,     49,       ,2012,2014,103,CONDO-RANCH,1020,CONDO,03,ADEQUATE,1247,3463,1978,92,378600
    108,     14,     50,       ,2012,2014,101,CONDO-COLONIAL,1020,CONDO,03,ADEQUATE,2080,3988,2608,92,442700
    108,     14,     51,       ,2007,2014,101,CONDO-COLONIAL,1020,CONDO,03,ADEQUATE,2226,4894,2987,92,492500
    108,     14,     52,       ,2012,2014,103,CONDO-RANCH,1020,CONDO,03,ADEQUATE,1248,3071,1832,92,361300
    108,     14,     53,       ,2007,2014,102,CAPE,1020,CONDO,03,ADEQUATE,2163,4924,2953,92,470900
    108,     14,     54,       ,2012,2014,101,CONDO-COLONIAL,1020,CONDO,03,ADEQUATE,2564,4648,3110,92,508500
    108,     15,       ,       ,1900,1989,12,MULTI-CONV,1050,3 FAMILY,C,AVERAGE,3071,6030,3567,67,241700
    108,     15,       ,       ,1996,2012,22,CONVENT`NL,1050,3 FAMILY,D,FAIR,1326,3082,2028,90,198600
    108,     17,       ,       ,1965,1985,71,OFFICE,9040,SCHOOL,C,Average,3562,4175,3693,63,309400
    108,     19,       ,       ,1947,1993,05,CAPE,1010,ONE FAM,C,AVERAGE,1248,4452,2022,71,198600
    108,     20,       ,       ,1930,1979,05,CAPE,1010,ONE FAM,C-,AVG. (-),780,1346,936,57,86300
    108,     21,       ,       ,1992,2012,19,RANCH,1010,ONE FAM,D,FAIR,1056,1732,1283,90,151900
    108,     22,       ,       ,2003,2002,55,PMP/VLV HS,903C,MUNICPAL-Comm,B,Good,280,280,280,80,22100
    108,     23,       ,       ,1880,1982,69,LODGE,903C,MUNICPAL-Comm,B,Good,550,1100,605,60,53100
    108,     23,       ,       ,1960,1982,50,GOVT BLDG,903C,MUNICPAL-Comm,B,Good,2991,5818,3644,60,451000
    108,     23,       ,       ,1970,1985,50,GOVT BLDG,903C,MUNICPAL-Comm,C+,Avg. (+),2838,5076,3299,63,342800
    108,     23,       ,       ,2009,2007,39,REPAIR GAR,903C,MUNICPAL-Comm,C,Average,29530,34350,30494,85,1360000
    108,     23,       ,       ,2009,2007,71,OFFICE,903C,MUNICPAL-Comm,C,Average,6456,6626,6542,85,698700
    108,     23,    100,       ,,0,,,9030,,,,0,0,0,,0
    108,     24,       ,       ,,,,,9130,,,,0,0,0,,0
    108,     25,       ,       ,1965,2001,21,SPLIT LVL,1010,ONE FAM,C+,AVG. (+),1152,2724,1356,79,209400
    108,     26,       ,       ,1966,2004,19,RANCH,1010,ONE FAM,C+,AVG. (+),1687,3678,2382,82,311000
    108,     27,       ,       ,1967,2001,18,SPLIT/RSD RANCH,1010,ONE FAM,C+,AVG. (+),1246,3126,1946,79,257800
    108,     28,       ,       ,1969,2001,06,COLONIAL,1010,ONE FAM,C+,AVG. (+),2236,3016,2512,79,315000
    108,     29,       ,       ,1968,2004,18,SPLIT/RSD RANCH,1010,ONE FAM,C+,AVG. (+),1144,3612,1990,82,249500
    108,     30,       ,       ,1966,2004,18,SPLIT/RSD RANCH,1010,ONE FAM,C+,AVG. (+),1824,3620,2553,82,290600
    109,      1,       ,       ,,,,,1320,,,,0,0,0,,0
    109,      2,       ,       ,1975,2005,19,RANCH,1010,ONE FAM,C,AVERAGE,1972,4424,2369,83,215400
    109,      3,       ,       ,1976,2005,18,SPLIT/RSD RANCH,1010,ONE FAM,C+,AVG. (+),1040,3048,1890,83,241600
    109,      4,       ,       ,1964,2008,18,SPLIT/RSD RANCH,1010,ONE FAM,C+,AVG. (+),1466,4337,2457,86,328700
    109,      5,       ,       ,1971,2011,19,RANCH,1010,ONE FAM,C+,AVG. (+),1328,2992,1823,89,273300
    109,      6,       ,       ,1964,2001,19,RANCH,1010,ONE FAM,C+,AVG. (+),1792,4570,2585,79,307600
    109,      7,       ,       ,1965,2001,18,SPLIT/RSD RANCH,1010,ONE FAM,C+,AVG. (+),1144,2376,1584,79,218100
    109,      8,       ,       ,1966,2001,18,SPLIT/RSD RANCH,1010,ONE FAM,C+,AVG. (+),1400,2550,1834,79,239300
    109,      9,       ,       ,1969,2004,18,SPLIT/RSD RANCH,1010,ONE FAM,C+,AVG. (+),1164,3237,2020,82,262000
    109,     10,       ,       ,1975,2012,05,CAPE,1010,ONE FAM,C+,AVG. (+),1764,3208,2162,90,319500
    109,     11,       ,       ,1977,2000,19,RANCH,1010,ONE FAM,C,AVERAGE,1040,2356,1496,78,194400
    109,     12,       ,       ,1968,2004,19,RANCH,1010,ONE FAM,C+,AVG. (+),1248,3674,2216,82,287400
    109,     13,       ,       ,1988,2004,19,RANCH,1010,ONE FAM,C+,AVG. (+),1960,6424,3058,82,392500
    109,     14,       ,       ,1970,2004,19,RANCH,1010,ONE FAM,C+,AVG. (+),1344,3696,2097,82,265500
    109,     15,       ,       ,1986,2009,19,RANCH,1010,ONE FAM,C+,AVG. (+),1411,3900,2262,87,315400
    109,     16,       ,       ,1992,2012,19,RANCH,1010,ONE FAM,C,AVERAGE,1100,3252,1753,90,247700
    109,     17,       ,       ,1989,2013,19,RANCH,1010,ONE FAM,C+,AVG. (+),2230,6506,3166,91,392700
    109,     18,       ,       ,1966,2004,19,RANCH,1010,ONE FAM,C+,AVG. (+),1096,3510,1773,82,257100
    109,     19,       ,       ,1972,2005,19,RANCH,1010,ONE FAM,C+,AVG. (+),1901,4352,2613,83,327800
    109,     20,       ,       ,1987,2012,19,RANCH,1010,ONE FAM,C,AVERAGE,1344,3814,1994,90,288500
    109,     21,       ,       ,,,,,9130,,,,0,0,0,,0
    109,     22,       ,       ,,,,,9130,,,,0,0,0,,0
    109,     23,       ,       ,,,,,9130,,,,0,0,0,,0
    109,     24,       ,       ,,,,,9130,,,,0,0,0,,0
    109,     25,       ,       ,,,,,9130,,,,0,0,0,,0
    109,     26,       ,       ,,,,,9130,,,,0,0,0,,0
    109,     27,       ,       ,,,,,9130,,,,0,0,0,,0
    109,     28,       ,       ,,,,,9130,,,,0,0,0,,0
    109,     29,       ,       ,,,,,9130,,,,0,0,0,,0
    109,     30,       ,       ,2012,2007,58,SCHOOL,913C,SCHLDEPT-Comm,A,Very Good,106069,107738,106162,85,25056400
    109,     30,    100,       ,2001,2013,19,RANCH,1010,ONE FAM,B-,GOOD (-),2898,7524,4178,91,546200
    109,     30,    200,       ,2003,2017,19,RANCH,1010,ONE FAM,B,GOOD,2362,6077,3212,95,516400
    109,     30,    300,       ,2001,2012,05,CAPE,1010,ONE FAM,B,GOOD,1949,5076,2682,90,432800
    109,     31,       ,       ,1960,1997,19,RANCH,1010,ONE FAM,C,AVERAGE,1392,2805,1745,75,195900
    109,     32,       ,       ,,,,,9130,,,,0,0,0,,0
    109,     33,       ,       ,1974,2005,12,MULTI-CONV,1040,2 FAMILY,C+,AVG. (+),2228,5136,3071,83,390700
    109,     34,       ,       ,1945,1993,12,MULTI-CONV,1040,2 FAMILY,C,AVERAGE,2352,4781,2940,71,280200
    109,     36,       ,       ,1988,2009,05,CAPE,1010,ONE FAM,C,AVERAGE,1729,4260,2458,87,314200
    109,     37,       ,       ,,,,,6100,,,,0,0,0,,0
    109,     38,       ,       ,,,,,9010,,,,0,0,0,,0
    109,     39,       ,       ,,,,,9030,,,,0,0,0,,0
    109,     40,       ,       ,1979,2008,19,RANCH,1010,ONE FAM,C,AVERAGE,1104,2664,1426,86,208100
    109,     41,       ,       ,1956,1988,19,RANCH,340R,OFFICE-Res,C,AVERAGE,720,1472,986,66,113000
    109,     42,       ,       ,1985,1990,71,OFFICE,3400,OFFICE,C-,Avg. (-),864,2091,1261,68,154800
    109,     43,       ,       ,1945,1993,19,RANCH,1010,ONE FAM,D,FAIR,1248,2496,1560,71,64000
    109,     44,       ,       ,1780,2005,05,CAPE,1010,ONE FAM,B,GOOD,1680,3974,2066,83,320100
    109,     44,    100,       ,,,,,1320,,,,0,0,0,,0
    109,     44,  70100,       ,,0,,,9030,,,,0,0,0,,0
    109,     45,       ,       ,1988,2012,18,SPLIT/RSD RANCH,1010,ONE FAM,C+,AVG. (+),1248,2982,1853,90,281800
    109,     46,       ,       ,1988,2012,06,COLONIAL,1010,ONE FAM,C+,AVG. (+),1908,2696,2182,90,354600
    109,     47,       ,       ,1989,2012,18,SPLIT/RSD RANCH,1010,ONE FAM,C+,AVG. (+),1300,3256,1961,90,295100
    109,     48,       ,       ,1989,2012,21,SPLIT LVL,1010,ONE FAM,C,AVERAGE,1608,3842,2110,90,287800
    109,     49,       ,       ,1988,2012,06,COLONIAL,1010,ONE FAM,C,AVERAGE,2080,3976,2540,90,355200
    109,     50,       ,       ,1992,2013,18,SPLIT/RSD RANCH,1010,ONE FAM,C,AVERAGE,1449,3257,2066,91,271500
    109,     51,       ,       ,1987,2012,18,SPLIT/RSD RANCH,1010,ONE FAM,C,AVERAGE,1205,2495,1677,90,225400
    109,     52,       ,       ,1987,2012,05,CAPE,1010,ONE FAM,C+,AVG. (+),1764,3692,2337,90,349400
    109,     53,       ,       ,1920,1993,12,MULTI-CONV,1040,2 FAMILY,C,AVERAGE,3136,6443,3575,71,312500
    109,     54,       ,       ,1997,2014,06,COLONIAL,1010,ONE FAM,C+,AVG. (+),2772,4590,2830,92,419700
    109,     55,       ,       ,1988,2014,06,COLONIAL,1010,ONE FAM,C,AVERAGE,1664,3512,2149,92,320300
    109,     56,       ,       ,1984,2012,19,RANCH,1010,ONE FAM,C,AVERAGE,1340,3556,2050,90,287600
    109,     57,       ,       ,1987,2009,18,SPLIT/RSD RANCH,1010,ONE FAM,C,AVERAGE,1180,2522,1602,87,225200
    109,     58,       ,       ,2001,2012,05,CAPE,1010,ONE FAM,C,AVERAGE,2358,5088,2920,90,346500
    109,     58,    100,       ,2003,2013,06,COLONIAL,1010,ONE FAM,C+,AVG. (+),1616,3328,2097,91,305700
    109,     58,    200,       ,2003,2013,06,COLONIAL,1010,ONE FAM,C+,AVG. (+),2058,4184,2544,91,357500
    109,     58,    300,       ,2003,2013,06,COLONIAL,1010,ONE FAM,C+,AVG. (+),1760,3448,2356,91,333800
    109,     59,       ,       ,,,,,9030,,,,0,0,0,,0
    109,     61,       ,       ,1900,1989,22,CONVENT`NL,1010,ONE FAM,C,AVERAGE,1554,3052,1912,67,207900
    109,     62,       ,       ,1956,1997,05,CAPE,1010,ONE FAM,C,AVERAGE,1539,3612,1994,75,209100
    109,     63,       ,       ,1832,1998,06,COLONIAL,1010,ONE FAM,B,GOOD,3760,5400,4090,76,563500
    109,     64,       ,       ,1960,1932,04,"CAMP,YRRND",332R,AUTO REP-Res,C-,AVG. (-),693,1518,811,0,0
    109,     64,       ,       ,1984,1985,39,REPAIR GAR,3320,AUTO REP,D,Fair,3712,4112,3718,63,82200
    109,     65,       ,       ,1980,1988,71,OFFICE,3400,OFFICE,C,Average,3564,4298,3730,66,317500
    109,     67,       ,       ,1960,1997,05,CAPE,1010,ONE FAM,C-,AVG. (-),1172,2744,1403,75,77200
    109,     68,       ,       ,1948,2000,05,CAPE,1010,ONE FAM,C-,AVG. (-),1560,2904,1995,78,206200
    109,     69,       ,       ,1986,2013,18,SPLIT/RSD RANCH,1010,ONE FAM,C-,AVG. (-),858,2046,1204,91,171600
    109,     70,       ,       ,1985,2009,22,CONVENT`NL,1010,ONE FAM,C-,AVG. (-),1123,2881,1305,87,191800
    109,     71,       ,       ,1960,1992,05,CAPE,1010,ONE FAM,C-,AVG. (-),1597,3424,1929,70,178400
    109,     72,       ,       ,2024,2022,19,RANCH,1010,ONE FAM,C+,AVG. (+),1440,3871,2134,100,328400
    109,     73,       ,       ,2010,2015,05,CAPE,1010,ONE FAM,C+,AVG. (+),1873,5306,2566,93,359200
    109,     74,       ,       ,,,,,3900,,,,0,0,0,,0
    110,      1,       ,       ,,,,,1320,,,,0,0,0,,0
    110,      2,       ,       ,1950,1983,05,CAPE,1010,ONE FAM,C-,AVG. (-),907,2284,1190,61,51800
    110,      3,       ,       ,1930,1972,78,STORE,3250,STORE,D,Fair,2832,3485,3134,50,99300
    110,      5,       ,       ,1950,1982,71,OFFICE,316C,COMMWHSE-Comm,C,Average,912,1859,1165,60,114700
    110,      5,       ,       ,1991,1992,44,WHSE-MINI,3160,COMMWHSE,C,Average,3255,3255,3255,70,115000
    110,      5,       ,       ,1991,1992,44,WHSE-MINI,3160,COMMWHSE,C,Average,3480,3480,3480,70,116100
    110,      5,       ,       ,1991,1992,44,WHSE-MINI,3160,COMMWHSE,C,Average,4300,4300,4300,70,142900
    110,      5,       ,       ,1991,1992,44,WHSE-MINI,3160,COMMWHSE,C,Average,4880,4880,4880,70,157500
    110,      5,       ,       ,1991,1992,44,WHSE-MINI,3160,COMMWHSE,C,Average,5480,5480,5480,70,174800
    110,      5,       ,       ,1991,1992,44,WHSE-MINI,3160,COMMWHSE,C,Average,6280,6280,6280,70,196300
    110,      5,       ,       ,1991,1992,44,WHSE-MINI,3160,COMMWHSE,C,Average,9050,9050,9050,70,270800
    110,      7,       ,       ,1950,2000,19,RANCH,101A,RSA 75:11,C-,AVG. (-),982,1985,1202,78,149700
    110,      8,       ,       ,1965,1985,39,REPAIR GAR,3320,AUTO REP,C,Average,3263,3837,3333,63,139100
    110,      9,       ,       ,1900,1979,12,MULTI-CONV,1050,3 FAMILY,C,AVERAGE,2662,3926,2978,57,179900
    110,     10,       ,       ,,,,,9010,,,,0,0,0,,0
    110,     11,       ,       ,,,,,9010,,,,0,0,0,,0
    110,     12,       ,       ,1948,1982,78,STORE,3250,STORE,C-,Avg. (-),4782,9308,6257,60,198000
    110,     13,       ,       ,1860,1984,22,CONVENT`NL,1010,ONE FAM,C-,AVG. (-),1553,3203,1836,62,171500
    110,     14,       ,       ,1907,1967,12,MULTI-CONV,1040,2 FAMILY,C-,AVG. (-),3140,5122,3754,45,169200
    110,     17,       ,       ,1983,2009,18,SPLIT/RSD RANCH,1010,ONE FAM,C,AVERAGE,1218,2923,1764,87,200200
    110,     18,       ,       ,1948,1983,22,CONVENT`NL,1010,ONE FAM,C-,AVG. (-),1152,2181,1459,61,111600
    110,     19,       ,       ,1960,1982,78,STORE,3250,STORE,C-,Avg. (-),800,1360,1012,60,60300
    110,     20,       ,       ,2009,2007,82,VET CLINIC,3420,MEDICAL OFF,B-,Good (-),3446,5417,3757,85,429600
    110,     21,       ,       ,1998,1997,46,CHURCH/SYN,9060,CHURCH,C-,Avg. (-),1741,5167,2598,75,271300
    110,     22,       ,       ,,,,,1300,,,,0,0,0,,0
    111,      1,       ,       ,,,,,9090,,,,0,0,0,,0
    111,      2,       ,       ,,,,,9030,,,,0,0,0,,0
    111,      3,       ,       ,1958,1997,19,RANCH,1010,ONE FAM,C-,AVG. (-),1152,1968,1320,75,129200
    111,      4,       ,       ,1977,2005,19,RANCH,1010,ONE FAM,C-,AVG. (-),912,2200,1295,83,161900
    111,      5,       ,       ,1976,2005,05,CAPE,1010,ONE FAM,C,AVERAGE,1166,2952,1418,83,192000
    111,      6,       ,       ,1795,1993,22,CONVENT`NL,1010,ONE FAM,C+,AVG. (+),2210,4068,2465,71,296700
    111,      7,       ,       ,,,,,9030,,,,0,0,0,,0
    111,      8,       ,       ,1950,1993,19,RANCH,1010,ONE FAM,C-,AVG. (-),1200,2302,1445,71,141500
    111,      9,       ,       ,,,,,3880,,,,0,0,0,,0
    111,     10,       ,       ,1986,2012,05,CAPE,1010,ONE FAM,C,AVERAGE,1425,3592,1734,90,239700
    111,     11,       ,       ,,,,,430V,,,,0,0,0,,0
    111,     12,       ,       ,1958,1997,19,RANCH,1010,ONE FAM,C,AVERAGE,1232,3019,1970,74,223200
    111,     13,       ,       ,1950,1993,19,RANCH,1010,ONE FAM,C,AVERAGE,936,2218,1236,71,147400
    111,     14,       ,       ,1959,1997,05,CAPE,1010,ONE FAM,C,AVERAGE,1260,2160,1440,75,157400
    111,     15,       ,       ,1980,2005,19,RANCH,1010,ONE FAM,C-,AVG. (-),1456,3124,1964,83,228900
    111,     16,       ,       ,2024,2022,30,GARAGE,3160,COMMWHSE,C,Average,0,576,230,100,16100
    111,     16,       ,       ,2024,2022,44,WHSE-MINI,3160,COMMWHSE,C,Average,3400,3400,3400,100,181400
    111,     16,       ,       ,2024,2022,44,WHSE-MINI,3160,COMMWHSE,C,Average,3500,3500,3500,100,185400
    111,     16,       ,       ,2024,2022,44,WHSE-MINI,3160,COMMWHSE,C,Average,5800,5800,5800,100,279300
    111,     16,       ,       ,2024,2022,44,WHSE-MINI,3160,COMMWHSE,C,Average,8800,8800,8800,100,438600
    112,      1,       ,       ,1981,2005,05,CAPE,1010,ONE FAM,C,AVERAGE,1610,4180,2190,83,274300
    112,      1,    100,       ,,0,,,1300,,,,0,0,0,,0
    112,      2,       ,       ,1976,2005,11,MOBILE HM,101T,ONE FAM-MH,D,FAIR,864,889,867,83,49600
    112,      3,       ,       ,1978,2008,19,RANCH,1010,ONE FAM,C,AVERAGE,960,2451,1334,86,193300
    112,      4,       ,       ,,,,,6220,,,,0,0,0,,0
    112,      5,       ,       ,1946,2000,06,COLONIAL,1010,ONE FAM,C,AVERAGE,1852,3834,2193,78,272400
    112,      6,       ,       ,1983,2012,09,CONTEMPORY,1010,ONE FAM,C+,AVG. (+),1262,3940,1836,90,317600
    112,      7,       ,       ,1973,2005,06,COLONIAL,1010,ONE FAM,C,AVERAGE,1287,2828,1546,83,228600
    112,      9,       ,       ,1972,2005,09,CONTEMPORY,1010,ONE FAM,C-,AVG. (-),1680,3864,2187,83,239900
    112,     10,       ,       ,1998,2012,06,COLONIAL,1010,ONE FAM,B-,GOOD (-),2160,4419,2720,90,440000
    112,     12,       ,       ,1988,2012,06,COLONIAL,1010,ONE FAM,C+,AVG. (+),2398,4675,2981,90,427300
    112,     13,       ,       ,1985,2009,18,SPLIT/RSD RANCH,1010,ONE FAM,C,AVERAGE,1034,2716,1578,87,222900
    112,     14,       ,       ,,0,,,1300,,,,0,0,0,,0
    112,     15,       ,       ,2017,2017,06,COLONIAL,1010,ONE FAM,C,AVERAGE,1776,3162,2217,95,331600
    112,     16,       ,       ,1970,2001,18,SPLIT/RSD RANCH,1010,ONE FAM,C,AVERAGE,910,2494,1367,79,180100
    112,     17,    100,       ,2005,2013,19,RANCH,1010,ONE FAM,C,AVERAGE,1400,3694,1839,91,261800
    112,     17,    200,       ,1973,2005,19,RANCH,1010,ONE FAM,C,AVERAGE,2312,5982,3278,63,254000
    112,     17,    300,       ,2006,2013,18,SPLIT/RSD RANCH,1010,ONE FAM,C,AVERAGE,1502,3068,2100,91,277000
    114,      1,       ,       ,1970,1989,76,SHOP CTR,3230,SHOP CTR,C+,Avg. (+),238800,255718,242875,67,25916500
    114,      1,       ,       ,1986,1998,76,SHOP CTR,3230,SHOP CTR,C+,Avg. (+),54782,56460,55056,76,6267000
    114,      1,  70100,       ,,,,,3110,,,,0,0,0,,0
    114,      2,       ,       ,,,,,9150,,,,0,0,0,,0
    114,      3,       ,       ,,,,,9150,,,,0,0,0,,0
    114,      5,       ,       ,,,,,325V,STORE-Vac,,,,,,,
    114,      5,       ,       ,1971,1989,76,SHOP CTR,3230,SHOP CTR,C+,Avg. (+),173095,182408,175045,67,18420600
    114,      5,       ,       ,1999,2000,74,RESTAURANT,3230,SHOP CTR,B+,Good (+),5686,6239,5781,78,809400
    114,      6,       ,       ,2005,2002,37,DRUG STORE,3250,STORE,C+,Avg. (+),14996,16270,15274,80,1452600
    114,      8,       ,       ,1975,1985,76,SHOP CTR,3230,SHOP CTR,C-,Avg. (-),7020,14496,8836,63,603600
    114,      8,       ,       ,1975,1988,74,RESTAURANT,3230,SHOP CTR,C+,Avg. (+),4165,5863,4499,66,406700
    114,      8,       ,       ,1975,1988,78,STORE,323I,SHOP CTR-Ind,C+,Avg. (+),53903,68105,57577,66,1459200
    114,      8,       ,       ,1980,1988,41,REPAIR CHAIN,3230,SHOP CTR,C,Average,4840,5680,5218,66,249000
    114,      8,  70100,       ,1970,1989,57,RELAY BLDG,4300,TEL XSTA,B,Good,180,180,180,67,25100
    114,      8,  70200,       ,,0,,,9010,,,,0,0,0,,0
    114,      9,       ,       ,1969,1989,76,SHOP CTR,3250,STORE,C+,Avg. (+),13005,14763,13374,37,843600
    114,     10,       ,       ,1975,1988,78,STORE,3250,STORE,C,Average,3768,3768,3768,66,183000
    115,      1,       ,       ,,,,,333V,GAS STA-Vac,,,,,,,
    115,      3,       ,       ,1994,1997,78,STORE,3250,STORE,B+,Good (+),8998,17787,10419,75,906300
    115,      4,       ,       ,2013,2012,39,REPAIR GAR,3320,AUTO REP,B-,Good (-),8611,8611,8611,90,479300
    115,      5,       ,       ,1976,1988,78,STORE,3250,STORE,C,Average,3498,7152,4880,66,286600
    115,      7,       ,       ,1993,2000,71,OFFICE,3400,OFFICE,B-,Good (-),8412,9386,8445,78,718800
    115,      8,       ,       ,1950,1982,39,REPAIR GAR,3320,AUTO REP,C,Average,3967,3967,3967,54,129600
    115,      9,       ,       ,1930,1993,22,CONVENT`NL,1010,ONE FAM,C,AVERAGE,2480,3365,2775,45,141400
    115,     11,       ,       ,1825,1982,78,STORE,3230,SHOP CTR,C,Average,1300,2488,1419,60,67000
    115,     11,       ,       ,1830,1982,78,STORE,3230,SHOP CTR,C,Average,1329,2538,1450,60,67000
    115,     11,       ,       ,1900,1982,78,STORE,3230,SHOP CTR,C,Average,4384,11704,5630,60,194800
    115,     11,       ,       ,1986,1992,76,SHOP CTR,3230,SHOP CTR,C,Average,66984,117214,73776,70,6310000
    115,     11,       ,       ,1988,1992,74,RESTAURANT,3230,SHOP CTR,C,Average,4610,14722,6433,70,389800
    115,     12,       ,       ,,,,,9030,,,,0,0,0,,0
    115,     12,    100,       ,,,,,9010,,,,0,0,0,,0
    115,     13,       ,       ,1965,1976,33,INDUST-LT,4000,FACTORY,C,Average,163990,165127,164217,54,3273700
    115,     14,       ,       ,1966,1986,71,OFFICE,3400,OFFICE,C,Average,40000,40800,40160,64,1809000
    115,     16,       ,       ,2000,2000,67,FAST FOOD,3260,REST/BAR,B,Good,2422,2467,2454,78,341500
    115,     17,       ,       ,1993,2000,67,FAST FOOD,3260,REST/BAR,B,Good,2924,2924,2924,78,420900
    115,     18,       ,       ,1993,2000,65,CONVEN MKT,3330,GAS STA,C+,Avg. (+),1944,1944,1944,78,216800
    115,     19,       ,       ,1992,1997,76,SHOP CTR,3230,SHOP CTR,C,Average,80493,89797,82879,75,7536300
    115,     20,       ,       ,1978,1988,91,MOTEL,3010,MOTEL,C,Average,89184,101599,90771,66,3328700
    115,     21,       ,       ,1987,1992,71,OFFICE,3400,OFFICE,C+,Avg. (+),1216,2512,1966,70,250000
    115,     22,       ,       ,1987,1995,90,HOTEL,3010,MOTEL,C-,Avg. (-),26204,27131,26389,73,2339700
    115,     23,       ,       ,1989,1985,44,WHSE-MINI,3160,COMMWHSE,C-,Avg. (-),4000,4000,4000,63,103600
    116,      1,       ,       ,1987,1993,71,OFFICE,402C,IND OFC-Comm,C+,Avg. (+),3560,5222,4064,71,403200
    116,      2,       ,       ,1965,1985,39,REPAIR GAR,4100,SANDGRVL,C,Average,2592,3109,2745,63,116900
    116,      2,       ,       ,1965,1985,39,REPAIR GAR,4100,SANDGRVL,C,Average,7440,8014,7676,63,265800
    116,      2,       ,       ,1987,,,,4100,SANDGRVL,,,2592,3109,2745,,116900
    116,      2,       ,       ,1988,1992,71,OFFICE,4100,SANDGRVL,C,Average,3386,5683,3960,70,377800
    116,      2,       ,       ,1994,1997,43,WAREHOUSE,410I,SANDGRVL-Ind,C,Average,4800,4800,4800,75,190900
    116,      2,  70100,       ,1950,1982,39,REPAIR GAR,442C,UNDEV-Comm,C,Average,2052,2052,2052,60,86200
    116,      2,  70100,       ,1992,1997,39,REPAIR GAR,442C,UNDEV-Comm,C+,Avg. (+),1040,1040,1040,75,69700
    116,      2,  70300,       ,1984,1992,39,REPAIR GAR,442C,UNDEV-Comm,C,Average,3888,4756,4195,70,196900
    116,      3,       ,       ,,,,,410V,,,,0,0,0,,0
    116,      3,    100,       ,1995,2012,18,SPLIT/RSD RANCH,1010,ONE FAM,C,AVERAGE,1002,2320,1279,90,206100
    116,      4,       ,       ,,,,,4500,,,,0,0,0,,0
    116,      5,       ,       ,,,,,9030,,,,0,0,0,,0
    116,      6,       ,       ,,,,,9030,,,,0,0,0,,0
    117,      1,       ,       ,1992,2000,50,GOVT BLDG,903C,MUNICPAL-Comm,A,Very Good,6666,13812,10853,78,1985900
    117,      1,    100,       ,,0,,,9030,,,,0,0,0,,0
    117,      2,       ,       ,1958,1988,19,RANCH,1010,ONE FAM,C-,AVG. (-),1344,2496,1603,66,153700
    117,      3,       ,       ,1963,2001,19,RANCH,1010,ONE FAM,C-,AVG. (-),1200,2640,1524,79,173300
    117,      4,       ,       ,,,,,9030,,,,0,0,0,,0
    117,      6,       ,       ,,,,,4500,,,,0,0,0,,0
    117,      7,       ,       ,1928,1979,22,CONVENT`NL,1010,ONE FAM,C,AVERAGE,1470,2665,1782,57,174500
    117,      8,       ,       ,1968,2001,05,CAPE,1010,ONE FAM,C,AVERAGE,2156,3844,2479,79,272700
    117,      9,       ,       ,1950,1979,06,COLONIAL,1012,ONE FAM W ACC,C,AVERAGE,2046,3921,2457,57,194600
    117,     10,       ,       ,,,,,1300,,,,0,0,0,,0
    117,     10,    100,       ,1997,2013,05,CAPE,1010,ONE FAM,C+,AVG. (+),1568,2830,1828,91,244700
    117,     11,       ,       ,,,,,9200,,,,0,0,0,,0
    117,     12,       ,       ,,,,,1310,,,,0,0,0,,0
    117,     13,       ,       ,1930,1989,19,RANCH,1010,ONE FAM,C-,AVG. (-),1012,1985,1355,67,141200
    117,     14,       ,       ,1960,2004,02,BUNGALOW,1010,ONE FAM,C,AVERAGE,1620,4816,2056,82,259100
    117,     15,       ,       ,,,,,9030,,,,0,0,0,,0
    117,     16,       ,       ,1810,1989,05,CAPE,1010,ONE FAM,C-,AVG. (-),1586,3595,2074,67,188300
    117,     17,       ,       ,,,,,4500,,,,0,0,0,,0
    118,      1,       ,       ,1987,2012,06,COLONIAL,1010,ONE FAM,C+,AVG. (+),2016,4086,2547,90,337500
    118,      2,       ,       ,1985,2009,06,COLONIAL,1010,ONE FAM,C+,AVG. (+),2016,3807,2514,87,352900
    118,      3,       ,       ,1989,2009,06,COLONIAL,1010,ONE FAM,C+,AVG. (+),1968,3504,2278,87,326100
    118,      4,       ,       ,1980,2010,05,CAPE,1010,ONE FAM,C+,AVG. (+),1890,4326,2559,88,341400
    118,      5,       ,       ,1979,2008,06,COLONIAL,1010,ONE FAM,C+,AVG. (+),2122,4462,2671,86,362800
    118,      6,       ,       ,1977,2005,06,COLONIAL,1010,ONE FAM,C,AVERAGE,2368,4740,2948,83,351800
    118,      7,       ,       ,1978,2008,19,RANCH,1010,ONE FAM,C,AVERAGE,1008,3012,1744,86,238900
    118,      8,       ,       ,1978,2008,06,COLONIAL,1010,ONE FAM,C,AVERAGE,1824,3072,2119,86,287300
    118,      9,       ,       ,1978,2008,18,SPLIT/RSD RANCH,1010,ONE FAM,C,AVERAGE,1241,2800,1742,86,217700
    118,     10,       ,       ,1978,2005,18,SPLIT/RSD RANCH,1010,ONE FAM,C,AVERAGE,1092,2497,1598,83,193200
    118,     11,       ,       ,1979,2005,05,CAPE,1010,ONE FAM,C,AVERAGE,1404,3384,1927,83,251800
    118,     12,       ,       ,1979,2008,18,SPLIT/RSD RANCH,1010,ONE FAM,C,AVERAGE,1132,2380,1583,86,211100
    118,     13,       ,       ,1979,2005,06,COLONIAL,1010,ONE FAM,C,AVERAGE,2308,3706,2659,83,342200
    118,     14,       ,       ,1979,2005,06,COLONIAL,1010,ONE FAM,C,AVERAGE,2448,4940,3170,83,384300
    118,     15,       ,       ,1982,2012,18,SPLIT/RSD RANCH,1010,ONE FAM,C,AVERAGE,1144,2826,1735,90,224100
    118,     16,       ,       ,1980,2005,05,CAPE,1010,ONE FAM,C,AVERAGE,1344,2880,1587,83,214100
    118,     17,       ,       ,1980,2012,19,RANCH,1010,ONE FAM,C+,AVG. (+),1092,2886,1763,90,274700
    118,     18,       ,       ,1981,2005,05,CAPE,1010,ONE FAM,C,AVERAGE,2336,5776,3067,83,309400
    118,     19,       ,       ,1982,2012,06,COLONIAL,1010,ONE FAM,C,AVERAGE,1859,3810,2385,90,349700
    118,     20,       ,       ,1983,2009,06,COLONIAL,1010,ONE FAM,C,AVERAGE,1930,2944,2321,87,291300
    118,     21,       ,       ,1981,2005,06,COLONIAL,1010,ONE FAM,C,AVERAGE,2192,4526,2862,83,348500
    118,     22,       ,       ,1981,2008,06,COLONIAL,1010,ONE FAM,C,AVERAGE,2038,3654,2528,86,318100
    118,     23,       ,       ,1984,2012,18,SPLIT/RSD RANCH,1010,ONE FAM,C,AVERAGE,1114,2680,1621,90,219200
    118,     24,       ,       ,1988,2012,06,COLONIAL,1010,ONE FAM,C+,AVG. (+),1824,3816,2468,90,395400
    118,     25,       ,       ,1988,2012,06,COLONIAL,1010,ONE FAM,C+,AVG. (+),1572,3676,2087,75,279300
    118,     26,       ,       ,1988,2012,06,COLONIAL,1010,ONE FAM,C+,AVG. (+),1856,3648,2500,90,386200
    118,     27,       ,       ,1988,2012,06,COLONIAL,1010,ONE FAM,C+,AVG. (+),2050,4768,2832,90,421600
    118,     28,       ,       ,1988,2009,06,COLONIAL,1010,ONE FAM,C+,AVG. (+),1856,3576,2354,87,317600
    118,     29,       ,       ,1992,2013,06,COLONIAL,1010,ONE FAM,C+,AVG. (+),2128,4319,2805,91,419700
    118,     30,       ,       ,1990,2012,09,CONTEMPORY,1010,ONE FAM,C+,AVG. (+),1739,4509,2295,90,354900
    118,     31,       ,       ,1991,2012,06,COLONIAL,1010,ONE FAM,C+,AVG. (+),1608,3648,2122,90,338700
    118,     32,       ,       ,1990,2012,09,CONTEMPORY,1010,ONE FAM,C+,AVG. (+),2951,6770,3699,90,503700
    118,     33,       ,       ,1991,2013,06,COLONIAL,1010,ONE FAM,C+,AVG. (+),2296,3828,2641,91,411900
    118,     34,       ,       ,1992,2012,09,CONTEMPORY,1010,ONE FAM,C+,AVG. (+),2629,6325,3430,90,489400
    118,     36,       ,       ,1992,2013,06,COLONIAL,1010,ONE FAM,C+,AVG. (+),2296,3940,2654,91,403800
    118,     37,       ,       ,,,,,1300,,,,0,0,0,,0
    118,     38,       ,       ,1993,2013,06,COLONIAL,1010,ONE FAM,C+,AVG. (+),2384,4548,2983,91,438700
    118,     39,       ,       ,1994,2012,06,COLONIAL,1010,ONE FAM,C,AVERAGE,2144,3564,2586,90,365600
    118,     40,       ,       ,1993,2012,06,COLONIAL,1010,ONE FAM,C+,AVG. (+),2032,4914,2704,90,409700
    118,     41,       ,       ,1993,2012,06,COLONIAL,1010,ONE FAM,C+,AVG. (+),1568,3476,2302,90,351200
    118,     42,       ,       ,1994,2012,06,COLONIAL,1010,ONE FAM,C+,AVG. (+),2021,4242,2818,90,413000
    118,     43,       ,       ,1993,2013,05,CAPE,1010,ONE FAM,C+,AVG. (+),2212,5657,3016,91,413900
    118,     44,       ,       ,1993,2013,06,COLONIAL,1010,ONE FAM,C+,AVG. (+),2289,4772,2913,91,428300
    118,     45,       ,       ,1995,2013,05,CAPE,1010,ONE FAM,C+,AVG. (+),2416,4836,2969,91,411200
    118,     46,       ,       ,1992,2013,06,COLONIAL,1010,ONE FAM,C+,AVG. (+),2383,4962,3054,91,446600
    118,     47,       ,       ,1993,2012,06,COLONIAL,1010,ONE FAM,C,AVERAGE,2280,3684,2687,90,379600
    118,     48,       ,       ,1993,2012,06,COLONIAL,1010,ONE FAM,C+,AVG. (+),2448,4736,2962,90,437600
    118,     49,       ,       ,1994,2013,06,COLONIAL,1010,ONE FAM,C+,AVG. (+),2621,5424,3263,91,469400
    118,     50,       ,       ,1999,2013,06,COLONIAL,1010,ONE FAM,C+,AVG. (+),3614,7047,4411,91,604500
    119,      1,    100,       ,1996,2012,06,COLONIAL,1010,ONE FAM,C,AVERAGE,2962,4720,3503,90,401200
    119,      1,    200,       ,1996,2014,06,COLONIAL,1010,ONE FAM,C+,AVG. (+),1860,3817,2379,92,374100
    119,      1,    300,       ,,,,,6230,,,,0,0,0,,0
    119,      2,       ,       ,1986,2009,18,SPLIT/RSD RANCH,1010,ONE FAM,C,AVERAGE,1200,3050,1913,87,248800
    119,      3,       ,       ,1985,2009,05,CAPE,1010,ONE FAM,C,AVERAGE,1897,4279,2482,87,305600
    119,      4,       ,       ,1985,2012,05,CAPE,1010,ONE FAM,C,AVERAGE,2254,5030,2978,90,383500
    119,      5,       ,       ,1980,2005,06,COLONIAL,1010,ONE FAM,C,AVERAGE,2438,4579,3070,83,375200
    119,      6,       ,       ,1978,2005,06,COLONIAL,1010,ONE FAM,C,AVERAGE,1968,3976,2518,83,318000
    119,      8,       ,       ,1980,2005,06,COLONIAL,1010,ONE FAM,C,AVERAGE,1920,3616,2424,83,320300
    119,      9,       ,       ,1976,2010,06,COLONIAL,1010,ONE FAM,C+,AVG. (+),2688,5340,3365,88,450500
    119,     10,       ,       ,1980,2005,06,COLONIAL,1010,ONE FAM,C,AVERAGE,2792,5144,3338,54,250700
    119,     11,       ,       ,1980,2010,06,COLONIAL,1010,ONE FAM,C+,AVG. (+),2136,4016,2686,88,393800
    119,     12,       ,       ,1988,2013,06,COLONIAL,1010,ONE FAM,C+,AVG. (+),1648,4090,2380,91,363400
    119,     13,       ,       ,1993,2013,06,COLONIAL,1010,ONE FAM,C+,AVG. (+),2016,4028,2678,91,406400
    119,     14,       ,       ,1991,2009,18,SPLIT/RSD RANCH,1010,ONE FAM,C+,AVG. (+),1344,4015,1948,87,277900
    119,     15,       ,       ,1996,2013,19,RANCH,1010,ONE FAM,C+,AVG. (+),1598,4300,2409,91,345600
    119,     16,       ,       ,1992,2013,06,COLONIAL,1010,ONE FAM,C+,AVG. (+),2544,4548,3127,91,467200
    119,     17,       ,       ,1991,2012,09,CONTEMPORY,1010,ONE FAM,C+,AVG. (+),2155,5305,2831,90,404500
    119,     18,       ,       ,1991,2014,05,CAPE,1010,ONE FAM,C+,AVG. (+),1833,4648,2466,92,347900
    119,     19,       ,       ,1990,2009,09,CONTEMPORY,1010,ONE FAM,C+,AVG. (+),1980,4706,2697,87,385100
    119,     20,       ,       ,1979,2010,05,CAPE,1010,ONE FAM,C+,AVG. (+),1899,4022,2419,88,320700
    119,     21,       ,       ,1980,2008,06,COLONIAL,1010,ONE FAM,C,AVERAGE,2344,4579,3012,86,383200
    119,     22,       ,       ,1979,2008,05,CAPE,1010,ONE FAM,C,AVERAGE,2016,4402,2678,86,305100
    119,     23,       ,       ,1976,2008,06,COLONIAL,1010,ONE FAM,C,AVERAGE,1906,4094,2514,86,340700
    119,     24,       ,       ,1978,2005,19,RANCH,1010,ONE FAM,C,AVERAGE,1014,2788,1674,83,230900
    119,     25,       ,       ,1979,2005,19,RANCH,1010,ONE FAM,C,AVERAGE,1700,3832,2422,83,274800
    119,     26,       ,       ,1978,2005,06,COLONIAL,1010,ONE FAM,C,AVERAGE,1856,3488,2286,83,301300
    119,     27,       ,       ,1979,2008,05,CAPE,1010,ONE FAM,C,AVERAGE,1845,3964,2499,86,307600
    119,     28,       ,       ,1978,2005,06,COLONIAL,1010,ONE FAM,C,AVERAGE,1830,3600,2400,83,315300
    119,     29,       ,       ,1978,2005,18,SPLIT/RSD RANCH,1010,ONE FAM,C,AVERAGE,924,1942,1284,83,170800
    119,     35,       ,       ,1981,2008,19,RANCH,1010,ONE FAM,B,GOOD,2640,8828,4272,86,599000
    119,     36,       ,       ,1963,2001,18,SPLIT/RSD RANCH,1010,ONE FAM,C,AVERAGE,1000,2080,1444,79,192500
    119,     37,       ,       ,1960,2000,19,RANCH,1010,ONE FAM,C,AVERAGE,1272,2520,1688,78,196600
    119,     38,       ,       ,1961,1988,05,CAPE,1010,ONE FAM,C,AVERAGE,1193,2834,1522,66,160800
    119,     39,       ,       ,1961,1997,05,CAPE,1010,ONE FAM,C,AVERAGE,1166,2846,1427,75,184100
    119,     40,       ,       ,1960,1997,19,RANCH,1010,ONE FAM,C,AVERAGE,960,2717,1408,75,175900
    119,     41,       ,       ,1949,1993,05,CAPE,1010,ONE FAM,C,AVERAGE,1053,2661,1293,71,162100
    119,     42,       ,       ,1975,2005,06,COLONIAL,1010,ONE FAM,C,AVERAGE,2090,6688,3105,83,387100
    119,     43,       ,       ,,,,,6231,,,,0,0,0,,0
    119,     44,       ,       ,1900,1984,22,CONVENT`NL,1010,ONE FAM,C,AVERAGE,1800,3924,2266,62,206100
    119,     45,       ,       ,1970,1994,19,RANCH,1010,ONE FAM,D,FAIR,768,1568,964,72,104200
    119,     46,       ,       ,1957,2000,05,CAPE,1010,ONE FAM,C,AVERAGE,1654,4190,2501,78,278700
    119,     47,       ,       ,1993,2012,05,CAPE,1010,ONE FAM,C+,AVG. (+),3090,5790,3679,90,439800
    119,     48,       ,       ,1996,2012,06,COLONIAL,1010,ONE FAM,C+,AVG. (+),1664,3044,2210,90,375800
    119,     49,       ,       ,1995,2013,06,COLONIAL,1010,ONE FAM,C+,AVG. (+),2248,4492,2973,91,437600
    119,     50,       ,       ,2018,2019,19,RANCH,1010,ONE FAM,B,GOOD,2865,8181,4003,97,648100
    119,     51,       ,       ,1995,2013,06,COLONIAL,1010,ONE FAM,C+,AVG. (+),3476,8616,4399,91,595000
    119,     52,       ,       ,1994,2014,06,COLONIAL,1010,ONE FAM,C+,AVG. (+),2464,5260,2985,92,454900
    119,     53,       ,       ,1993,2012,06,COLONIAL,1010,ONE FAM,B-,GOOD (-),2842,6503,3880,90,597200
    119,     54,       ,       ,1995,2013,06,COLONIAL,1010,ONE FAM,C+,AVG. (+),3204,6110,3780,91,535200
    119,     55,       ,       ,,,,,1320,,,,0,0,0,,0
    120,      2,       ,       ,1980,1988,69,LODGE,903C,MUNICPAL-Comm,D,Fair,2010,3224,2270,66,107300
    120,      3,       ,       ,,,,,9730,,,,0,0,0,,0
    120,      4,       ,       ,2020,2021,06,COLONIAL,1010,ONE FAM,C,AVERAGE,3584,7190,4372,99,597000
    120,      5,       ,       ,,,,,9200,,,,0,0,0,,0
    120,      6,       ,       ,,,,,9200,,,,0,0,0,,0
    120,      7,       ,       ,,,,,9780,,,,0,0,0,,0
    121,      1,       ,       ,1833,1979,12,MULTI-CONV,1050,3 FAMILY,C+,AVG. (+),3203,5908,4057,57,233400
    121,      1,       ,       ,1900,1979,22,CONVENT`NL,1050,3 FAMILY,D,FAIR,913,2124,1103,57,89300
    121,      1,    100,       ,,,,,9030,,,,0,0,0,,0
    121,      2,       ,       ,1900,1993,22,CONVENT`NL,1010,ONE FAM,C,AVERAGE,1388,3024,1729,71,205700
    121,      3,       ,       ,,,,,1300,,,,0,0,0,,0
    121,      4,       ,       ,1860,1989,22,CONVENT`NL,1010,ONE FAM,C,AVERAGE,1590,3208,1860,67,219000
    121,      5,       ,       ,,,,,1320,,,,0,0,0,,0
    121,      6,       ,       ,1949,1996,05,CAPE,1010,ONE FAM,C,AVERAGE,1234,2594,1531,74,186600
    121,      8,       ,       ,1977,2005,06,COLONIAL,1010,ONE FAM,C,AVERAGE,1370,2211,1551,83,207100
    121,      8,    100,       ,1971,2004,19,RANCH,1010,ONE FAM,C,AVERAGE,1120,2448,1524,82,194300
    121,      9,       ,       ,1969,1994,19,RANCH,1010,ONE FAM,C-,AVG. (-),2333,4644,2585,72,225600
    121,     10,       ,       ,1987,2009,06,COLONIAL,1010,ONE FAM,C,AVERAGE,1128,2191,1326,87,222400
    121,     11,       ,       ,1972,2000,18,SPLIT/RSD RANCH,1010,ONE FAM,C,AVERAGE,1036,2086,1446,78,168600
    122,      1,       ,       ,1960,1997,19,RANCH,1010,ONE FAM,C,AVERAGE,1096,3136,1775,75,204600
    122,      2,       ,       ,1961,2000,19,RANCH,1010,ONE FAM,C,AVERAGE,1096,2839,1734,78,203500
    122,      3,       ,       ,,,,,1300,,,,0,0,0,,0
    122,      4,       ,       ,,,,,1320,,,,0,0,0,,0
    122,      5,       ,       ,1972,2005,19,RANCH,1010,ONE FAM,C,AVERAGE,1040,2932,1749,83,215800
    122,      6,       ,       ,1940,2005,22,CONVENT`NL,1010,ONE FAM,C-,AVG. (-),1738,3307,1792,83,223000
    122,      7,       ,       ,1970,2004,18,SPLIT/RSD RANCH,1010,ONE FAM,C,AVERAGE,906,1876,1268,82,185800
    122,      8,       ,       ,1970,2001,19,RANCH,1010,ONE FAM,C,AVERAGE,912,2432,1405,79,164400
    122,      9,       ,       ,1975,2005,18,SPLIT/RSD RANCH,1010,ONE FAM,C,AVERAGE,960,2280,1334,83,184300
    122,     10,       ,       ,1966,1998,18,SPLIT/RSD RANCH,1010,ONE FAM,C,AVERAGE,864,2102,1280,76,160500
    122,     11,       ,       ,1992,2012,05,CAPE,1010,ONE FAM,C+,AVG. (+),2198,3904,2558,90,352400
    122,     12,       ,       ,1968,2001,19,RANCH,1010,ONE FAM,C+,AVG. (+),2029,4898,2816,79,346800
    122,     13,       ,       ,1967,2001,19,RANCH,1010,ONE FAM,C,AVERAGE,1390,3769,2054,79,243400
    122,     14,       ,       ,1956,1997,19,RANCH,1010,ONE FAM,C,AVERAGE,1224,3045,1760,75,207900
    122,     15,       ,       ,1952,1997,19,RANCH,1010,ONE FAM,C,AVERAGE,1320,2984,1702,75,195300
    122,     16,       ,       ,1940,1993,06,COLONIAL,1010,ONE FAM,C,AVERAGE,2403,4511,2952,71,315600
    122,     17,       ,       ,1966,2001,18,SPLIT/RSD RANCH,1010,ONE FAM,C,AVERAGE,864,1928,1232,79,174100
    122,     18,       ,       ,1969,2004,06,COLONIAL,1010,ONE FAM,C+,AVG. (+),2490,4820,3296,82,429300
    122,     19,       ,       ,1974,2008,06,COLONIAL,1010,ONE FAM,C+,AVG. (+),3851,9385,4519,86,552300
    122,     19,    100,       ,2006,2015,06,COLONIAL,1010,ONE FAM,B,GOOD,3520,6384,4186,93,704900
    122,     19,    200,       ,2006,2013,06,COLONIAL,1010,ONE FAM,B,GOOD,3576,7476,4661,91,743900
    122,     21,       ,       ,1967,2001,21,SPLIT LVL,1010,ONE FAM,C,AVERAGE,1144,2756,1444,79,190600
    122,     22,       ,       ,1976,2008,19,RANCH,1010,ONE FAM,C,AVERAGE,1512,4096,2272,86,278300
    122,     23,       ,       ,1970,2004,21,SPLIT LVL,1010,ONE FAM,C,AVERAGE,2046,4840,2386,82,286300
    122,     24,       ,       ,1997,2012,05,CAPE,1010,ONE FAM,C,AVERAGE,1512,2707,1799,90,257500
    122,     25,       ,       ,1978,2005,19,RANCH,1010,ONE FAM,C,AVERAGE,1212,3140,1841,83,219400
    122,     26,       ,       ,1972,2005,19,RANCH,1010,ONE FAM,C,AVERAGE,864,2792,1610,83,194900
    122,     27,       ,       ,1970,2008,19,RANCH,1010,ONE FAM,C,AVERAGE,1773,4592,2629,86,327100
    122,     28,       ,       ,1974,2008,18,SPLIT/RSD RANCH,1012,ONE FAM W ACC,C,AVERAGE,1864,4146,2623,86,310900
    122,     29,       ,       ,1993,2016,19,RANCH,1010,ONE FAM,C,AVERAGE,1456,3088,1984,94,278000
    122,     30,       ,       ,1978,2008,05,CAPE,1010,ONE FAM,C+,AVG. (+),2371,5726,2988,86,381700
    122,     31,       ,       ,1970,2001,21,SPLIT LVL,1010,ONE FAM,C,AVERAGE,1724,3796,2251,79,261400
    122,     31,    100,       ,1977,2005,05,CAPE,1010,ONE FAM,C,AVERAGE,2324,5484,2825,83,331800
    122,     34,       ,       ,1990,2012,19,RANCH,1010,ONE FAM,C,AVERAGE,1008,2319,1293,90,206800
    122,     35,       ,       ,1966,2001,18,SPLIT/RSD RANCH,1012,ONE FAM W ACC,C+,AVG. (+),1200,3072,1815,79,236500
    122,     35,       ,       ,2021,2021,02,BUNGALOW,1012,ONE FAM W ACC,C,AVERAGE,728,1634,747,99,160100
    122,     36,       ,       ,1968,2001,19,RANCH,1010,ONE FAM,C+,AVG. (+),1144,3066,1703,79,235800
    122,     37,       ,       ,1966,2011,18,SPLIT/RSD RANCH,1010,ONE FAM,C+,AVG. (+),1838,4926,2753,89,368500
    123,      2,       ,       ,1966,2001,05,CAPE,1010,ONE FAM,C+,AVG. (+),1890,4792,2516,79,288300
    123,      3,       ,       ,1966,2004,19,RANCH,1010,ONE FAM,B,GOOD,2701,5118,3564,82,501600
    123,      4,       ,       ,1964,2001,06,COLONIAL,1010,ONE FAM,C+,AVG. (+),1920,3842,2510,79,326900
    123,      5,       ,       ,1966,2001,06,COLONIAL,1010,ONE FAM,C+,AVG. (+),1824,3596,2401,79,320700
    123,      6,       ,       ,1965,2001,06,COLONIAL,1010,ONE FAM,C+,AVG. (+),2464,4674,3067,79,377300
    123,      7,       ,       ,1969,2001,19,RANCH,1010,ONE FAM,C+,AVG. (+),2224,5460,3245,65,295700
    123,      8,       ,       ,1971,2001,19,RANCH,1010,ONE FAM,C+,AVG. (+),1524,3820,2179,79,277900
    123,      9,       ,       ,1973,2005,19,RANCH,1010,ONE FAM,C+,AVG. (+),1578,3996,2143,83,287700
    123,     10,       ,       ,,,,,1310,,,,0,0,0,,0
    123,     11,       ,       ,1981,2005,05,CAPE,1010,ONE FAM,C+,AVG. (+),3284,7092,3971,83,453500
    123,     12,       ,       ,1968,2008,18,SPLIT/RSD RANCH,1010,ONE FAM,C+,AVG. (+),1404,3432,2120,86,307000
    123,     13,       ,       ,1970,2004,05,CAPE,1010,ONE FAM,C+,AVG. (+),2526,6404,3459,82,412500
    123,     14,       ,       ,1966,2004,06,COLONIAL,1010,ONE FAM,C+,AVG. (+),2364,5000,3053,82,403000
    123,     15,       ,       ,2019,2019,09,CONTEMPORY,1010,ONE FAM,B+,GOOD (+),4333,5154,4650,97,847800
    123,     16,       ,       ,2001,2012,05,CAPE,1010,ONE FAM,C,AVERAGE,1144,3544,1581,90,221800
    123,     17,       ,       ,1972,2008,06,COLONIAL,1010,ONE FAM,C+,AVG. (+),2269,5537,3389,86,453200
    123,     18,    100,       ,2006,2014,06,COLONIAL,1010,ONE FAM,C+,AVG. (+),2416,4688,2972,92,454000
    123,     18,    200,       ,1965,2011,05,CAPE,1010,ONE FAM,C+,AVG. (+),1576,3945,1885,89,283400
    123,     18,    300,       ,2004,2013,06,COLONIAL,1010,ONE FAM,C,AVERAGE,2144,3624,2593,91,359500
    123,     18,    400,       ,2010,2014,06,COLONIAL,1010,ONE FAM,C+,AVG. (+),2398,7582,3448,92,494400
    123,     18,    500,       ,2009,2014,19,RANCH,1010,ONE FAM,C+,AVG. (+),1904,6226,2893,92,395200
    123,     19,       ,       ,1959,2000,19,RANCH,1010,ONE FAM,C,AVERAGE,1785,4201,2518,78,281800
    124,      1,       ,       ,1920,1967,12,MULTI-CONV,1040,2 FAMILY,C,AVERAGE,2227,3808,2606,45,134300
    124,      2,       ,       ,1979,2001,19,RANCH,1012,ONE FAM W ACC,C,AVERAGE,2384,5756,3433,78,347200
    124,      3,       ,       ,1982,2009,06,COLONIAL,1010,ONE FAM,C,AVERAGE,1952,3732,2343,87,308900
    124,      4,       ,       ,2005,2014,19,RANCH,1010,ONE FAM,C,AVERAGE,1824,5572,3147,92,372000
    124,      6,       ,       ,1945,1993,02,BUNGALOW,1010,ONE FAM,C-,AVG. (-),1131,2574,1387,71,141900
    124,      7,       ,       ,,,,,1320,,,,0,0,0,,0
    124,      8,       ,       ,1985,2009,19,RANCH,1010,ONE FAM,C,AVERAGE,1260,2740,1626,87,219900
    124,      9,       ,       ,1960,1997,19,RANCH,1010,ONE FAM,C,AVERAGE,1624,3816,2379,75,251400
    124,     10,       ,       ,1989,2002,18,SPLIT/RSD RANCH,1010,ONE FAM,C-,AVG. (-),1434,2983,2013,80,210700
    124,     10,    100,       ,1991,2009,05,CAPE,1010,ONE FAM,C,AVERAGE,2333,5422,2789,87,265600
    124,     11,       ,       ,,,,,9030,,,,0,0,0,,0
    124,     12,       ,       ,1952,1988,02,BUNGALOW,1010,ONE FAM,C-,AVG. (-),906,1836,1015,25,37800
    124,     13,       ,       ,2000,2012,09,CONTEMPORY,1010,ONE FAM,B,GOOD,1804,5076,2500,90,355000
    124,     14,       ,       ,1996,2012,19,RANCH,1010,ONE FAM,C,AVERAGE,1240,3224,1826,90,226600
    124,     15,       ,       ,1955,1997,06,COLONIAL,1010,ONE FAM,C+,AVG. (+),3076,6658,3919,75,422500
    124,     16,       ,       ,1990,2013,05,CAPE,1010,ONE FAM,C+,AVG. (+),2245,5581,3059,91,440000
    124,     17,       ,       ,1990,2009,05,CAPE,1010,ONE FAM,C+,AVG. (+),2815,6290,3460,87,439200
    124,     18,       ,       ,1991,2009,19,RANCH,1010,ONE FAM,C+,AVG. (+),2042,4910,2769,87,365900
    125,      1,       ,       ,1987,2009,19,RANCH,1010,ONE FAM,C,AVERAGE,1296,3396,1931,87,256500
    125,      2,       ,       ,1988,2009,05,CAPE,1010,ONE FAM,C,AVERAGE,1688,5008,2836,87,314900
    125,      3,       ,       ,1961,1997,06,COLONIAL,1010,ONE FAM,C,AVERAGE,1680,2866,1936,75,226600
    125,      4,       ,       ,1950,1993,02,BUNGALOW,1010,ONE FAM,C,AVERAGE,1463,3746,2185,71,214000
    125,      5,       ,       ,1989,2009,05,CAPE,1010,ONE FAM,C,AVERAGE,2160,3328,2450,87,290800
    125,      6,       ,       ,1946,1993,19,RANCH,1010,ONE FAM,C-,AVG. (-),960,2112,1234,71,134200
    125,      7,       ,       ,1987,2012,05,CAPE,1010,ONE FAM,C,AVERAGE,1512,3682,2077,90,271200
    125,      8,       ,       ,1966,2001,18,SPLIT/RSD RANCH,1010,ONE FAM,C,AVERAGE,1220,3138,1926,79,212900
    125,      9,       ,       ,1986,1992,43,WAREHOUSE,3160,COMMWHSE,C,Average,40000,40000,40000,70,1528500
    125,      9,    100,       ,,,,,3900,,,,0,0,0,,0
    125,     10,       ,       ,1960,2005,06,COLONIAL,1010,ONE FAM,C,AVERAGE,1960,3292,2288,83,301300
    125,     11,       ,       ,,,,,1300,,,,0,0,0,,0
    125,     12,       ,       ,1940,1989,05,CAPE,1010,ONE FAM,C,AVERAGE,1488,2535,1688,67,173400
    125,     13,       ,       ,1955,1997,19,RANCH,1010,ONE FAM,C,AVERAGE,1680,3391,2385,75,257600
    125,     14,       ,       ,,,,,9030,,,,0,0,0,,0
    125,     15,       ,       ,1958,1932,02,BUNGALOW,1010,ONE FAM,C,AVERAGE,1125,3201,1510,5,7100
    125,     16,       ,       ,1970,2008,19,RANCH,1010,ONE FAM,C,AVERAGE,1104,2528,1412,86,187400
    125,     17,       ,       ,1993,2013,19,RANCH,1010,ONE FAM,C,AVERAGE,1484,3168,1883,91,275200
    125,     18,       ,       ,1989,2012,05,CAPE,1010,ONE FAM,C,AVERAGE,1512,3554,1855,90,257200
    125,     19,       ,       ,1986,2009,06,COLONIAL,1010,ONE FAM,B+,GOOD (+),2894,8316,3956,87,691400
    125,     20,       ,       ,1890,1967,02,BUNGALOW,1010,ONE FAM,C,AVERAGE,1603,2930,1807,19,46600
    125,     21,       ,       ,1985,2004,09,CONTEMPORY,1010,ONE FAM,A,VERY GOOD,2328,4760,2859,82,568400
    125,     21,    100,       ,2001,2013,19,RANCH,1010,ONE FAM,B,GOOD,2640,6922,3660,91,582400
    125,     22,       ,       ,2006,2015,19,RANCH,1010,ONE FAM,C+,AVG. (+),1092,3161,1683,93,290600
    128,      1,       ,       ,,,,,9010,,,,0,0,0,,0
    128,      2,       ,       ,,,,,9010,,,,0,0,0,,0
    128,      3,       ,       ,,,,,325V,,,,0,0,0,,0
    128,      3,  70100,       ,2005,2002,78,STORE,3130,LUMBER,C+,Avg. (+),102489,125835,107000,80,6201500
    128,      3,  70200,       ,1989,1992,78,STORE,3250,STORE,C-,Avg. (-),13860,14000,13895,70,660000
    128,      3,  70300,       ,1996,1997,78,STORE,3250,STORE,C,Average,2442,2928,2564,75,185800
    128,      3,  70300,       ,1998,1997,78,STORE,3250,STORE,C-,Avg. (-),1248,1612,1339,75,104300
    128,      4,       ,       ,1988,1992,74,RESTAURANT,3260,REST/BAR,C,Average,6962,7714,7124,70,481300
    128,      5,       ,       ,1980,1988,55,PMP/VLV HS,903C,MUNICPAL-Comm,C+,Avg. (+),360,720,450,66,23300
    128,      6,       ,       ,,,,,325V,,,,0,0,0,,0
    128,      6,  70100,       ,1997,2008,74,RESTAURANT,3260,REST/BAR,A,Very Good,4982,4982,4982,86,999500
    128,      6,  70200,       ,2002,2003,78,STORE,3250,STORE,C+,Avg. (+),68160,70524,69098,81,3593700
    128,      6,  70300,       ,2003,2005,78,STORE,3250,STORE,B,Good,30188,30188,30188,83,2423200
    128,      7,       ,       ,,0,,,333V,,,,0,0,0,,0
    128,      8,       ,       ,1981,1990,67,FAST FOOD,3260,REST/BAR,A,Very Good,2668,5910,2889,68,438600
    128,      9,       ,       ,,,,,3920,,,,0,0,0,,0
    128,     10,       ,       ,1998,1997,78,STORE,3230,SHOP CTR,C,Average,94571,99312,95045,75,4189000
    128,     10,       ,       ,1999,1997,76,SHOP CTR,3230,SHOP CTR,C,Average,31997,34734,32544,75,3189100
    128,     10,       ,       ,1999,1997,79,SUPER MKT,3230,SHOP CTR,C,Average,64718,68269,65578,75,2715400
    128,     11,       ,       ,,,,,4420,,,,0,0,0,,0
    129,      1,       ,       ,,,,,325V,,,,0,0,0,,0
    129,      1,  70100,       ,1973,1988,76,SHOP CTR,3250,STORE,C+,Avg. (+),37500,40500,38100,66,4156400
    129,      1,  70100,       ,1998,1997,78,STORE,3250,STORE,C+,Avg. (+),24116,48802,24259,75,1250000
    129,      2,       ,       ,1978,1988,78,STORE,3250,STORE,C-,Avg. (-),8640,9120,8736,66,375500
    129,      3,       ,       ,,,,,9030,,,,0,0,0,,0
    129,      4,       ,       ,1986,1992,42,TRUCK TERM,3140,TRK TERM,C,Average,6100,6100,6100,70,224100
    129,      5,       ,       ,1982,1992,43,WAREHOUSE,332I,AUTO REP-Ind,C,Average,6250,8125,6625,70,215500
    129,      6,       ,       ,1987,1992,44,WHSE-MINI,3160,COMMWHSE,C,Average,3000,3000,3000,70,103500
    129,      6,       ,       ,1987,1992,44,WHSE-MINI,3160,COMMWHSE,C,Average,4500,4500,4500,70,142500
    129,      6,       ,       ,1987,1992,44,WHSE-MINI,3160,COMMWHSE,C,Average,4500,4500,4500,70,142500
    129,      6,       ,       ,1987,1992,44,WHSE-MINI,3160,COMMWHSE,C,Average,4800,4800,4800,70,150300
    129,      6,       ,       ,1987,1992,44,WHSE-MINI,3160,COMMWHSE,C,Average,4800,4800,4800,70,150300
    129,      6,       ,       ,2002,2002,44,WHSE-MINI,3160,COMMWHSE,C,Average,12650,12650,12650,80,455000
    129,      6,       ,       ,2003,2002,44,WHSE-MINI,3160,COMMWHSE,C,Average,21700,21700,21700,80,756500
    129,      7,       ,       ,1970,1985,28,WHSE/OFFICE,3160,COMMWHSE,C,Average,10400,10526,10425,63,444300
    129,      8,       ,       ,1974,1990,73,R+D,4020,IND OFC,B-,Good (-),28879,30734,29323,68,1457400
    129,      9,       ,       ,1970,1985,78,STORE,3250,STORE,C,Average,17141,17697,17315,63,833700
    129,     10,       ,       ,1978,1988,34,INDUSTRIAL,3400,OFFICE,C-,Avg. (-),2825,3501,3070,66,103700
    129,     10,       ,       ,1985,1992,71,OFFICE,3400,OFFICE,C-,Avg. (-),3120,7296,3926,70,335500
    129,     13,       ,       ,1970,1976,71,OFFICE,3260,REST/BAR,C,Average,1898,2310,1980,54,172700
    129,     13,       ,       ,2010,2009,67,FAST FOOD,3260,REST/BAR,A-,V Good-,5823,11646,5823,87,969300
    129,     14,       ,       ,2009,2009,67,FAST FOOD,3260,REST/BAR,B,Good,2512,2512,2512,87,420900
    129,     15,       ,       ,2017,2018,72,OFFICE-PRO,3260,REST/BAR,B+,Good (+),6048,6048,6048,96,1100600
    129,     16,       ,       ,1979,1985,74,RESTAURANT,3260,REST/BAR,C,Average,3792,4352,4052,63,261200
    129,     17,       ,       ,,,,,3370,,,,0,0,0,,0
    129,     18,      1,       ,1986,1992,74,RESTAURANT,3260,REST/BAR,B-,Good (-),8672,11586,9063,70,980700
    129,     18,      2,       ,2019,2019,78,STORE,3250,STORE,B-,Good (-),19086,19360,19141,97,1594900
    129,     19,       ,       ,1986,1998,25,CAR WASH-AUT,3350,CAR WASH,C,Average,1780,1780,1780,76,140000
    129,     19,       ,       ,1990,1985,98,CARWASH-SELF,3350,CAR WASH,C,Average,3240,3390,3308,63,156600
    129,     20,       ,       ,1987,1992,78,STORE,3250,STORE,C+,Avg. (+),11700,12150,11790,70,665600
    129,     21,       ,       ,1987,1992,80,RETAIL STRIP,3230,SHOP CTR,C,Average,21014,24134,21638,70,1314500
    130,      3,       ,       ,1984,1995,70,R+D LAB GD,402C,IND OFC-Comm,B,Good,13795,14416,13942,73,1045800
    130,      4,       ,       ,1998,2000,34,INDUSTRIAL,3160,COMMWHSE,C+,Avg. (+),24832,24932,24857,78,977000
    130,      5,       ,       ,1988,1995,33,INDUST-LT,3160,COMMWHSE,C,Average,19548,19548,19548,73,708400
    130,      6,       ,       ,1989,1992,43,WAREHOUSE,4010,IND WHSE,C+,Avg. (+),9930,10410,10026,70,359300
    130,      7,       ,       ,,,,,3900,,,,0,0,0,,0
    130,      8,       ,       ,1989,1992,71,OFFICE,3400,OFFICE,C+,Avg. (+),9165,13714,10302,70,906600
    130,      9,       ,       ,2011,2011,72,OFFICE-PRO,3420,MEDICAL OFF,B,Good,3200,6512,4022,89,667300
    130,     10,       ,       ,1984,1995,71,OFFICE,3400,OFFICE,B,Good,22494,24304,22947,73,2172200
    130,     11,       ,       ,1978,1988,39,REPAIR GAR,402C,IND OFC-Comm,C,Average,10200,10264,10213,66,391700
    130,     11,       ,       ,1978,1988,43,WAREHOUSE,4020,IND OFC,C,Average,12000,12000,12000,66,456800
    130,     12,       ,       ,1973,1988,39,REPAIR GAR,4100,SANDGRVL,C,Average,9826,9991,9900,66,384000
    130,     13,       ,       ,,,,,4400,,,,0,0,0,,0
    130,     14,       ,       ,2011,2008,42,TRUCK TERM,4010,IND WHSE,C+,Avg. (+),62991,62991,62991,86,3732100
    130,     15,       ,       ,2017,2017,43,WAREHOUSE,4010,IND WHSE,B,Good,26164,26848,26335,95,1647700
    130,     16,       ,       ,,,,,4420,,,,0,0,0,,0
    131,      1,       ,       ,1960,1982,43,WAREHOUSE,903I,MUNICPAL-Ind,D,Fair,576,931,665,60,22400
    131,      1,       ,       ,1978,1988,48,FIRE STAT,903I,MUNICPAL-Ind,D,Fair,672,672,672,66,54100
    131,      1,       ,       ,1978,1990,94,AIRPRT TERMI,903I,MUNICPAL-Ind,B,Good,12879,15105,13394,68,2281800
    131,      1,       ,       ,1982,1992,30,GARAGE,903C,MUNICPAL-Comm,C+,Avg. (+),4270,4270,4270,70,179900
    131,      1,       ,       ,2021,2021,30,GARAGE,903C,MUNICPAL-Comm,C+,Avg. (+),2880,2880,2880,99,192600
    131,      1,    100,       ,2000,1997,38,MAINT HANG,3540,TRANSPOR,C+,Avg. (+),9520,9520,9520,75,410500
    131,      1,    101,       ,1979,1988,95,T HANGARS,4440,CONDO IND,C,Average,996,996,996,66,35100
    131,      1,    102,       ,1979,1988,95,T HANGARS,4440,CONDO IND,C,Average,996,996,996,66,34700
    131,      1,    201,       ,1979,1988,95,T HANGARS,4440,CONDO IND,C,Average,1519,1519,1519,66,46800
    131,      1,    202,       ,1979,1988,95,T HANGARS,4440,CONDO IND,C,Average,996,996,996,66,34700
    131,      1,    301,       ,1979,1988,95,T HANGARS,4440,CONDO IND,C,Average,996,996,996,66,34700
    131,      1,    302,       ,1979,1988,95,T HANGARS,4440,CONDO IND,C,Average,996,996,996,66,35100
    131,      1,    401,       ,1979,1988,95,T HANGARS,4440,CONDO IND,C,Average,996,996,996,66,34700
    131,      1,    402,       ,1979,1988,95,T HANGARS,4440,CONDO IND,C,Average,996,996,996,66,34700
    131,      1,    501,       ,1979,1988,95,T HANGARS,4440,CONDO IND,C,Average,996,996,996,66,34700
    131,      1,    502,       ,1979,1988,95,T HANGARS,4440,CONDO IND,C,Average,996,996,996,66,35100
    131,      1,    601,       ,1979,1988,95,T HANGARS,4440,CONDO IND,C,Average,996,996,996,66,35100
    131,      1,    602,       ,1979,1988,95,T HANGARS,4440,CONDO IND,C,Average,996,996,996,66,34700
    131,      1,    701,       ,1979,1988,95,T HANGARS,4440,CONDO IND,C,Average,996,996,996,66,35100
    131,      1,    702,       ,1979,1988,95,T HANGARS,4440,CONDO IND,C,Average,996,996,996,66,34700
    131,      1,    802,       ,1979,1988,95,T HANGARS,4440,CONDO IND,C,Average,996,996,996,66,39000
    131,      1,    901,       ,1979,1988,95,T HANGARS,4440,CONDO IND,C,Average,2744,2744,2744,66,87300
    131,      1,    902,       ,1979,1988,95,T HANGARS,4440,CONDO IND,C,Average,1702,1702,1702,66,51100
    131,      1,   1002,       ,1979,1988,95,T HANGARS,4440,CONDO IND,C,Average,160,160,160,66,3300
    131,      1,   1102,       ,1979,1988,95,T HANGARS,4440,CONDO IND,C,Average,490,490,490,66,10200
    131,      1,   5000,       ,1965,1985,71,OFFICE,9000,US GOVT,C-,Avg. (-),1020,1086,1059,63,107200
    131,      1,   5000,       ,1975,1988,93,AIRPRT TOWER,900I,US GOVT-Ind,B,Good,1824,1859,1849,66,220000
    131,      1,  80100,       ,1997,1997,38,MAINT HANG,3540,TRANSPOR,B,Good,23152,24877,23477,75,1203600
    131,      1,  80200,       ,1973,1992,38,MAINT HANG,3540,TRANSPOR,C,Average,5280,5280,5280,70,198300
    131,      1,  80301,       ,1978,1988,94,AIRPRT TERMI,3380,OT MTR V,C+,Avg. (+),97,97,97,66,17600
    131,      1,  80302,       ,1978,1988,94,AIRPRT TERMI,900I,US GOVT-Ind,B,Good,1000,1000,1000,66,216100
    131,      1,  80305,       ,1978,1992,74,RESTAURANT,3260,REST/BAR,B-,Good (-),2264,2264,2264,70,300600
    131,      1,  80307,       ,1978,1988,94,AIRPRT TERMI,3540,TRANSPOR,C+,Avg. (+),2723,2723,2723,66,381400
    131,      1,  80400,       ,2008,2007,31,HANGAR,903I,MUNICPAL-Ind,B,Good,14739,14739,14739,85,427400
    131,      1,  80400,       ,2008,2007,31,HANGAR,903I,MUNICPAL-Ind,B,Good,14739,14739,14739,85,427400
    131,      2,       ,       ,,,,,9030,,,,0,0,0,,0
    131,      2,  80100,       ,1983,1992,38,MAINT HANG,3540,TRANSPOR,C,Average,20488,20754,20580,70,942300
    131,      3,       ,       ,,,,,6231,,,,0,0,0,,0
    131,      3,    100,       ,2024,2022,43,WAREHOUSE,316C,COMMWHSE-Comm,B,Good,5950,12240,6018,100,439200
    131,      3,    200,       ,2024,2022,28,WHSE/OFFICE,401C,IND WHSE-Comm,B+,Good (+),13515,21274,13840,100,1473000
    131,      4,       ,       ,,,,,410V,SANDGRVL-Vac,,,,,,,
    131,      5,       ,       ,,,,,6100,,,,0,0,0,,0
    131,      6,       ,       ,,,,,9030,,,,0,0,0,,0
    131,      7,       ,       ,,,,,9030,,,,0,0,0,,0
    131,      8,       ,       ,,,,,9030,,,,0,0,0,,0
    132,      1,       ,       ,1840,1989,12,MULTI-CONV,1040,2 FAMILY,C,AVERAGE,2352,3588,2593,67,256800
    132,      2,       ,       ,1961,1997,19,RANCH,1010,ONE FAM,C,AVERAGE,1232,3555,1996,75,216500
    132,      3,       ,       ,1952,1997,05,CAPE,1010,ONE FAM,C,AVERAGE,2249,5732,3403,75,340400
    132,      4,       ,       ,1792,1989,06,COLONIAL,1010,ONE FAM,B,GOOD,4327,8568,5245,37,258800
    132,      5,       ,       ,1970,2004,18,SPLIT/RSD RANCH,1010,ONE FAM,C,AVERAGE,1144,2452,1706,82,235100
    132,      6,       ,       ,1968,2001,18,SPLIT/RSD RANCH,1012,ONE FAM W ACC,C,AVERAGE,1755,3693,2564,79,289100
    132,      7,       ,       ,1995,2012,06,COLONIAL,1010,ONE FAM,C,AVERAGE,2016,3340,2304,90,321500
    132,      8,       ,       ,1962,2001,19,RANCH,1010,ONE FAM,C,AVERAGE,1406,3376,1907,79,231700
    132,      9,       ,       ,1860,1989,05,CAPE,1010,ONE FAM,C,AVERAGE,2162,3644,2356,67,226600
    132,     10,       ,       ,,,,,9150,,,,0,0,0,,0
    132,     11,       ,       ,1983,2009,06,COLONIAL,1010,ONE FAM,C+,AVG. (+),2642,5444,3330,87,459900
    132,     12,       ,       ,1969,2001,09,CONTEMPORY,1010,ONE FAM,C+,AVG. (+),1024,3894,1716,79,245900
    132,     13,       ,       ,,,,,6230,,,,0,0,0,,0
    132,     14,       ,       ,1964,2001,19,RANCH,1010,ONE FAM,C+,AVG. (+),1908,4978,2837,79,331500
    132,     15,       ,       ,1920,1989,22,CONVENT`NL,1010,ONE FAM,C,AVERAGE,1901,3222,2146,67,244200
    132,     16,       ,       ,1925,1977,69,LODGE,3800,GOLF CRS,C+,Avg. (+),1608,5762,3053,55,176700
    132,     17,       ,       ,,,,,6220,,,,0,0,0,,0
    132,     18,       ,       ,,,,,6220,,,,0,0,0,,0
    134,      1,       ,       ,1995,2012,05,CAPE,1010,ONE FAM,C+,AVG. (+),1243,3152,1525,90,222400
    134,      2,       ,       ,2003,2013,19,RANCH,1010,ONE FAM,C+,AVG. (+),2176,5552,3181,91,427900
    134,      3,       ,       ,,,,,6000,,,,0,0,0,,0
    134,      4,       ,       ,,,,,1060,,,,0,0,0,,0
    134,      5,       ,       ,1850,1989,06,COLONIAL,1090,MULT HS,C,AVERAGE,3540,6204,4049,60,300400
    134,      5,       ,       ,1940,1993,02,BUNGALOW,1090,MULT HS,C-,AVG. (-),830,920,893,71,99000
    134,      6,       ,       ,1979,2005,18,SPLIT/RSD RANCH,1010,ONE FAM,C,AVERAGE,1049,2468,1494,83,206500
    134,      7,       ,       ,1985,2009,05,CAPE,1010,ONE FAM,C,AVERAGE,1530,3840,2111,87,276900
    134,      8,       ,       ,1980,2005,18,SPLIT/RSD RANCH,1010,ONE FAM,C,AVERAGE,1034,2462,1509,83,188000
    134,      9,       ,       ,2018,2016,11,MOBILE HM,101T,ONE FAM-MH,C-,AVG. (-),912,3172,1568,94,87000
    134,     10,       ,       ,1970,2004,19,RANCH,1010,ONE FAM,C,AVERAGE,1776,4386,2368,82,261200
    134,     10,    100,       ,,,,,6221,,,,,,,,
    134,     10,    200,       ,,,,,6221,,,,,,,,
    134,     11,       ,       ,2000,2013,05,CAPE,1010,ONE FAM,C+,AVG. (+),1809,4500,2330,91,335600
    134,     12,       ,       ,1988,2009,05,CAPE,1010,ONE FAM,C,AVERAGE,1726,4144,2144,87,279100
    134,     13,       ,       ,1984,2012,05,CAPE,1010,ONE FAM,C+,AVG. (+),2482,5294,3124,90,433900
    134,     14,       ,       ,1983,2012,06,COLONIAL,1010,ONE FAM,B,GOOD,4147,8622,5481,90,865500
    134,     15,       ,       ,2023,2022,22,CONVENT`NL,1010,ONE FAM,C,AVERAGE,768,1984,1167,100,226700
    134,     16,       ,       ,1992,2013,19,RANCH,1010,ONE FAM,C,AVERAGE,1950,4924,2730,91,339400
    134,     17,       ,       ,1965,1998,19,RANCH,1010,ONE FAM,C,AVERAGE,1880,3616,2302,76,247700
    134,     17,    100,       ,1928,1989,12,MULTI-CONV,1040,2 FAMILY,C,AVERAGE,2955,4250,3309,67,267400
    134,     17,    200,       ,1965,1998,19,RANCH,1010,ONE FAM,C,AVERAGE,1304,2880,1790,57,152600
    134,     18,       ,       ,,,,,1320,,,,0,0,0,,0
    134,     19,       ,       ,1989,2009,05,CAPE,1010,ONE FAM,C,AVERAGE,1639,3092,1982,87,259000
    134,     20,       ,       ,1992,2012,06,COLONIAL,1010,ONE FAM,C+,AVG. (+),2148,4880,2824,90,418000
    134,     21,       ,       ,1993,2013,06,COLONIAL,1010,ONE FAM,C+,AVG. (+),2156,4020,2874,91,426900
    134,     22,       ,       ,1987,2012,06,COLONIAL,1010,ONE FAM,B-,GOOD (-),2036,3822,2540,90,411300
    134,     23,       ,       ,1986,2012,06,COLONIAL,1010,ONE FAM,B-,GOOD (-),2832,5896,3448,90,536500
    134,     24,       ,       ,1984,2009,19,RANCH,1010,ONE FAM,C+,AVG. (+),1288,3992,1999,87,271800
    134,     25,       ,       ,1986,2012,05,CAPE,1010,ONE FAM,C+,AVG. (+),1680,4768,2499,90,338000
    134,     26,       ,       ,1995,2016,06,COLONIAL,1010,ONE FAM,B,GOOD,2908,5710,3804,94,653000
    134,     28,       ,       ,1997,2013,05,CAPE,1010,ONE FAM,B,GOOD,2500,5870,3152,91,496000
    134,     31,       ,       ,2004,2013,09,CONTEMPORY,1010,ONE FAM,A-,V GOOD-,2680,6716,3757,91,765900
    134,     33,       ,       ,1987,2009,19,RANCH,1010,ONE FAM,C+,AVG. (+),2193,3096,2436,87,298500
    134,     34,       ,       ,1986,2009,05,CAPE,1010,ONE FAM,C,AVERAGE,1770,4569,2331,87,289300
    134,     35,       ,       ,1987,2012,18,SPLIT/RSD RANCH,1010,ONE FAM,C+,AVG. (+),2154,5368,3167,90,433400
    134,     36,       ,       ,1977,2005,18,SPLIT/RSD RANCH,1010,ONE FAM,C,AVERAGE,1128,2488,1596,83,196400
    134,     37,       ,       ,1977,2001,06,COLONIAL,1010,ONE FAM,C,AVERAGE,1920,3260,1940,79,249400
    134,     38,       ,       ,1973,2005,18,SPLIT/RSD RANCH,1010,ONE FAM,C,AVERAGE,905,1903,1285,83,169200
    134,     39,       ,       ,1968,2001,21,SPLIT LVL,1010,ONE FAM,C,AVERAGE,1136,2228,1409,79,182800
    134,     40,       ,       ,1976,2010,18,SPLIT/RSD RANCH,1010,ONE FAM,C,AVERAGE,1092,2984,1500,88,223500
    134,     42,       ,       ,1980,2005,18,SPLIT/RSD RANCH,1010,ONE FAM,C,AVERAGE,2268,3019,2349,83,276700
    134,     43,       ,       ,1990,2012,05,CAPE,1010,ONE FAM,C+,AVG. (+),3149,6798,3869,90,459500
    136,      1,       ,       ,1978,2005,19,RANCH,1010,ONE FAM,C,AVERAGE,1320,3200,1869,83,238100
    136,      2,       ,       ,1800,1998,06,COLONIAL,1010,ONE FAM,C,AVERAGE,1824,3648,2164,76,247500
    136,      4,       ,       ,1977,2002,06,COLONIAL,1010,ONE FAM,C,AVERAGE,1824,3440,2307,80,277600
    136,      5,       ,       ,1999,2016,06,COLONIAL,1010,ONE FAM,B,GOOD,3086,5584,3690,94,627200
    136,      6,       ,       ,1978,2008,18,SPLIT/RSD RANCH,1010,ONE FAM,C,AVERAGE,1074,2114,1542,86,215200
    136,      7,       ,       ,1979,2008,06,COLONIAL,1010,ONE FAM,C,AVERAGE,2704,5662,3532,86,445800
    136,      8,       ,       ,1950,1993,22,CONVENT`NL,1010,ONE FAM,C-,AVG. (-),1000,1030,1005,71,142900
    136,      9,       ,       ,1945,1983,02,BUNGALOW,1010,ONE FAM,D,FAIR,1177,1424,1229,34,50300
    136,     10,       ,       ,1964,1994,02,BUNGALOW,1010,ONE FAM,D,FAIR,856,1370,996,72,100700
    136,     11,       ,       ,1945,2000,22,CONVENT`NL,1010,ONE FAM,C,AVERAGE,2328,3512,2707,78,326100
    136,     12,       ,       ,1945,1993,02,BUNGALOW,1010,ONE FAM,D,FAIR,840,1440,960,71,103300
    136,     13,       ,       ,1978,2005,19,RANCH,1010,ONE FAM,C,AVERAGE,1104,2899,1637,83,212900
    136,     14,       ,       ,1980,2008,06,COLONIAL,1010,ONE FAM,C+,AVG. (+),3320,5999,4284,86,563500
    136,     15,       ,       ,1977,2001,05,CAPE,1010,ONE FAM,C,AVERAGE,1344,2992,1604,79,203400
    136,     16,       ,       ,1983,2009,05,CAPE,1010,ONE FAM,C,AVERAGE,1715,3396,2091,87,267200
    136,     17,       ,       ,,,,,6001,,,,0,0,0,,0
    136,     17,    100,       ,1990,2009,06,COLONIAL,1012,ONE FAM W ACC,C,AVERAGE,3088,5988,3857,87,403000
    136,     18,       ,       ,,,,,1060,OUT BLDS,,,,,,,
    136,     18,       ,       ,,0,,,1060,OUT BLDS,,,,,,,
    136,     18,       ,       ,1773,1982,12,MULTI-CONV,1110,APT 4-8,C,Average,6812,12128,7649,60,471300
    136,     18,       ,       ,1800,1984,06,COLONIAL,1010,ONE FAM,C,AVERAGE,1848,2772,2079,62,182700
    136,     19,       ,       ,1988,2009,19,RANCH,1010,ONE FAM,C,AVERAGE,1352,3840,2042,87,269100
    136,     20,       ,       ,,,,,6131,,,,0,0,0,,0
    136,     21,       ,       ,,,,,1300,,,,0,0,0,,0
    136,     22,       ,       ,1997,2012,05,CAPE,1010,ONE FAM,C+,AVG. (+),1569,3738,2074,90,308600
    136,     23,       ,       ,1989,2009,19,RANCH,1010,ONE FAM,C,AVERAGE,1168,2712,1509,87,188400
    136,     24,       ,       ,,,,,1300,,,,0,0,0,,0
    136,     25,       ,       ,1860,1979,22,CONVENT`NL,1010,ONE FAM,C,AVERAGE,2954,6630,3685,57,295300
    136,     26,       ,       ,,,,,6001,,,,0,0,0,,0
    136,     27,       ,       ,1987,2009,09,CONTEMPORY,1010,ONE FAM,B,GOOD,2572,6207,3360,87,520500
    136,     28,       ,       ,1972,2000,19,RANCH,1010,ONE FAM,C-,AVG. (-),1248,2845,1679,78,185100
    136,     29,       ,       ,1946,1993,05,CAPE,1010,ONE FAM,C-,AVG. (-),1037,2700,1427,71,158500
    136,     29,    100,       ,1948,1983,19,RANCH,1010,ONE FAM,C-,AVG. (-),912,2108,1255,61,107100
    136,     30,       ,       ,1940,1993,22,CONVENT`NL,1010,ONE FAM,C-,AVG. (-),1109,2708,1582,71,190100
    136,     30,    100,       ,1995,2012,19,RANCH,1010,ONE FAM,C,AVERAGE,1092,2184,1365,90,204300
    136,     31,       ,       ,1960,1988,19,RANCH,1010,ONE FAM,C,AVERAGE,1152,2552,1456,52,133700
    136,     32,       ,       ,1972,2005,19,RANCH,1010,ONE FAM,C-,AVG. (-),1357,2786,1755,83,206500
    136,     33,       ,       ,1968,2001,18,SPLIT/RSD RANCH,1010,ONE FAM,C,AVERAGE,1020,2288,1457,79,185000
    136,     34,       ,       ,1956,1997,19,RANCH,1010,ONE FAM,C,AVERAGE,1176,3232,1710,75,195600
    136,     35,       ,       ,1990,2012,06,COLONIAL,1010,ONE FAM,B-,GOOD (-),3447,7393,4291,90,637600
    136,     36,       ,       ,1982,2009,05,CAPE,1010,ONE FAM,C+,AVG. (+),1809,4896,2639,87,342900
    136,     37,       ,       ,1956,1997,05,CAPE,1010,ONE FAM,C,AVERAGE,1102,3220,1723,75,200900
    136,     38,       ,       ,1870,1993,22,CONVENT`NL,1010,ONE FAM,C,AVERAGE,1722,5343,2828,71,295200
    136,     39,       ,       ,,0,,,6231,,,,0,0,0,,0
    137,      1,       ,       ,1860,1982,43,WAREHOUSE,325I,STORE-Ind,D+,Fair (+),4800,4800,4800,60,116100
    137,      1,       ,       ,1955,1982,78,STORE,3250,STORE,C,Average,3700,7580,5040,60,242500
    137,      1,       ,       ,1965,1985,43,WAREHOUSE,325I,STORE-Ind,C,Average,2160,2160,2160,63,89100
    137,      2,       ,       ,2021,2021,11,MOBILE HM,1030,MOBIL HM,C+,AVG. (+),952,968,954,99,72100
    137,      3,       ,       ,1965,2001,11,MOBILE HM,1030,MOBIL HM,D-,POOR,924,2201,1318,79,46800
    137,      4,       ,       ,1970,2001,19,RANCH,1010,ONE FAM,C,AVERAGE,1008,3167,1691,79,191800
    137,      5,       ,       ,1970,2001,19,RANCH,1010,ONE FAM,C-,AVG. (-),1035,2139,1411,79,162500
    137,      6,       ,       ,,,,,6231,,,,0,0,0,,0
    137,      7,       ,       ,1999,2012,19,RANCH,1010,ONE FAM,C-,AVG. (-),960,2048,1213,90,156900
    137,      8,       ,       ,1820,1989,12,MULTI-CONV,1040,2 FAMILY,C,AVERAGE,1913,4140,2351,67,225300
    137,      9,       ,       ,1989,2009,09,CONTEMPORY,1010,ONE FAM,C,AVERAGE,1588,2960,1851,87,248200
    137,     10,       ,       ,1957,2004,05,CAPE,1010,ONE FAM,C,AVERAGE,3259,7498,3829,82,412500
    137,     11,       ,       ,1969,2001,19,RANCH,1010,ONE FAM,C,AVERAGE,832,2924,1614,79,183900
    137,     12,       ,       ,1969,2001,18,SPLIT/RSD RANCH,1040,2 FAMILY,C,AVERAGE,1604,2708,2101,79,287900
    137,     13,       ,       ,1969,2004,19,RANCH,1010,ONE FAM,C+,AVG. (+),918,1910,1327,82,208000
    137,     14,       ,       ,1975,2008,19,RANCH,1010,ONE FAM,C,AVERAGE,1200,3044,1669,86,240800
    137,     15,       ,       ,1968,2001,18,SPLIT/RSD RANCH,1010,ONE FAM,C,AVERAGE,884,1956,1238,79,174300
    137,     16,       ,       ,1958,2004,18,SPLIT/RSD RANCH,1010,ONE FAM,C,AVERAGE,1456,4012,2212,82,270400
    137,     17,       ,       ,1995,2003,18,SPLIT/RSD RANCH,1010,ONE FAM,C,AVERAGE,1220,3084,1770,81,209900
    137,     18,       ,       ,1965,2001,19,RANCH,1010,ONE FAM,C,AVERAGE,1238,2496,1520,79,199800
    137,     19,       ,       ,1966,2008,19,RANCH,1010,ONE FAM,C,AVERAGE,1416,3016,1786,86,239200
    137,     20,       ,       ,1969,2001,19,RANCH,1010,ONE FAM,C,AVERAGE,1400,3678,2088,79,249300
    137,     21,       ,       ,1965,2001,19,RANCH,1010,ONE FAM,C,AVERAGE,1560,3402,2035,79,217900
    137,     22,       ,       ,1970,2001,19,RANCH,1010,ONE FAM,C,AVERAGE,1344,3648,2088,79,249200
    137,     23,       ,       ,1976,2010,19,RANCH,1010,ONE FAM,C,AVERAGE,768,2331,1399,88,202600
    137,     24,       ,       ,1987,2012,19,RANCH,1010,ONE FAM,C,AVERAGE,1008,2264,1343,90,202300
    137,     24,    100,       ,1986,2009,18,SPLIT/RSD RANCH,1010,ONE FAM,C,AVERAGE,930,1958,1348,87,199600
    137,     25,       ,       ,1966,2001,19,RANCH,1010,ONE FAM,C,AVERAGE,1338,2838,1930,79,237000
    137,     26,       ,       ,1968,2001,18,SPLIT/RSD RANCH,1010,ONE FAM,C,AVERAGE,1398,3084,1999,79,232700
    137,     27,       ,       ,1970,2001,18,SPLIT/RSD RANCH,1010,ONE FAM,C,AVERAGE,1000,2506,1613,79,186600
    137,     28,       ,       ,2007,2015,05,CAPE,1010,ONE FAM,C,AVERAGE,1638,3072,1898,93,258900
    137,     29,       ,       ,1971,2008,19,RANCH,1010,ONE FAM,C,AVERAGE,960,2516,1442,86,200600
    137,     30,       ,       ,1972,2008,19,RANCH,1010,ONE FAM,C,AVERAGE,960,3007,1557,86,223900
    137,     31,       ,       ,1969,2001,21,SPLIT LVL,1010,ONE FAM,C,AVERAGE,1660,3396,2342,79,283800
    137,     32,       ,       ,1965,2008,18,SPLIT/RSD RANCH,1010,ONE FAM,C,AVERAGE,945,2180,1349,86,199800
    137,     33,       ,       ,1965,2008,18,SPLIT/RSD RANCH,1010,ONE FAM,C,AVERAGE,1304,3216,1923,86,234700
    137,     34,       ,       ,1965,2001,19,RANCH,1010,ONE FAM,C,AVERAGE,912,2002,1182,79,175000
    137,     35,       ,       ,1968,2004,21,SPLIT LVL,1010,ONE FAM,C,AVERAGE,1200,2064,1511,82,194600
    137,     36,       ,       ,1965,2004,19,RANCH,1010,ONE FAM,C,AVERAGE,1340,3428,2068,82,234400
    137,     37,       ,       ,1978,2008,18,SPLIT/RSD RANCH,1010,ONE FAM,C,AVERAGE,1085,2612,1680,86,230300
    137,     38,       ,       ,1966,2001,19,RANCH,1010,ONE FAM,C,AVERAGE,1440,3923,2214,79,230700
    137,     39,       ,       ,1969,2004,19,RANCH,1010,ONE FAM,C,AVERAGE,2208,5045,3024,82,332300
    137,     40,       ,       ,1971,2001,19,RANCH,1010,ONE FAM,C,AVERAGE,1118,2338,1540,79,200600
    137,     41,       ,       ,1964,2001,19,RANCH,1010,ONE FAM,C,AVERAGE,1204,2954,1805,79,210200
    137,     42,       ,       ,1964,2001,19,RANCH,1010,ONE FAM,C,AVERAGE,1496,3118,1974,79,234200
    137,     43,       ,       ,1961,1997,19,RANCH,1010,ONE FAM,C,AVERAGE,1188,2973,1769,75,203600
    137,     44,       ,       ,1965,2001,19,RANCH,1010,ONE FAM,C,AVERAGE,2148,4434,2660,79,278300
    137,     45,       ,       ,1963,2001,19,RANCH,1010,ONE FAM,C,AVERAGE,1340,3390,2016,79,240300
    137,     46,       ,       ,1967,2001,19,RANCH,1010,ONE FAM,C,AVERAGE,1244,2044,1426,79,174400
    137,     47,       ,       ,1963,2001,05,CAPE,1010,ONE FAM,C,AVERAGE,1428,3584,1992,79,233300
    137,     48,       ,       ,1973,2008,18,SPLIT/RSD RANCH,1010,ONE FAM,C,AVERAGE,1080,2270,1568,86,220600
    137,     49,       ,       ,1965,2001,19,RANCH,1010,ONE FAM,C,AVERAGE,1296,3016,1772,79,216800
    137,     50,       ,       ,1940,1984,19,RANCH,1010,ONE FAM,C,AVERAGE,870,2148,1267,62,138100
    137,     51,       ,       ,1966,2001,19,RANCH,1010,ONE FAM,C,AVERAGE,1338,3234,1882,79,211800
    137,     52,       ,       ,1960,1997,19,RANCH,1010,ONE FAM,C,AVERAGE,1650,3534,2148,75,237100
    137,     53,       ,       ,1940,1993,22,CONVENT`NL,1010,ONE FAM,C,AVERAGE,2032,3312,2356,71,268100
    137,     54,       ,       ,1920,1993,22,CONVENT`NL,1010,ONE FAM,C,AVERAGE,1649,3346,2109,71,252800
    137,     56,       ,       ,1958,1997,05,CAPE,1010,ONE FAM,C+,AVG. (+),2181,4435,2741,75,323600
    137,     57,       ,       ,1865,1989,12,MULTI-CONV,1050,3 FAMILY,C,AVERAGE,3564,6127,4222,67,274800
    138,      1,       ,       ,2025,2022,19,RANCH,1010,ONE FAM,C+,AVG. (+),1664,4160,2413,20,68800
    138,      2,       ,       ,1947,1996,06,COLONIAL,1010,ONE FAM,C+,AVG. (+),2056,3507,2400,74,297600
    138,      3,       ,       ,1949,1993,05,CAPE,1010,ONE FAM,C,AVERAGE,1896,4616,2522,71,250300
    138,      4,       ,       ,1938,1979,06,COLONIAL,1010,ONE FAM,C,AVERAGE,1664,2950,2100,57,186100
    138,      5,       ,       ,1850,1974,06,COLONIAL,1090,MULT HS,C,AVERAGE,3167,7238,3920,52,210600
    138,      5,       ,       ,1970,2001,19,RANCH,1090,MULT HS,C,AVERAGE,1160,2552,1470,79,160200
    138,      6,       ,       ,1964,2004,06,COLONIAL,1010,ONE FAM,B+,GOOD (+),4158,8693,5177,82,851000
    138,      7,       ,       ,1812,1979,06,COLONIAL,1010,ONE FAM,C+,AVG. (+),3067,4636,3505,57,303900
    138,      7,    100,       ,1992,2012,05,CAPE,1010,ONE FAM,C,AVERAGE,1404,2808,1638,90,222900
    138,      7,    200,       ,,,,,1300,,,,0,0,0,,0
    138,      7,    300,       ,,,,,6001,,,,0,0,0,,0
    138,      7,    400,       ,2004,2014,19,RANCH,1010,ONE FAM,B,GOOD,1888,5208,2233,92,374800
    138,      8,       ,       ,1935,1998,05,CAPE,1010,ONE FAM,C+,AVG. (+),1447,3368,1644,76,232500
    138,      9,       ,       ,,,,,6000,,,,0,0,0,,0
    138,      9,    100,       ,1994,2013,19,RANCH,1010,ONE FAM,C,AVERAGE,2184,4764,2840,91,349000
    138,      9,    200,       ,1958,2004,06,COLONIAL,1010,ONE FAM,B,GOOD,1892,4264,2335,82,394600
    138,      9,    300,       ,1820,1989,05,CAPE,1010,ONE FAM,C+,AVG. (+),1872,3975,2179,67,214700
    138,      9,    400,       ,2004,2014,05,CAPE,1010,ONE FAM,C+,AVG. (+),1724,4680,2181,92,320100
    138,      9,    500,       ,2005,2015,06,COLONIAL,1010,ONE FAM,B,GOOD,3529,8678,4827,93,821700
    138,     10,       ,       ,1976,2008,05,CAPE,1010,ONE FAM,C,AVERAGE,1109,3071,1544,86,206900
    138,     11,       ,       ,,,,,6000,,,,0,0,0,,0
    138,     12,       ,       ,1990,2014,05,CAPE,1010,ONE FAM,B,GOOD,2609,6880,3410,92,517200
    138,     13,       ,       ,,,,,6001,,,,0,0,0,,0
    138,     14,       ,       ,2016,2016,19,RANCH,1090,MULT HS,C+,AVG. (+),2356,9012,3782,94,508400
    138,     14,       ,       ,2024,2022,19,RANCH,1090,MULT HS,C,AVERAGE,1200,2716,1592,100,226900
    138,     15,       ,       ,,,,,6211,,,,0,0,0,,0
    138,     16,       ,       ,1989,2014,19,RANCH,1010,ONE FAM,C+,AVG. (+),2026,5158,2862,92,411900
    138,     17,    100,       ,,,,,1300,,,,0,0,0,,0
    138,     17,    200,       ,2005,2015,05,CAPE,1010,ONE FAM,A-,V GOOD-,3513,9230,4777,93,829700
    138,     18,       ,       ,1977,2008,19,RANCH,1010,ONE FAM,C,AVERAGE,1248,3284,1707,86,224300
    138,     19,       ,       ,1978,2008,18,SPLIT/RSD RANCH,1010,ONE FAM,C,AVERAGE,1337,3542,1997,86,260900
    138,     20,       ,       ,1962,2001,19,RANCH,1010,ONE FAM,C,AVERAGE,1636,4764,2507,79,280800
    138,     22,       ,       ,1947,1993,05,CAPE,1010,ONE FAM,C,AVERAGE,1376,3940,1857,71,203100
    138,     23,       ,       ,1976,2005,19,RANCH,1010,ONE FAM,C,AVERAGE,1056,3202,1835,83,216900
    138,     24,       ,       ,,,,,1300,,,,0,0,0,,0
    138,     25,       ,       ,1880,1989,22,CONVENT`NL,1010,ONE FAM,C,AVERAGE,2017,3972,2429,67,249700
    138,     26,       ,       ,2015,2015,19,RANCH,1010,ONE FAM,C+,AVG. (+),2267,5332,3100,93,438400
    138,     27,       ,       ,,0,,,6001,,,,0,0,0,,0
    140,      1,       ,       ,,,,,6230,,,,0,0,0,,0
    140,      2,       ,       ,,,,,6231,,,,0,0,0,,0
    140,      3,       ,       ,1945,1993,05,CAPE,1010,ONE FAM,C,AVERAGE,1615,3652,1930,71,195700
    140,      4,       ,       ,1990,2012,06,COLONIAL,1010,ONE FAM,C,AVERAGE,1808,3516,2251,90,307900
    140,      5,       ,       ,1840,1989,12,MULTI-CONV,1040,2 FAMILY,C+,AVG. (+),2924,4884,3200,67,293100
    140,      6,       ,       ,,,,,6230,,,,0,0,0,,0
    140,      7,       ,       ,1970,2001,09,CONTEMPORY,1010,ONE FAM,B-,GOOD (-),1816,4239,2149,79,317400
    140,      8,       ,       ,,,,,6000,,,,0,0,0,,0
    140,      9,       ,       ,,,,,6000,,,,0,0,0,,0
    140,     10,       ,       ,1973,2005,09,CONTEMPORY,1090,MULT HS,C+,AVG. (+),781,1242,817,83,155200
    140,     10,       ,       ,1973,2005,09,CONTEMPORY,1090,MULT HS,C+,AVG. (+),1756,2932,1973,83,259900
    140,     10,    100,       ,2018,2019,05,CAPE,1010,ONE FAM,B-,GOOD (-),2536,7507,3534,94,504900
    140,     11,       ,       ,,,,,6230,,,,0,0,0,,0
    142,      1,       ,       ,1998,2013,09,CONTEMPORY,1010,ONE FAM,A,VERY GOOD,4704,13208,6365,91,1290700
    142,      2,       ,       ,,,,,6230,,,,0,0,0,,0
    145,      1,       ,       ,1990,1992,33,INDUST-LT,4010,IND WHSE,B-,Good (-),19397,39393,19716,70,618900
    145,      3,       ,       ,1989,1998,70,R+D LAB GD,400C,FACTORY-Comm,A,Very Good,132265,157470,138571,61,10419400
    145,      3,       ,       ,1990,1998,73,R+D,400C,FACTORY-Comm,AA,Superb,35260,37107,35689,76,3835900
    145,      3,       ,       ,1998,2003,34,INDUSTRIAL,4000,FACTORY,A,Very Good,37344,37994,37444,81,2396600
    145,      4,       ,       ,1987,1995,33,INDUST-LT,3160,COMMWHSE,B-,Good (-),35498,37310,35860,73,1068400
    145,      5,       ,       ,1986,1992,33,INDUST-LT,340I,OFFICE-Ind,C+,Avg. (+),23400,23792,23478,70,841600
    145,      6,       ,       ,1989,1992,33,INDUST-LT,3160,COMMWHSE,B-,Good (-),21000,21452,21090,70,630500
    145,      7,       ,       ,1985,1992,33,INDUST-LT,3160,COMMWHSE,C+,Avg. (+),30622,30686,30635,70,875400
    145,      8,       ,       ,1984,1993,33,INDUST-LT,3160,COMMWHSE,C+,Avg. (+),23950,48324,24038,71,722900
    145,      9,       ,       ,2001,1997,43,WAREHOUSE,4010,IND WHSE,B-,Good (-),30999,31043,31010,75,1320800
    145,     10,       ,       ,1986,1993,33,INDUST-LT,3160,COMMWHSE,B-,Good (-),25042,25310,25096,71,812800
    145,     11,       ,       ,1986,1992,33,INDUST-LT,3160,COMMWHSE,B,Good,14925,15743,15091,70,647500
    145,     12,       ,       ,1989,1992,33,INDUST-LT,3160,COMMWHSE,B-,Good (-),48678,49310,48967,70,1972100
    157,      1,       ,       ,,,,,410V,SANDGRVL-Vac,,,,,,,
    157,      2,       ,       ,1960,1972,71,OFFICE,3400,OFFICE,D,Fair,1536,4268,2435,50,146600
    157,      2,       ,       ,1975,1988,43,WAREHOUSE,340I,OFFICE-Ind,D,Fair,4000,4000,4000,66,110400
    157,      3,       ,       ,1975,1988,43,WAREHOUSE,903I,MUNICPAL-Ind,C-,Avg. (-),1680,1680,1680,66,77600
    157,      3,       ,       ,2001,1997,43,WAREHOUSE,903I,MUNICPAL-Ind,C,Average,4559,5879,4823,75,196100
    157,      3,       ,       ,2001,1997,43,WAREHOUSE,903I,MUNICPAL-Ind,C,Average,8400,8400,8400,75,309500
    157,      3,       ,       ,2018,2018,71,OFFICE,903C,MUNICPAL-Comm,C,Average,288,408,372,96,61900
    157,      3,    100,       ,1990,1992,43,WAREHOUSE,4010,IND WHSE,C,Average,2400,2400,2400,70,104400
    157,      3,    200,       ,,0,,,9030,,,,0,0,0,,0
    157,      4,       ,       ,,,,,401V,,,,0,0,0,,0
    157,      5,       ,       ,,,,,4120,,,,0,0,0,,0
    157,      6,       ,       ,1973,1988,43,WAREHOUSE,4010,IND WHSE,C+,Avg. (+),6020,6236,6063,66,234900
    157,      6,       ,       ,1998,1997,73,R+D,401C,IND WHSE-Comm,B-,Good (-),1008,1008,1008,75,98300
    157,      6,       ,       ,1999,1997,73,R+D,401C,IND WHSE-Comm,C+,Avg. (+),880,1895,1117,75,95200
    157,      8,       ,       ,1956,2009,22,CONVENT`NL,1010,ONE FAM,C,AVERAGE,1357,2243,1574,87,256100
    157,      9,       ,       ,1956,1988,05,CAPE,1010,ONE FAM,C-,AVG. (-),1257,2822,1515,66,137400
    157,     10,       ,       ,1976,2001,06,COLONIAL,1010,ONE FAM,C-,AVG. (-),1728,1908,1746,79,180400
    157,     11,       ,       ,1974,2000,19,RANCH,1010,ONE FAM,C,AVERAGE,1152,2672,1554,78,194900
    157,     12,       ,       ,1975,2005,18,SPLIT/RSD RANCH,1010,ONE FAM,C,AVERAGE,1530,3470,2211,83,263000
    157,     13,       ,       ,1976,2008,09,CONTEMPORY,1010,ONE FAM,C,AVERAGE,2788,4945,3131,86,390300
    159,      1,       ,       ,2001,2014,06,COLONIAL,1010,ONE FAM,A-,V GOOD-,4798,9076,6259,92,1198400
    159,      2,       ,       ,1960,1997,19,RANCH,1010,ONE FAM,C,AVERAGE,1012,2039,1322,75,165500
    159,      3,       ,       ,1933,1984,02,BUNGALOW,1010,ONE FAM,C,AVERAGE,972,2195,1161,62,125100
    159,      4,       ,       ,,,,,9030,,,,0,0,0,,0
    159,      4,    100,       ,,,,,9030,,,,0,0,0,,0
    159,      5,       ,       ,1996,2013,06,COLONIAL,1010,ONE FAM,C,AVERAGE,2128,6806,3169,91,427200
    159,      6,       ,       ,1930,1932,02,BUNGALOW,1010,ONE FAM,D,FAIR,396,756,443,1,800
    159,      7,       ,       ,,,,,9030,,,,0,0,0,,0
    159,      8,       ,       ,1971,2001,19,RANCH,1010,ONE FAM,C,AVERAGE,1342,3476,1897,79,226100
    159,      9,       ,       ,1998,2012,19,RANCH,1010,ONE FAM,C,AVERAGE,1176,2352,1613,90,233300
    159,     10,       ,       ,1976,2000,19,RANCH,1010,ONE FAM,C,AVERAGE,1548,3757,2231,78,239100
    161,      1,       ,       ,1991,2012,09,CONTEMPORY,1010,ONE FAM,B,GOOD,1908,4256,2494,90,432600
    161,      2,       ,       ,1988,2009,05,CAPE,1010,ONE FAM,C+,AVG. (+),1861,4478,2631,87,357800
    161,      3,       ,       ,,,,,6201,,,,0,0,0,,0
    161,      4,       ,       ,,,,,6200,,,,0,0,0,,0
    161,      5,       ,       ,,,,,6210,,,,0,0,0,,0
    161,      6,       ,       ,1978,2005,06,COLONIAL,1010,ONE FAM,C,AVERAGE,1920,3856,2466,83,325800
    161,      7,       ,       ,1977,2005,18,SPLIT/RSD RANCH,1010,ONE FAM,C+,AVG. (+),1548,3610,2183,83,292300
    161,      8,       ,       ,1975,2005,19,RANCH,1010,ONE FAM,C,AVERAGE,1634,3818,2183,83,266500
    161,      9,       ,       ,,,,,9030,,,,0,0,0,,0
    161,     10,       ,       ,1860,1989,12,MULTI-CONV,1050,3 FAMILY,C,AVERAGE,3627,7577,4494,67,313400
    161,     11,       ,       ,1840,1989,22,CONVENT`NL,1010,ONE FAM,C,AVERAGE,4824,14340,7627,67,600300
    161,     12,       ,       ,1977,2010,19,RANCH,1010,ONE FAM,C,AVERAGE,1144,2760,1477,83,206600
    161,     13,       ,       ,1983,2009,09,CONTEMPORY,1010,ONE FAM,C+,AVG. (+),1017,2848,1296,67,158200
    161,     14,       ,       ,1981,2008,05,CAPE,1010,ONE FAM,C+,AVG. (+),1297,2012,1448,86,224900
    161,     15,       ,       ,1965,2001,19,RANCH,1010,ONE FAM,C,AVERAGE,1400,3084,1884,79,222700
    161,     16,       ,       ,1980,2005,18,SPLIT/RSD RANCH,1010,ONE FAM,C,AVERAGE,1248,2616,1668,83,218400
    161,     17,       ,       ,1973,2005,18,SPLIT/RSD RANCH,1010,ONE FAM,C,AVERAGE,1512,3108,2037,83,251300
    161,     18,       ,       ,1974,2012,18,SPLIT/RSD RANCH,1010,ONE FAM,C,AVERAGE,1248,3148,1914,90,263700
    161,     19,       ,       ,1972,1992,18,SPLIT/RSD RANCH,1010,ONE FAM,C-,AVG. (-),1248,2992,1743,42,104300
    161,     20,       ,       ,1976,2005,05,CAPE,1010,ONE FAM,C,AVERAGE,1482,2552,1712,83,200200
    161,     21,       ,       ,1976,2008,18,SPLIT/RSD RANCH,1010,ONE FAM,C,AVERAGE,1248,2608,1725,86,233300
    161,     22,       ,       ,1975,2005,18,SPLIT/RSD RANCH,1010,ONE FAM,C,AVERAGE,1248,2640,1737,83,212700
    161,     23,       ,       ,1982,2009,18,SPLIT/RSD RANCH,1010,ONE FAM,C,AVERAGE,1176,3108,1785,87,231900
    161,     24,       ,       ,1982,2009,19,RANCH,1010,ONE FAM,C,AVERAGE,1500,4127,2327,87,295700
    161,     25,       ,       ,1996,2013,05,CAPE,1010,ONE FAM,B-,GOOD (-),2524,5798,3548,91,503500
    161,     26,       ,       ,1983,2012,06,COLONIAL,1010,ONE FAM,B,GOOD,3047,8530,5047,90,777700
    161,     27,       ,       ,1980,2002,06,COLONIAL,1010,ONE FAM,C,AVERAGE,2068,3935,2575,80,296000
    161,     28,       ,       ,1981,2008,19,RANCH,1010,ONE FAM,C,AVERAGE,1224,2958,1871,86,252600
    161,     29,       ,       ,1981,2012,21,SPLIT LVL,1010,ONE FAM,C+,AVG. (+),1644,4029,2248,90,324300
    161,     30,       ,       ,1981,2005,18,SPLIT/RSD RANCH,1010,ONE FAM,C,AVERAGE,1040,2652,1602,83,218700
    161,     31,       ,       ,1980,2005,09,CONTEMPORY,1010,ONE FAM,C,AVERAGE,977,1896,1217,83,170200
    161,     32,       ,       ,1985,2009,18,SPLIT/RSD RANCH,1010,ONE FAM,C,AVERAGE,1200,2496,1621,87,223500
    161,     33,       ,       ,1996,2010,09,CONTEMPORY,1010,ONE FAM,B+,GOOD (+),4422,10515,5873,88,778900
    161,     34,       ,       ,1978,2008,06,COLONIAL,1010,ONE FAM,C+,AVG. (+),2743,4320,3033,86,415900
    161,     35,       ,       ,1976,2008,18,SPLIT/RSD RANCH,1010,ONE FAM,C+,AVG. (+),1248,2592,1720,86,252800
    161,     36,       ,       ,1976,2008,18,SPLIT/RSD RANCH,1010,ONE FAM,C+,AVG. (+),1248,2884,1762,86,257000
    161,     37,       ,       ,1978,2008,06,COLONIAL,1010,ONE FAM,C+,AVG. (+),2418,2918,2503,86,321900
    161,     38,       ,       ,1975,2008,06,COLONIAL,1010,ONE FAM,C+,AVG. (+),2544,3812,2693,86,367100
    161,     39,       ,       ,1976,2008,18,SPLIT/RSD RANCH,1010,ONE FAM,C+,AVG. (+),1472,3824,2310,86,313500
    161,     40,       ,       ,1978,2010,05,CAPE,1010,ONE FAM,C,AVERAGE,1638,5108,2537,88,303500
    161,     41,       ,       ,1976,2001,06,COLONIAL,1010,ONE FAM,C,AVERAGE,2412,3972,2772,79,296200
    161,     42,       ,       ,1976,2012,18,SPLIT/RSD RANCH,1010,ONE FAM,C+,AVG. (+),1714,5172,2716,90,386200
    161,     43,       ,       ,1976,2005,06,COLONIAL,1010,ONE FAM,C,AVERAGE,2292,3480,2580,83,311900
    161,     44,       ,       ,1971,2001,05,CAPE,1010,ONE FAM,C,AVERAGE,1818,3056,1885,79,190600
    161,     45,       ,       ,1972,2005,05,CAPE,1010,ONE FAM,C,AVERAGE,1482,3484,1534,83,206000
    161,     46,       ,       ,1972,2008,18,SPLIT/RSD RANCH,1010,ONE FAM,C,AVERAGE,1500,2844,1986,86,256000
    161,     47,       ,       ,1971,2004,18,SPLIT/RSD RANCH,1010,ONE FAM,C,AVERAGE,1474,3498,2102,82,272100
    161,     48,       ,       ,1978,2005,18,SPLIT/RSD RANCH,1010,ONE FAM,C,AVERAGE,1120,3416,1943,83,230500
    161,     49,       ,       ,1976,2005,18,SPLIT/RSD RANCH,1010,ONE FAM,C,AVERAGE,1248,2688,1726,83,211800
    161,     50,       ,       ,1977,2005,06,COLONIAL,1010,ONE FAM,C,AVERAGE,1752,2178,1904,83,226700
    161,     51,       ,       ,1976,2010,18,SPLIT/RSD RANCH,1010,ONE FAM,C,AVERAGE,1498,3675,2376,88,316600
    161,     52,       ,       ,1972,2005,18,SPLIT/RSD RANCH,1010,ONE FAM,C,AVERAGE,1092,3240,1861,83,215300
    161,     53,       ,       ,1972,2005,18,SPLIT/RSD RANCH,1010,ONE FAM,C,AVERAGE,1248,2644,1717,83,209400
    161,     54,       ,       ,1972,2005,18,SPLIT/RSD RANCH,1010,ONE FAM,C,AVERAGE,1248,2592,1691,83,208500
    161,     55,       ,       ,,,,,9030,,,,0,0,0,,0
    161,     56,       ,       ,1976,2005,18,SPLIT/RSD RANCH,1010,ONE FAM,C,AVERAGE,1625,3377,2272,83,266700
    161,     57,       ,       ,1976,2008,18,SPLIT/RSD RANCH,1010,ONE FAM,C+,AVG. (+),1552,3352,2261,86,327900
    161,     58,       ,       ,1971,2001,18,SPLIT/RSD RANCH,1010,ONE FAM,C,AVERAGE,1296,2664,1784,79,222800
    161,     59,       ,       ,1976,2005,06,COLONIAL,1010,ONE FAM,C+,AVG. (+),2448,3268,2819,83,365700
    161,     60,       ,       ,1971,2001,18,SPLIT/RSD RANCH,1010,ONE FAM,C,AVERAGE,1248,3166,2047,79,230500
    161,     61,       ,       ,1971,2001,18,SPLIT/RSD RANCH,1010,ONE FAM,C,AVERAGE,1248,2692,1740,79,211100
    161,     62,       ,       ,1988,2012,06,COLONIAL,1010,ONE FAM,B,GOOD,3049,6580,3839,90,636800
    161,     63,       ,       ,1969,2004,19,RANCH,1010,ONE FAM,C+,AVG. (+),1744,4040,2523,82,294500
    161,     64,       ,       ,2013,2017,19,RANCH,1010,ONE FAM,C+,AVG. (+),2720,6762,3873,95,508800
    161,     65,    100,       ,1900,1987,08,CONDO-TNHS,1020,CONDO,03,ADEQUATE,3091,4287,3233,65,411800
    161,     65,    300,       ,1900,1987,08,CONDO-TNHS,1020,CONDO,03,ADEQUATE,909,1512,1019,65,236500
    161,     65,    400,       ,1900,1987,08,CONDO-TNHS,1020,CONDO,03,ADEQUATE,609,854,619,65,207400
    161,     65,    500,       ,1900,1987,08,CONDO-TNHS,1020,CONDO,03,ADEQUATE,1002,1961,1161,65,270900
    161,     65,    600,       ,1900,1987,08,CONDO-TNHS,1020,CONDO,03,ADEQUATE,867,1858,1104,65,273100
    161,     66,       ,       ,1988,2012,06,COLONIAL,1010,ONE FAM,C+,AVG. (+),1748,3014,2014,90,304700
    163,      1,       ,       ,1800,1989,05,CAPE,1010,ONE FAM,B-,GOOD (-),1696,4012,2079,67,252000
    163,      2,       ,       ,,,,,6000,,,,0,0,0,,0
    163,      3,       ,       ,1985,2009,09,CONTEMPORY,1010,ONE FAM,C,AVERAGE,1976,4642,2567,87,336000
    163,      4,       ,       ,1985,2009,19,RANCH,1010,ONE FAM,C,AVERAGE,1248,2578,1568,87,227300
    163,      5,       ,       ,1800,1993,22,CONVENT`NL,1010,ONE FAM,C,AVERAGE,2759,5955,3436,71,345900
    163,      6,    100,       ,1986,2012,05,CAPE,1010,ONE FAM,B,GOOD,2322,5366,2482,90,403600
    163,      7,       ,       ,1986,2009,18,SPLIT/RSD RANCH,1010,ONE FAM,C,AVERAGE,2964,6456,3754,87,372800
    163,      8,       ,       ,,,,,1320,,,,0,0,0,,0
    163,      9,       ,       ,1977,2005,05,CAPE,1010,ONE FAM,C,AVERAGE,1825,3729,2174,83,249300
    163,     10,       ,       ,1976,2010,19,RANCH,1010,ONE FAM,C,AVERAGE,1696,4116,2393,88,297700
    163,     11,       ,       ,1984,2012,22,CONVENT`NL,1010,ONE FAM,C,AVERAGE,1952,4457,2594,90,365600
    163,     12,       ,       ,2016,2016,22,CONVENT`NL,1010,ONE FAM,C,AVERAGE,2646,6420,3397,94,472300
    163,     13,       ,       ,1977,2005,06,COLONIAL,1010,ONE FAM,C+,AVG. (+),2700,4739,3310,83,406100
    163,     14,       ,       ,1984,2009,05,CAPE,1010,ONE FAM,C,AVERAGE,2553,5492,3038,87,321500
    163,     15,       ,       ,1983,2009,19,RANCH,1010,ONE FAM,C,AVERAGE,1440,5210,2404,87,312400
    163,     16,       ,       ,1988,2012,05,CAPE,1010,ONE FAM,B,GOOD,2822,6864,3928,90,595000
    163,     17,       ,       ,1982,2012,06,COLONIAL,1010,ONE FAM,C+,AVG. (+),2868,6616,3787,90,521500
    163,     18,       ,       ,1984,2009,09,CONTEMPORY,1010,ONE FAM,C,AVERAGE,2356,5759,3195,87,394600
    163,     19,       ,       ,1988,2014,06,COLONIAL,1010,ONE FAM,B,GOOD,2302,5003,2935,92,544400
    163,     20,       ,       ,1989,2013,06,COLONIAL,1010,ONE FAM,C+,AVG. (+),2574,5643,3558,91,491200
    163,     21,       ,       ,1987,2012,19,RANCH,1010,ONE FAM,C,AVERAGE,1960,4040,2487,90,318800
    163,     22,       ,       ,1972,2012,05,CAPE,1010,ONE FAM,C+,AVG. (+),1944,4264,2287,90,312600
    163,     23,       ,       ,1978,2005,06,COLONIAL,1010,ONE FAM,C+,AVG. (+),2244,5014,2864,83,365100
    163,     24,       ,       ,1987,2009,09,CONTEMPORY,1010,ONE FAM,C,AVERAGE,2780,3696,3044,87,339700
    163,     25,       ,       ,1979,2008,09,CONTEMPORY,1010,ONE FAM,C+,AVG. (+),1930,3411,2250,86,321000
    163,     26,    100,       ,2000,2013,09,CONTEMPORY,1010,ONE FAM,B,GOOD,3719,7499,5035,91,793800
    163,     26,    200,       ,1976,2005,19,RANCH,1010,ONE FAM,C,AVERAGE,1444,3148,1816,83,244200
    163,     27,       ,       ,1950,1979,02,BUNGALOW,1010,ONE FAM,D,FAIR,900,1920,1094,23,33500
    163,     28,    100,       ,,,,,1300,,,,0,0,0,,0
    163,     28,    200,       ,1999,2013,06,COLONIAL,1010,ONE FAM,C+,AVG. (+),2309,5854,3151,91,466300
    163,     29,       ,       ,,,,,6000,,,,0,0,0,,0
    163,     30,       ,       ,1978,2012,19,RANCH,1010,ONE FAM,C,AVERAGE,1560,3614,2170,90,295100
    163,     31,       ,       ,,,,,6220,,,,0,0,0,,0
    163,     32,       ,       ,1935,2015,05,CAPE,1010,ONE FAM,C-,AVG. (-),907,1534,1013,93,160200
    163,     33,       ,       ,1969,2004,19,RANCH,1010,ONE FAM,C,AVERAGE,1104,2647,1557,82,199700
    163,     34,       ,       ,1947,1983,02,BUNGALOW,1010,ONE FAM,C-,AVG. (-),1061,2311,1459,61,119000
    163,     35,       ,       ,1999,2014,19,RANCH,1010,ONE FAM,C,AVERAGE,1232,2688,1566,92,240200
    163,     36,       ,       ,,,,,1060,,,,0,0,0,,0
    165,      1,       ,       ,1786,1989,05,CAPE,1010,ONE FAM,C+,AVG. (+),1539,3708,1715,67,190500
    165,      2,       ,       ,,,,,6210,,,,0,0,0,,0
    165,      2,    100,       ,1989,2012,05,CAPE,1010,ONE FAM,C+,AVG. (+),1314,3380,1710,90,265800
    165,      3,       ,       ,1926,1979,22,CONVENT`NL,1090,MULT HS,C-,AVG. (-),756,1547,909,57,94900
    165,      3,       ,       ,2016,2017,05,CAPE,1090,MULT HS,C+,AVG. (+),2313,4370,2708,95,347400
    165,      4,       ,       ,1975,2005,19,RANCH,1010,ONE FAM,C,AVERAGE,1056,2112,1320,83,169900
    165,      6,       ,       ,,,,,1300,,,,0,0,0,,0
    165,      7,       ,       ,1955,1997,19,RANCH,1010,ONE FAM,C-,AVG. (-),1560,3532,2229,75,210600
    165,      8,       ,       ,1953,1997,05,CAPE,1090,MULT HS,C,AVERAGE,1365,3036,1786,75,176500
    165,      8,       ,       ,1960,1988,05,CAPE,1090,MULT HS,D,FAIR,839,1746,976,66,80000
    165,      9,       ,       ,,,,,6231,,,,0,0,0,,0
    165,     10,       ,       ,1996,2012,06,COLONIAL,1010,ONE FAM,B-,GOOD (-),2597,6546,3486,90,532500
    165,     11,       ,       ,1993,2012,06,COLONIAL,1010,ONE FAM,B-,GOOD (-),1781,3554,2293,90,382800
    165,     12,       ,       ,1987,2012,05,CAPE,1010,ONE FAM,C+,AVG. (+),1854,3294,2124,90,314200
    165,     13,       ,       ,,,,,6221,,,,0,0,0,,0
    165,     13,    100,       ,,,,,1300,,,,,,,,
    165,     14,       ,       ,1987,2009,19,RANCH,1010,ONE FAM,C,AVERAGE,1906,4140,2386,87,304600
    165,     15,       ,       ,2001,2006,19,RANCH,1010,ONE FAM,C,AVERAGE,1680,3360,2100,84,250600
    165,     16,       ,       ,1975,2010,18,SPLIT/RSD RANCH,1010,ONE FAM,C+,AVG. (+),1170,2496,1699,88,241100
    165,     17,    100,       ,2005,2013,06,COLONIAL,1010,ONE FAM,B,GOOD,3672,7508,4682,91,732900
    165,     17,    200,       ,2005,2015,06,COLONIAL,1010,ONE FAM,B+,GOOD (+),2796,5720,3738,93,719200
    165,     17,    300,       ,2004,2013,06,COLONIAL,1010,ONE FAM,B,GOOD,2302,4820,3021,91,547700
    165,     18,       ,       ,2001,2012,06,COLONIAL,1010,ONE FAM,B,GOOD,2323,6131,3137,90,521000
    165,     19,       ,       ,1987,2012,06,COLONIAL,1010,ONE FAM,B,GOOD,2532,6784,3441,90,584100
    165,     20,       ,       ,1988,2014,06,COLONIAL,1010,ONE FAM,B+,GOOD (+),2252,4318,2935,92,614800
    165,     21,       ,       ,1988,2012,05,CAPE,1010,ONE FAM,C+,AVG. (+),2359,5492,2998,90,398600
    165,     22,       ,       ,1987,2012,05,CAPE,1010,ONE FAM,C+,AVG. (+),2280,4320,2764,90,379500
    165,     23,       ,       ,1987,2012,06,COLONIAL,1010,ONE FAM,B,GOOD,1848,3667,2325,90,427700
    165,     24,       ,       ,1988,2009,06,COLONIAL,1010,ONE FAM,B-,GOOD (-),1848,3563,2319,87,379400
    165,     25,       ,       ,1987,2009,09,CONTEMPORY,1010,ONE FAM,B+,GOOD (+),2011,6272,2726,87,487400
    165,     26,       ,       ,1987,2012,05,CAPE,1010,ONE FAM,B,GOOD,2664,6278,3395,90,494200
    165,     27,       ,       ,1971,2001,19,RANCH,1010,ONE FAM,C,AVERAGE,1196,3152,1855,79,210000
    165,     28,       ,       ,1992,2012,05,CAPE,1010,ONE FAM,C,AVERAGE,1353,3749,1916,90,266600
    165,     29,       ,       ,1971,2004,05,CAPE,1010,ONE FAM,C,AVERAGE,1114,2795,1433,82,179300
    165,     30,       ,       ,1976,2002,06,COLONIAL,1010,ONE FAM,C-,AVG. (-),2472,4718,3058,80,300200
    165,     31,    100,       ,2007,2014,19,RANCH,1012,ONE FAM W ACC,C,AVERAGE,1566,4518,2477,92,323300
    165,     31,    100,       ,2022,2022,02,BUNGALOW,1012,ONE FAM W ACC,C,AVERAGE,672,1632,946,100,182300
    165,     31,    200,       ,2006,2002,46,CHURCH/SYN,9060,CHURCH,C,Average,5187,5587,5267,80,538500
    165,     31,    300,       ,,,,,6001,,,,0,0,0,,0
    165,     31,    400,       ,2008,2014,05,CAPE,1010,ONE FAM,B+,GOOD (+),3979,12424,5577,92,799800
    165,     31,    450,       ,2009,2014,06,COLONIAL,1010,ONE FAM,B+,GOOD (+),3980,8427,4916,92,782500
    165,     31,    500,       ,2009,2014,09,CONTEMPORY,1010,ONE FAM,B,GOOD,2036,4852,2624,92,479400
    165,     31,    600,       ,2006,2015,09,CONTEMPORY,1010,ONE FAM,B+,GOOD (+),3090,7063,3853,93,704800
    165,     31,    700,       ,2010,2018,12,MULTI-CONV,1040,2 FAMILY,B-,GOOD (-),3386,6044,4095,96,573300
    165,     31,    800,       ,2020,2021,22,CONVENT`NL,1010,ONE FAM,B+,GOOD (+),2664,6156,3663,99,765000
    165,     31,    900,       ,,,,,9780,,,,0,0,0,,0
    165,     32,       ,       ,1988,2009,05,CAPE,1010,ONE FAM,C,AVERAGE,1460,3472,1772,87,241500
    165,     33,       ,       ,1980,2005,06,COLONIAL,1010,ONE FAM,C,AVERAGE,2618,4705,3066,83,375600
    165,     34,       ,       ,1988,2012,05,CAPE,1010,ONE FAM,C+,AVG. (+),1512,2800,1768,90,277500
    165,     35,       ,       ,1987,2009,19,RANCH,1010,ONE FAM,C+,AVG. (+),1428,3192,1885,87,279500
    165,     37,       ,       ,,,,,6121,,,,0,0,0,,0
    165,     39,       ,       ,1959,1988,05,CAPE,1010,ONE FAM,C-,AVG. (-),1260,2243,1448,66,129300
    165,     40,       ,       ,1830,1974,05,CAPE,1010,ONE FAM,C-,AVG. (-),1215,2844,1454,52,105300
    165,     41,       ,       ,2005,2013,19,RANCH,1010,ONE FAM,B-,GOOD (-),1338,3204,1928,91,316500
    165,     43,       ,       ,2016,2016,06,COLONIAL,1010,ONE FAM,B+,GOOD (+),3998,7628,4870,94,923300
    167,      1,       ,       ,1984,2012,05,CAPE,1010,ONE FAM,C,AVERAGE,1898,4740,2632,90,333400
    167,      2,       ,       ,2005,2013,19,RANCH,1010,ONE FAM,C,AVERAGE,1776,3584,2226,91,290900
    167,      3,       ,       ,2013,2015,19,RANCH,1010,ONE FAM,C+,AVG. (+),1336,3536,2008,93,296600
    167,      3,    100,       ,1936,1979,05,CAPE,1010,ONE FAM,C,AVERAGE,1502,3152,2007,57,168200
    167,      3,    200,       ,,,,,1300,,,,0,0,0,,0
    167,      4,       ,       ,2006,2009,19,RANCH,1010,ONE FAM,C-,AVG. (-),1088,2256,1368,87,179700
    167,      4,    100,       ,2009,2014,19,RANCH,1010,ONE FAM,C-,AVG. (-),938,1953,1187,92,187900
    167,      5,       ,       ,2023,2022,19,RANCH,1010,ONE FAM,C,AVERAGE,1276,2612,1585,100,246000
    167,      6,       ,       ,,,,,1060,,,,0,0,0,,0
    167,      7,       ,       ,,,,,1060,,,,0,0,0,,0
    167,      8,       ,       ,1800,1932,05,CAPE,1010,ONE FAM,C-,AVG. (-),891,2244,1175,30,47600
    167,     10,       ,       ,,,,,6001,,,,0,0,0,,0
    167,     11,       ,       ,1940,1989,02,BUNGALOW,1010,ONE FAM,C-,AVG. (-),1166,2680,1408,67,123500
    167,     12,       ,       ,1975,2005,18,SPLIT/RSD RANCH,1010,ONE FAM,C,AVERAGE,954,2674,1475,83,187400
    167,     13,       ,       ,1850,1979,22,CONVENT`NL,1010,ONE FAM,C,AVERAGE,1675,5996,2761,57,235000
    167,     14,       ,       ,,,,,6231,,,,0,0,0,,0
    167,     15,       ,       ,1800,1993,22,CONVENT`NL,1010,ONE FAM,C,AVERAGE,2170,4040,2512,71,277200
    167,     16,       ,       ,1981,2005,06,COLONIAL,1010,ONE FAM,C+,AVG. (+),3172,6043,3912,83,489400
    167,     17,       ,       ,1952,1988,19,RANCH,1010,ONE FAM,C-,AVG. (-),800,2468,1334,66,111000
    167,     18,       ,       ,2006,2013,19,RANCH,1010,ONE FAM,C,AVERAGE,2576,5198,3154,91,392900
    167,     19,       ,       ,,,,,6230,,,,0,0,0,,0
    167,     19,    100,       ,1964,2001,02,BUNGALOW,1010,ONE FAM,C,AVERAGE,1373,3144,1755,79,191100
    167,     20,       ,       ,,,,,6231,,,,0,0,0,,0
    167,     21,       ,       ,1988,2009,19,RANCH,1010,ONE FAM,C,AVERAGE,1352,2800,1700,87,236400
    167,     22,       ,       ,1900,1993,19,RANCH,1010,ONE FAM,C-,AVG. (-),894,1102,930,71,113400
    167,     23,       ,       ,1968,2001,19,RANCH,1010,ONE FAM,C,AVERAGE,912,3239,1570,79,191900
    167,     24,       ,       ,1920,1989,19,RANCH,1010,ONE FAM,C-,AVG. (-),720,1764,983,67,112600
    167,     25,       ,       ,2000,2012,19,RANCH,1010,ONE FAM,C,AVERAGE,1248,2521,1563,90,228700
    167,     26,       ,       ,1987,2002,19,RANCH,1010,ONE FAM,C,AVERAGE,1196,2392,1495,80,199900
    167,     27,       ,       ,1947,1993,05,CAPE,1010,ONE FAM,C,AVERAGE,1123,2816,1401,71,162500
    167,     28,       ,       ,,,,,1300,,,,0,0,0,,0
    167,     29,       ,       ,1988,2009,05,CAPE,1010,ONE FAM,C,AVERAGE,1638,3600,2208,87,283900
    167,     30,       ,       ,1988,2009,06,COLONIAL,1010,ONE FAM,C,AVERAGE,2016,3742,2494,87,333500
    167,     31,       ,       ,1900,1993,02,BUNGALOW,1010,ONE FAM,C-,AVG. (-),1448,2408,1720,71,149700
    167,     32,       ,       ,1920,1989,02,BUNGALOW,1010,ONE FAM,C,AVERAGE,1176,2387,1477,67,138600
    167,     34,       ,       ,1958,1997,05,CAPE,1010,ONE FAM,C,AVERAGE,1473,4044,1993,75,216600
    169,      1,       ,       ,,,,,6231,,,,0,0,0,,0
    169,      2,       ,       ,1968,2001,19,RANCH,1010,ONE FAM,C,AVERAGE,1092,2368,1491,79,179800
    169,      3,       ,       ,1980,2005,19,RANCH,1010,ONE FAM,C-,AVG. (-),1008,2992,1670,81,191800
    169,      4,       ,       ,,,,,6201,,,,0,0,0,,0
    169,      5,       ,       ,1940,1932,02,BUNGALOW,1010,ONE FAM,D-,POOR,518,768,518,30,8800
    185,      1,       ,       ,,,,,9010,,,,0,0,0,,0
    185,      2,       ,       ,1996,2014,19,RANCH,1010,ONE FAM,C+,AVG. (+),1616,4768,2540,92,350800
    185,      3,       ,       ,1840,1979,12,MULTI-CONV,1040,2 FAMILY,C,AVERAGE,2946,4956,3388,57,209400
    185,      4,       ,       ,1945,1988,19,RANCH,1010,ONE FAM,D,FAIR,851,1012,867,16,20800
    185,      5,       ,       ,,,,,1300,,,,0,0,0,,0
    185,      6,       ,       ,,,,,6210,,,,0,0,0,,0
    186,      1,       ,       ,1976,2010,18,SPLIT/RSD RANCH,1010,ONE FAM,C,AVERAGE,1049,2261,1493,88,208200
    186,      2,       ,       ,1978,2005,19,RANCH,1010,ONE FAM,C,AVERAGE,1286,2962,1686,83,219200
    186,      3,       ,       ,1951,1996,05,CAPE,1010,ONE FAM,C-,AVG. (-),1036,2000,1204,74,138000
    186,      4,       ,       ,1976,2000,18,SPLIT/RSD RANCH,1010,ONE FAM,C,AVERAGE,1050,2590,1488,78,180000
    186,      5,       ,       ,1983,2004,18,SPLIT/RSD RANCH,1010,ONE FAM,C,AVERAGE,864,1904,1303,82,174700
    186,      6,       ,       ,1980,2000,19,RANCH,1010,ONE FAM,C-,AVG. (-),1008,2304,1375,78,155800
    186,      7,       ,       ,1983,2012,19,RANCH,1010,ONE FAM,C,AVERAGE,1040,3325,1810,90,243500
    186,      8,       ,       ,,,,,6211,,,,0,0,0,,0
    186,      9,       ,       ,1987,2009,18,SPLIT/RSD RANCH,1010,ONE FAM,C,AVERAGE,1056,2280,1484,87,212000
    186,     10,       ,       ,1987,2009,05,CAPE,1010,ONE FAM,C,AVERAGE,2065,4231,2472,87,299300
    186,     11,       ,       ,1989,2012,06,COLONIAL,1040,2 FAMILY,C,AVERAGE,2330,6558,3276,90,510700
    186,     12,       ,       ,1988,1999,05,CAPE,1010,ONE FAM,C-,AVG. (-),2016,3504,2338,77,237800
    186,     13,       ,       ,2001,2013,06,COLONIAL,1010,ONE FAM,C,AVERAGE,1594,2923,1956,91,291400
    186,     14,       ,       ,1990,2009,22,CONVENT`NL,1010,ONE FAM,C,AVERAGE,2388,5574,3360,87,450200
    186,     15,       ,       ,1988,2009,06,COLONIAL,1010,ONE FAM,C,AVERAGE,1807,3522,2274,87,303100
    186,     16,       ,       ,1988,2012,19,RANCH,1010,ONE FAM,C,AVERAGE,1756,5256,2642,90,336100
    186,     17,       ,       ,1988,2009,05,CAPE,1010,ONE FAM,C,AVERAGE,1992,4032,2356,87,294700
    186,     18,       ,       ,1987,2009,19,RANCH,1010,ONE FAM,C,AVERAGE,1196,2842,1573,87,228500
    186,     19,       ,       ,1988,2009,21,SPLIT LVL,1010,ONE FAM,C,AVERAGE,1368,3049,1942,87,261400
    186,     20,       ,       ,1979,2005,18,SPLIT/RSD RANCH,1010,ONE FAM,C,AVERAGE,1970,4194,2774,83,302600
    186,     21,       ,       ,1982,2009,05,CAPE,1010,ONE FAM,C,AVERAGE,2236,4288,2674,87,325500
    186,     22,       ,       ,1982,2004,05,CAPE,1010,ONE FAM,C,AVERAGE,1596,2918,1842,82,240300
    186,     23,       ,       ,1985,2009,19,RANCH,1010,ONE FAM,C,AVERAGE,1170,3880,2054,87,270300
    186,     24,       ,       ,2003,2013,18,SPLIT/RSD RANCH,1010,ONE FAM,C,AVERAGE,1502,3148,2160,91,292500
    186,     25,       ,       ,2004,2013,19,RANCH,1010,ONE FAM,C,AVERAGE,1344,2934,1705,91,246200
    186,     26,       ,       ,1984,2013,19,RANCH,1010,ONE FAM,C,AVERAGE,1680,3612,2316,91,316600
    186,     27,       ,       ,1977,2008,18,SPLIT/RSD RANCH,1010,ONE FAM,C,AVERAGE,878,2246,1356,86,198400
    186,     28,       ,       ,,,,,9030,,,,0,0,0,,0
    186,     29,    100,       ,1940,1989,05,CAPE,1010,ONE FAM,C,AVERAGE,729,2040,942,67,122700
    186,     29,    200,       ,1996,2012,19,RANCH,1010,ONE FAM,C,AVERAGE,1196,5408,2548,90,318700
    186,     29,    300,       ,1995,2013,06,COLONIAL,1012,ONE FAM W ACC,C,AVERAGE,1892,4660,2855,91,386600
    186,     30,       ,       ,1986,2009,18,SPLIT/RSD RANCH,1010,ONE FAM,C,AVERAGE,2125,4655,2966,87,350000
    186,     31,       ,       ,1997,2012,18,SPLIT/RSD RANCH,1010,ONE FAM,C,AVERAGE,993,2227,1459,90,217500
    186,     31,    100,       ,2012,2015,18,SPLIT/RSD RANCH,1010,ONE FAM,C,AVERAGE,1500,3242,2011,93,279900
    186,     32,       ,       ,1975,2000,10,APT/GAR,1040,2 FAMILY,D-,POOR,624,2691,1201,78,113100
    186,     32,       ,       ,1975,2005,18,SPLIT/RSD RANCH,1040,2 FAMILY,C,AVERAGE,1074,2318,1532,83,251900
    186,     33,       ,       ,1966,1994,19,RANCH,1010,ONE FAM,C,AVERAGE,960,1938,1204,72,154000
    186,     34,       ,       ,1965,2004,19,RANCH,1010,ONE FAM,C,AVERAGE,1120,2495,1629,82,227500
    186,     35,       ,       ,1972,2014,19,RANCH,1010,ONE FAM,C-,AVG. (-),1056,2162,1333,92,183700
    186,     36,       ,       ,1978,2001,19,RANCH,1010,ONE FAM,C,AVERAGE,1872,3647,2252,79,254100
    186,     37,       ,       ,1978,2005,06,COLONIAL,1010,ONE FAM,C,AVERAGE,1872,3063,2143,83,264700
    186,     38,       ,       ,1962,2004,19,RANCH,1010,ONE FAM,C,AVERAGE,1152,2432,1453,82,205500
    186,     39,       ,       ,1974,2005,19,RANCH,1010,ONE FAM,C,AVERAGE,1128,2418,1411,83,195500
    186,     40,       ,       ,1970,1985,69,LODGE,3850,FISHGAME,C-,Avg. (-),1504,4104,2320,63,139600
    186,     41,       ,       ,2001,2012,05,CAPE,1010,ONE FAM,C,AVERAGE,2098,5156,2837,90,343100
    186,     42,       ,       ,,,,,6201,,,,0,0,0,,0
    188,      1,       ,       ,2001,2013,05,CAPE,1010,ONE FAM,C+,AVG. (+),2741,5958,3590,91,488000
    188,      2,       ,       ,1981,2008,05,CAPE,1010,ONE FAM,C,AVERAGE,1782,3390,2081,86,272500
    188,      3,       ,       ,1978,2005,06,COLONIAL,1010,ONE FAM,C,AVERAGE,3486,6416,4258,83,494800
    188,      4,       ,       ,2021,2021,22,CONVENT`NL,1010,ONE FAM,C+,AVG. (+),3028,6360,3870,90,553700
    188,      5,       ,       ,1780,2010,06,COLONIAL,1010,ONE FAM,B,GOOD,4619,8735,5429,97,962800
    188,      6,       ,       ,2020,2021,05,CAPE,1012,ONE FAM W ACC,C,AVERAGE,2670,7034,3734,99,519700
    188,      7,       ,       ,1986,2012,06,COLONIAL,1010,ONE FAM,C,AVERAGE,1672,2784,2051,90,298500
    188,      8,    101,       ,1988,2007,08,CONDO-TNHS,1020,CONDO,03,ADEQUATE,1659,2997,1989,85,253400
    188,      8,    102,       ,1988,2007,08,CONDO-TNHS,1020,CONDO,03,ADEQUATE,1542,2997,1975,85,253800
    188,      8,    201,       ,1988,2007,08,CONDO-TNHS,1020,CONDO,03,ADEQUATE,1569,3674,1985,85,257400
    188,      8,    202,       ,1988,2007,08,CONDO-TNHS,1020,CONDO,03,ADEQUATE,1569,3674,1985,85,257400
    188,      8,    301,       ,1988,2007,08,CONDO-TNHS,1020,CONDO,03,ADEQUATE,1569,3674,1985,85,269400
    188,      8,    302,       ,1988,2007,08,CONDO-TNHS,1020,CONDO,03,ADEQUATE,1569,3944,2012,85,259300
    188,      8,    401,       ,1988,2007,08,CONDO-TNHS,1020,CONDO,03,ADEQUATE,1542,3000,1884,85,248100
    188,      8,    402,       ,1988,2007,08,CONDO-TNHS,1020,CONDO,03,ADEQUATE,1542,3000,1884,85,238200
    188,      8,    501,       ,1988,2007,08,CONDO-TNHS,1020,CONDO,03,ADEQUATE,1569,3674,1985,85,257400
    188,      8,    502,       ,1988,2007,08,CONDO-TNHS,1020,CONDO,03,ADEQUATE,1524,3584,1932,85,256700
    188,      8,    601,       ,1988,2007,08,CONDO-TNHS,1020,CONDO,03,ADEQUATE,1744,2972,2088,85,264700
    188,      8,    602,       ,1988,2007,08,CONDO-TNHS,1020,CONDO,03,ADEQUATE,1744,2972,2088,85,264700
    188,      8,    701,       ,1988,2007,08,CONDO-TNHS,1020,CONDO,03,ADEQUATE,1569,3674,1985,85,264700
    188,      8,    702,       ,1988,2007,08,CONDO-TNHS,1020,CONDO,03,ADEQUATE,1569,3674,1985,85,263200
    188,      8,    801,       ,1988,2007,08,CONDO-TNHS,1020,CONDO,03,ADEQUATE,1744,2962,2087,85,268900
    188,      8,    802,       ,1988,2007,08,CONDO-TNHS,1020,CONDO,03,ADEQUATE,1744,2962,2087,85,268900
    188,      8,    901,       ,1988,2007,08,CONDO-TNHS,1020,CONDO,03,ADEQUATE,1569,3834,2001,85,262600
    188,      8,    902,       ,1988,2007,08,CONDO-TNHS,1020,CONDO,03,ADEQUATE,1569,3674,1985,85,270900
    188,      8,   1001,       ,1988,2007,08,CONDO-TNHS,1020,CONDO,03,ADEQUATE,1569,3674,1985,85,261500
    188,      8,   1002,       ,1988,2007,08,CONDO-TNHS,1020,CONDO,03,ADEQUATE,1569,3674,1985,85,261500
    188,      8,   1101,       ,1988,2007,08,CONDO-TNHS,1020,CONDO,03,ADEQUATE,1744,2962,2087,85,273500
    188,      8,   1102,       ,1988,2007,08,CONDO-TNHS,1020,CONDO,03,ADEQUATE,1744,2962,2087,85,265700
    188,      9,       ,       ,1790,1989,02,BUNGALOW,1010,ONE FAM,C,AVERAGE,2122,3174,2384,67,206900
    188,     10,       ,       ,1989,2009,05,CAPE,1010,ONE FAM,B-,GOOD (-),2423,5397,3080,87,427600
    188,     11,       ,       ,1970,2001,18,SPLIT/RSD RANCH,1010,ONE FAM,C,AVERAGE,1248,2688,1719,79,198300
    188,     12,       ,       ,1975,2008,18,SPLIT/RSD RANCH,1010,ONE FAM,C,AVERAGE,1248,4421,2234,86,274000
    188,     13,       ,       ,2014,2017,05,CAPE,1010,ONE FAM,C+,AVG. (+),1121,3374,1548,95,273400
    188,     14,       ,       ,1978,2008,06,COLONIAL,1010,ONE FAM,B,GOOD,2839,5029,3393,86,522300
    188,     15,       ,       ,1979,2005,18,SPLIT/RSD RANCH,1010,ONE FAM,C+,AVG. (+),1984,4208,2782,83,347900
    188,     16,       ,       ,1976,2008,05,CAPE,1010,ONE FAM,C,AVERAGE,2249,4980,2934,86,345800
    188,     17,       ,       ,1979,2005,18,SPLIT/RSD RANCH,1010,ONE FAM,C,AVERAGE,1040,2382,1452,83,189500
    188,     18,       ,       ,1978,2005,18,SPLIT/RSD RANCH,1010,ONE FAM,C,AVERAGE,1248,2768,1691,83,227700
    188,     19,       ,       ,1976,2005,18,SPLIT/RSD RANCH,1010,ONE FAM,C,AVERAGE,1536,2940,2045,83,250500
    188,     20,       ,       ,1977,2005,05,CAPE,1010,ONE FAM,C,AVERAGE,1729,1976,1729,83,198900
    188,     21,       ,       ,1975,2008,18,SPLIT/RSD RANCH,1010,ONE FAM,C,AVERAGE,1248,2448,1706,86,227900
    188,     22,       ,       ,1976,2008,06,COLONIAL,1010,ONE FAM,C+,AVG. (+),2560,2770,2623,86,362700
    188,     23,       ,       ,1976,2012,05,CAPE,1010,ONE FAM,B-,GOOD (-),1454,2448,1477,90,273400
    188,     24,       ,       ,1976,2005,06,COLONIAL,1010,ONE FAM,C+,AVG. (+),1852,3084,2311,83,316900
    188,     25,       ,       ,1976,2008,18,SPLIT/RSD RANCH,1010,ONE FAM,C,AVERAGE,1637,3395,2283,86,297500
    188,     26,       ,       ,1972,2005,18,SPLIT/RSD RANCH,1010,ONE FAM,C,AVERAGE,1241,2825,1824,83,234600
    188,     27,       ,       ,1976,2005,06,COLONIAL,1010,ONE FAM,C+,AVG. (+),2394,3510,2813,83,326300
    188,     28,       ,       ,1972,2014,18,SPLIT/RSD RANCH,1010,ONE FAM,C,AVERAGE,1264,2775,1859,92,278500
    188,     29,       ,       ,1992,2012,18,SPLIT/RSD RANCH,1010,ONE FAM,C,AVERAGE,1248,3076,1992,90,273500
    188,     30,       ,       ,,,,,9030,,,,0,0,0,,0
    188,     31,       ,       ,1792,2005,05,CAPE,1010,ONE FAM,C+,AVG. (+),2224,4849,2914,83,364000
    188,     32,       ,       ,2020,2021,19,RANCH,1012,ONE FAM W ACC,C+,AVG. (+),3337,8382,4782,99,673700
    188,     33,    100,       ,1992,2012,09,CONTEMPORY,1010,ONE FAM,B-,GOOD (-),1968,4700,2619,90,414800
    188,     34,       ,       ,1991,2012,19,RANCH,1010,ONE FAM,C+,AVG. (+),2011,5579,3088,90,403000
    188,     35,       ,       ,1984,2009,19,RANCH,1010,ONE FAM,C,AVERAGE,1120,4356,2210,87,280400
    188,     36,       ,       ,1979,2005,19,RANCH,1010,ONE FAM,C,AVERAGE,1452,3932,1964,83,225400
    188,     37,       ,       ,1990,2013,19,RANCH,1010,ONE FAM,C,AVERAGE,1344,3496,1941,91,269100
    188,     38,       ,       ,1980,2005,06,COLONIAL,1010,ONE FAM,C,AVERAGE,1864,2984,1998,83,246900
    188,     39,       ,       ,1982,2009,05,CAPE,1010,ONE FAM,C+,AVG. (+),1456,3024,1697,87,245500
    188,     40,       ,       ,1978,2005,18,SPLIT/RSD RANCH,1010,ONE FAM,C,AVERAGE,1792,4145,2662,83,290300
    188,     41,       ,       ,1980,2005,09,CONTEMPORY,1010,ONE FAM,C,AVERAGE,1766,2552,1813,83,215000
    188,     42,       ,       ,1995,2013,09,CONTEMPORY,1010,ONE FAM,C+,AVG. (+),1392,3926,2095,91,340400
    188,     42,       ,       ,2011,2014,04,"CAMP,YRRND",1010,ONE FAM,B,GOOD,468,1512,619,92,72400
    188,     43,       ,       ,1965,2001,18,SPLIT/RSD RANCH,1010,ONE FAM,C,AVERAGE,3256,4568,3586,79,359800
    188,     44,       ,       ,1971,2004,19,RANCH,1010,ONE FAM,C,AVERAGE,1440,3464,2008,82,248300
    188,     45,       ,       ,1991,2012,22,CONVENT`NL,1010,ONE FAM,AA,SUPERB,8728,21276,11499,90,2354100
    188,     46,       ,       ,1986,2009,06,COLONIAL,1010,ONE FAM,C,AVERAGE,2332,3884,2603,87,367900
    188,     47,       ,       ,1978,2005,06,COLONIAL,1010,ONE FAM,C,AVERAGE,2562,3442,2860,83,345500
    188,     47,       ,       ,2022,2022,02,BUNGALOW,1010,ONE FAM,C,AVERAGE,576,1320,758,100,149000
    188,     48,       ,       ,2017,2018,19,RANCH,1010,ONE FAM,C,AVERAGE,1808,5106,2707,96,352100
    188,     49,       ,       ,2017,2017,05,CAPE,1010,ONE FAM,C,AVERAGE,1040,3425,1989,95,271600
    190,      1,       ,       ,1986,2012,06,COLONIAL,1010,ONE FAM,C,AVERAGE,2160,3488,2488,90,346900
    190,      2,       ,       ,,,,,6000,,,,0,0,0,,0
    190,      3,       ,       ,,,,,1060,,,,0,0,0,,0
    190,      4,       ,       ,1776,1993,12,MULTI-CONV,1040,2 FAMILY,C+,AVG. (+),3873,9640,4717,71,396400
    190,      5,       ,       ,,,,,6230,,,,0,0,0,,0
    190,      6,       ,       ,,,,,6120,,,,0,0,0,,0
    190,      7,       ,       ,1984,2012,19,RANCH,1010,ONE FAM,C+,AVG. (+),1329,3575,1786,90,277900
    190,      8,       ,       ,1999,2016,19,RANCH,1010,ONE FAM,C+,AVG. (+),1940,4707,2720,94,376500
    190,      8,    100,       ,,,,,6000,,,,0,0,0,,0
    192,      1,       ,       ,,,,,6220,,,,0,0,0,,0
    192,      2,       ,       ,2006,2013,06,COLONIAL,1010,ONE FAM,C,AVERAGE,2080,4628,2894,91,387600
    192,      3,       ,       ,1796,1993,05,CAPE,1010,ONE FAM,B,GOOD,2650,5939,3179,71,390300
    192,      4,       ,       ,1980,2005,18,SPLIT/RSD RANCH,1010,ONE FAM,C,AVERAGE,944,2649,1485,83,192300
    192,      5,       ,       ,2014,2015,06,COLONIAL,1010,ONE FAM,B,GOOD,3399,6102,4119,93,696700
    192,      6,       ,       ,,,,,6220,,,,0,0,0,,0
    192,      7,       ,       ,1972,2005,19,RANCH,1010,ONE FAM,C,AVERAGE,1392,2944,1756,83,238800
    192,      8,       ,       ,1972,2005,18,SPLIT/RSD RANCH,1010,ONE FAM,C,AVERAGE,1080,2312,1518,83,205800
    192,      9,       ,       ,,,,,6221,,,,0,0,0,,0
    192,     10,       ,       ,2020,2021,06,COLONIAL,1010,ONE FAM,B+,GOOD (+),3064,3832,3350,99,678900
    194,      1,       ,       ,1900,1993,05,CAPE,1010,ONE FAM,C,AVERAGE,720,1524,848,71,124000
    194,      1,    100,       ,1997,2016,06,COLONIAL,1010,ONE FAM,C,AVERAGE,1866,3794,2416,94,349400
    194,      2,       ,       ,,,,,9030,,,,0,0,0,,0
    194,      3,       ,       ,1947,1996,05,CAPE,1010,ONE FAM,C,AVERAGE,2804,4446,3079,74,286900
    194,      4,       ,       ,1792,1989,06,COLONIAL,1010,ONE FAM,C+,AVG. (+),2624,5549,3188,67,316300
    194,      4,    100,       ,,,,,6110,,,,0,0,0,,0
    194,      5,       ,       ,,,,,6230,,,,0,0,0,,0
    194,      5,    100,       ,1986,2009,05,CAPE,1010,ONE FAM,C,AVERAGE,1638,3128,1904,87,254600
    194,      6,       ,       ,1948,1983,05,CAPE,1010,ONE FAM,C,AVERAGE,891,2507,1214,61,132300
    194,      7,       ,       ,1960,1997,05,CAPE,1010,ONE FAM,C,AVERAGE,1574,3668,1903,75,214500
    194,      8,       ,       ,1947,1996,05,CAPE,1010,ONE FAM,C,AVERAGE,1334,3433,1709,74,194800
    194,      9,       ,       ,1939,1993,05,CAPE,1010,ONE FAM,C,AVERAGE,1638,3586,2243,71,239100
    194,     10,       ,       ,1953,1980,05,CAPE,1010,ONE FAM,C-,AVG. (-),1638,3120,2000,58,138400
    194,     11,       ,       ,,,,,6221,,,,0,0,0,,0
    194,     12,       ,       ,,,,,1300,RES LAND,,,,,,,
    194,     13,       ,       ,1870,1989,22,CONVENT`NL,1010,ONE FAM,C+,AVG. (+),1944,4155,2260,67,258100
    194,     14,       ,       ,1972,2005,19,RANCH,1010,ONE FAM,C-,AVG. (-),2112,3536,2511,83,264300
    194,     15,       ,       ,2019,2019,06,COLONIAL,1010,ONE FAM,C+,AVG. (+),1704,4550,2456,97,401100
    194,     16,       ,       ,1985,2012,05,CAPE,1010,ONE FAM,C+,AVG. (+),1547,3372,2037,90,296900
    194,     17,       ,       ,1987,2009,05,CAPE,1010,ONE FAM,C,AVERAGE,1547,3384,2017,87,259900
    194,     18,       ,       ,1987,2012,06,COLONIAL,1010,ONE FAM,C+,AVG. (+),2484,4072,2799,90,412000
    194,     19,       ,       ,1792,2005,06,COLONIAL,1010,ONE FAM,C+,AVG. (+),3083,4768,3303,83,428300
    194,     20,       ,       ,1988,2009,05,CAPE,1010,ONE FAM,C+,AVG. (+),2351,4356,2669,61,252800
    194,     21,       ,       ,1987,2012,06,COLONIAL,1010,ONE FAM,C+,AVG. (+),1882,4002,2594,90,393300
    194,     22,       ,       ,1988,2009,05,CAPE,1010,ONE FAM,C+,AVG. (+),1482,3156,1787,87,265400
    194,     23,       ,       ,1990,2009,06,COLONIAL,1010,ONE FAM,C+,AVG. (+),2224,4228,2777,87,399500
    194,     24,       ,       ,1988,2009,06,COLONIAL,1010,ONE FAM,C+,AVG. (+),2435,4474,2977,87,428300
    194,     25,       ,       ,,,,,6230,,,,0,0,0,,0
    194,     26,       ,       ,1984,2012,05,CAPE,1010,ONE FAM,C+,AVG. (+),2156,5196,2882,90,387300
    196,      1,       ,       ,,,,,6231,,,,0,0,0,,0
    196,      2,       ,       ,,,,,6201,,,,0,0,0,,0
    196,      4,       ,       ,,,,,6120,,,,0,0,0,,0
    196,      5,       ,       ,,,,,6231,,,,0,0,0,,0
    211,      1,       ,       ,,,,,6111,,,,0,0,0,,0
    213,      1,       ,       ,,,,,6230,,,,0,0,0,,0
    215,      1,       ,       ,,,,,6200,,,,0,0,0,,0
    215,      2,       ,       ,1970,1985,43,WAREHOUSE,4000,FACTORY,C,Average,5188,10486,7572,63,234300
    215,      3,       ,       ,1984,2012,06,COLONIAL,1010,ONE FAM,C+,AVG. (+),2200,5168,2906,90,425400
    215,      4,       ,       ,1980,2008,05,CAPE,1010,ONE FAM,C+,AVG. (+),1890,5226,2666,86,349900
    215,      5,       ,       ,1988,2012,06,COLONIAL,1010,ONE FAM,C+,AVG. (+),1964,3740,2443,90,373900
    215,      6,       ,       ,,,,,6201,,,,0,0,0,,0
    215,      7,       ,       ,1825,1989,12,MULTI-CONV,1040,2 FAMILY,C+,AVG. (+),3360,6048,3861,67,317300
    215,      7,    100,       ,1997,2013,19,RANCH,1010,ONE FAM,B-,GOOD (-),1718,4294,2419,91,392400
    215,      8,       ,       ,,,,,6221,,,,0,0,0,,0
    217,      1,       ,       ,,,,,1320,,,,0,0,0,,0
    999,      2,       ,       ,,,,,4500,,,,0,0,0,,0
    999,      6,       ,       ,,,,,4310,,,,0,0,0,,0
    999,      7,       ,       ,,,,,9010,,,,0,0,0,,0
    999,      8,       ,       ,,0,,,4310,,,,0,0,0,,0

