Parcel ID,Assessment Year,Total Assessed Value,Land Assessed Value,Building Assessed Value,Data Source,Assessment Date,Tax Year
1-1,2022,461900.0,163900.0,283100.0,City Parcel Master,2022-01-01,2022
1-1,2020,461900.0,163900.0,283100.0,NHDRA,2020-01-01,2020
1-2,2022,628600.0,148100.0,467700.0,City Parcel Master,2022-01-01,2022
1-2,2020,655400.0,148100.0,496100.0,NHDRA,2020-01-01,2020
1-3-100,2022,521900.0,161800.0,359600.0,City Parcel Master,2022-01-01,2022
1-3-100,2020,521900.0,161800.0,359600.0,NHDRA,2020-01-01,2020
1-3-200,2022,1140500.0,176200.0,964300.0,City Parcel Master,2022-01-01,2022
1-3-200,2020,1151200.0,176200.0,975000.0,NHDRA,2020-01-01,2020
1-6,2022,902300.0,271100.0,616700.0,City Parcel Master,2022-01-01,2022
1-6,2020,925100.0,215200.0,702200.0,NHDRA,2020-01-01,2020
1-8,2022,579300.0,165100.0,397200.0,City Parcel Master,2022-01-01,2022
1-8,2020,576400.0,165100.0,394300.0,NHDRA,2020-01-01,2020
1-9,2022,532600.0,159800.0,372500.0,City Parcel Master,2022-01-01,2022
1-9,2020,532600.0,159800.0,372500.0,NHDRA,2020-01-01,2020
1-10,2022,810700.0,165800.0,634800.0,City Parcel Master,2022-01-01,2022
1-10,2020,810700.0,165800.0,634800.0,NHDRA,2020-01-01,2020
2-1,2022,515400.0,161500.0,353900.0,City Parcel Master,2022-01-01,2022
2-1,2020,515400.0,161500.0,353900.0,NHDRA,2020-01-01,2020
2-2,2022,159300.0,159300.0,0.0,City Parcel Master,2022-01-01,2022
2-2,2020,159500.0,159500.0,0.0,NHDRA,2020-01-01,2020
2-3,2022,573200.0,159300.0,413600.0,City Parcel Master,2022-01-01,2022
2-3,2020,573300.0,159400.0,413600.0,NHDRA,2020-01-01,2020
2-5,2022,653500.0,152900.0,500600.0,City Parcel Master,2022-01-01,2022
2-5,2020,653700.0,153100.0,500600.0,NHDRA,2020-01-01,2020
2-6,2022,737900.0,154100.0,583800.0,City Parcel Master,2022-01-01,2022
2-6,2020,738000.0,154200.0,583800.0,NHDRA,2020-01-01,2020
2-7,2022,538400.0,144400.0,385900.0,City Parcel Master,2022-01-01,2022
2-7,2020,543700.0,144600.0,391000.0,NHDRA,2020-01-01,2020
2-8,2022,136800.0,136800.0,0.0,City Parcel Master,2022-01-01,2022
2-8,2020,137000.0,137000.0,0.0,NHDRA,2020-01-01,2020
2-9,2022,415800.0,112100.0,303200.0,City Parcel Master,2022-01-01,2022
2-9,2020,416000.0,112300.0,303200.0,NHDRA,2020-01-01,2020
2-10,2022,448900.0,102500.0,346400.0,City Parcel Master,2022-01-01,2022
2-10,2020,449000.0,102600.0,346400.0,NHDRA,2020-01-01,2020
2-12,2022,400.0,400.0,0.0,City Parcel Master,2022-01-01,2022
2-12,2020,400.0,400.0,0.0,NHDRA,2020-01-01,2020
2-13,2022,300.0,300.0,0.0,City Parcel Master,2022-01-01,2022
2-13,2020,300.0,300.0,0.0,NHDRA,2020-01-01,2020
2-14,2022,25800.0,11200.0,14300.0,City Parcel Master,2022-01-01,2022
2-14,2020,25800.0,11200.0,14300.0,NHDRA,2020-01-01,2020
2-15,2022,1177500.0,257500.0,897100.0,City Parcel Master,2022-01-01,2022
2-15,2020,1102900.0,257600.0,822700.0,NHDRA,2020-01-01,2020
2-16,2022,498900.0,133600.0,364700.0,City Parcel Master,2022-01-01,2022
2-16,2020,499000.0,133700.0,364700.0,NHDRA,2020-01-01,2020
3-2,2022,529600.0,170000.0,359600.0,City Parcel Master,2022-01-01,2022
3-2,2020,529600.0,170000.0,359600.0,NHDRA,2020-01-01,2020
3-4,2022,461100.0,192200.0,254100.0,City Parcel Master,2022-01-01,2022
3-4,2020,448700.0,192500.0,254100.0,NHDRA,2020-01-01,2020
3-5,2022,403200.0,403200.0,0.0,City Parcel Master,2022-01-01,2022
3-5,2020,403200.0,403200.0,0.0,NHDRA,2020-01-01,2020
3-6,2022,810100.0,359900.0,449000.0,City Parcel Master,2022-01-01,2022
3-6,2020,810100.0,359900.0,449000.0,NHDRA,2020-01-01,2020
3-7,2022,669100.0,362700.0,306400.0,City Parcel Master,2022-01-01,2022
3-7,2020,669100.0,362700.0,306400.0,NHDRA,2020-01-01,2020
3-8,2022,636000.0,147900.0,488100.0,City Parcel Master,2022-01-01,2022
3-8,2020,635900.0,147800.0,488100.0,NHDRA,2020-01-01,2020
3-9,2022,672100.0,147900.0,522700.0,City Parcel Master,2022-01-01,2022
3-9,2020,644400.0,147800.0,495000.0,NHDRA,2020-01-01,2020
3-10,2022,706600.0,137200.0,568500.0,City Parcel Master,2022-01-01,2022
3-10,2020,727200.0,137200.0,589100.0,NHDRA,2020-01-01,2020
3-11,2022,699200.0,146200.0,552600.0,City Parcel Master,2022-01-01,2022
3-11,2020,682900.0,146400.0,536100.0,NHDRA,2020-01-01,2020
3-12,2022,502200.0,142300.0,359500.0,City Parcel Master,2022-01-01,2022
3-12,2020,487300.0,142200.0,344700.0,NHDRA,2020-01-01,2020
3-13,2022,779000.0,137900.0,640600.0,City Parcel Master,2022-01-01,2022
3-13,2020,779100.0,138000.0,640600.0,NHDRA,2020-01-01,2020
3-14,2022,643700.0,140100.0,501300.0,City Parcel Master,2022-01-01,2022
3-14,2020,641600.0,140300.0,501300.0,NHDRA,2020-01-01,2020
3-15,2022,557700.0,141600.0,415900.0,City Parcel Master,2022-01-01,2022
3-15,2020,557600.0,141500.0,415900.0,NHDRA,2020-01-01,2020
3-16,2022,704200.0,142300.0,561900.0,City Parcel Master,2022-01-01,2022
3-16,2020,715600.0,142200.0,573400.0,NHDRA,2020-01-01,2020
3-17,2022,687700.0,160300.0,527200.0,City Parcel Master,2022-01-01,2022
3-17,2020,644500.0,160300.0,484000.0,NHDRA,2020-01-01,2020
3-18,2022,825200.0,201000.0,624000.0,City Parcel Master,2022-01-01,2022
3-18,2020,825200.0,201000.0,624000.0,NHDRA,2020-01-01,2020
3-19,2022,844400.0,159300.0,685100.0,City Parcel Master,2022-01-01,2022
3-19,2020,833400.0,159500.0,673900.0,NHDRA,2020-01-01,2020
3-20,2022,782100.0,200700.0,581400.0,City Parcel Master,2022-01-01,2022
3-20,2020,782100.0,200700.0,581400.0,NHDRA,2020-01-01,2020
3-21,2022,65600.0,65600.0,0.0,City Parcel Master,2022-01-01,2022
3-21,2020,65600.0,65600.0,0.0,NHDRA,2020-01-01,2020
3-22,2022,1101800.0,220500.0,881300.0,City Parcel Master,2022-01-01,2022
3-22,2020,1101800.0,220500.0,881300.0,NHDRA,2020-01-01,2020
3-23,2022,470400.0,142300.0,328100.0,City Parcel Master,2022-01-01,2022
3-23,2020,470300.0,142200.0,328100.0,NHDRA,2020-01-01,2020
3-24,2022,455600.0,138700.0,316400.0,City Parcel Master,2022-01-01,2022
3-24,2020,455600.0,138700.0,316400.0,NHDRA,2020-01-01,2020
3-28,2022,985900.0,173300.0,785000.0,City Parcel Master,2022-01-01,2022
3-28,2020,985900.0,173300.0,785000.0,NHDRA,2020-01-01,2020
3-33,2022,717300.0,160200.0,557100.0,City Parcel Master,2022-01-01,2022
3-33,2020,717300.0,160200.0,557100.0,NHDRA,2020-01-01,2020
3-34,2022,685500.0,159300.0,526200.0,City Parcel Master,2022-01-01,2022
3-34,2020,659500.0,159500.0,500000.0,NHDRA,2020-01-01,2020
3-35,2022,1247000.0,1247000.0,0.0,City Parcel Master,2022-01-01,2022
3-35,2020,1307000.0,1307000.0,0.0,NHDRA,2020-01-01,2020
3-36,2022,524500.0,140800.0,383700.0,City Parcel Master,2022-01-01,2022
3-36,2020,524400.0,140700.0,383700.0,NHDRA,2020-01-01,2020
3-37,2022,691500.0,140100.0,551400.0,City Parcel Master,2022-01-01,2022
3-37,2020,691700.0,140300.0,551400.0,NHDRA,2020-01-01,2020
3-38,2022,566900.0,134400.0,432500.0,City Parcel Master,2022-01-01,2022
3-38,2020,564200.0,134400.0,429800.0,NHDRA,2020-01-01,2020
3-39,2022,759600.0,159400.0,600200.0,City Parcel Master,2022-01-01,2022
3-39,2020,755000.0,159400.0,595600.0,NHDRA,2020-01-01,2020
3-40,2022,609900.0,159200.0,449500.0,City Parcel Master,2022-01-01,2022
3-40,2020,609900.0,159200.0,449500.0,NHDRA,2020-01-01,2020
3-41,2022,467900.0,139400.0,327300.0,City Parcel Master,2022-01-01,2022
3-41,2020,467800.0,139300.0,327300.0,NHDRA,2020-01-01,2020
3-42,2022,448200.0,140100.0,307800.0,City Parcel Master,2022-01-01,2022
3-42,2020,448400.0,140300.0,307800.0,NHDRA,2020-01-01,2020
3-43,2022,476200.0,143700.0,332500.0,City Parcel Master,2022-01-01,2022
3-43,2020,472000.0,143800.0,328200.0,NHDRA,2020-01-01,2020
4-1,2022,678000.0,176100.0,498300.0,City Parcel Master,2022-01-01,2022
4-1,2020,678000.0,176100.0,498300.0,NHDRA,2020-01-01,2020
4-2,2022,274000.0,101200.0,165200.0,City Parcel Master,2022-01-01,2022
4-2,2020,274000.0,101200.0,165200.0,NHDRA,2020-01-01,2020
4-4,2022,1889900.0,657600.0,1184500.0,City Parcel Master,2022-01-01,2022
4-4,2020,1889900.0,657600.0,1184500.0,NHDRA,2020-01-01,2020
4-5,2022,672000.0,672000.0,0.0,City Parcel Master,2022-01-01,2022
4-5,2020,277500.0,253900.0,0.0,NHDRA,2020-01-01,2020
4-6,2022,392400.0,156800.0,235600.0,City Parcel Master,2022-01-01,2022
4-6,2020,392400.0,156800.0,235600.0,NHDRA,2020-01-01,2020
4-7,2022,599400.0,154100.0,445000.0,City Parcel Master,2022-01-01,2022
4-7,2020,599500.0,154200.0,445000.0,NHDRA,2020-01-01,2020
4-8,2022,465100.0,156800.0,308300.0,City Parcel Master,2022-01-01,2022
4-8,2020,465100.0,156800.0,308300.0,NHDRA,2020-01-01,2020
4-9,2022,439700.0,160600.0,279100.0,City Parcel Master,2022-01-01,2022
4-9,2020,439700.0,160600.0,279100.0,NHDRA,2020-01-01,2020
4-10,2022,409800.0,161700.0,202600.0,City Parcel Master,2022-01-01,2022
4-10,2020,368800.0,161700.0,202600.0,NHDRA,2020-01-01,2020
4-11,2022,514600.0,146200.0,368000.0,City Parcel Master,2022-01-01,2022
4-11,2020,514800.0,146400.0,368000.0,NHDRA,2020-01-01,2020
4-12,2022,456100.0,149500.0,294700.0,City Parcel Master,2022-01-01,2022
4-12,2020,456000.0,149400.0,294700.0,NHDRA,2020-01-01,2020
4-13,2022,760300.0,138700.0,612600.0,City Parcel Master,2022-01-01,2022
4-13,2020,728300.0,138800.0,587700.0,NHDRA,2020-01-01,2020
4-14,2022,574400.0,142100.0,432300.0,City Parcel Master,2022-01-01,2022
4-14,2020,574700.0,142400.0,432300.0,NHDRA,2020-01-01,2020
4-15,2022,742600.0,157200.0,585400.0,City Parcel Master,2022-01-01,2022
4-15,2020,742600.0,157200.0,585400.0,NHDRA,2020-01-01,2020
4-16,2022,750300.0,154200.0,596100.0,City Parcel Master,2022-01-01,2022
4-16,2020,743800.0,154200.0,589600.0,NHDRA,2020-01-01,2020
4-17,2022,958400.0,175800.0,767400.0,City Parcel Master,2022-01-01,2022
4-17,2020,958400.0,175800.0,767400.0,NHDRA,2020-01-01,2020
4-18-100,2022,684400.0,146800.0,532300.0,City Parcel Master,2022-01-01,2022
4-18-100,2020,679400.0,146800.0,532300.0,NHDRA,2020-01-01,2020
4-18-200,2022,753900.0,174000.0,579400.0,City Parcel Master,2022-01-01,2022
4-18-200,2020,755900.0,174000.0,581400.0,NHDRA,2020-01-01,2020
4-19,2022,653700.0,132900.0,520600.0,City Parcel Master,2022-01-01,2022
4-19,2020,653700.0,132900.0,520600.0,NHDRA,2020-01-01,2020
4-20,2022,454900.0,134300.0,305200.0,City Parcel Master,2022-01-01,2022
4-20,2020,454700.0,134300.0,305200.0,NHDRA,2020-01-01,2020
4-21,2022,389800.0,134300.0,254300.0,City Parcel Master,2022-01-01,2022
4-21,2020,329300.0,134300.0,193800.0,NHDRA,2020-01-01,2020
4-22,2022,417700.0,134300.0,283400.0,City Parcel Master,2022-01-01,2022
4-22,2020,417700.0,134300.0,283400.0,NHDRA,2020-01-01,2020
4-23-104,2022,433800.0,0.0,433800.0,City Parcel Master,2022-01-01,2022
4-23-104,2020,433800.0,0.0,433800.0,NHDRA,2020-01-01,2020
4-23-203,2022,399700.0,0.0,399700.0,City Parcel Master,2022-01-01,2022
4-23-203,2020,399700.0,0.0,399700.0,NHDRA,2020-01-01,2020
4-23-305,2022,352600.0,0.0,352600.0,City Parcel Master,2022-01-01,2022
4-23-305,2020,352600.0,0.0,352600.0,NHDRA,2020-01-01,2020
4-23-403,2022,411200.0,0.0,411200.0,City Parcel Master,2022-01-01,2022
4-23-403,2020,411200.0,0.0,411200.0,NHDRA,2020-01-01,2020
4-23-505,2022,340800.0,0.0,340800.0,City Parcel Master,2022-01-01,2022
4-23-505,2020,340800.0,0.0,340800.0,NHDRA,2020-01-01,2020
4-23-602,2022,400000.0,0.0,400000.0,City Parcel Master,2022-01-01,2022
4-23-602,2020,399200.0,0.0,399200.0,NHDRA,2020-01-01,2020
4-23-706,2022,398800.0,0.0,398800.0,City Parcel Master,2022-01-01,2022
4-23-706,2020,398800.0,0.0,398800.0,NHDRA,2020-01-01,2020
4-23-802,2022,375900.0,0.0,375900.0,City Parcel Master,2022-01-01,2022
4-23-802,2020,389800.0,0.0,389800.0,NHDRA,2020-01-01,2020
4-23-906,2022,452700.0,0.0,435100.0,City Parcel Master,2022-01-01,2022
4-23-906,2020,413400.0,0.0,413400.0,NHDRA,2020-01-01,2020
4-23-1001,2022,368200.0,0.0,368200.0,City Parcel Master,2022-01-01,2022
4-23-1001,2020,384100.0,0.0,384100.0,NHDRA,2020-01-01,2020
4-23-1107,2022,362100.0,0.0,362100.0,City Parcel Master,2022-01-01,2022
4-23-1107,2020,375500.0,0.0,375500.0,NHDRA,2020-01-01,2020
4-23-1201,2022,374800.0,0.0,374800.0,City Parcel Master,2022-01-01,2022
4-23-1201,2020,388600.0,0.0,388600.0,NHDRA,2020-01-01,2020
4-23-1307,2022,385100.0,0.0,385100.0,City Parcel Master,2022-01-01,2022
4-23-1307,2020,385100.0,0.0,385100.0,NHDRA,2020-01-01,2020
4-23-1418,2022,342700.0,0.0,342700.0,City Parcel Master,2022-01-01,2022
4-23-1418,2020,342700.0,0.0,342700.0,NHDRA,2020-01-01,2020
4-23-1508,2022,411000.0,0.0,411000.0,City Parcel Master,2022-01-01,2022
4-23-1508,2020,411000.0,0.0,411000.0,NHDRA,2020-01-01,2020
4-23-1618,2022,413600.0,0.0,413600.0,City Parcel Master,2022-01-01,2022
4-23-1618,2020,413600.0,0.0,413600.0,NHDRA,2020-01-01,2020
4-23-1708,2022,421600.0,0.0,421600.0,City Parcel Master,2022-01-01,2022
4-23-1708,2020,426800.0,0.0,426800.0,NHDRA,2020-01-01,2020
4-23-1909,2022,382600.0,0.0,382600.0,City Parcel Master,2022-01-01,2022
4-23-1909,2020,382600.0,0.0,382600.0,NHDRA,2020-01-01,2020
4-23-2017,2022,374800.0,0.0,374800.0,City Parcel Master,2022-01-01,2022
4-23-2017,2020,374800.0,0.0,374800.0,NHDRA,2020-01-01,2020
4-23-2109,2022,361300.0,0.0,361300.0,City Parcel Master,2022-01-01,2022
4-23-2109,2020,361300.0,0.0,361300.0,NHDRA,2020-01-01,2020
4-23-2216,2022,409100.0,0.0,409100.0,City Parcel Master,2022-01-01,2022
4-23-2216,2020,376800.0,0.0,376800.0,NHDRA,2020-01-01,2020
4-23-2310,2022,411800.0,0.0,411800.0,City Parcel Master,2022-01-01,2022
4-23-2310,2020,411800.0,0.0,411800.0,NHDRA,2020-01-01,2020
4-23-2416,2022,325700.0,0.0,325700.0,City Parcel Master,2022-01-01,2022
4-23-2416,2020,325700.0,0.0,325700.0,NHDRA,2020-01-01,2020
4-23-2511,2022,413300.0,0.0,413300.0,City Parcel Master,2022-01-01,2022
4-23-2511,2020,413300.0,0.0,413300.0,NHDRA,2020-01-01,2020
4-23-2615,2022,388200.0,0.0,388200.0,City Parcel Master,2022-01-01,2022
4-23-2615,2020,388200.0,0.0,388200.0,NHDRA,2020-01-01,2020
4-23-2711,2022,389700.0,0.0,389700.0,City Parcel Master,2022-01-01,2022
4-23-2711,2020,389700.0,0.0,389700.0,NHDRA,2020-01-01,2020
4-23-2815,2022,392100.0,0.0,392100.0,City Parcel Master,2022-01-01,2022
4-23-2815,2020,410700.0,0.0,410700.0,NHDRA,2020-01-01,2020
4-23-2912,2022,394900.0,0.0,394900.0,City Parcel Master,2022-01-01,2022
4-23-2912,2020,394900.0,0.0,394900.0,NHDRA,2020-01-01,2020
4-23-3014,2022,378500.0,0.0,378500.0,City Parcel Master,2022-01-01,2022
4-23-3014,2020,378500.0,0.0,378500.0,NHDRA,2020-01-01,2020
4-23-3112,2022,381100.0,0.0,381100.0,City Parcel Master,2022-01-01,2022
4-23-3112,2020,395300.0,0.0,395300.0,NHDRA,2020-01-01,2020
4-23-3213,2022,406500.0,0.0,406500.0,City Parcel Master,2022-01-01,2022
4-23-3213,2020,406500.0,0.0,406500.0,NHDRA,2020-01-01,2020
4-24,2022,3447900.0,1970500.0,1369900.0,City Parcel Master,2022-01-01,2022
4-24,2020,3427300.0,1970500.0,1369900.0,NHDRA,2020-01-01,2020
4-25,2022,339200.0,74900.0,264300.0,City Parcel Master,2022-01-01,2022
4-25,2020,415600.0,170900.0,244700.0,NHDRA,2020-01-01,2020
4-26,2022,710300.0,87800.0,622500.0,City Parcel Master,2022-01-01,2022
4-26,2020,717200.0,87900.0,629300.0,NHDRA,2020-01-01,2020
4-27,2022,307700.0,97600.0,210100.0,City Parcel Master,2022-01-01,2022
4-27,2020,307800.0,97700.0,210100.0,NHDRA,2020-01-01,2020
4-28,2022,336700.0,74900.0,261800.0,City Parcel Master,2022-01-01,2022
4-28,2020,336800.0,75000.0,261800.0,NHDRA,2020-01-01,2020
4-29,2022,354000.0,74900.0,278900.0,City Parcel Master,2022-01-01,2022
4-29,2020,279900.0,75000.0,204700.0,NHDRA,2020-01-01,2020
4-30,2022,497200.0,102900.0,391700.0,City Parcel Master,2022-01-01,2022
4-30,2020,499200.0,103000.0,393600.0,NHDRA,2020-01-01,2020
4-31,2022,444300.0,97100.0,339600.0,City Parcel Master,2022-01-01,2022
4-31,2020,444400.0,97200.0,339600.0,NHDRA,2020-01-01,2020
4-32,2022,534600.0,113500.0,421100.0,City Parcel Master,2022-01-01,2022
4-32,2020,546700.0,113700.0,433000.0,NHDRA,2020-01-01,2020
4-33,2022,500800.0,142800.0,357900.0,City Parcel Master,2022-01-01,2022
4-33,2020,500800.0,142800.0,357900.0,NHDRA,2020-01-01,2020
4-34,2022,389000.0,131000.0,258000.0,City Parcel Master,2022-01-01,2022
4-34,2020,389100.0,131100.0,258000.0,NHDRA,2020-01-01,2020
4-35,2022,418100.0,129700.0,288400.0,City Parcel Master,2022-01-01,2022
4-35,2020,418200.0,129800.0,288400.0,NHDRA,2020-01-01,2020
4-36,2022,484500.0,135800.0,337300.0,City Parcel Master,2022-01-01,2022
4-36,2020,473200.0,135900.0,337300.0,NHDRA,2020-01-01,2020
4-37,2022,377500.0,137200.0,240300.0,City Parcel Master,2022-01-01,2022
4-37,2020,379200.0,137200.0,242000.0,NHDRA,2020-01-01,2020
4-38,2022,453400.0,153700.0,299500.0,City Parcel Master,2022-01-01,2022
4-38,2020,453600.0,153900.0,299500.0,NHDRA,2020-01-01,2020
4-39,2022,402700.0,157900.0,244800.0,City Parcel Master,2022-01-01,2022
4-39,2020,403000.0,158200.0,244800.0,NHDRA,2020-01-01,2020
4-40,2022,384300.0,147900.0,236100.0,City Parcel Master,2022-01-01,2022
4-40,2020,380900.0,147800.0,232800.0,NHDRA,2020-01-01,2020
4-41,2022,399300.0,156000.0,243200.0,City Parcel Master,2022-01-01,2022
4-41,2020,399600.0,156300.0,243200.0,NHDRA,2020-01-01,2020
4-42,2022,459800.0,159200.0,300000.0,City Parcel Master,2022-01-01,2022
4-42,2020,458200.0,159200.0,298400.0,NHDRA,2020-01-01,2020
4-43,2022,446500.0,157200.0,288300.0,City Parcel Master,2022-01-01,2022
4-43,2020,446500.0,157200.0,288300.0,NHDRA,2020-01-01,2020
4-44,2022,387500.0,158900.0,228400.0,City Parcel Master,2022-01-01,2022
4-44,2020,387500.0,158900.0,228400.0,NHDRA,2020-01-01,2020
4-45,2022,502400.0,155600.0,346800.0,City Parcel Master,2022-01-01,2022
4-45,2020,502500.0,155700.0,346800.0,NHDRA,2020-01-01,2020
4-46,2022,371000.0,144300.0,225900.0,City Parcel Master,2022-01-01,2022
4-46,2020,371000.0,144300.0,225900.0,NHDRA,2020-01-01,2020
4-47,2022,540500.0,157200.0,383300.0,City Parcel Master,2022-01-01,2022
4-47,2020,540500.0,157200.0,383300.0,NHDRA,2020-01-01,2020
4-48,2022,419100.0,156800.0,250300.0,City Parcel Master,2022-01-01,2022
4-48,2020,397300.0,156800.0,229400.0,NHDRA,2020-01-01,2020
4-49,2022,437300.0,142800.0,294500.0,City Parcel Master,2022-01-01,2022
4-49,2020,435400.0,142800.0,292600.0,NHDRA,2020-01-01,2020
4-50,2022,530900.0,159200.0,371700.0,City Parcel Master,2022-01-01,2022
4-50,2020,530900.0,159200.0,371700.0,NHDRA,2020-01-01,2020
4-51,2022,380300.0,159100.0,221200.0,City Parcel Master,2022-01-01,2022
4-51,2020,380300.0,159100.0,221200.0,NHDRA,2020-01-01,2020
4-52,2022,414700.0,154400.0,251600.0,City Parcel Master,2022-01-01,2022
4-52,2020,406500.0,154400.0,251600.0,NHDRA,2020-01-01,2020
4-53,2022,400000.0,137200.0,262800.0,City Parcel Master,2022-01-01,2022
4-53,2020,377200.0,137200.0,240000.0,NHDRA,2020-01-01,2020
4-54,2022,389300.0,141600.0,246700.0,City Parcel Master,2022-01-01,2022
4-54,2020,401200.0,141500.0,258700.0,NHDRA,2020-01-01,2020
4-55,2022,579600.0,134300.0,444700.0,City Parcel Master,2022-01-01,2022
4-55,2020,579600.0,134300.0,444700.0,NHDRA,2020-01-01,2020
4-56,2022,414900.0,151200.0,263700.0,City Parcel Master,2022-01-01,2022
4-56,2020,415000.0,151300.0,263700.0,NHDRA,2020-01-01,2020
4-57,2022,378600.0,137900.0,240700.0,City Parcel Master,2022-01-01,2022
4-57,2020,378700.0,138000.0,240700.0,NHDRA,2020-01-01,2020
4-58,2022,520200.0,137900.0,382300.0,City Parcel Master,2022-01-01,2022
4-58,2020,520300.0,138000.0,382300.0,NHDRA,2020-01-01,2020
4-59,2022,446000.0,137200.0,308300.0,City Parcel Master,2022-01-01,2022
4-59,2020,446000.0,137200.0,308300.0,NHDRA,2020-01-01,2020
4-60,2022,355800.0,137900.0,217900.0,City Parcel Master,2022-01-01,2022
4-60,2020,355900.0,138000.0,217900.0,NHDRA,2020-01-01,2020
4-61,2022,587800.0,157200.0,429100.0,City Parcel Master,2022-01-01,2022
4-61,2020,584900.0,157200.0,426200.0,NHDRA,2020-01-01,2020
4-62,2022,370500.0,130700.0,239800.0,City Parcel Master,2022-01-01,2022
4-62,2020,370500.0,130700.0,239800.0,NHDRA,2020-01-01,2020
4-63,2022,387500.0,124400.0,263100.0,City Parcel Master,2022-01-01,2022
4-63,2020,387500.0,124400.0,263100.0,NHDRA,2020-01-01,2020
4-64,2022,90100.0,79400.0,0.0,City Parcel Master,2022-01-01,2022
4-64,2020,90200.0,79500.0,0.0,NHDRA,2020-01-01,2020
4-65,2022,349600.0,132900.0,216700.0,City Parcel Master,2022-01-01,2022
4-65,2020,349600.0,132900.0,216700.0,NHDRA,2020-01-01,2020
4-66,2022,447900.0,134300.0,313600.0,City Parcel Master,2022-01-01,2022
4-66,2020,457600.0,134300.0,323300.0,NHDRA,2020-01-01,2020
4-67,2022,364300.0,134300.0,230000.0,City Parcel Master,2022-01-01,2022
4-67,2020,364400.0,134300.0,230000.0,NHDRA,2020-01-01,2020
4-68,2022,370600.0,133600.0,236500.0,City Parcel Master,2022-01-01,2022
4-68,2020,370700.0,133700.0,236500.0,NHDRA,2020-01-01,2020
4-69,2022,471700.0,135100.0,336600.0,City Parcel Master,2022-01-01,2022
4-69,2020,471800.0,135200.0,336600.0,NHDRA,2020-01-01,2020
4-70,2022,400300.0,135800.0,263500.0,City Parcel Master,2022-01-01,2022
4-70,2020,407400.0,135900.0,271500.0,NHDRA,2020-01-01,2020
4-71,2022,379400.0,135800.0,243600.0,City Parcel Master,2022-01-01,2022
4-71,2020,388800.0,135900.0,252900.0,NHDRA,2020-01-01,2020
4-72,2022,550300.0,133600.0,415700.0,City Parcel Master,2022-01-01,2022
4-72,2020,549400.0,133700.0,415700.0,NHDRA,2020-01-01,2020
4-73,2022,399900.0,135800.0,263300.0,City Parcel Master,2022-01-01,2022
4-73,2020,400000.0,135900.0,263300.0,NHDRA,2020-01-01,2020
4-74,2022,369900.0,137900.0,231800.0,City Parcel Master,2022-01-01,2022
4-74,2020,370000.0,138000.0,231800.0,NHDRA,2020-01-01,2020
4-75,2022,444200.0,137900.0,305800.0,City Parcel Master,2022-01-01,2022
4-75,2020,455900.0,138000.0,317400.0,NHDRA,2020-01-01,2020
4-76,2022,370800.0,136500.0,234000.0,City Parcel Master,2022-01-01,2022
4-76,2020,370900.0,136600.0,234000.0,NHDRA,2020-01-01,2020
4-77,2022,1510500.0,984400.0,500900.0,City Parcel Master,2022-01-01,2022
4-77,2020,1510500.0,984400.0,500900.0,NHDRA,2020-01-01,2020
4-79,2022,18400.0,18400.0,0.0,City Parcel Master,2022-01-01,2022
4-79,2020,18400.0,18400.0,0.0,NHDRA,2020-01-01,2020
4-80,2022,252700.0,87400.0,165300.0,City Parcel Master,2022-01-01,2022
4-80,2020,252700.0,87400.0,165300.0,NHDRA,2020-01-01,2020
4-81,2022,362200.0,86000.0,264300.0,City Parcel Master,2022-01-01,2022
4-81,2020,389300.0,86000.0,291400.0,NHDRA,2020-01-01,2020
4-82,2022,290200.0,87800.0,202400.0,City Parcel Master,2022-01-01,2022
4-82,2020,290300.0,87900.0,202400.0,NHDRA,2020-01-01,2020
4-83,2022,342600.0,89200.0,253400.0,City Parcel Master,2022-01-01,2022
4-83,2020,507600.0,89200.0,418400.0,NHDRA,2020-01-01,2020
4-84,2022,117100.0,117100.0,0.0,City Parcel Master,2022-01-01,2022
4-84,2020,134400.0,134400.0,0.0,NHDRA,2020-01-01,2020
4-85,2022,430400.0,140400.0,290000.0,City Parcel Master,2022-01-01,2022
4-85,2020,440600.0,140400.0,300200.0,NHDRA,2020-01-01,2020
4-86,2022,418300.0,142700.0,275600.0,City Parcel Master,2022-01-01,2022
4-86,2020,424700.0,142700.0,282000.0,NHDRA,2020-01-01,2020
4-87,2022,506300.0,144300.0,361200.0,City Parcel Master,2022-01-01,2022
4-87,2020,477300.0,144300.0,332200.0,NHDRA,2020-01-01,2020
4-88,2022,457400.0,136600.0,320800.0,City Parcel Master,2022-01-01,2022
4-88,2020,457600.0,136800.0,320800.0,NHDRA,2020-01-01,2020
5-1,2022,36184570.0,9651170.0,26477500.0,City Parcel Master,2022-01-01,2022
5-1,2020,35974370.0,9651170.0,26273300.0,NHDRA,2020-01-01,2020
5-1-70100,2022,260900.0,103500.0,156700.0,City Parcel Master,2022-01-01,2022
5-1-70100,2020,260900.0,103500.0,156700.0,NHDRA,2020-01-01,2020
5-2,2022,1345900.0,1296200.0,0.0,City Parcel Master,2022-01-01,2022
5-2,2020,1345900.0,1296200.0,0.0,NHDRA,2020-01-01,2020
5-2-70100,2022,1374900.0,0.0,1374900.0,City Parcel Master,2022-01-01,2022
5-2-70100,2020,1106400.0,0.0,1106400.0,NHDRA,2020-01-01,2020
6-1,2022,171000.0,158800.0,0.0,City Parcel Master,2022-01-01,2022
6-1,2020,158800.0,158800.0,0.0,NHDRA,2020-01-01,2020
7-1,2022,427700.0,427700.0,0.0,City Parcel Master,2022-01-01,2022
7-1,2020,427700.0,427700.0,0.0,NHDRA,2020-01-01,2020
7-2,2022,990600.0,283600.0,693000.0,City Parcel Master,2022-01-01,2022
7-2,2020,1047000.0,283600.0,749400.0,NHDRA,2020-01-01,2020
7-3,2022,537900.0,104500.0,433300.0,City Parcel Master,2022-01-01,2022
7-3,2020,552800.0,104500.0,448200.0,NHDRA,2020-01-01,2020
7-4,2022,248300.0,104200.0,143300.0,City Parcel Master,2022-01-01,2022
7-4,2020,248300.0,104200.0,143300.0,NHDRA,2020-01-01,2020
7-5,2022,274600.0,104000.0,160200.0,City Parcel Master,2022-01-01,2022
7-5,2020,274600.0,104000.0,160200.0,NHDRA,2020-01-01,2020
7-6,2022,361400.0,103200.0,258200.0,City Parcel Master,2022-01-01,2022
7-6,2020,361300.0,103100.0,258200.0,NHDRA,2020-01-01,2020
7-7,2022,508700.0,103200.0,403700.0,City Parcel Master,2022-01-01,2022
7-7,2020,508700.0,103200.0,403700.0,NHDRA,2020-01-01,2020
7-8,2022,276400.0,89700.0,186300.0,City Parcel Master,2022-01-01,2022
7-8,2020,276400.0,89700.0,186300.0,NHDRA,2020-01-01,2020
7-9,2022,92300.0,92300.0,0.0,City Parcel Master,2022-01-01,2022
7-9,2020,69300.0,69300.0,0.0,NHDRA,2020-01-01,2020
7-10,2022,75500.0,75500.0,0.0,City Parcel Master,2022-01-01,2022
7-10,2020,75500.0,75500.0,0.0,NHDRA,2020-01-01,2020
8-1,2022,5616700.0,1307500.0,4230400.0,City Parcel Master,2022-01-01,2022
8-1,2020,4907000.0,1307500.0,3529500.0,NHDRA,2020-01-01,2020
8-2-100,2022,4563900.0,0.0,4563900.0,City Parcel Master,2022-01-01,2022
8-2-100,2020,4187000.0,0.0,4187000.0,NHDRA,2020-01-01,2020
8-2-101,2022,318200.0,0.0,318200.0,City Parcel Master,2022-01-01,2022
8-2-101,2020,318200.0,0.0,318200.0,NHDRA,2020-01-01,2020
8-2-102,2022,327400.0,0.0,327400.0,City Parcel Master,2022-01-01,2022
8-2-102,2020,327400.0,0.0,327400.0,NHDRA,2020-01-01,2020
8-2-103,2022,331700.0,0.0,331700.0,City Parcel Master,2022-01-01,2022
8-2-103,2020,331700.0,0.0,331700.0,NHDRA,2020-01-01,2020
8-2-104,2022,317000.0,0.0,317000.0,City Parcel Master,2022-01-01,2022
8-2-104,2020,317000.0,0.0,317000.0,NHDRA,2020-01-01,2020
8-2-200,2022,4939600.0,1564200.0,3303300.0,City Parcel Master,2022-01-01,2022
8-2-200,2020,4939600.0,1564200.0,3303300.0,NHDRA,2020-01-01,2020
8-2-201,2022,314400.0,0.0,314400.0,City Parcel Master,2022-01-01,2022
8-2-201,2020,314400.0,0.0,314400.0,NHDRA,2020-01-01,2020
8-2-202,2022,328500.0,0.0,328500.0,City Parcel Master,2022-01-01,2022
8-2-202,2020,328500.0,0.0,328500.0,NHDRA,2020-01-01,2020
8-2-203,2022,327400.0,0.0,327400.0,City Parcel Master,2022-01-01,2022
8-2-203,2020,327400.0,0.0,327400.0,NHDRA,2020-01-01,2020
8-2-204,2022,311000.0,0.0,311000.0,City Parcel Master,2022-01-01,2022
8-2-204,2020,311000.0,0.0,311000.0,NHDRA,2020-01-01,2020
8-2-301,2022,317500.0,0.0,317500.0,City Parcel Master,2022-01-01,2022
8-2-301,2020,317500.0,0.0,317500.0,NHDRA,2020-01-01,2020
8-2-302,2022,329500.0,0.0,329500.0,City Parcel Master,2022-01-01,2022
8-2-302,2020,329500.0,0.0,329500.0,NHDRA,2020-01-01,2020
8-2-303,2022,336000.0,0.0,336000.0,City Parcel Master,2022-01-01,2022
8-2-303,2020,336000.0,0.0,336000.0,NHDRA,2020-01-01,2020
8-2-304,2022,314400.0,0.0,314400.0,City Parcel Master,2022-01-01,2022
8-2-304,2020,314400.0,0.0,314400.0,NHDRA,2020-01-01,2020
8-2-401,2022,305000.0,0.0,305000.0,City Parcel Master,2022-01-01,2022
8-2-401,2020,305000.0,0.0,305000.0,NHDRA,2020-01-01,2020
8-2-402,2022,328900.0,0.0,328900.0,City Parcel Master,2022-01-01,2022
8-2-402,2020,328900.0,0.0,328900.0,NHDRA,2020-01-01,2020
8-2-403,2022,335500.0,0.0,335500.0,City Parcel Master,2022-01-01,2022
8-2-403,2020,335500.0,0.0,335500.0,NHDRA,2020-01-01,2020
8-2-404,2022,312200.0,0.0,312200.0,City Parcel Master,2022-01-01,2022
8-2-404,2020,312200.0,0.0,312200.0,NHDRA,2020-01-01,2020
8-2-501,2022,393800.0,0.0,393800.0,City Parcel Master,2022-01-01,2022
8-2-501,2020,393800.0,0.0,393800.0,NHDRA,2020-01-01,2020
8-2-502,2022,405600.0,0.0,405600.0,City Parcel Master,2022-01-01,2022
8-2-502,2020,405600.0,0.0,405600.0,NHDRA,2020-01-01,2020
8-2-503,2022,398400.0,0.0,398400.0,City Parcel Master,2022-01-01,2022
8-2-503,2020,398400.0,0.0,398400.0,NHDRA,2020-01-01,2020
8-2-504,2022,395800.0,0.0,395800.0,City Parcel Master,2022-01-01,2022
8-2-504,2020,395800.0,0.0,395800.0,NHDRA,2020-01-01,2020
8-2-601,2022,378000.0,0.0,378000.0,City Parcel Master,2022-01-01,2022
8-2-601,2020,378000.0,0.0,378000.0,NHDRA,2020-01-01,2020
8-2-602,2022,398400.0,0.0,398400.0,City Parcel Master,2022-01-01,2022
8-2-602,2020,398400.0,0.0,398400.0,NHDRA,2020-01-01,2020
8-2-603,2022,367500.0,0.0,367500.0,City Parcel Master,2022-01-01,2022
8-2-603,2020,367500.0,0.0,367500.0,NHDRA,2020-01-01,2020
8-2-604,2022,366900.0,0.0,366900.0,City Parcel Master,2022-01-01,2022
8-2-604,2020,366900.0,0.0,366900.0,NHDRA,2020-01-01,2020
8-2-701,2022,345100.0,0.0,345100.0,City Parcel Master,2022-01-01,2022
8-2-701,2020,345100.0,0.0,345100.0,NHDRA,2020-01-01,2020
8-2-702,2022,369700.0,0.0,369700.0,City Parcel Master,2022-01-01,2022
8-2-702,2020,369700.0,0.0,369700.0,NHDRA,2020-01-01,2020
8-2-801,2022,319900.0,0.0,319900.0,City Parcel Master,2022-01-01,2022
8-2-801,2020,319900.0,0.0,319900.0,NHDRA,2020-01-01,2020
8-2-802,2022,327400.0,0.0,327400.0,City Parcel Master,2022-01-01,2022
8-2-802,2020,327400.0,0.0,327400.0,NHDRA,2020-01-01,2020
8-2-803,2022,336600.0,0.0,336600.0,City Parcel Master,2022-01-01,2022
8-2-803,2020,336600.0,0.0,336600.0,NHDRA,2020-01-01,2020
8-2-804,2022,270100.0,0.0,270100.0,City Parcel Master,2022-01-01,2022
8-2-804,2020,268900.0,0.0,268900.0,NHDRA,2020-01-01,2020
8-2-901,2022,318200.0,0.0,318200.0,City Parcel Master,2022-01-01,2022
8-2-901,2020,318200.0,0.0,318200.0,NHDRA,2020-01-01,2020
8-2-902,2022,327400.0,0.0,327400.0,City Parcel Master,2022-01-01,2022
8-2-902,2020,327400.0,0.0,327400.0,NHDRA,2020-01-01,2020
8-2-903,2022,332600.0,0.0,332600.0,City Parcel Master,2022-01-01,2022
8-2-903,2020,332600.0,0.0,332600.0,NHDRA,2020-01-01,2020
8-2-904,2022,311100.0,0.0,311100.0,City Parcel Master,2022-01-01,2022
8-2-904,2020,310500.0,0.0,310500.0,NHDRA,2020-01-01,2020
8-2-905,2022,329300.0,0.0,329300.0,City Parcel Master,2022-01-01,2022
8-2-905,2020,329300.0,0.0,329300.0,NHDRA,2020-01-01,2020
8-2-906,2022,346700.0,0.0,346700.0,City Parcel Master,2022-01-01,2022
8-2-906,2020,346700.0,0.0,346700.0,NHDRA,2020-01-01,2020
8-2-907,2022,343700.0,0.0,343700.0,City Parcel Master,2022-01-01,2022
8-2-907,2020,343700.0,0.0,343700.0,NHDRA,2020-01-01,2020
8-2-908,2022,334800.0,0.0,334800.0,City Parcel Master,2022-01-01,2022
8-2-908,2020,334800.0,0.0,334800.0,NHDRA,2020-01-01,2020
8-2-909,2022,336800.0,0.0,336800.0,City Parcel Master,2022-01-01,2022
8-2-909,2020,336800.0,0.0,336800.0,NHDRA,2020-01-01,2020
8-2-910,2022,338400.0,0.0,338400.0,City Parcel Master,2022-01-01,2022
8-2-910,2020,338400.0,0.0,338400.0,NHDRA,2020-01-01,2020
8-2-911,2022,295800.0,0.0,295800.0,City Parcel Master,2022-01-01,2022
8-2-911,2020,295800.0,0.0,295800.0,NHDRA,2020-01-01,2020
8-2-912,2022,322500.0,0.0,322500.0,City Parcel Master,2022-01-01,2022
8-2-912,2020,322500.0,0.0,322500.0,NHDRA,2020-01-01,2020
8-2-1201,2022,328800.0,0.0,328800.0,City Parcel Master,2022-01-01,2022
8-2-1201,2020,329900.0,0.0,329900.0,NHDRA,2020-01-01,2020
8-2-1202,2022,346000.0,0.0,346000.0,City Parcel Master,2022-01-01,2022
8-2-1202,2020,346000.0,0.0,346000.0,NHDRA,2020-01-01,2020
8-2-1203,2022,342900.0,0.0,342900.0,City Parcel Master,2022-01-01,2022
8-2-1203,2020,342900.0,0.0,342900.0,NHDRA,2020-01-01,2020
8-2-1204,2022,284800.0,0.0,284800.0,City Parcel Master,2022-01-01,2022
8-2-1204,2020,284800.0,0.0,284800.0,NHDRA,2020-01-01,2020
8-2-1301,2022,329800.0,0.0,329800.0,City Parcel Master,2022-01-01,2022
8-2-1301,2020,329800.0,0.0,329800.0,NHDRA,2020-01-01,2020
8-2-1302,2022,336500.0,0.0,336500.0,City Parcel Master,2022-01-01,2022
8-2-1302,2020,336500.0,0.0,336500.0,NHDRA,2020-01-01,2020
8-2-1303,2022,344400.0,0.0,344400.0,City Parcel Master,2022-01-01,2022
8-2-1303,2020,344400.0,0.0,344400.0,NHDRA,2020-01-01,2020
8-2-1304,2022,334700.0,0.0,334700.0,City Parcel Master,2022-01-01,2022
8-2-1304,2020,334700.0,0.0,334700.0,NHDRA,2020-01-01,2020
8-3,2022,720300.0,111200.0,605900.0,City Parcel Master,2022-01-01,2022
8-3,2020,720300.0,111200.0,605900.0,NHDRA,2020-01-01,2020
8-4,2022,443000.0,99700.0,343300.0,City Parcel Master,2022-01-01,2022
8-4,2020,443000.0,99700.0,343300.0,NHDRA,2020-01-01,2020
8-5,2022,120600.0,92500.0,28100.0,City Parcel Master,2022-01-01,2022
8-5,2020,120000.0,92400.0,27600.0,NHDRA,2020-01-01,2020
8-7,2022,1115000.0,281800.0,806900.0,City Parcel Master,2022-01-01,2022
8-7,2020,1115000.0,281800.0,806900.0,NHDRA,2020-01-01,2020
8-8,2022,228000.0,71700.0,155900.0,City Parcel Master,2022-01-01,2022
8-8,2020,228100.0,71800.0,155900.0,NHDRA,2020-01-01,2020
8-9,2022,211900.0,73900.0,138000.0,City Parcel Master,2022-01-01,2022
8-9,2020,211900.0,73900.0,138000.0,NHDRA,2020-01-01,2020
8-10,2022,230200.0,64200.0,166000.0,City Parcel Master,2022-01-01,2022
8-10,2020,230200.0,64200.0,166000.0,NHDRA,2020-01-01,2020
8-11,2022,162400.0,92200.0,69000.0,City Parcel Master,2022-01-01,2022
8-11,2020,161500.0,92200.0,69000.0,NHDRA,2020-01-01,2020
8-12,2022,105700.0,105700.0,0.0,City Parcel Master,2022-01-01,2022
8-12,2020,105700.0,105700.0,0.0,NHDRA,2020-01-01,2020
8-13,2022,260100.0,64200.0,195900.0,City Parcel Master,2022-01-01,2022
8-13,2020,260100.0,64200.0,195900.0,NHDRA,2020-01-01,2020
8-14,2022,264600.0,78900.0,185100.0,City Parcel Master,2022-01-01,2022
8-14,2020,264600.0,78900.0,185100.0,NHDRA,2020-01-01,2020
8-15,2022,235000.0,71200.0,134200.0,City Parcel Master,2022-01-01,2022
8-15,2020,205500.0,71200.0,134200.0,NHDRA,2020-01-01,2020
8-16,2022,396600.0,103200.0,293100.0,City Parcel Master,2022-01-01,2022
8-16,2020,396600.0,103200.0,293100.0,NHDRA,2020-01-01,2020
8-17,2022,278100.0,104800.0,173300.0,City Parcel Master,2022-01-01,2022
8-17,2020,278100.0,104800.0,173300.0,NHDRA,2020-01-01,2020
8-18,2022,435500.0,75700.0,359800.0,City Parcel Master,2022-01-01,2022
8-18,2020,435500.0,75700.0,359800.0,NHDRA,2020-01-01,2020
8-19,2022,282700.0,103900.0,178800.0,City Parcel Master,2022-01-01,2022
8-19,2020,282700.0,103900.0,178800.0,NHDRA,2020-01-01,2020
8-21,2022,318700.0,102200.0,208500.0,City Parcel Master,2022-01-01,2022
8-21,2020,318800.0,102300.0,208500.0,NHDRA,2020-01-01,2020
8-22,2022,277100.0,91100.0,186000.0,City Parcel Master,2022-01-01,2022
8-22,2020,277000.0,91000.0,186000.0,NHDRA,2020-01-01,2020
8-23,2022,46900.0,27700.0,0.0,City Parcel Master,2022-01-01,2022
8-23,2020,46900.0,27700.0,0.0,NHDRA,2020-01-01,2020
8-25,2022,378300.0,109500.0,261800.0,City Parcel Master,2022-01-01,2022
8-25,2020,378300.0,109500.0,261800.0,NHDRA,2020-01-01,2020
8-26,2022,5100.0,5100.0,0.0,City Parcel Master,2022-01-01,2022
8-26,2020,5100.0,5100.0,0.0,NHDRA,2020-01-01,2020
8-27,2022,5000.0,5000.0,0.0,City Parcel Master,2022-01-01,2022
8-27,2020,5000.0,5000.0,0.0,NHDRA,2020-01-01,2020
8-28,2022,5100.0,5100.0,0.0,City Parcel Master,2022-01-01,2022
8-28,2020,5100.0,5100.0,0.0,NHDRA,2020-01-01,2020
8-29,2022,5000.0,5000.0,0.0,City Parcel Master,2022-01-01,2022
8-29,2020,5000.0,5000.0,0.0,NHDRA,2020-01-01,2020
8-30,2022,245100.0,85900.0,158700.0,City Parcel Master,2022-01-01,2022
8-30,2020,253100.0,85800.0,166800.0,NHDRA,2020-01-01,2020
8-31,2022,334300.0,93400.0,240600.0,City Parcel Master,2022-01-01,2022
8-31,2020,334400.0,93500.0,240600.0,NHDRA,2020-01-01,2020
8-32,2022,376300.0,93400.0,282900.0,City Parcel Master,2022-01-01,2022
8-32,2020,376400.0,93500.0,282900.0,NHDRA,2020-01-01,2020
8-33,2022,89700.0,89700.0,0.0,City Parcel Master,2022-01-01,2022
8-33,2020,89700.0,89700.0,0.0,NHDRA,2020-01-01,2020
9-1,2022,835100.0,297500.0,517500.0,City Parcel Master,2022-01-01,2022
9-1,2020,835100.0,297500.0,517500.0,NHDRA,2020-01-01,2020
9-2,2022,16515.0,16515.0,0.0,City Parcel Master,2022-01-01,2022
9-2,2020,16515.0,16515.0,0.0,NHDRA,2020-01-01,2020
10-6-100,2022,298100.0,192600.0,100000.0,City Parcel Master,2022-01-01,2022
10-6-100,2020,297900.0,192400.0,100000.0,NHDRA,2020-01-01,2020
10-6-200,2022,2163700.0,370400.0,1749200.0,City Parcel Master,2022-01-01,2022
10-6-200,2020,2142500.0,370400.0,1728000.0,NHDRA,2020-01-01,2020
10-7-101,2022,496200.0,0.0,496200.0,City Parcel Master,2022-01-01,2022
10-7-101,2020,496200.0,0.0,496200.0,NHDRA,2020-01-01,2020
10-7-102,2022,313800.0,0.0,313800.0,City Parcel Master,2022-01-01,2022
10-7-102,2020,313800.0,0.0,313800.0,NHDRA,2020-01-01,2020
10-7-105,2022,566800.0,0.0,566800.0,City Parcel Master,2022-01-01,2022
10-7-105,2020,566800.0,0.0,566800.0,NHDRA,2020-01-01,2020
10-7-201,2022,506200.0,0.0,506200.0,City Parcel Master,2022-01-01,2022
10-7-201,2020,506200.0,0.0,506200.0,NHDRA,2020-01-01,2020
10-7-202,2022,306800.0,0.0,306800.0,City Parcel Master,2022-01-01,2022
10-7-202,2020,306800.0,0.0,306800.0,NHDRA,2020-01-01,2020
10-7-203,2022,1231400.0,0.0,1231400.0,City Parcel Master,2022-01-01,2022
10-7-203,2020,1231400.0,0.0,1231400.0,NHDRA,2020-01-01,2020
10-7-204,2022,853400.0,0.0,853400.0,City Parcel Master,2022-01-01,2022
10-7-204,2020,511300.0,0.0,511300.0,NHDRA,2020-01-01,2020
10-7-205,2022,339600.0,0.0,339600.0,City Parcel Master,2022-01-01,2022
10-7-205,2020,339600.0,0.0,339600.0,NHDRA,2020-01-01,2020
10-7-302,2022,455200.0,0.0,455200.0,City Parcel Master,2022-01-01,2022
10-7-302,2020,455200.0,0.0,455200.0,NHDRA,2020-01-01,2020
10-7-305,2022,326800.0,0.0,326800.0,City Parcel Master,2022-01-01,2022
10-7-305,2020,326800.0,0.0,326800.0,NHDRA,2020-01-01,2020
10-7-402,2022,245800.0,0.0,245800.0,City Parcel Master,2022-01-01,2022
10-7-402,2020,245800.0,0.0,245800.0,NHDRA,2020-01-01,2020
10-7-405,2022,147300.0,0.0,147300.0,City Parcel Master,2022-01-01,2022
10-7-405,2020,147300.0,0.0,147300.0,NHDRA,2020-01-01,2020
10-7-502,2022,321800.0,0.0,321800.0,City Parcel Master,2022-01-01,2022
10-7-502,2020,321800.0,0.0,321800.0,NHDRA,2020-01-01,2020
10-7-602,2022,311700.0,0.0,311700.0,City Parcel Master,2022-01-01,2022
10-7-602,2020,311700.0,0.0,311700.0,NHDRA,2020-01-01,2020
10-7-702,2022,455600.0,0.0,455600.0,City Parcel Master,2022-01-01,2022
10-7-702,2020,455600.0,0.0,455600.0,NHDRA,2020-01-01,2020
10-7-802,2022,247500.0,0.0,247500.0,City Parcel Master,2022-01-01,2022
10-7-802,2020,247500.0,0.0,247500.0,NHDRA,2020-01-01,2020
10-8,2022,5217900.0,0.0,4733600.0,City Parcel Master,2022-01-01,2022
10-8,2020,4692500.0,0.0,4300300.0,NHDRA,2020-01-01,2020
10-8-100,2022,18469000.0,18469000.0,0.0,City Parcel Master,2022-01-01,2022
10-8-100,2020,18469000.0,18469000.0,0.0,NHDRA,2020-01-01,2020
10-8-200,2022,778046000.0,0.0,775090000.0,City Parcel Master,2022-01-01,2022
10-8-200,2020,715339700.0,0.0,712383700.0,NHDRA,2020-01-01,2020
10-8-300,2022,15725900.0,15725900.0,0.0,City Parcel Master,2022-01-01,2022
10-8-300,2020,15725900.0,15725900.0,0.0,NHDRA,2020-01-01,2020
10-8-70100,2022,1683800.0,0.0,1648400.0,City Parcel Master,2022-01-01,2022
10-8-70100,2020,1683800.0,0.0,1648400.0,NHDRA,2020-01-01,2020
10-8-70200,2022,72943100.0,0.0,59341800.0,City Parcel Master,2022-01-01,2022
10-8-70200,2020,114418600.0,0.0,100817300.0,NHDRA,2020-01-01,2020
10-9,2022,415800.0,359500.0,0.0,City Parcel Master,2022-01-01,2022
10-9,2020,415800.0,359500.0,0.0,NHDRA,2020-01-01,2020
10-10,2022,3928400.0,3904700.0,0.0,City Parcel Master,2022-01-01,2022
10-10,2020,3928400.0,3904700.0,0.0,NHDRA,2020-01-01,2020
10-11-100,2022,12597500.0,2281700.0,10097900.0,City Parcel Master,2022-01-01,2022
10-11-100,2020,13949800.0,2281700.0,11572200.0,NHDRA,2020-01-01,2020
10-11-300,2022,14509700.0,988300.0,13372000.0,City Parcel Master,2022-01-01,2022
10-11-300,2020,14506300.0,988300.0,13372000.0,NHDRA,2020-01-01,2020
10-11-400,2022,2276400.0,610900.0,1632600.0,City Parcel Master,2022-01-01,2022
10-11-400,2020,2422800.0,610900.0,1779000.0,NHDRA,2020-01-01,2020
10-11-700,2022,7741200.0,1912700.0,5532200.0,City Parcel Master,2022-01-01,2022
10-11-700,2020,7463600.0,1685400.0,5476200.0,NHDRA,2020-01-01,2020
10-11-1000,2022,1997900.0,520100.0,1463300.0,City Parcel Master,2022-01-01,2022
10-11-1000,2020,1997900.0,520100.0,1463300.0,NHDRA,2020-01-01,2020
10-11-1201,2022,358300.0,0.0,358300.0,City Parcel Master,2022-01-01,2022
10-11-1201,2020,358300.0,0.0,358300.0,NHDRA,2020-01-01,2020
10-11-1202,2022,505600.0,0.0,504200.0,City Parcel Master,2022-01-01,2022
10-11-1202,2020,505600.0,0.0,504200.0,NHDRA,2020-01-01,2020
10-11-1203,2022,436600.0,0.0,433100.0,City Parcel Master,2022-01-01,2022
10-11-1203,2020,436600.0,0.0,433100.0,NHDRA,2020-01-01,2020
10-11-1204,2022,442400.0,0.0,438900.0,City Parcel Master,2022-01-01,2022
10-11-1204,2020,442400.0,0.0,438900.0,NHDRA,2020-01-01,2020
10-11-1205,2022,473600.0,0.0,469500.0,City Parcel Master,2022-01-01,2022
10-11-1205,2020,473600.0,0.0,469500.0,NHDRA,2020-01-01,2020
10-11-1206,2022,447500.0,0.0,444800.0,City Parcel Master,2022-01-01,2022
10-11-1206,2020,447500.0,0.0,444800.0,NHDRA,2020-01-01,2020
10-11-1207,2022,437900.0,0.0,435500.0,City Parcel Master,2022-01-01,2022
10-11-1207,2020,437900.0,0.0,435500.0,NHDRA,2020-01-01,2020
10-11-1208,2022,411800.0,0.0,409400.0,City Parcel Master,2022-01-01,2022
10-11-1208,2020,411800.0,0.0,409400.0,NHDRA,2020-01-01,2020
10-11-1209,2022,424700.0,0.0,422300.0,City Parcel Master,2022-01-01,2022
10-11-1209,2020,424700.0,0.0,422300.0,NHDRA,2020-01-01,2020
10-11-1210,2022,521200.0,0.0,519800.0,City Parcel Master,2022-01-01,2022
10-11-1210,2020,521200.0,0.0,519800.0,NHDRA,2020-01-01,2020
10-11-1211,2022,494400.0,0.0,493000.0,City Parcel Master,2022-01-01,2022
10-11-1211,2020,494400.0,0.0,493000.0,NHDRA,2020-01-01,2020
10-11-1212,2022,589600.0,0.0,586600.0,City Parcel Master,2022-01-01,2022
10-11-1212,2020,589600.0,0.0,586600.0,NHDRA,2020-01-01,2020
10-11-1213,2022,580200.0,0.0,578500.0,City Parcel Master,2022-01-01,2022
10-11-1213,2020,580200.0,0.0,578500.0,NHDRA,2020-01-01,2020
10-11-1214,2022,446500.0,0.0,444800.0,City Parcel Master,2022-01-01,2022
10-11-1214,2020,446500.0,0.0,444800.0,NHDRA,2020-01-01,2020
10-11-1215,2022,432700.0,0.0,431200.0,City Parcel Master,2022-01-01,2022
10-11-1215,2020,432700.0,0.0,431200.0,NHDRA,2020-01-01,2020
10-11-1216,2022,403500.0,0.0,402000.0,City Parcel Master,2022-01-01,2022
10-11-1216,2020,403500.0,0.0,402000.0,NHDRA,2020-01-01,2020
10-11-1217,2022,415700.0,0.0,414200.0,City Parcel Master,2022-01-01,2022
10-11-1217,2020,415700.0,0.0,414200.0,NHDRA,2020-01-01,2020
10-11-1218,2022,556200.0,0.0,554800.0,City Parcel Master,2022-01-01,2022
10-11-1218,2020,556200.0,0.0,554800.0,NHDRA,2020-01-01,2020
10-11-1219,2022,498900.0,0.0,497500.0,City Parcel Master,2022-01-01,2022
10-11-1219,2020,498900.0,0.0,497500.0,NHDRA,2020-01-01,2020
10-11-1220,2022,589600.0,0.0,586600.0,City Parcel Master,2022-01-01,2022
10-11-1220,2020,589600.0,0.0,586600.0,NHDRA,2020-01-01,2020
10-11-1221,2022,585800.0,0.0,584100.0,City Parcel Master,2022-01-01,2022
10-11-1221,2020,585800.0,0.0,584100.0,NHDRA,2020-01-01,2020
10-11-1222,2022,446500.0,0.0,444800.0,City Parcel Master,2022-01-01,2022
10-11-1222,2020,446500.0,0.0,444800.0,NHDRA,2020-01-01,2020
10-11-1223,2022,428900.0,0.0,427400.0,City Parcel Master,2022-01-01,2022
10-11-1223,2020,428900.0,0.0,427400.0,NHDRA,2020-01-01,2020
10-11-1224,2022,403500.0,0.0,402000.0,City Parcel Master,2022-01-01,2022
10-11-1224,2020,403500.0,0.0,402000.0,NHDRA,2020-01-01,2020
10-11-1225,2022,415700.0,0.0,414200.0,City Parcel Master,2022-01-01,2022
10-11-1225,2020,415700.0,0.0,414200.0,NHDRA,2020-01-01,2020
10-11-1226,2022,521200.0,0.0,519800.0,City Parcel Master,2022-01-01,2022
10-11-1226,2020,521200.0,0.0,519800.0,NHDRA,2020-01-01,2020
10-11-1300,2022,2335300.0,1498500.0,694700.0,City Parcel Master,2022-01-01,2022
10-11-1300,2020,2347200.0,1498500.0,694700.0,NHDRA,2020-01-01,2020
10-11-1302,2022,12227100.0,2054400.0,10060600.0,City Parcel Master,2022-01-01,2022
10-11-1302,2020,15733100.0,2054400.0,13564100.0,NHDRA,2020-01-01,2020
10-11-1400,2022,858400.0,858400.0,0.0,City Parcel Master,2022-01-01,2022
10-11-1400,2020,858400.0,858400.0,0.0,NHDRA,2020-01-01,2020
10-11-1500,2022,2915200.0,406600.0,2437400.0,City Parcel Master,2022-01-01,2022
10-11-1500,2020,4852900.0,677600.0,4062300.0,NHDRA,2020-01-01,2020
10-11-150E,2022,1929100.0,271000.0,1612900.0,City Parcel Master,2022-01-01,2022
10-11-150E,2020,,,,NHDRA,2020-01-01,2020
10-11-1600,2022,9412000.0,1703100.0,7488300.0,City Parcel Master,2022-01-01,2022
10-11-1600,2020,10229200.0,1703100.0,8305500.0,NHDRA,2020-01-01,2020
10-11-2000,2022,9076000.0,1237100.0,7693800.0,City Parcel Master,2022-01-01,2022
10-11-2000,2020,9076000.0,1237100.0,7693800.0,NHDRA,2020-01-01,2020
10-11-2100,2022,7741400.0,1239000.0,6218400.0,City Parcel Master,2022-01-01,2022
10-11-2100,2020,8002900.0,1239900.0,6482100.0,NHDRA,2020-01-01,2020
10-11-2300,2022,10233100.0,641500.0,9469800.0,City Parcel Master,2022-01-01,2022
10-11-2300,2020,10138500.0,641500.0,9469800.0,NHDRA,2020-01-01,2020
10-11-2400,2022,768800.0,614000.0,0.0,City Parcel Master,2022-01-01,2022
10-11-2400,2020,768800.0,614000.0,0.0,NHDRA,2020-01-01,2020
10-11-2500,2022,983200.0,421400.0,520200.0,City Parcel Master,2022-01-01,2022
10-11-2500,2020,983200.0,421400.0,520200.0,NHDRA,2020-01-01,2020
10-11-2600,2022,7384100.0,969800.0,3831400.0,City Parcel Master,2022-01-01,2022
10-11-2600,2020,6445400.0,969800.0,2179900.0,NHDRA,2020-01-01,2020
10-11-2700,2022,6725400.0,1646700.0,4936600.0,City Parcel Master,2022-01-01,2022
10-11-2700,2020,6725400.0,1646700.0,4936600.0,NHDRA,2020-01-01,2020
10-11-3100,2022,1986900.0,843100.0,1088900.0,City Parcel Master,2022-01-01,2022
10-11-3100,2020,1986900.0,843100.0,1088900.0,NHDRA,2020-01-01,2020
10-11-3200,2022,1802700.0,1089100.0,651300.0,City Parcel Master,2022-01-01,2022
10-11-3200,2020,1861600.0,1089100.0,710200.0,NHDRA,2020-01-01,2020
10-11-3400,2022,9626900.0,1518200.0,7954100.0,City Parcel Master,2022-01-01,2022
10-11-3400,2020,9588900.0,1518200.0,7916100.0,NHDRA,2020-01-01,2020
10-11-3600,2022,9870000.0,880400.0,8396200.0,City Parcel Master,2022-01-01,2022
10-11-3600,2020,11029000.0,880400.0,9149000.0,NHDRA,2020-01-01,2020
10-11-3800,2022,6970600.0,1750600.0,5002200.0,City Parcel Master,2022-01-01,2022
10-11-3800,2020,6970600.0,1750600.0,5002200.0,NHDRA,2020-01-01,2020
10-12,2022,26718615.0,6100915.0,20314100.0,City Parcel Master,2022-01-01,2022
10-12,2020,23025115.0,6100915.0,16627400.0,NHDRA,2020-01-01,2020
10-13,2022,230.0,230.0,0.0,City Parcel Master,2022-01-01,2022
10-13,2020,230.0,230.0,0.0,NHDRA,2020-01-01,2020
10-21,2022,370200.0,370200.0,0.0,City Parcel Master,2022-01-01,2022
10-21,2020,370200.0,370200.0,0.0,NHDRA,2020-01-01,2020
10-22,2022,13597600.0,1796100.0,11661500.0,City Parcel Master,2022-01-01,2022
10-22,2020,13597600.0,1796100.0,11661500.0,NHDRA,2020-01-01,2020
10-23,2022,407100.0,407100.0,0.0,City Parcel Master,2022-01-01,2022
10-23,2020,407100.0,407100.0,0.0,NHDRA,2020-01-01,2020
10-24-100,2022,445.0,445.0,0.0,City Parcel Master,2022-01-01,2022
10-24-100,2020,445.0,445.0,0.0,NHDRA,2020-01-01,2020
10-24-200,2022,220.0,220.0,0.0,City Parcel Master,2022-01-01,2022
10-24-200,2020,220.0,220.0,0.0,NHDRA,2020-01-01,2020
10-25,2022,200300.0,200300.0,0.0,City Parcel Master,2022-01-01,2022
10-25,2020,227600.0,227600.0,0.0,NHDRA,2020-01-01,2020
10-26,2022,85.0,85.0,0.0,City Parcel Master,2022-01-01,2022
10-26,2020,85.0,85.0,0.0,NHDRA,2020-01-01,2020
10-27,2022,85.0,85.0,0.0,City Parcel Master,2022-01-01,2022
10-27,2020,85.0,85.0,0.0,NHDRA,2020-01-01,2020
10-28,2022,275.0,275.0,0.0,City Parcel Master,2022-01-01,2022
10-28,2020,275.0,275.0,0.0,NHDRA,2020-01-01,2020
10-29,2022,340.0,340.0,0.0,City Parcel Master,2022-01-01,2022
10-29,2020,340.0,340.0,0.0,NHDRA,2020-01-01,2020
10-30,2022,115.0,115.0,0.0,City Parcel Master,2022-01-01,2022
10-30,2020,115.0,115.0,0.0,NHDRA,2020-01-01,2020
10-31,2022,115.0,115.0,0.0,City Parcel Master,2022-01-01,2022
10-31,2020,115.0,115.0,0.0,NHDRA,2020-01-01,2020
10-32,2022,90.0,90.0,0.0,City Parcel Master,2022-01-01,2022
10-32,2020,90.0,90.0,0.0,NHDRA,2020-01-01,2020
10-33,2022,115.0,115.0,0.0,City Parcel Master,2022-01-01,2022
10-33,2020,115.0,115.0,0.0,NHDRA,2020-01-01,2020
10-34,2022,125.0,125.0,0.0,City Parcel Master,2022-01-01,2022
10-34,2020,125.0,125.0,0.0,NHDRA,2020-01-01,2020
10-35,2022,140.0,140.0,0.0,City Parcel Master,2022-01-01,2022
10-35,2020,140.0,140.0,0.0,NHDRA,2020-01-01,2020
12-1,2022,393585.0,66585.0,327000.0,City Parcel Master,2022-01-01,2022
12-1,2020,423785.0,66585.0,357200.0,NHDRA,2020-01-01,2020
12-2,2022,1695.0,1695.0,0.0,City Parcel Master,2022-01-01,2022
12-2,2020,2515.0,2515.0,0.0,NHDRA,2020-01-01,2020
12-3,2022,1100.0,1100.0,0.0,City Parcel Master,2022-01-01,2022
12-3,2020,3610.0,3610.0,0.0,NHDRA,2020-01-01,2020
12-4,2022,307400.0,89100.0,207000.0,City Parcel Master,2022-01-01,2022
12-4,2020,305200.0,89400.0,204500.0,NHDRA,2020-01-01,2020
12-5,2022,349050.0,103850.0,221700.0,City Parcel Master,2022-01-01,2022
12-5,2020,349600.0,104400.0,221700.0,NHDRA,2020-01-01,2020
12-5-100,2022,352035.0,68035.0,284000.0,City Parcel Master,2022-01-01,2022
12-5-100,2020,351585.0,67585.0,284000.0,NHDRA,2020-01-01,2020
12-5-200,2022,287500.0,73300.0,198900.0,City Parcel Master,2022-01-01,2022
12-5-200,2020,289700.0,73300.0,201100.0,NHDRA,2020-01-01,2020
12-5-300,2022,397100.0,64900.0,330600.0,City Parcel Master,2022-01-01,2022
12-5-300,2020,397100.0,64900.0,330600.0,NHDRA,2020-01-01,2020
12-5-400,2022,398400.0,64900.0,332800.0,City Parcel Master,2022-01-01,2022
12-5-400,2020,398400.0,64900.0,332800.0,NHDRA,2020-01-01,2020
12-5-500,2022,260500.0,64900.0,195600.0,City Parcel Master,2022-01-01,2022
12-5-500,2020,251400.0,64900.0,186500.0,NHDRA,2020-01-01,2020
13-1,2022,147900.0,147900.0,0.0,City Parcel Master,2022-01-01,2022
13-1,2020,133500.0,133500.0,0.0,NHDRA,2020-01-01,2020
13-2,2022,621800.0,345500.0,265900.0,City Parcel Master,2022-01-01,2022
13-2,2020,568600.0,345500.0,210700.0,NHDRA,2020-01-01,2020
13-3,2022,308700.0,92300.0,216400.0,City Parcel Master,2022-01-01,2022
13-3,2020,319300.0,92300.0,227000.0,NHDRA,2020-01-01,2020
13-4,2022,547500.0,172100.0,375400.0,City Parcel Master,2022-01-01,2022
13-4,2020,547500.0,172100.0,375400.0,NHDRA,2020-01-01,2020
13-5,2022,1007600.0,141900.0,850100.0,City Parcel Master,2022-01-01,2022
13-5,2020,1006300.0,141900.0,850100.0,NHDRA,2020-01-01,2020
13-6,2022,380700.0,98500.0,272600.0,City Parcel Master,2022-01-01,2022
13-6,2020,400100.0,98500.0,292000.0,NHDRA,2020-01-01,2020
14-1,2022,305500.0,91400.0,213900.0,City Parcel Master,2022-01-01,2022
14-1,2020,305400.0,91300.0,213900.0,NHDRA,2020-01-01,2020
14-2,2022,274900.0,104000.0,163800.0,City Parcel Master,2022-01-01,2022
14-2,2020,273600.0,104000.0,162500.0,NHDRA,2020-01-01,2020
14-3,2022,439800.0,144900.0,294900.0,City Parcel Master,2022-01-01,2022
14-3,2020,443200.0,144900.0,298300.0,NHDRA,2020-01-01,2020
14-5,2022,196000.0,98900.0,94000.0,City Parcel Master,2022-01-01,2022
14-5,2020,193700.0,99000.0,94000.0,NHDRA,2020-01-01,2020
14-6,2022,353800.0,94600.0,259200.0,City Parcel Master,2022-01-01,2022
14-6,2020,353900.0,94700.0,259200.0,NHDRA,2020-01-01,2020
14-7,2022,248600.0,92500.0,155800.0,City Parcel Master,2022-01-01,2022
14-7,2020,248500.0,92400.0,155800.0,NHDRA,2020-01-01,2020
14-8,2022,372400.0,99700.0,243500.0,City Parcel Master,2022-01-01,2022
14-8,2020,339900.0,99700.0,240200.0,NHDRA,2020-01-01,2020
14-9,2022,349800.0,90600.0,258400.0,City Parcel Master,2022-01-01,2022
14-9,2020,360200.0,90600.0,268800.0,NHDRA,2020-01-01,2020
14-10,2022,340100.0,102800.0,216900.0,City Parcel Master,2022-01-01,2022
14-10,2020,316000.0,102800.0,213200.0,NHDRA,2020-01-01,2020
14-11,2022,305100.0,102800.0,201300.0,City Parcel Master,2022-01-01,2022
14-11,2020,305100.0,102800.0,201300.0,NHDRA,2020-01-01,2020
14-12,2022,265500.0,78200.0,177500.0,City Parcel Master,2022-01-01,2022
14-12,2020,278600.0,78200.0,190600.0,NHDRA,2020-01-01,2020
14-13,2022,287900.0,95600.0,192300.0,City Parcel Master,2022-01-01,2022
14-13,2020,287900.0,95600.0,192300.0,NHDRA,2020-01-01,2020
14-14,2022,257100.0,89700.0,167400.0,City Parcel Master,2022-01-01,2022
14-14,2020,257100.0,89700.0,167400.0,NHDRA,2020-01-01,2020
14-15,2022,353500.0,93000.0,260400.0,City Parcel Master,2022-01-01,2022
14-15,2020,349100.0,93000.0,255900.0,NHDRA,2020-01-01,2020
14-16,2022,110000.0,81400.0,26500.0,City Parcel Master,2022-01-01,2022
14-16,2020,110000.0,81400.0,26500.0,NHDRA,2020-01-01,2020
14-17-100,2022,413000.0,104100.0,295400.0,City Parcel Master,2022-01-01,2022
14-17-100,2020,433900.0,104100.0,316300.0,NHDRA,2020-01-01,2020
14-17-200,2022,103100.0,103100.0,0.0,City Parcel Master,2022-01-01,2022
14-17-200,2020,103300.0,103300.0,0.0,NHDRA,2020-01-01,2020
14-17-300,2022,575300.0,104100.0,471200.0,City Parcel Master,2022-01-01,2022
14-17-300,2020,575300.0,104100.0,471200.0,NHDRA,2020-01-01,2020
14-18,2022,55700.0,55700.0,0.0,City Parcel Master,2022-01-01,2022
14-18,2020,55700.0,55700.0,0.0,NHDRA,2020-01-01,2020
14-19,2022,282100.0,82800.0,183600.0,City Parcel Master,2022-01-01,2022
14-19,2020,282100.0,82800.0,183600.0,NHDRA,2020-01-01,2020
14-20,2022,4800.0,4800.0,0.0,City Parcel Master,2022-01-01,2022
14-20,2020,4800.0,4800.0,0.0,NHDRA,2020-01-01,2020
14-21,2022,235800.0,76100.0,155300.0,City Parcel Master,2022-01-01,2022
14-21,2020,235800.0,76100.0,155300.0,NHDRA,2020-01-01,2020
14-22,2022,281900.0,93300.0,178800.0,City Parcel Master,2022-01-01,2022
14-22,2020,289100.0,93300.0,186000.0,NHDRA,2020-01-01,2020
14-23,2022,190300.0,190300.0,0.0,City Parcel Master,2022-01-01,2022
14-23,2020,190300.0,190300.0,0.0,NHDRA,2020-01-01,2020
20-1,2022,1272780.0,322180.0,924300.0,City Parcel Master,2022-01-01,2022
20-1,2020,1293980.0,322380.0,945300.0,NHDRA,2020-01-01,2020
20-2,2022,463500.0,183400.0,280100.0,City Parcel Master,2022-01-01,2022
20-2,2020,463500.0,183400.0,280100.0,NHDRA,2020-01-01,2020
21-1,2022,92300.0,92300.0,0.0,City Parcel Master,2022-01-01,2022
21-1,2020,92300.0,92300.0,0.0,NHDRA,2020-01-01,2020
21-2,2022,9900.0,9900.0,0.0,City Parcel Master,2022-01-01,2022
21-2,2020,9900.0,9900.0,0.0,NHDRA,2020-01-01,2020
21-3,2022,10700.0,10700.0,0.0,City Parcel Master,2022-01-01,2022
21-3,2020,10700.0,10700.0,0.0,NHDRA,2020-01-01,2020
21-4,2022,37975400.0,712100.0,0.0,City Parcel Master,2022-01-01,2022
21-4,2020,44291300.0,712100.0,155300.0,NHDRA,2020-01-01,2020
21-5,2022,330100.0,91600.0,231200.0,City Parcel Master,2022-01-01,2022
21-5,2020,330000.0,91500.0,231200.0,NHDRA,2020-01-01,2020
21-6,2022,298000.0,298000.0,0.0,City Parcel Master,2022-01-01,2022
21-6,2020,298000.0,298000.0,0.0,NHDRA,2020-01-01,2020
21-7,2022,345500.0,92300.0,252300.0,City Parcel Master,2022-01-01,2022
21-7,2020,350400.0,92300.0,257200.0,NHDRA,2020-01-01,2020
21-8,2022,88500.0,88500.0,0.0,City Parcel Master,2022-01-01,2022
21-8,2020,88500.0,88500.0,0.0,NHDRA,2020-01-01,2020
21-9,2022,88600.0,88600.0,0.0,City Parcel Master,2022-01-01,2022
21-9,2020,88600.0,88600.0,0.0,NHDRA,2020-01-01,2020
22-1,2022,2054180.0,2054180.0,0.0,City Parcel Master,2022-01-01,2022
22-1,2020,2054180.0,2054180.0,0.0,NHDRA,2020-01-01,2020
22-2,2022,6930.0,6930.0,0.0,City Parcel Master,2022-01-01,2022
22-2,2020,6930.0,6930.0,0.0,NHDRA,2020-01-01,2020
24-1,2022,31869800.0,9670400.0,21981100.0,City Parcel Master,2022-01-01,2022
24-1,2020,3365000.0,3359700.0,0.0,NHDRA,2020-01-01,2020
24-1-100,2022,1038400.0,1038400.0,0.0,City Parcel Master,2022-01-01,2022
24-1-100,2020,1038400.0,1038400.0,0.0,NHDRA,2020-01-01,2020
24-2,2022,57753850.0,17011250.0,40475200.0,City Parcel Master,2022-01-01,2022
24-2,2020,43235140.0,17011240.0,26013900.0,NHDRA,2020-01-01,2020
24-3,2022,303900.0,102900.0,200000.0,City Parcel Master,2022-01-01,2022
24-3,2020,303900.0,102900.0,200000.0,NHDRA,2020-01-01,2020
24-4,2022,10380.0,10380.0,0.0,City Parcel Master,2022-01-01,2022
24-4,2020,10380.0,10380.0,0.0,NHDRA,2020-01-01,2020
24-5,2022,1710.0,1710.0,0.0,City Parcel Master,2022-01-01,2022
24-5,2020,1710.0,1710.0,0.0,NHDRA,2020-01-01,2020
24-6,2022,96800.0,96800.0,0.0,City Parcel Master,2022-01-01,2022
24-6,2020,97700.0,97700.0,0.0,NHDRA,2020-01-01,2020
24-7,2022,215578.0,99800.0,106978.0,City Parcel Master,2022-01-01,2022
24-7,2020,217101.0,99800.0,117301.0,NHDRA,2020-01-01,2020
24-8,2022,2030.0,2030.0,0.0,City Parcel Master,2022-01-01,2022
24-8,2020,2030.0,2030.0,0.0,NHDRA,2020-01-01,2020
24-9,2022,9439100.0,9264100.0,0.0,City Parcel Master,2022-01-01,2022
24-9,2020,308700.0,105900.0,191000.0,NHDRA,2020-01-01,2020
24-11,2022,50185720.0,14008120.0,35704200.0,City Parcel Master,2022-01-01,2022
24-11,2020,49934620.0,14008120.0,35453100.0,NHDRA,2020-01-01,2020
24-12,2022,414400.0,83400.0,331000.0,City Parcel Master,2022-01-01,2022
24-12,2020,412500.0,75900.0,335300.0,NHDRA,2020-01-01,2020
24-13,2022,1000.0,1000.0,0.0,City Parcel Master,2022-01-01,2022
24-13,2020,890.0,890.0,0.0,NHDRA,2020-01-01,2020
24-14,2022,264000.0,0.0,0.0,City Parcel Master,2022-01-01,2022
24-14,2020,264000.0,0.0,0.0,NHDRA,2020-01-01,2020
24-14-100,2022,16392400.0,797100.0,15403300.0,City Parcel Master,2022-01-01,2022
24-14-100,2020,16392400.0,797100.0,15403300.0,NHDRA,2020-01-01,2020
24-14-200,2022,5176400.0,561400.0,4529900.0,City Parcel Master,2022-01-01,2022
24-14-200,2020,5148300.0,561400.0,4503000.0,NHDRA,2020-01-01,2020
24-14-300,2022,276100.0,276100.0,0.0,City Parcel Master,2022-01-01,2022
24-14-300,2020,276100.0,276100.0,0.0,NHDRA,2020-01-01,2020
24-14-400,2022,292000.0,292000.0,0.0,City Parcel Master,2022-01-01,2022
24-14-400,2020,292000.0,292000.0,0.0,NHDRA,2020-01-01,2020
24-14-500,2022,288400.0,288400.0,0.0,City Parcel Master,2022-01-01,2022
24-14-500,2020,288500.0,288500.0,0.0,NHDRA,2020-01-01,2020
24-14-600,2022,316200.0,316200.0,0.0,City Parcel Master,2022-01-01,2022
24-14-600,2020,316200.0,316200.0,0.0,NHDRA,2020-01-01,2020
24-15,2022,6140.0,6140.0,0.0,City Parcel Master,2022-01-01,2022
24-15,2020,10300.0,10300.0,0.0,NHDRA,2020-01-01,2020
26-1,2022,17413200.0,8137600.0,9094900.0,City Parcel Master,2022-01-01,2022
26-1,2020,17413200.0,8137600.0,9094900.0,NHDRA,2020-01-01,2020
26-1-100,2022,48500.0,48500.0,0.0,City Parcel Master,2022-01-01,2022
26-1-100,2020,48500.0,48500.0,0.0,NHDRA,2020-01-01,2020
26-2,2022,9419825.0,1524425.0,7777100.0,City Parcel Master,2022-01-01,2022
26-2,2020,9427495.0,1524095.0,7785100.0,NHDRA,2020-01-01,2020
26-2-102,2022,283000.0,0.0,283000.0,City Parcel Master,2022-01-01,2022
26-2-102,2020,283000.0,0.0,283000.0,NHDRA,2020-01-01,2020
26-2-104,2022,376300.0,0.0,376300.0,City Parcel Master,2022-01-01,2022
26-2-104,2020,376300.0,0.0,376300.0,NHDRA,2020-01-01,2020
26-2-106,2022,279700.0,0.0,279700.0,City Parcel Master,2022-01-01,2022
26-2-106,2020,279700.0,0.0,279700.0,NHDRA,2020-01-01,2020
26-2-107,2022,292600.0,0.0,292600.0,City Parcel Master,2022-01-01,2022
26-2-107,2020,292600.0,0.0,292600.0,NHDRA,2020-01-01,2020
26-2-108,2022,283500.0,0.0,283500.0,City Parcel Master,2022-01-01,2022
26-2-108,2020,283500.0,0.0,283500.0,NHDRA,2020-01-01,2020
26-2-109,2022,286800.0,0.0,286800.0,City Parcel Master,2022-01-01,2022
26-2-109,2020,286800.0,0.0,286800.0,NHDRA,2020-01-01,2020
26-2-110,2022,396100.0,0.0,396100.0,City Parcel Master,2022-01-01,2022
26-2-110,2020,396100.0,0.0,396100.0,NHDRA,2020-01-01,2020
26-2-111,2022,286800.0,0.0,286800.0,City Parcel Master,2022-01-01,2022
26-2-111,2020,286800.0,0.0,286800.0,NHDRA,2020-01-01,2020
26-2-112,2022,396100.0,0.0,396100.0,City Parcel Master,2022-01-01,2022
26-2-112,2020,396100.0,0.0,396100.0,NHDRA,2020-01-01,2020
26-2-113,2022,284800.0,0.0,284800.0,City Parcel Master,2022-01-01,2022
26-2-113,2020,284800.0,0.0,284800.0,NHDRA,2020-01-01,2020
26-2-114,2022,284400.0,0.0,284400.0,City Parcel Master,2022-01-01,2022
26-2-114,2020,284400.0,0.0,284400.0,NHDRA,2020-01-01,2020
26-2-115,2022,267000.0,0.0,267000.0,City Parcel Master,2022-01-01,2022
26-2-115,2020,267000.0,0.0,267000.0,NHDRA,2020-01-01,2020
26-2-116,2022,279700.0,0.0,279700.0,City Parcel Master,2022-01-01,2022
26-2-116,2020,279700.0,0.0,279700.0,NHDRA,2020-01-01,2020
26-2-117,2022,363200.0,0.0,363200.0,City Parcel Master,2022-01-01,2022
26-2-117,2020,363200.0,0.0,363200.0,NHDRA,2020-01-01,2020
26-2-118,2022,365600.0,0.0,365600.0,City Parcel Master,2022-01-01,2022
26-2-118,2020,365600.0,0.0,365600.0,NHDRA,2020-01-01,2020
26-2-119,2022,365600.0,0.0,365600.0,City Parcel Master,2022-01-01,2022
26-2-119,2020,365600.0,0.0,365600.0,NHDRA,2020-01-01,2020
26-2-120,2022,276500.0,0.0,276500.0,City Parcel Master,2022-01-01,2022
26-2-120,2020,276500.0,0.0,276500.0,NHDRA,2020-01-01,2020
26-2-121,2022,282500.0,0.0,282500.0,City Parcel Master,2022-01-01,2022
26-2-121,2020,282500.0,0.0,282500.0,NHDRA,2020-01-01,2020
26-2-201,2022,271400.0,0.0,271400.0,City Parcel Master,2022-01-01,2022
26-2-201,2020,287400.0,0.0,287400.0,NHDRA,2020-01-01,2020
26-2-202,2022,287400.0,0.0,287400.0,City Parcel Master,2022-01-01,2022
26-2-202,2020,287400.0,0.0,287400.0,NHDRA,2020-01-01,2020
26-2-203,2022,372000.0,0.0,372000.0,City Parcel Master,2022-01-01,2022
26-2-203,2020,372000.0,0.0,372000.0,NHDRA,2020-01-01,2020
26-2-204,2022,400400.0,0.0,400400.0,City Parcel Master,2022-01-01,2022
26-2-204,2020,400400.0,0.0,400400.0,NHDRA,2020-01-01,2020
26-2-205,2022,234100.0,0.0,234100.0,City Parcel Master,2022-01-01,2022
26-2-205,2020,234100.0,0.0,234100.0,NHDRA,2020-01-01,2020
26-2-206,2022,290800.0,0.0,290800.0,City Parcel Master,2022-01-01,2022
26-2-206,2020,290800.0,0.0,290800.0,NHDRA,2020-01-01,2020
26-2-207,2022,297700.0,0.0,297700.0,City Parcel Master,2022-01-01,2022
26-2-207,2020,297700.0,0.0,297700.0,NHDRA,2020-01-01,2020
26-2-208,2022,293600.0,0.0,293600.0,City Parcel Master,2022-01-01,2022
26-2-208,2020,293600.0,0.0,293600.0,NHDRA,2020-01-01,2020
26-2-209,2022,291800.0,0.0,291800.0,City Parcel Master,2022-01-01,2022
26-2-209,2020,291800.0,0.0,291800.0,NHDRA,2020-01-01,2020
26-2-210,2022,418400.0,0.0,418400.0,City Parcel Master,2022-01-01,2022
26-2-210,2020,418400.0,0.0,418400.0,NHDRA,2020-01-01,2020
26-2-211,2022,291800.0,0.0,291800.0,City Parcel Master,2022-01-01,2022
26-2-211,2020,291800.0,0.0,291800.0,NHDRA,2020-01-01,2020
26-2-212,2022,412200.0,0.0,412200.0,City Parcel Master,2022-01-01,2022
26-2-212,2020,412200.0,0.0,412200.0,NHDRA,2020-01-01,2020
26-2-213,2022,291800.0,0.0,291800.0,City Parcel Master,2022-01-01,2022
26-2-213,2020,291800.0,0.0,291800.0,NHDRA,2020-01-01,2020
26-2-214,2022,293600.0,0.0,293600.0,City Parcel Master,2022-01-01,2022
26-2-214,2020,293600.0,0.0,293600.0,NHDRA,2020-01-01,2020
26-2-215,2022,273500.0,0.0,273500.0,City Parcel Master,2022-01-01,2022
26-2-215,2020,273500.0,0.0,273500.0,NHDRA,2020-01-01,2020
26-2-216,2022,290800.0,0.0,290800.0,City Parcel Master,2022-01-01,2022
26-2-216,2020,290800.0,0.0,290800.0,NHDRA,2020-01-01,2020
26-2-217,2022,377600.0,0.0,377600.0,City Parcel Master,2022-01-01,2022
26-2-217,2020,377600.0,0.0,377600.0,NHDRA,2020-01-01,2020
26-2-218,2022,380100.0,0.0,380100.0,City Parcel Master,2022-01-01,2022
26-2-218,2020,380100.0,0.0,380100.0,NHDRA,2020-01-01,2020
26-2-219,2022,380100.0,0.0,380100.0,City Parcel Master,2022-01-01,2022
26-2-219,2020,380100.0,0.0,380100.0,NHDRA,2020-01-01,2020
26-2-220,2022,287400.0,0.0,287400.0,City Parcel Master,2022-01-01,2022
26-2-220,2020,287400.0,0.0,287400.0,NHDRA,2020-01-01,2020
26-2-221,2022,293800.0,0.0,293800.0,City Parcel Master,2022-01-01,2022
26-2-221,2020,293800.0,0.0,293800.0,NHDRA,2020-01-01,2020
26-2-301,2022,293800.0,0.0,293800.0,City Parcel Master,2022-01-01,2022
26-2-301,2020,293800.0,0.0,293800.0,NHDRA,2020-01-01,2020
26-2-302,2022,287400.0,0.0,287400.0,City Parcel Master,2022-01-01,2022
26-2-302,2020,287400.0,0.0,287400.0,NHDRA,2020-01-01,2020
26-2-303,2022,372000.0,0.0,372000.0,City Parcel Master,2022-01-01,2022
26-2-303,2020,372000.0,0.0,372000.0,NHDRA,2020-01-01,2020
26-2-304,2022,380100.0,0.0,380100.0,City Parcel Master,2022-01-01,2022
26-2-304,2020,380100.0,0.0,380100.0,NHDRA,2020-01-01,2020
26-2-305,2022,234100.0,0.0,234100.0,City Parcel Master,2022-01-01,2022
26-2-305,2020,234100.0,0.0,234100.0,NHDRA,2020-01-01,2020
26-2-306,2022,290800.0,0.0,290800.0,City Parcel Master,2022-01-01,2022
26-2-306,2020,290800.0,0.0,290800.0,NHDRA,2020-01-01,2020
26-2-307,2022,297700.0,0.0,297700.0,City Parcel Master,2022-01-01,2022
26-2-307,2020,297700.0,0.0,297700.0,NHDRA,2020-01-01,2020
26-2-308,2022,287300.0,0.0,287300.0,City Parcel Master,2022-01-01,2022
26-2-308,2020,287300.0,0.0,287300.0,NHDRA,2020-01-01,2020
26-2-309,2022,291800.0,0.0,291800.0,City Parcel Master,2022-01-01,2022
26-2-309,2020,291800.0,0.0,291800.0,NHDRA,2020-01-01,2020
26-2-310,2022,412200.0,0.0,412200.0,City Parcel Master,2022-01-01,2022
26-2-310,2020,412200.0,0.0,412200.0,NHDRA,2020-01-01,2020
26-2-311,2022,291800.0,0.0,291800.0,City Parcel Master,2022-01-01,2022
26-2-311,2020,291800.0,0.0,291800.0,NHDRA,2020-01-01,2020
26-2-312,2022,421600.0,0.0,421600.0,City Parcel Master,2022-01-01,2022
26-2-312,2020,421600.0,0.0,421600.0,NHDRA,2020-01-01,2020
26-2-313,2022,291800.0,0.0,291800.0,City Parcel Master,2022-01-01,2022
26-2-313,2020,291800.0,0.0,291800.0,NHDRA,2020-01-01,2020
26-2-314,2022,287300.0,0.0,287300.0,City Parcel Master,2022-01-01,2022
26-2-314,2020,287300.0,0.0,287300.0,NHDRA,2020-01-01,2020
26-2-315,2022,277400.0,0.0,277400.0,City Parcel Master,2022-01-01,2022
26-2-315,2020,277400.0,0.0,277400.0,NHDRA,2020-01-01,2020
26-2-316,2022,290800.0,0.0,290800.0,City Parcel Master,2022-01-01,2022
26-2-316,2020,290800.0,0.0,290800.0,NHDRA,2020-01-01,2020
26-2-317,2022,377600.0,0.0,377600.0,City Parcel Master,2022-01-01,2022
26-2-317,2020,377600.0,0.0,377600.0,NHDRA,2020-01-01,2020
26-2-318,2022,380100.0,0.0,380100.0,City Parcel Master,2022-01-01,2022
26-2-318,2020,380100.0,0.0,380100.0,NHDRA,2020-01-01,2020
26-2-319,2022,380100.0,0.0,380100.0,City Parcel Master,2022-01-01,2022
26-2-319,2020,380100.0,0.0,380100.0,NHDRA,2020-01-01,2020
26-2-320,2022,287400.0,0.0,287400.0,City Parcel Master,2022-01-01,2022
26-2-320,2020,287400.0,0.0,287400.0,NHDRA,2020-01-01,2020
26-2-321,2022,287400.0,0.0,287400.0,City Parcel Master,2022-01-01,2022
26-2-321,2020,287400.0,0.0,287400.0,NHDRA,2020-01-01,2020
26-2-401,2022,298300.0,0.0,298300.0,City Parcel Master,2022-01-01,2022
26-2-401,2020,298300.0,0.0,298300.0,NHDRA,2020-01-01,2020
26-2-402,2022,300000.0,0.0,300000.0,City Parcel Master,2022-01-01,2022
26-2-402,2020,305000.0,0.0,305000.0,NHDRA,2020-01-01,2020
26-2-403,2022,394600.0,0.0,394600.0,City Parcel Master,2022-01-01,2022
26-2-403,2020,394600.0,0.0,394600.0,NHDRA,2020-01-01,2020
26-2-404,2022,394600.0,0.0,394600.0,City Parcel Master,2022-01-01,2022
26-2-404,2020,394600.0,0.0,394600.0,NHDRA,2020-01-01,2020
26-2-405,2022,242400.0,0.0,242400.0,City Parcel Master,2022-01-01,2022
26-2-405,2020,242400.0,0.0,242400.0,NHDRA,2020-01-01,2020
26-2-406,2022,301900.0,0.0,301900.0,City Parcel Master,2022-01-01,2022
26-2-406,2020,301900.0,0.0,301900.0,NHDRA,2020-01-01,2020
26-2-407,2022,309100.0,0.0,309100.0,City Parcel Master,2022-01-01,2022
26-2-407,2020,309100.0,0.0,309100.0,NHDRA,2020-01-01,2020
26-2-408,2022,298200.0,0.0,298200.0,City Parcel Master,2022-01-01,2022
26-2-408,2020,298200.0,0.0,298200.0,NHDRA,2020-01-01,2020
26-2-409,2022,302900.0,0.0,302900.0,City Parcel Master,2022-01-01,2022
26-2-409,2020,302900.0,0.0,302900.0,NHDRA,2020-01-01,2020
26-2-410,2022,428300.0,0.0,428300.0,City Parcel Master,2022-01-01,2022
26-2-410,2020,428300.0,0.0,428300.0,NHDRA,2020-01-01,2020
26-2-411,2022,302900.0,0.0,302900.0,City Parcel Master,2022-01-01,2022
26-2-411,2020,302900.0,0.0,302900.0,NHDRA,2020-01-01,2020
26-2-412,2022,428300.0,0.0,428300.0,City Parcel Master,2022-01-01,2022
26-2-412,2020,428300.0,0.0,428300.0,NHDRA,2020-01-01,2020
26-2-413,2022,302900.0,0.0,302900.0,City Parcel Master,2022-01-01,2022
26-2-413,2020,302900.0,0.0,302900.0,NHDRA,2020-01-01,2020
26-2-414,2022,304800.0,0.0,304800.0,City Parcel Master,2022-01-01,2022
26-2-414,2020,302600.0,0.0,302600.0,NHDRA,2020-01-01,2020
26-2-415,2022,283700.0,0.0,283700.0,City Parcel Master,2022-01-01,2022
26-2-415,2020,283700.0,0.0,283700.0,NHDRA,2020-01-01,2020
26-3,2022,2365600.0,812400.0,1277200.0,City Parcel Master,2022-01-01,2022
26-3,2020,2365600.0,812400.0,1277200.0,NHDRA,2020-01-01,2020
26-4,2022,2716200.0,405200.0,2245700.0,City Parcel Master,2022-01-01,2022
26-4,2020,2716200.0,405200.0,2245700.0,NHDRA,2020-01-01,2020
26-5,2022,273700.0,273700.0,0.0,City Parcel Master,2022-01-01,2022
26-5,2020,273700.0,273700.0,0.0,NHDRA,2020-01-01,2020
26-6,2022,3909300.0,1094100.0,2535000.0,City Parcel Master,2022-01-01,2022
26-6,2020,5276800.0,1094100.0,3902500.0,NHDRA,2020-01-01,2020
26-7,2022,1635.0,1635.0,0.0,City Parcel Master,2022-01-01,2022
26-7,2020,3485.0,3485.0,0.0,NHDRA,2020-01-01,2020
26-8,2022,2345.0,2345.0,0.0,City Parcel Master,2022-01-01,2022
26-8,2020,3845.0,3845.0,0.0,NHDRA,2020-01-01,2020
26-9,2022,208000.0,65800.0,141000.0,City Parcel Master,2022-01-01,2022
26-9,2020,151200.0,66000.0,85000.0,NHDRA,2020-01-01,2020
26-10,2022,145400.0,70700.0,62500.0,City Parcel Master,2022-01-01,2022
26-10,2020,226000.0,74700.0,139100.0,NHDRA,2020-01-01,2020
26-11,2022,214800.0,85000.0,103600.0,City Parcel Master,2022-01-01,2022
26-11,2020,214800.0,85000.0,103600.0,NHDRA,2020-01-01,2020
26-12,2022,208100.0,80400.0,122300.0,City Parcel Master,2022-01-01,2022
26-12,2020,208300.0,80400.0,122300.0,NHDRA,2020-01-01,2020
26-13,2022,383300.0,72100.0,309400.0,City Parcel Master,2022-01-01,2022
26-13,2020,383300.0,72100.0,309400.0,NHDRA,2020-01-01,2020
26-14,2022,858500.0,660300.0,152100.0,City Parcel Master,2022-01-01,2022
26-14,2020,858500.0,660300.0,152100.0,NHDRA,2020-01-01,2020
26-15,2022,240600.0,72300.0,168300.0,City Parcel Master,2022-01-01,2022
26-15,2020,242100.0,72300.0,169800.0,NHDRA,2020-01-01,2020
26-16,2022,243800.0,64400.0,179100.0,City Parcel Master,2022-01-01,2022
26-16,2020,243900.0,64500.0,179100.0,NHDRA,2020-01-01,2020
26-17,2022,1243475.0,1243475.0,0.0,City Parcel Master,2022-01-01,2022
26-17,2020,6270.0,6270.0,0.0,NHDRA,2020-01-01,2020
26-18,2022,2405700.0,811000.0,1550800.0,City Parcel Master,2022-01-01,2022
26-18,2020,2806700.0,811000.0,1951800.0,NHDRA,2020-01-01,2020
26-19,2022,678700.0,539600.0,132100.0,City Parcel Master,2022-01-01,2022
26-19,2020,678700.0,539600.0,132100.0,NHDRA,2020-01-01,2020
26-20,2022,2053800.0,681700.0,1319900.0,City Parcel Master,2022-01-01,2022
26-20,2020,2053000.0,681700.0,1319900.0,NHDRA,2020-01-01,2020
26-22-100,2022,1654600.0,808800.0,702400.0,City Parcel Master,2022-01-01,2022
26-22-100,2020,1654600.0,808800.0,702400.0,NHDRA,2020-01-01,2020
26-22-200,2022,1739400.0,415700.0,1185400.0,City Parcel Master,2022-01-01,2022
26-22-200,2020,1739400.0,415700.0,1185400.0,NHDRA,2020-01-01,2020
26-23,2022,1414400.0,541200.0,806900.0,City Parcel Master,2022-01-01,2022
26-23,2020,1423000.0,541200.0,815500.0,NHDRA,2020-01-01,2020
26-24,2022,762100.0,279600.0,465200.0,City Parcel Master,2022-01-01,2022
26-24,2020,762100.0,279600.0,465200.0,NHDRA,2020-01-01,2020
26-25,2022,278000.0,64900.0,198600.0,City Parcel Master,2022-01-01,2022
26-25,2020,278000.0,64900.0,198600.0,NHDRA,2020-01-01,2020
26-26,2022,260200.0,61600.0,198300.0,City Parcel Master,2022-01-01,2022
26-26,2020,260200.0,61600.0,198300.0,NHDRA,2020-01-01,2020
26-27,2022,258500.0,258500.0,0.0,City Parcel Master,2022-01-01,2022
26-27,2020,258500.0,258500.0,0.0,NHDRA,2020-01-01,2020
28-1,2022,365100.0,122200.0,232400.0,City Parcel Master,2022-01-01,2022
28-1,2020,365100.0,122200.0,232400.0,NHDRA,2020-01-01,2020
28-2,2022,1440700.0,1440700.0,0.0,City Parcel Master,2022-01-01,2022
28-2,2020,1438800.0,1438800.0,0.0,NHDRA,2020-01-01,2020
28-3,2022,289400.0,121600.0,156100.0,City Parcel Master,2022-01-01,2022
28-3,2020,289400.0,121600.0,156100.0,NHDRA,2020-01-01,2020
28-4,2022,409890.0,120890.0,286100.0,City Parcel Master,2022-01-01,2022
28-4,2020,409750.0,120750.0,286100.0,NHDRA,2020-01-01,2020
28-5-100,2022,124000.0,124000.0,0.0,City Parcel Master,2022-01-01,2022
28-5-100,2020,124000.0,124000.0,0.0,NHDRA,2020-01-01,2020
28-5-101,2022,716000.0,122300.0,593200.0,City Parcel Master,2022-01-01,2022
28-5-101,2020,701100.0,122300.0,578300.0,NHDRA,2020-01-01,2020
28-5-200,2022,292800.0,130600.0,150400.0,City Parcel Master,2022-01-01,2022
28-5-200,2020,292800.0,130600.0,150400.0,NHDRA,2020-01-01,2020
28-5-300,2022,596500.0,123300.0,473100.0,City Parcel Master,2022-01-01,2022
28-5-300,2020,591500.0,123300.0,468100.0,NHDRA,2020-01-01,2020
28-5-400,2022,672500.0,121100.0,545700.0,City Parcel Master,2022-01-01,2022
28-5-400,2020,658800.0,121100.0,537700.0,NHDRA,2020-01-01,2020
28-5-500,2022,730500.0,121400.0,609100.0,City Parcel Master,2022-01-01,2022
28-5-500,2020,730500.0,121400.0,609100.0,NHDRA,2020-01-01,2020
28-7,2022,490.0,490.0,0.0,City Parcel Master,2022-01-01,2022
28-7,2020,490.0,490.0,0.0,NHDRA,2020-01-01,2020
28-8,2022,608200.0,255000.0,344300.0,City Parcel Master,2022-01-01,2022
28-8,2020,608200.0,255000.0,344300.0,NHDRA,2020-01-01,2020
28-9,2022,1315.0,1315.0,0.0,City Parcel Master,2022-01-01,2022
28-9,2020,1315.0,1315.0,0.0,NHDRA,2020-01-01,2020
28-10,2022,522320.0,155320.0,356600.0,City Parcel Master,2022-01-01,2022
28-10,2020,519820.0,155320.0,355300.0,NHDRA,2020-01-01,2020
28-11,2022,416800.0,187400.0,215300.0,City Parcel Master,2022-01-01,2022
28-11,2020,413600.0,187400.0,211700.0,NHDRA,2020-01-01,2020
28-12,2022,869260.0,60660.0,773200.0,City Parcel Master,2022-01-01,2022
28-12,2020,869190.0,60590.0,773200.0,NHDRA,2020-01-01,2020
28-13-100,2022,1130.0,1130.0,0.0,City Parcel Master,2022-01-01,2022
28-13-100,2020,1130.0,1130.0,0.0,NHDRA,2020-01-01,2020
28-13-200,2022,761040.0,113340.0,647700.0,City Parcel Master,2022-01-01,2022
28-13-200,2020,771540.0,113440.0,658100.0,NHDRA,2020-01-01,2020
28-14,2022,1520.0,1520.0,0.0,City Parcel Master,2022-01-01,2022
28-14,2020,1325.0,1325.0,0.0,NHDRA,2020-01-01,2020
28-15,2022,690160.0,203060.0,487100.0,City Parcel Master,2022-01-01,2022
28-15,2020,688660.0,203060.0,485600.0,NHDRA,2020-01-01,2020
28-16,2022,977200.0,239100.0,737600.0,City Parcel Master,2022-01-01,2022
28-16,2020,969100.0,239100.0,729700.0,NHDRA,2020-01-01,2020
28-17,2022,847800.0,241300.0,585700.0,City Parcel Master,2022-01-01,2022
28-17,2020,652600.0,241300.0,394300.0,NHDRA,2020-01-01,2020
28-18,2022,717650.0,232450.0,473900.0,City Parcel Master,2022-01-01,2022
28-18,2020,717650.0,232450.0,473900.0,NHDRA,2020-01-01,2020
28-19,2022,1129200.0,279500.0,848900.0,City Parcel Master,2022-01-01,2022
28-19,2020,1169600.0,279500.0,889300.0,NHDRA,2020-01-01,2020
28-20,2022,838700.0,358200.0,465300.0,City Parcel Master,2022-01-01,2022
28-20,2020,838600.0,358100.0,465300.0,NHDRA,2020-01-01,2020
28-21,2022,761400.0,338600.0,422300.0,City Parcel Master,2022-01-01,2022
28-21,2020,781200.0,338600.0,442100.0,NHDRA,2020-01-01,2020
28-22,2022,717910.0,306810.0,408500.0,City Parcel Master,2022-01-01,2022
28-22,2020,720510.0,300010.0,419000.0,NHDRA,2020-01-01,2020
28-23,2022,11700.0,11700.0,0.0,City Parcel Master,2022-01-01,2022
28-23,2020,11700.0,11700.0,0.0,NHDRA,2020-01-01,2020
30-1,2022,275600.0,120200.0,141400.0,City Parcel Master,2022-01-01,2022
30-1,2020,275600.0,120200.0,141400.0,NHDRA,2020-01-01,2020
30-1-100,2022,468900.0,133700.0,333300.0,City Parcel Master,2022-01-01,2022
30-1-100,2020,454200.0,133700.0,318500.0,NHDRA,2020-01-01,2020
30-2,2022,445100.0,133900.0,311000.0,City Parcel Master,2022-01-01,2022
30-2,2020,445100.0,133900.0,311000.0,NHDRA,2020-01-01,2020
30-3,2022,463335.0,149135.0,284600.0,City Parcel Master,2022-01-01,2022
30-3,2020,460910.0,148810.0,284600.0,NHDRA,2020-01-01,2020
30-4,2022,133300.0,131800.0,0.0,City Parcel Master,2022-01-01,2022
30-4,2020,133300.0,131800.0,0.0,NHDRA,2020-01-01,2020
30-5,2022,265.0,265.0,0.0,City Parcel Master,2022-01-01,2022
30-5,2020,265.0,265.0,0.0,NHDRA,2020-01-01,2020
30-6,2022,270.0,270.0,0.0,City Parcel Master,2022-01-01,2022
30-6,2020,270.0,270.0,0.0,NHDRA,2020-01-01,2020
30-7,2022,472080.0,122080.0,349400.0,City Parcel Master,2022-01-01,2022
30-7,2020,474945.0,122145.0,352200.0,NHDRA,2020-01-01,2020
30-8,2022,423700.0,122000.0,300800.0,City Parcel Master,2022-01-01,2022
30-8,2020,451300.0,122000.0,328400.0,NHDRA,2020-01-01,2020
30-9,2022,493900.0,122000.0,371900.0,City Parcel Master,2022-01-01,2022
30-9,2020,493900.0,122000.0,371900.0,NHDRA,2020-01-01,2020
30-10,2022,327400.0,120600.0,206000.0,City Parcel Master,2022-01-01,2022
30-10,2020,327400.0,120600.0,206000.0,NHDRA,2020-01-01,2020
30-11,2022,471000.0,122300.0,328400.0,City Parcel Master,2022-01-01,2022
30-11,2020,471000.0,122300.0,328400.0,NHDRA,2020-01-01,2020
30-12,2022,339600.0,121200.0,189800.0,City Parcel Master,2022-01-01,2022
30-12,2020,336700.0,121200.0,189800.0,NHDRA,2020-01-01,2020
30-13,2022,422600.0,120200.0,282700.0,City Parcel Master,2022-01-01,2022
30-13,2020,434600.0,120200.0,294700.0,NHDRA,2020-01-01,2020
30-14,2022,282400.0,121000.0,161400.0,City Parcel Master,2022-01-01,2022
30-14,2020,282500.0,121100.0,161400.0,NHDRA,2020-01-01,2020
30-15,2022,377500.0,115900.0,261300.0,City Parcel Master,2022-01-01,2022
30-15,2020,374600.0,115900.0,258400.0,NHDRA,2020-01-01,2020
30-16,2022,320800.0,109300.0,186600.0,City Parcel Master,2022-01-01,2022
30-16,2020,319700.0,109300.0,185500.0,NHDRA,2020-01-01,2020
30-17,2022,21900.0,21900.0,0.0,City Parcel Master,2022-01-01,2022
30-17,2020,21900.0,21900.0,0.0,NHDRA,2020-01-01,2020
30-18,2022,552500.0,121500.0,430100.0,City Parcel Master,2022-01-01,2022
30-18,2020,543200.0,121500.0,420800.0,NHDRA,2020-01-01,2020
30-19,2022,316100.0,112300.0,203600.0,City Parcel Master,2022-01-01,2022
30-19,2020,316100.0,112300.0,203600.0,NHDRA,2020-01-01,2020
30-20,2022,2700.0,2700.0,0.0,City Parcel Master,2022-01-01,2022
30-20,2020,2700.0,2700.0,0.0,NHDRA,2020-01-01,2020
30-21,2022,592100.0,137800.0,428900.0,City Parcel Master,2022-01-01,2022
30-21,2020,561200.0,138300.0,422500.0,NHDRA,2020-01-01,2020
30-22,2022,637500.0,137000.0,480800.0,City Parcel Master,2022-01-01,2022
30-22,2020,715400.0,137000.0,559300.0,NHDRA,2020-01-01,2020
30-23,2022,373600.0,124300.0,248900.0,City Parcel Master,2022-01-01,2022
30-23,2020,373500.0,124200.0,248900.0,NHDRA,2020-01-01,2020
30-24,2022,638500.0,137700.0,500400.0,City Parcel Master,2022-01-01,2022
30-24,2020,641500.0,137700.0,503400.0,NHDRA,2020-01-01,2020
30-25,2022,599500.0,137300.0,461000.0,City Parcel Master,2022-01-01,2022
30-25,2020,598900.0,136700.0,461000.0,NHDRA,2020-01-01,2020
30-26,2022,398800.0,138000.0,260400.0,City Parcel Master,2022-01-01,2022
30-26,2020,398600.0,137800.0,260400.0,NHDRA,2020-01-01,2020
30-27,2022,719200.0,109800.0,574200.0,City Parcel Master,2022-01-01,2022
30-27,2020,719200.0,109800.0,574200.0,NHDRA,2020-01-01,2020
30-28,2022,497300.0,131200.0,366100.0,City Parcel Master,2022-01-01,2022
30-28,2020,500100.0,138400.0,361700.0,NHDRA,2020-01-01,2020
30-29,2022,471000.0,138200.0,332800.0,City Parcel Master,2022-01-01,2022
30-29,2020,466500.0,137700.0,328800.0,NHDRA,2020-01-01,2020
30-30,2022,514100.0,138100.0,376000.0,City Parcel Master,2022-01-01,2022
30-30,2020,517300.0,138400.0,378900.0,NHDRA,2020-01-01,2020
30-31,2022,642900.0,138100.0,504800.0,City Parcel Master,2022-01-01,2022
30-31,2020,643200.0,138400.0,504800.0,NHDRA,2020-01-01,2020
30-32,2022,137800.0,137800.0,0.0,City Parcel Master,2022-01-01,2022
30-32,2020,137600.0,137600.0,0.0,NHDRA,2020-01-01,2020
30-33,2022,338300.0,131000.0,206000.0,City Parcel Master,2022-01-01,2022
30-33,2020,338500.0,131200.0,206000.0,NHDRA,2020-01-01,2020
30-34,2022,377600.0,137900.0,239700.0,City Parcel Master,2022-01-01,2022
30-34,2020,377600.0,137900.0,239700.0,NHDRA,2020-01-01,2020
30-35,2022,361100.0,138200.0,209400.0,City Parcel Master,2022-01-01,2022
30-35,2020,370800.0,138200.0,219100.0,NHDRA,2020-01-01,2020
30-36,2022,679300.0,138200.0,540700.0,City Parcel Master,2022-01-01,2022
30-36,2020,679300.0,138200.0,540700.0,NHDRA,2020-01-01,2020
30-37,2022,487600.0,138200.0,349400.0,City Parcel Master,2022-01-01,2022
30-37,2020,492900.0,137700.0,355200.0,NHDRA,2020-01-01,2020
30-38,2022,608400.0,138100.0,470300.0,City Parcel Master,2022-01-01,2022
30-38,2020,608900.0,138600.0,470300.0,NHDRA,2020-01-01,2020
30-39,2022,512000.0,137600.0,370400.0,City Parcel Master,2022-01-01,2022
30-39,2020,521100.0,138300.0,382800.0,NHDRA,2020-01-01,2020
30-40,2022,522800.0,137900.0,345600.0,City Parcel Master,2022-01-01,2022
30-40,2020,495500.0,137500.0,342900.0,NHDRA,2020-01-01,2020
30-41,2022,631500.0,137100.0,493900.0,City Parcel Master,2022-01-01,2022
30-41,2020,631500.0,137100.0,493900.0,NHDRA,2020-01-01,2020
30-42,2022,553000.0,143100.0,393700.0,City Parcel Master,2022-01-01,2022
30-42,2020,553400.0,143100.0,390900.0,NHDRA,2020-01-01,2020
30-43,2022,401500.0,142400.0,258200.0,City Parcel Master,2022-01-01,2022
30-43,2020,401500.0,142400.0,258200.0,NHDRA,2020-01-01,2020
30-44,2022,599200.0,136900.0,461500.0,City Parcel Master,2022-01-01,2022
30-44,2020,618700.0,136900.0,481000.0,NHDRA,2020-01-01,2020
30-45,2022,553600.0,142000.0,411600.0,City Parcel Master,2022-01-01,2022
30-45,2020,566300.0,142000.0,424300.0,NHDRA,2020-01-01,2020
30-46,2022,570600.0,135900.0,430700.0,City Parcel Master,2022-01-01,2022
30-46,2020,549000.0,135900.0,409100.0,NHDRA,2020-01-01,2020
30-47,2022,372300.0,138200.0,234100.0,City Parcel Master,2022-01-01,2022
30-47,2020,372300.0,138200.0,234100.0,NHDRA,2020-01-01,2020
30-48,2022,579300.0,138100.0,422200.0,City Parcel Master,2022-01-01,2022
30-48,2020,596600.0,138600.0,438300.0,NHDRA,2020-01-01,2020
30-49,2022,445300.0,137500.0,307800.0,City Parcel Master,2022-01-01,2022
30-49,2020,445200.0,137400.0,307800.0,NHDRA,2020-01-01,2020
30-50,2022,430500.0,120900.0,291800.0,City Parcel Master,2022-01-01,2022
30-50,2020,430400.0,120800.0,291800.0,NHDRA,2020-01-01,2020
30-51,2022,388300.0,114300.0,273600.0,City Parcel Master,2022-01-01,2022
30-51,2020,387700.0,113700.0,273600.0,NHDRA,2020-01-01,2020
37-1,2022,395100.0,87100.0,305200.0,City Parcel Master,2022-01-01,2022
37-1,2020,395100.0,87100.0,305200.0,NHDRA,2020-01-01,2020
37-2,2022,365900.0,99700.0,266200.0,City Parcel Master,2022-01-01,2022
37-2,2020,380200.0,99700.0,280500.0,NHDRA,2020-01-01,2020
37-3,2022,1107000.0,414700.0,662900.0,City Parcel Master,2022-01-01,2022
37-3,2020,1107000.0,414700.0,662900.0,NHDRA,2020-01-01,2020
37-4,2022,3091000.0,951700.0,2056900.0,City Parcel Master,2022-01-01,2022
37-4,2020,3091000.0,951700.0,2056900.0,NHDRA,2020-01-01,2020
37-5,2022,1599100.0,680000.0,910300.0,City Parcel Master,2022-01-01,2022
37-5,2020,1599100.0,680000.0,910300.0,NHDRA,2020-01-01,2020
37-7,2022,5564100.0,1368000.0,2028900.0,City Parcel Master,2022-01-01,2022
37-7,2020,5247100.0,1368000.0,1916800.0,NHDRA,2020-01-01,2020
44-1,2022,2400.0,2400.0,0.0,City Parcel Master,2022-01-01,2022
44-1,2020,2400.0,2400.0,0.0,NHDRA,2020-01-01,2020
44-2,2022,4300.0,4300.0,0.0,City Parcel Master,2022-01-01,2022
44-2,2020,4300.0,4300.0,0.0,NHDRA,2020-01-01,2020
44-3,2022,193200.0,193200.0,0.0,City Parcel Master,2022-01-01,2022
44-3,2020,0.0,0.0,0.0,NHDRA,2020-01-01,2020
44-4,2022,777400.0,260000.0,492600.0,City Parcel Master,2022-01-01,2022
44-4,2020,777400.0,260000.0,492600.0,NHDRA,2020-01-01,2020
44-5,2022,282000.0,94000.0,188000.0,City Parcel Master,2022-01-01,2022
44-5,2020,281900.0,93900.0,188000.0,NHDRA,2020-01-01,2020
44-6,2022,125200.0,103200.0,0.0,City Parcel Master,2022-01-01,2022
44-6,2020,144200.0,114900.0,0.0,NHDRA,2020-01-01,2020
44-7,2022,101800.0,93200.0,0.0,City Parcel Master,2022-01-01,2022
44-7,2020,101800.0,93200.0,0.0,NHDRA,2020-01-01,2020
44-8,2022,5600.0,5600.0,0.0,City Parcel Master,2022-01-01,2022
44-8,2020,5600.0,5600.0,0.0,NHDRA,2020-01-01,2020
44-9,2022,92600.0,92600.0,0.0,City Parcel Master,2022-01-01,2022
44-9,2020,114400.0,114400.0,0.0,NHDRA,2020-01-01,2020
44-10,2022,202900.0,92400.0,86000.0,City Parcel Master,2022-01-01,2022
44-10,2020,202800.0,92300.0,86000.0,NHDRA,2020-01-01,2020
44-11,2022,270400.0,90000.0,166600.0,City Parcel Master,2022-01-01,2022
44-11,2020,270300.0,89900.0,166600.0,NHDRA,2020-01-01,2020
44-12,2022,272600.0,86800.0,182700.0,City Parcel Master,2022-01-01,2022
44-12,2020,272600.0,86800.0,182700.0,NHDRA,2020-01-01,2020
44-13,2022,111000.0,111000.0,0.0,City Parcel Master,2022-01-01,2022
44-13,2020,111000.0,111000.0,0.0,NHDRA,2020-01-01,2020
44-14,2022,608700.0,105100.0,461000.0,City Parcel Master,2022-01-01,2022
44-14,2020,608700.0,105100.0,461000.0,NHDRA,2020-01-01,2020
44-15,2022,4800.0,4800.0,0.0,City Parcel Master,2022-01-01,2022
44-15,2020,4800.0,4800.0,0.0,NHDRA,2020-01-01,2020
44-16,2022,272300.0,76100.0,196100.0,City Parcel Master,2022-01-01,2022
44-16,2020,272300.0,76100.0,196100.0,NHDRA,2020-01-01,2020
44-17,2022,255400.0,72100.0,182300.0,City Parcel Master,2022-01-01,2022
44-17,2020,255400.0,72100.0,182300.0,NHDRA,2020-01-01,2020
44-18,2022,222800.0,79900.0,142300.0,City Parcel Master,2022-01-01,2022
44-18,2020,222800.0,79900.0,142300.0,NHDRA,2020-01-01,2020
44-19,2022,21190.0,21190.0,0.0,City Parcel Master,2022-01-01,2022
44-19,2020,21190.0,21190.0,0.0,NHDRA,2020-01-01,2020
44-19-100,2022,440300.0,77400.0,362900.0,City Parcel Master,2022-01-01,2022
44-19-100,2020,440300.0,77400.0,362900.0,NHDRA,2020-01-01,2020
44-19-200,2022,589000.0,75700.0,495300.0,City Parcel Master,2022-01-01,2022
44-19-200,2020,568700.0,75700.0,493000.0,NHDRA,2020-01-01,2020
44-19-300,2022,486900.0,77600.0,409300.0,City Parcel Master,2022-01-01,2022
44-19-300,2020,486900.0,77600.0,409300.0,NHDRA,2020-01-01,2020
44-19-400,2022,342900.0,78300.0,264400.0,City Parcel Master,2022-01-01,2022
44-19-400,2020,342200.0,78300.0,263700.0,NHDRA,2020-01-01,2020
44-19-500,2022,368600.0,80800.0,287800.0,City Parcel Master,2022-01-01,2022
44-19-500,2020,368600.0,80800.0,287800.0,NHDRA,2020-01-01,2020
44-19-600,2022,430500.0,80500.0,349700.0,City Parcel Master,2022-01-01,2022
44-19-600,2020,430500.0,80500.0,349700.0,NHDRA,2020-01-01,2020
44-19-700,2022,633500.0,86000.0,547500.0,City Parcel Master,2022-01-01,2022
44-19-700,2020,633500.0,86000.0,547500.0,NHDRA,2020-01-01,2020
44-19-800,2022,527400.0,97100.0,413100.0,City Parcel Master,2022-01-01,2022
44-19-800,2020,510200.0,97100.0,413100.0,NHDRA,2020-01-01,2020
44-19-900,2022,505500.0,98500.0,407000.0,City Parcel Master,2022-01-01,2022
44-19-900,2020,498100.0,98500.0,399600.0,NHDRA,2020-01-01,2020
44-19-1000,2022,691900.0,98300.0,555100.0,City Parcel Master,2022-01-01,2022
44-19-1000,2020,618400.0,98300.0,520100.0,NHDRA,2020-01-01,2020
44-19-1100,2022,486900.0,78400.0,408500.0,City Parcel Master,2022-01-01,2022
44-19-1100,2020,487000.0,78500.0,408500.0,NHDRA,2020-01-01,2020
44-19-1200,2022,577700.0,99200.0,478200.0,City Parcel Master,2022-01-01,2022
44-19-1200,2020,572600.0,99300.0,473000.0,NHDRA,2020-01-01,2020
44-19-1300,2022,534900.0,98300.0,436600.0,City Parcel Master,2022-01-01,2022
44-19-1300,2020,534900.0,98300.0,436600.0,NHDRA,2020-01-01,2020
44-19-1400,2022,498100.0,96900.0,401200.0,City Parcel Master,2022-01-01,2022
44-19-1400,2020,495900.0,97000.0,398900.0,NHDRA,2020-01-01,2020
44-19-1500,2022,540100.0,78900.0,461200.0,City Parcel Master,2022-01-01,2022
44-19-1500,2020,535000.0,78900.0,456100.0,NHDRA,2020-01-01,2020
44-19-1600,2022,490900.0,80500.0,410400.0,City Parcel Master,2022-01-01,2022
44-19-1600,2020,486300.0,80400.0,405900.0,NHDRA,2020-01-01,2020
44-19-1700,2022,557500.0,99500.0,458000.0,City Parcel Master,2022-01-01,2022
44-19-1700,2020,550200.0,99500.0,450700.0,NHDRA,2020-01-01,2020
44-19-1800,2022,488400.0,77400.0,411000.0,City Parcel Master,2022-01-01,2022
44-19-1800,2020,488500.0,77500.0,411000.0,NHDRA,2020-01-01,2020
44-19-1900,2022,498300.0,78300.0,420000.0,City Parcel Master,2022-01-01,2022
44-19-1900,2020,498300.0,78300.0,420000.0,NHDRA,2020-01-01,2020
44-19-2000,2022,471100.0,63000.0,408100.0,City Parcel Master,2022-01-01,2022
44-19-2000,2020,471100.0,63000.0,408100.0,NHDRA,2020-01-01,2020
44-19-2100,2022,504100.0,77800.0,426300.0,City Parcel Master,2022-01-01,2022
44-19-2100,2020,504100.0,77800.0,426300.0,NHDRA,2020-01-01,2020
44-19-2200,2022,555700.0,84000.0,471500.0,City Parcel Master,2022-01-01,2022
44-19-2200,2020,555700.0,84000.0,471500.0,NHDRA,2020-01-01,2020
44-19-2300,2022,574800.0,88600.0,486200.0,City Parcel Master,2022-01-01,2022
44-19-2300,2020,574800.0,88600.0,486200.0,NHDRA,2020-01-01,2020
44-19-2400,2022,485100.0,77800.0,407300.0,City Parcel Master,2022-01-01,2022
44-19-2400,2020,485100.0,77800.0,407300.0,NHDRA,2020-01-01,2020
44-19-2501,2022,579800.0,84600.0,481700.0,City Parcel Master,2022-01-01,2022
44-19-2501,2020,579700.0,84500.0,481700.0,NHDRA,2020-01-01,2020
44-19-2502,2022,519300.0,84500.0,427200.0,City Parcel Master,2022-01-01,2022
44-19-2502,2020,519400.0,84600.0,427200.0,NHDRA,2020-01-01,2020
44-19-2600,2022,559300.0,78600.0,464500.0,City Parcel Master,2022-01-01,2022
44-19-2600,2020,543100.0,78600.0,464500.0,NHDRA,2020-01-01,2020
44-19-2700,2022,542000.0,78400.0,463600.0,City Parcel Master,2022-01-01,2022
44-19-2700,2020,537000.0,78400.0,458600.0,NHDRA,2020-01-01,2020
44-19-2800,2022,620900.0,77900.0,525600.0,City Parcel Master,2022-01-01,2022
44-19-2800,2020,559100.0,77900.0,481200.0,NHDRA,2020-01-01,2020
44-19-2900,2022,516700.0,77500.0,439200.0,City Parcel Master,2022-01-01,2022
44-19-2900,2020,500900.0,77500.0,423400.0,NHDRA,2020-01-01,2020
44-19-3000,2022,381700.0,76800.0,269500.0,City Parcel Master,2022-01-01,2022
44-19-3000,2020,346400.0,76900.0,269500.0,NHDRA,2020-01-01,2020
44-19-3100,2022,388900.0,77100.0,304500.0,City Parcel Master,2022-01-01,2022
44-19-3100,2020,380800.0,77100.0,303700.0,NHDRA,2020-01-01,2020
44-19-3200,2022,440200.0,77400.0,362800.0,City Parcel Master,2022-01-01,2022
44-19-3200,2020,440200.0,77400.0,362800.0,NHDRA,2020-01-01,2020
44-19-3300,2022,355600.0,77600.0,278000.0,City Parcel Master,2022-01-01,2022
44-19-3300,2020,355600.0,77600.0,278000.0,NHDRA,2020-01-01,2020
44-19-3400,2022,402800.0,76000.0,326800.0,City Parcel Master,2022-01-01,2022
44-19-3400,2020,402800.0,76000.0,326800.0,NHDRA,2020-01-01,2020
44-19-3500,2022,408600.0,73600.0,329000.0,City Parcel Master,2022-01-01,2022
44-19-3500,2020,402600.0,73600.0,329000.0,NHDRA,2020-01-01,2020
44-19-3600,2022,390500.0,75700.0,308600.0,City Parcel Master,2022-01-01,2022
44-19-3600,2020,384300.0,75700.0,308600.0,NHDRA,2020-01-01,2020
44-19-3700,2022,375000.0,85000.0,279700.0,City Parcel Master,2022-01-01,2022
44-19-3700,2020,364700.0,85000.0,279700.0,NHDRA,2020-01-01,2020
44-19-3800,2022,345900.0,77500.0,268400.0,City Parcel Master,2022-01-01,2022
44-19-3800,2020,345800.0,77400.0,268400.0,NHDRA,2020-01-01,2020
44-19-3900,2022,417500.0,77100.0,340400.0,City Parcel Master,2022-01-01,2022
44-19-3900,2020,415500.0,77100.0,338400.0,NHDRA,2020-01-01,2020
44-19-4000,2022,447800.0,77200.0,363400.0,City Parcel Master,2022-01-01,2022
44-19-4000,2020,440700.0,77300.0,363400.0,NHDRA,2020-01-01,2020
44-19-4100,2022,344700.0,78200.0,266500.0,City Parcel Master,2022-01-01,2022
44-19-4100,2020,344800.0,78300.0,266500.0,NHDRA,2020-01-01,2020
44-19-4200,2022,449400.0,79300.0,360900.0,City Parcel Master,2022-01-01,2022
44-19-4200,2020,438000.0,79300.0,358700.0,NHDRA,2020-01-01,2020
44-19-4300,2022,397500.0,85900.0,311400.0,City Parcel Master,2022-01-01,2022
44-19-4300,2020,397600.0,86000.0,311400.0,NHDRA,2020-01-01,2020
44-19-4400,2022,448100.0,81900.0,355400.0,City Parcel Master,2022-01-01,2022
44-19-4400,2020,440400.0,81900.0,358500.0,NHDRA,2020-01-01,2020
44-19-4500,2022,421100.0,78200.0,342900.0,City Parcel Master,2022-01-01,2022
44-19-4500,2020,421200.0,78300.0,342900.0,NHDRA,2020-01-01,2020
44-19-4600,2022,398100.0,78500.0,299800.0,City Parcel Master,2022-01-01,2022
44-19-4600,2020,378300.0,78500.0,299800.0,NHDRA,2020-01-01,2020
44-19-4700,2022,349200.0,78500.0,260300.0,City Parcel Master,2022-01-01,2022
44-19-4700,2020,349100.0,78400.0,260300.0,NHDRA,2020-01-01,2020
44-19-4800,2022,346300.0,78300.0,268000.0,City Parcel Master,2022-01-01,2022
44-19-4800,2020,346300.0,78300.0,268000.0,NHDRA,2020-01-01,2020
44-19-4900,2022,343500.0,79100.0,264400.0,City Parcel Master,2022-01-01,2022
44-19-4900,2020,339800.0,79100.0,260700.0,NHDRA,2020-01-01,2020
44-19-5000,2022,353100.0,79000.0,274100.0,City Parcel Master,2022-01-01,2022
44-19-5000,2020,353200.0,79100.0,274100.0,NHDRA,2020-01-01,2020
44-19-5100,2022,351700.0,77200.0,274500.0,City Parcel Master,2022-01-01,2022
44-19-5100,2020,351700.0,77200.0,274500.0,NHDRA,2020-01-01,2020
44-19-5200,2022,437600.0,77000.0,360600.0,City Parcel Master,2022-01-01,2022
44-19-5200,2020,437600.0,77000.0,360600.0,NHDRA,2020-01-01,2020
44-19-5300,2022,454000.0,78400.0,375600.0,City Parcel Master,2022-01-01,2022
44-19-5300,2020,450000.0,78500.0,371500.0,NHDRA,2020-01-01,2020
44-19-5400,2022,325200.0,320000.0,0.0,City Parcel Master,2022-01-01,2022
44-19-5400,2020,325200.0,320000.0,0.0,NHDRA,2020-01-01,2020
44-19-5500,2022,218300.0,207400.0,0.0,City Parcel Master,2022-01-01,2022
44-19-5500,2020,218300.0,207400.0,0.0,NHDRA,2020-01-01,2020
44-20,2022,917905.0,204105.0,699700.0,City Parcel Master,2022-01-01,2022
44-20,2020,912405.0,204105.0,694200.0,NHDRA,2020-01-01,2020
44-20-100,2022,526300.0,159300.0,356100.0,City Parcel Master,2022-01-01,2022
44-20-100,2020,525900.0,159300.0,356100.0,NHDRA,2020-01-01,2020
44-21,2022,154200.0,154200.0,0.0,City Parcel Master,2022-01-01,2022
44-21,2020,154200.0,154200.0,0.0,NHDRA,2020-01-01,2020
44-22,2022,450.0,450.0,0.0,City Parcel Master,2022-01-01,2022
44-22,2020,655.0,655.0,0.0,NHDRA,2020-01-01,2020
44-23,2022,1280.0,1280.0,0.0,City Parcel Master,2022-01-01,2022
44-23,2020,1280.0,1280.0,0.0,NHDRA,2020-01-01,2020
44-24,2022,560.0,560.0,0.0,City Parcel Master,2022-01-01,2022
44-24,2020,560.0,560.0,0.0,NHDRA,2020-01-01,2020
44-25,2022,94145.0,94145.0,0.0,City Parcel Master,2022-01-01,2022
44-25,2020,94570.0,94570.0,0.0,NHDRA,2020-01-01,2020
44-26,2022,63500.0,63500.0,0.0,City Parcel Master,2022-01-01,2022
44-26,2020,63500.0,63500.0,0.0,NHDRA,2020-01-01,2020
44-27,2022,555.0,555.0,0.0,City Parcel Master,2022-01-01,2022
44-27,2020,555.0,555.0,0.0,NHDRA,2020-01-01,2020
44-29,2022,99465.0,98265.0,0.0,City Parcel Master,2022-01-01,2022
44-29,2020,405.0,405.0,0.0,NHDRA,2020-01-01,2020
46-1,2022,3383500.0,1400100.0,128900.0,City Parcel Master,2022-01-01,2022
46-1,2020,3383500.0,1400100.0,128900.0,NHDRA,2020-01-01,2020
46-2,2022,436600.0,275000.0,59500.0,City Parcel Master,2022-01-01,2022
46-2,2020,436600.0,275000.0,59500.0,NHDRA,2020-01-01,2020
48-1,2022,294800.0,294800.0,0.0,City Parcel Master,2022-01-01,2022
48-1,2020,294800.0,294800.0,0.0,NHDRA,2020-01-01,2020
48-2,2022,155900.0,155900.0,0.0,City Parcel Master,2022-01-01,2022
48-2,2020,155900.0,155900.0,0.0,NHDRA,2020-01-01,2020
48-3,2022,1846800.0,603600.0,197900.0,City Parcel Master,2022-01-01,2022
48-3,2020,1500300.0,603600.0,197900.0,NHDRA,2020-01-01,2020
48-4,2022,862600.0,755300.0,107300.0,City Parcel Master,2022-01-01,2022
48-4,2020,862600.0,755300.0,107300.0,NHDRA,2020-01-01,2020
48-5,2022,875700.0,433000.0,433900.0,City Parcel Master,2022-01-01,2022
48-5,2020,844800.0,433000.0,403000.0,NHDRA,2020-01-01,2020
48-6,2022,397100.0,108300.0,259100.0,City Parcel Master,2022-01-01,2022
48-6,2020,397100.0,108300.0,259100.0,NHDRA,2020-01-01,2020
48-7,2022,341500.0,84300.0,256800.0,City Parcel Master,2022-01-01,2022
48-7,2020,369000.0,105300.0,263300.0,NHDRA,2020-01-01,2020
48-7-100,2022,75700.0,75700.0,0.0,City Parcel Master,2022-01-01,2022
48-7-100,2020,,,,NHDRA,2020-01-01,2020
48-7-200,2022,93600.0,93600.0,0.0,City Parcel Master,2022-01-01,2022
48-7-200,2020,,,,NHDRA,2020-01-01,2020
48-9,2022,1292000.0,372500.0,888000.0,City Parcel Master,2022-01-01,2022
48-9,2020,1292000.0,372500.0,888000.0,NHDRA,2020-01-01,2020
48-10,2022,800.0,800.0,0.0,City Parcel Master,2022-01-01,2022
48-10,2020,48300.0,48300.0,0.0,NHDRA,2020-01-01,2020
48-11-101,2022,395100.0,0.0,395100.0,City Parcel Master,2022-01-01,2022
48-11-101,2020,395100.0,0.0,395100.0,NHDRA,2020-01-01,2020
48-11-102,2022,393100.0,0.0,393100.0,City Parcel Master,2022-01-01,2022
48-11-102,2020,393100.0,0.0,393100.0,NHDRA,2020-01-01,2020
48-11-103,2022,386000.0,0.0,386000.0,City Parcel Master,2022-01-01,2022
48-11-103,2020,386000.0,0.0,386000.0,NHDRA,2020-01-01,2020
48-11-104,2022,393100.0,0.0,393100.0,City Parcel Master,2022-01-01,2022
48-11-104,2020,393100.0,0.0,393100.0,NHDRA,2020-01-01,2020
48-11-105,2022,407200.0,0.0,407200.0,City Parcel Master,2022-01-01,2022
48-11-105,2020,407200.0,0.0,407200.0,NHDRA,2020-01-01,2020
48-11-106,2022,398100.0,0.0,398100.0,City Parcel Master,2022-01-01,2022
48-11-106,2020,398100.0,0.0,398100.0,NHDRA,2020-01-01,2020
48-11-201,2022,329000.0,0.0,328600.0,City Parcel Master,2022-01-01,2022
48-11-201,2020,329000.0,0.0,328600.0,NHDRA,2020-01-01,2020
48-11-202,2022,349700.0,0.0,349300.0,City Parcel Master,2022-01-01,2022
48-11-202,2020,349700.0,0.0,349300.0,NHDRA,2020-01-01,2020
48-11-203,2022,336100.0,0.0,335700.0,City Parcel Master,2022-01-01,2022
48-11-203,2020,336100.0,0.0,335700.0,NHDRA,2020-01-01,2020
48-11-204,2022,330000.0,0.0,329600.0,City Parcel Master,2022-01-01,2022
48-11-204,2020,330000.0,0.0,329600.0,NHDRA,2020-01-01,2020
48-11-205,2022,330000.0,0.0,329600.0,City Parcel Master,2022-01-01,2022
48-11-205,2020,330000.0,0.0,329600.0,NHDRA,2020-01-01,2020
48-11-206,2022,329000.0,0.0,328600.0,City Parcel Master,2022-01-01,2022
48-11-206,2020,334700.0,0.0,334300.0,NHDRA,2020-01-01,2020
48-11-301,2022,360700.0,0.0,360700.0,City Parcel Master,2022-01-01,2022
48-11-301,2020,360700.0,0.0,360700.0,NHDRA,2020-01-01,2020
48-11-302,2022,351500.0,0.0,351500.0,City Parcel Master,2022-01-01,2022
48-11-302,2020,351500.0,0.0,351500.0,NHDRA,2020-01-01,2020
48-11-303,2022,349500.0,0.0,349500.0,City Parcel Master,2022-01-01,2022
48-11-303,2020,349500.0,0.0,349500.0,NHDRA,2020-01-01,2020
48-11-304,2022,356000.0,0.0,356000.0,City Parcel Master,2022-01-01,2022
48-11-304,2020,356000.0,0.0,356000.0,NHDRA,2020-01-01,2020
48-11-305,2022,354200.0,0.0,354200.0,City Parcel Master,2022-01-01,2022
48-11-305,2020,354200.0,0.0,354200.0,NHDRA,2020-01-01,2020
48-11-306,2022,342600.0,0.0,342600.0,City Parcel Master,2022-01-01,2022
48-11-306,2020,337500.0,0.0,337500.0,NHDRA,2020-01-01,2020
48-11-307,2022,342300.0,0.0,342300.0,City Parcel Master,2022-01-01,2022
48-11-307,2020,342300.0,0.0,342300.0,NHDRA,2020-01-01,2020
48-11-401,2022,386100.0,0.0,386100.0,City Parcel Master,2022-01-01,2022
48-11-401,2020,386100.0,0.0,386100.0,NHDRA,2020-01-01,2020
48-11-402,2022,366200.0,0.0,366200.0,City Parcel Master,2022-01-01,2022
48-11-402,2020,366200.0,0.0,366200.0,NHDRA,2020-01-01,2020
48-11-403,2022,333000.0,0.0,333000.0,City Parcel Master,2022-01-01,2022
48-11-403,2020,333000.0,0.0,333000.0,NHDRA,2020-01-01,2020
48-11-404,2022,333000.0,0.0,333000.0,City Parcel Master,2022-01-01,2022
48-11-404,2020,333000.0,0.0,333000.0,NHDRA,2020-01-01,2020
48-11-405,2022,373800.0,0.0,373800.0,City Parcel Master,2022-01-01,2022
48-11-405,2020,373800.0,0.0,373800.0,NHDRA,2020-01-01,2020
48-11-406,2022,343800.0,0.0,343800.0,City Parcel Master,2022-01-01,2022
48-11-406,2020,343800.0,0.0,343800.0,NHDRA,2020-01-01,2020
48-11-501,2022,400100.0,0.0,400100.0,City Parcel Master,2022-01-01,2022
48-11-501,2020,400100.0,0.0,400100.0,NHDRA,2020-01-01,2020
48-11-502,2022,389100.0,0.0,389100.0,City Parcel Master,2022-01-01,2022
48-11-502,2020,389100.0,0.0,389100.0,NHDRA,2020-01-01,2020
48-11-503,2022,352100.0,0.0,352100.0,City Parcel Master,2022-01-01,2022
48-11-503,2020,352100.0,0.0,352100.0,NHDRA,2020-01-01,2020
48-11-504,2022,390700.0,0.0,390700.0,City Parcel Master,2022-01-01,2022
48-11-504,2020,390700.0,0.0,390700.0,NHDRA,2020-01-01,2020
48-11-505,2022,390700.0,0.0,390700.0,City Parcel Master,2022-01-01,2022
48-11-505,2020,390700.0,0.0,390700.0,NHDRA,2020-01-01,2020
48-11-601,2022,400100.0,0.0,400100.0,City Parcel Master,2022-01-01,2022
48-11-601,2020,400100.0,0.0,400100.0,NHDRA,2020-01-01,2020
48-11-602,2022,392000.0,0.0,392000.0,City Parcel Master,2022-01-01,2022
48-11-602,2020,395400.0,0.0,395400.0,NHDRA,2020-01-01,2020
48-11-603,2022,376400.0,0.0,376400.0,City Parcel Master,2022-01-01,2022
48-11-603,2020,416100.0,0.0,416100.0,NHDRA,2020-01-01,2020
48-11-604,2022,395400.0,0.0,395400.0,City Parcel Master,2022-01-01,2022
48-11-604,2020,400000.0,0.0,400000.0,NHDRA,2020-01-01,2020
48-11-605,2022,403100.0,0.0,403100.0,City Parcel Master,2022-01-01,2022
48-11-605,2020,403100.0,0.0,403100.0,NHDRA,2020-01-01,2020
48-11-701,2022,418800.0,0.0,418800.0,City Parcel Master,2022-01-01,2022
48-11-701,2020,418800.0,0.0,418800.0,NHDRA,2020-01-01,2020
48-11-702,2022,390700.0,0.0,390700.0,City Parcel Master,2022-01-01,2022
48-11-702,2020,390700.0,0.0,390700.0,NHDRA,2020-01-01,2020
48-11-703,2022,400100.0,0.0,400100.0,City Parcel Master,2022-01-01,2022
48-11-703,2020,400100.0,0.0,400100.0,NHDRA,2020-01-01,2020
48-11-704,2022,414200.0,0.0,414200.0,City Parcel Master,2022-01-01,2022
48-11-704,2020,414200.0,0.0,414200.0,NHDRA,2020-01-01,2020
49-1,2022,260000.0,101400.0,158600.0,City Parcel Master,2022-01-01,2022
49-1,2020,260000.0,101400.0,158600.0,NHDRA,2020-01-01,2020
49-2,2022,184000.0,71600.0,108600.0,City Parcel Master,2022-01-01,2022
49-2,2020,184000.0,71600.0,108600.0,NHDRA,2020-01-01,2020
49-3,2022,235400.0,69800.0,148700.0,City Parcel Master,2022-01-01,2022
49-3,2020,235400.0,69800.0,148700.0,NHDRA,2020-01-01,2020
49-4,2022,335100.0,71100.0,264000.0,City Parcel Master,2022-01-01,2022
49-4,2020,335100.0,71100.0,264000.0,NHDRA,2020-01-01,2020
49-4-100,2022,386100.0,71200.0,308700.0,City Parcel Master,2022-01-01,2022
49-4-100,2020,386100.0,71200.0,308700.0,NHDRA,2020-01-01,2020
49-5,2022,479500.0,79400.0,378100.0,City Parcel Master,2022-01-01,2022
49-5,2020,479500.0,79400.0,378100.0,NHDRA,2020-01-01,2020
49-5-200,2022,79800.0,79800.0,0.0,City Parcel Master,2022-01-01,2022
49-5-200,2020,79800.0,79800.0,0.0,NHDRA,2020-01-01,2020
49-6,2022,236300.0,70800.0,164700.0,City Parcel Master,2022-01-01,2022
49-6,2020,236300.0,70800.0,164700.0,NHDRA,2020-01-01,2020
49-7,2022,172400.0,100700.0,70000.0,City Parcel Master,2022-01-01,2022
49-7,2020,172400.0,100700.0,70000.0,NHDRA,2020-01-01,2020
49-8,2022,369200.0,91900.0,275200.0,City Parcel Master,2022-01-01,2022
49-8,2020,369200.0,91900.0,275200.0,NHDRA,2020-01-01,2020
49-9,2022,424100.0,76200.0,347900.0,City Parcel Master,2022-01-01,2022
49-9,2020,424100.0,76200.0,347900.0,NHDRA,2020-01-01,2020
49-10,2022,223400.0,69800.0,146200.0,City Parcel Master,2022-01-01,2022
49-10,2020,223400.0,69800.0,146200.0,NHDRA,2020-01-01,2020
49-11,2022,86700.0,86700.0,0.0,City Parcel Master,2022-01-01,2022
49-11,2020,86700.0,86700.0,0.0,NHDRA,2020-01-01,2020
49-12,2022,374600.0,73900.0,300400.0,City Parcel Master,2022-01-01,2022
49-12,2020,374600.0,73900.0,300400.0,NHDRA,2020-01-01,2020
49-13,2022,203500.0,72400.0,119300.0,City Parcel Master,2022-01-01,2022
49-13,2020,205800.0,72400.0,121600.0,NHDRA,2020-01-01,2020
49-14,2022,333300.0,84400.0,244800.0,City Parcel Master,2022-01-01,2022
49-14,2020,333400.0,84500.0,244800.0,NHDRA,2020-01-01,2020
49-15,2022,299500.0,88000.0,197100.0,City Parcel Master,2022-01-01,2022
49-15,2020,299500.0,88000.0,197100.0,NHDRA,2020-01-01,2020
49-16,2022,79700.0,79700.0,0.0,City Parcel Master,2022-01-01,2022
49-16,2020,79700.0,79700.0,0.0,NHDRA,2020-01-01,2020
49-17,2022,528000.0,67300.0,460700.0,City Parcel Master,2022-01-01,2022
49-17,2020,67300.0,67300.0,0.0,NHDRA,2020-01-01,2020
49-18,2022,289600.0,80100.0,203900.0,City Parcel Master,2022-01-01,2022
49-18,2020,292800.0,80100.0,207100.0,NHDRA,2020-01-01,2020
49-20,2022,286700.0,81700.0,205000.0,City Parcel Master,2022-01-01,2022
49-20,2020,286700.0,81700.0,205000.0,NHDRA,2020-01-01,2020
49-22,2022,73900.0,73900.0,0.0,City Parcel Master,2022-01-01,2022
49-22,2020,73900.0,73900.0,0.0,NHDRA,2020-01-01,2020
49-23,2022,619400.0,93500.0,525100.0,City Parcel Master,2022-01-01,2022
49-23,2020,618400.0,93400.0,524200.0,NHDRA,2020-01-01,2020
49-25,2022,129400.0,82500.0,46500.0,City Parcel Master,2022-01-01,2022
49-25,2020,129500.0,82600.0,46500.0,NHDRA,2020-01-01,2020
49-26,2022,332900.0,69500.0,263400.0,City Parcel Master,2022-01-01,2022
49-26,2020,332900.0,69500.0,263400.0,NHDRA,2020-01-01,2020
49-27,2022,372500.0,78100.0,294400.0,City Parcel Master,2022-01-01,2022
49-27,2020,372500.0,78100.0,294400.0,NHDRA,2020-01-01,2020
49-28,2022,85900.0,85900.0,0.0,City Parcel Master,2022-01-01,2022
49-28,2020,85900.0,85900.0,0.0,NHDRA,2020-01-01,2020
49-29,2022,272000.0,86600.0,166100.0,City Parcel Master,2022-01-01,2022
49-29,2020,272100.0,86700.0,166100.0,NHDRA,2020-01-01,2020
50-1,2022,484500.0,64400.0,420100.0,City Parcel Master,2022-01-01,2022
50-1,2020,64400.0,64400.0,0.0,NHDRA,2020-01-01,2020
50-2,2022,264500.0,66700.0,189800.0,City Parcel Master,2022-01-01,2022
50-2,2020,264500.0,66700.0,189800.0,NHDRA,2020-01-01,2020
50-3,2022,347300.0,94600.0,243200.0,City Parcel Master,2022-01-01,2022
50-3,2020,347400.0,94700.0,243200.0,NHDRA,2020-01-01,2020
50-4,2022,300700.0,93500.0,206200.0,City Parcel Master,2022-01-01,2022
50-4,2020,300600.0,93400.0,206200.0,NHDRA,2020-01-01,2020
50-5,2022,280000.0,88500.0,190700.0,City Parcel Master,2022-01-01,2022
50-5,2020,279500.0,88400.0,190300.0,NHDRA,2020-01-01,2020
50-6,2022,305500.0,84900.0,220100.0,City Parcel Master,2022-01-01,2022
50-6,2020,305600.0,85000.0,220100.0,NHDRA,2020-01-01,2020
50-7,2022,335600.0,84900.0,250200.0,City Parcel Master,2022-01-01,2022
50-7,2020,335700.0,85000.0,250200.0,NHDRA,2020-01-01,2020
50-8,2022,293100.0,84900.0,208100.0,City Parcel Master,2022-01-01,2022
50-8,2020,293200.0,85000.0,208100.0,NHDRA,2020-01-01,2020
50-9,2022,454200.0,99600.0,351600.0,City Parcel Master,2022-01-01,2022
50-9,2020,449200.0,99600.0,346600.0,NHDRA,2020-01-01,2020
50-10,2022,327400.0,78500.0,248500.0,City Parcel Master,2022-01-01,2022
50-10,2020,327400.0,78500.0,248500.0,NHDRA,2020-01-01,2020
50-11,2022,327300.0,79300.0,247600.0,City Parcel Master,2022-01-01,2022
50-11,2020,327400.0,79400.0,247600.0,NHDRA,2020-01-01,2020
50-12,2022,308800.0,75500.0,233300.0,City Parcel Master,2022-01-01,2022
50-12,2020,313200.0,75400.0,237800.0,NHDRA,2020-01-01,2020
50-13,2022,295400.0,67900.0,227200.0,City Parcel Master,2022-01-01,2022
50-13,2020,295100.0,67900.0,227200.0,NHDRA,2020-01-01,2020
50-14-1101,2022,243500.0,0.0,243500.0,City Parcel Master,2022-01-01,2022
50-14-1101,2020,243500.0,0.0,243500.0,NHDRA,2020-01-01,2020
50-14-1201,2022,216000.0,0.0,216000.0,City Parcel Master,2022-01-01,2022
50-14-1201,2020,216000.0,0.0,216000.0,NHDRA,2020-01-01,2020
50-14-1301,2022,229700.0,0.0,229700.0,City Parcel Master,2022-01-01,2022
50-14-1301,2020,226300.0,0.0,226300.0,NHDRA,2020-01-01,2020
50-14-1401,2022,229500.0,0.0,229500.0,City Parcel Master,2022-01-01,2022
50-14-1401,2020,226000.0,0.0,226000.0,NHDRA,2020-01-01,2020
50-14-1501,2022,221200.0,0.0,221200.0,City Parcel Master,2022-01-01,2022
50-14-1501,2020,217700.0,0.0,217700.0,NHDRA,2020-01-01,2020
50-14-1601,2022,229700.0,0.0,229700.0,City Parcel Master,2022-01-01,2022
50-14-1601,2020,226300.0,0.0,226300.0,NHDRA,2020-01-01,2020
50-14-2102,2022,229700.0,0.0,229700.0,City Parcel Master,2022-01-01,2022
50-14-2102,2020,226300.0,0.0,226300.0,NHDRA,2020-01-01,2020
50-14-2202,2022,229700.0,0.0,229700.0,City Parcel Master,2022-01-01,2022
50-14-2202,2020,226300.0,0.0,226300.0,NHDRA,2020-01-01,2020
50-14-2302,2022,229700.0,0.0,229700.0,City Parcel Master,2022-01-01,2022
50-14-2302,2020,226300.0,0.0,226300.0,NHDRA,2020-01-01,2020
50-14-2402,2022,221200.0,0.0,221200.0,City Parcel Master,2022-01-01,2022
50-14-2402,2020,217700.0,0.0,217700.0,NHDRA,2020-01-01,2020
50-14-3103,2022,220800.0,0.0,220800.0,City Parcel Master,2022-01-01,2022
50-14-3103,2020,215700.0,0.0,215700.0,NHDRA,2020-01-01,2020
50-14-3203,2022,219000.0,0.0,219000.0,City Parcel Master,2022-01-01,2022
50-14-3203,2020,215600.0,0.0,215600.0,NHDRA,2020-01-01,2020
50-14-3303,2022,219100.0,0.0,219100.0,City Parcel Master,2022-01-01,2022
50-14-3303,2020,215700.0,0.0,215700.0,NHDRA,2020-01-01,2020
50-14-3403,2022,219100.0,0.0,219100.0,City Parcel Master,2022-01-01,2022
50-14-3403,2020,215700.0,0.0,215700.0,NHDRA,2020-01-01,2020
50-14-4104,2022,219000.0,0.0,219000.0,City Parcel Master,2022-01-01,2022
50-14-4104,2020,219000.0,0.0,219000.0,NHDRA,2020-01-01,2020
50-14-4204,2022,219100.0,0.0,219100.0,City Parcel Master,2022-01-01,2022
50-14-4204,2020,215700.0,0.0,215700.0,NHDRA,2020-01-01,2020
50-14-4304,2022,219100.0,0.0,219100.0,City Parcel Master,2022-01-01,2022
50-14-4304,2020,215700.0,0.0,215700.0,NHDRA,2020-01-01,2020
50-14-4404,2022,219100.0,0.0,219100.0,City Parcel Master,2022-01-01,2022
50-14-4404,2020,215700.0,0.0,215700.0,NHDRA,2020-01-01,2020
50-14-4504,2022,219100.0,0.0,219100.0,City Parcel Master,2022-01-01,2022
50-14-4504,2020,215700.0,0.0,215700.0,NHDRA,2020-01-01,2020
50-14-4604,2022,219100.0,0.0,219100.0,City Parcel Master,2022-01-01,2022
50-14-4604,2020,219100.0,0.0,219100.0,NHDRA,2020-01-01,2020
50-14-5105,2022,229700.0,0.0,229700.0,City Parcel Master,2022-01-01,2022
50-14-5105,2020,226300.0,0.0,226300.0,NHDRA,2020-01-01,2020
50-14-5205,2022,229700.0,0.0,229700.0,City Parcel Master,2022-01-01,2022
50-14-5205,2020,226300.0,0.0,226300.0,NHDRA,2020-01-01,2020
50-14-5305,2022,229800.0,0.0,229800.0,City Parcel Master,2022-01-01,2022
50-14-5305,2020,229800.0,0.0,229800.0,NHDRA,2020-01-01,2020
50-14-5405,2022,222900.0,0.0,222900.0,City Parcel Master,2022-01-01,2022
50-14-5405,2020,219400.0,0.0,219400.0,NHDRA,2020-01-01,2020
50-15-10101,2022,120500.0,0.0,120500.0,City Parcel Master,2022-01-01,2022
50-15-10101,2020,120500.0,0.0,120500.0,NHDRA,2020-01-01,2020
50-15-10201,2022,131100.0,0.0,131100.0,City Parcel Master,2022-01-01,2022
50-15-10201,2020,131100.0,0.0,131100.0,NHDRA,2020-01-01,2020
50-15-10301,2022,131100.0,0.0,131100.0,City Parcel Master,2022-01-01,2022
50-15-10301,2020,131100.0,0.0,131100.0,NHDRA,2020-01-01,2020
50-15-10401,2022,131100.0,0.0,131100.0,City Parcel Master,2022-01-01,2022
50-15-10401,2020,131100.0,0.0,131100.0,NHDRA,2020-01-01,2020
50-15-10501,2022,120500.0,0.0,120500.0,City Parcel Master,2022-01-01,2022
50-15-10501,2020,120500.0,0.0,120500.0,NHDRA,2020-01-01,2020
50-15-11101,2022,131800.0,0.0,131800.0,City Parcel Master,2022-01-01,2022
50-15-11101,2020,131800.0,0.0,131800.0,NHDRA,2020-01-01,2020
50-15-11201,2022,131100.0,0.0,131100.0,City Parcel Master,2022-01-01,2022
50-15-11201,2020,131100.0,0.0,131100.0,NHDRA,2020-01-01,2020
50-15-11301,2022,131100.0,0.0,131100.0,City Parcel Master,2022-01-01,2022
50-15-11301,2020,131100.0,0.0,131100.0,NHDRA,2020-01-01,2020
50-15-11401,2022,138800.0,0.0,138800.0,City Parcel Master,2022-01-01,2022
50-15-11401,2020,131100.0,0.0,131100.0,NHDRA,2020-01-01,2020
50-15-11501,2022,131800.0,0.0,131800.0,City Parcel Master,2022-01-01,2022
50-15-11501,2020,131800.0,0.0,131800.0,NHDRA,2020-01-01,2020
50-15-20102,2022,120500.0,0.0,120500.0,City Parcel Master,2022-01-01,2022
50-15-20102,2020,120500.0,0.0,120500.0,NHDRA,2020-01-01,2020
50-15-20202,2022,131100.0,0.0,131100.0,City Parcel Master,2022-01-01,2022
50-15-20202,2020,131100.0,0.0,131100.0,NHDRA,2020-01-01,2020
50-15-20302,2022,131100.0,0.0,131100.0,City Parcel Master,2022-01-01,2022
50-15-20302,2020,131100.0,0.0,131100.0,NHDRA,2020-01-01,2020
50-15-20402,2022,131100.0,0.0,131100.0,City Parcel Master,2022-01-01,2022
50-15-20402,2020,131100.0,0.0,131100.0,NHDRA,2020-01-01,2020
50-15-20502,2022,120500.0,0.0,120500.0,City Parcel Master,2022-01-01,2022
50-15-20502,2020,120500.0,0.0,120500.0,NHDRA,2020-01-01,2020
50-15-21102,2022,131800.0,0.0,131800.0,City Parcel Master,2022-01-01,2022
50-15-21102,2020,131800.0,0.0,131800.0,NHDRA,2020-01-01,2020
50-15-21202,2022,131100.0,0.0,131100.0,City Parcel Master,2022-01-01,2022
50-15-21202,2020,131100.0,0.0,131100.0,NHDRA,2020-01-01,2020
50-15-21302,2022,131100.0,0.0,131100.0,City Parcel Master,2022-01-01,2022
50-15-21302,2020,131100.0,0.0,131100.0,NHDRA,2020-01-01,2020
50-15-21402,2022,141500.0,0.0,141500.0,City Parcel Master,2022-01-01,2022
50-15-21402,2020,131100.0,0.0,131100.0,NHDRA,2020-01-01,2020
50-15-21502,2022,131800.0,0.0,131800.0,City Parcel Master,2022-01-01,2022
50-15-21502,2020,131800.0,0.0,131800.0,NHDRA,2020-01-01,2020
50-15-30103,2022,120500.0,0.0,120500.0,City Parcel Master,2022-01-01,2022
50-15-30103,2020,120500.0,0.0,120500.0,NHDRA,2020-01-01,2020
50-15-30203,2022,131100.0,0.0,131100.0,City Parcel Master,2022-01-01,2022
50-15-30203,2020,131100.0,0.0,131100.0,NHDRA,2020-01-01,2020
50-15-30303,2022,131100.0,0.0,131100.0,City Parcel Master,2022-01-01,2022
50-15-30303,2020,131100.0,0.0,131100.0,NHDRA,2020-01-01,2020
50-15-30403,2022,131100.0,0.0,131100.0,City Parcel Master,2022-01-01,2022
50-15-30403,2020,131100.0,0.0,131100.0,NHDRA,2020-01-01,2020
50-15-30503,2022,120500.0,0.0,120500.0,City Parcel Master,2022-01-01,2022
50-15-30503,2020,120500.0,0.0,120500.0,NHDRA,2020-01-01,2020
50-15-31103,2022,131800.0,0.0,131800.0,City Parcel Master,2022-01-01,2022
50-15-31103,2020,131800.0,0.0,131800.0,NHDRA,2020-01-01,2020
50-15-31203,2022,131100.0,0.0,131100.0,City Parcel Master,2022-01-01,2022
50-15-31203,2020,131100.0,0.0,131100.0,NHDRA,2020-01-01,2020
50-15-31303,2022,131100.0,0.0,131100.0,City Parcel Master,2022-01-01,2022
50-15-31303,2020,131100.0,0.0,131100.0,NHDRA,2020-01-01,2020
50-15-31403,2022,130100.0,0.0,130100.0,City Parcel Master,2022-01-01,2022
50-15-31403,2020,130100.0,0.0,130100.0,NHDRA,2020-01-01,2020
50-15-31503,2022,131800.0,0.0,131800.0,City Parcel Master,2022-01-01,2022
50-15-31503,2020,131800.0,0.0,131800.0,NHDRA,2020-01-01,2020
50-15-40104,2022,120500.0,0.0,120500.0,City Parcel Master,2022-01-01,2022
50-15-40104,2020,120500.0,0.0,120500.0,NHDRA,2020-01-01,2020
50-15-40204,2022,131100.0,0.0,131100.0,City Parcel Master,2022-01-01,2022
50-15-40204,2020,131100.0,0.0,131100.0,NHDRA,2020-01-01,2020
50-15-40304,2022,131100.0,0.0,131100.0,City Parcel Master,2022-01-01,2022
50-15-40304,2020,131100.0,0.0,131100.0,NHDRA,2020-01-01,2020
50-15-40404,2022,131100.0,0.0,131100.0,City Parcel Master,2022-01-01,2022
50-15-40404,2020,131100.0,0.0,131100.0,NHDRA,2020-01-01,2020
50-15-40504,2022,120500.0,0.0,120500.0,City Parcel Master,2022-01-01,2022
50-15-40504,2020,120500.0,0.0,120500.0,NHDRA,2020-01-01,2020
50-15-41104,2022,131800.0,0.0,131800.0,City Parcel Master,2022-01-01,2022
50-15-41104,2020,131800.0,0.0,131800.0,NHDRA,2020-01-01,2020
50-15-41204,2022,131100.0,0.0,131100.0,City Parcel Master,2022-01-01,2022
50-15-41204,2020,131100.0,0.0,131100.0,NHDRA,2020-01-01,2020
50-15-41304,2022,131100.0,0.0,131100.0,City Parcel Master,2022-01-01,2022
50-15-41304,2020,131100.0,0.0,131100.0,NHDRA,2020-01-01,2020
50-15-41404,2022,131100.0,0.0,131100.0,City Parcel Master,2022-01-01,2022
50-15-41404,2020,131100.0,0.0,131100.0,NHDRA,2020-01-01,2020
50-15-41504,2022,131800.0,0.0,131800.0,City Parcel Master,2022-01-01,2022
50-15-41504,2020,131800.0,0.0,131800.0,NHDRA,2020-01-01,2020
50-15-50105,2022,120500.0,0.0,120500.0,City Parcel Master,2022-01-01,2022
50-15-50105,2020,120500.0,0.0,120500.0,NHDRA,2020-01-01,2020
50-15-50205,2022,131100.0,0.0,131100.0,City Parcel Master,2022-01-01,2022
50-15-50205,2020,131100.0,0.0,131100.0,NHDRA,2020-01-01,2020
50-15-50305,2022,131100.0,0.0,131100.0,City Parcel Master,2022-01-01,2022
50-15-50305,2020,131100.0,0.0,131100.0,NHDRA,2020-01-01,2020
50-15-50405,2022,131100.0,0.0,131100.0,City Parcel Master,2022-01-01,2022
50-15-50405,2020,131100.0,0.0,131100.0,NHDRA,2020-01-01,2020
50-15-50505,2022,120500.0,0.0,120500.0,City Parcel Master,2022-01-01,2022
50-15-50505,2020,120500.0,0.0,120500.0,NHDRA,2020-01-01,2020
50-15-51105,2022,131800.0,0.0,131800.0,City Parcel Master,2022-01-01,2022
50-15-51105,2020,131800.0,0.0,131800.0,NHDRA,2020-01-01,2020
50-15-51205,2022,131100.0,0.0,131100.0,City Parcel Master,2022-01-01,2022
50-15-51205,2020,131100.0,0.0,131100.0,NHDRA,2020-01-01,2020
50-15-51305,2022,131100.0,0.0,131100.0,City Parcel Master,2022-01-01,2022
50-15-51305,2020,131100.0,0.0,131100.0,NHDRA,2020-01-01,2020
50-15-51405,2022,130100.0,0.0,130100.0,City Parcel Master,2022-01-01,2022
50-15-51405,2020,130100.0,0.0,130100.0,NHDRA,2020-01-01,2020
50-15-51505,2022,131800.0,0.0,131800.0,City Parcel Master,2022-01-01,2022
50-15-51505,2020,131800.0,0.0,131800.0,NHDRA,2020-01-01,2020
50-15-60106,2022,120500.0,0.0,120500.0,City Parcel Master,2022-01-01,2022
50-15-60106,2020,120500.0,0.0,120500.0,NHDRA,2020-01-01,2020
50-15-60206,2022,141900.0,0.0,141900.0,City Parcel Master,2022-01-01,2022
50-15-60206,2020,131100.0,0.0,131100.0,NHDRA,2020-01-01,2020
50-15-60306,2022,131100.0,0.0,131100.0,City Parcel Master,2022-01-01,2022
50-15-60306,2020,131100.0,0.0,131100.0,NHDRA,2020-01-01,2020
50-15-60406,2022,131100.0,0.0,131100.0,City Parcel Master,2022-01-01,2022
50-15-60406,2020,131100.0,0.0,131100.0,NHDRA,2020-01-01,2020
50-15-60506,2022,120500.0,0.0,120500.0,City Parcel Master,2022-01-01,2022
50-15-60506,2020,120500.0,0.0,120500.0,NHDRA,2020-01-01,2020
50-15-61106,2022,131800.0,0.0,131800.0,City Parcel Master,2022-01-01,2022
50-15-61106,2020,131800.0,0.0,131800.0,NHDRA,2020-01-01,2020
50-15-61206,2022,131100.0,0.0,131100.0,City Parcel Master,2022-01-01,2022
50-15-61206,2020,131100.0,0.0,131100.0,NHDRA,2020-01-01,2020
50-15-61306,2022,131100.0,0.0,131100.0,City Parcel Master,2022-01-01,2022
50-15-61306,2020,131100.0,0.0,131100.0,NHDRA,2020-01-01,2020
50-15-61406,2022,131100.0,0.0,131100.0,City Parcel Master,2022-01-01,2022
50-15-61406,2020,131100.0,0.0,131100.0,NHDRA,2020-01-01,2020
50-15-61506,2022,131800.0,0.0,131800.0,City Parcel Master,2022-01-01,2022
50-15-61506,2020,131800.0,0.0,131800.0,NHDRA,2020-01-01,2020
50-15-70107,2022,120500.0,0.0,120500.0,City Parcel Master,2022-01-01,2022
50-15-70107,2020,120500.0,0.0,120500.0,NHDRA,2020-01-01,2020
50-15-70207,2022,133300.0,0.0,133300.0,City Parcel Master,2022-01-01,2022
50-15-70207,2020,132200.0,0.0,132200.0,NHDRA,2020-01-01,2020
50-15-70307,2022,131100.0,0.0,131100.0,City Parcel Master,2022-01-01,2022
50-15-70307,2020,131100.0,0.0,131100.0,NHDRA,2020-01-01,2020
50-15-70407,2022,131100.0,0.0,131100.0,City Parcel Master,2022-01-01,2022
50-15-70407,2020,131100.0,0.0,131100.0,NHDRA,2020-01-01,2020
50-15-70507,2022,120500.0,0.0,120500.0,City Parcel Master,2022-01-01,2022
50-15-70507,2020,120500.0,0.0,120500.0,NHDRA,2020-01-01,2020
50-15-71107,2022,131800.0,0.0,131800.0,City Parcel Master,2022-01-01,2022
50-15-71107,2020,131800.0,0.0,131800.0,NHDRA,2020-01-01,2020
50-15-71207,2022,131100.0,0.0,131100.0,City Parcel Master,2022-01-01,2022
50-15-71207,2020,131100.0,0.0,131100.0,NHDRA,2020-01-01,2020
50-15-71307,2022,131100.0,0.0,131100.0,City Parcel Master,2022-01-01,2022
50-15-71307,2020,131100.0,0.0,131100.0,NHDRA,2020-01-01,2020
50-15-71407,2022,131100.0,0.0,131100.0,City Parcel Master,2022-01-01,2022
50-15-71407,2020,131100.0,0.0,131100.0,NHDRA,2020-01-01,2020
50-15-71507,2022,131800.0,0.0,131800.0,City Parcel Master,2022-01-01,2022
50-15-71507,2020,131800.0,0.0,131800.0,NHDRA,2020-01-01,2020
50-16-101,2022,96500.0,0.0,96500.0,City Parcel Master,2022-01-01,2022
50-16-101,2020,96500.0,0.0,96500.0,NHDRA,2020-01-01,2020
50-16-201,2022,60800.0,0.0,60800.0,City Parcel Master,2022-01-01,2022
50-16-201,2020,60800.0,0.0,60800.0,NHDRA,2020-01-01,2020
50-16-301,2022,105100.0,0.0,105100.0,City Parcel Master,2022-01-01,2022
50-16-301,2020,105100.0,0.0,105100.0,NHDRA,2020-01-01,2020
50-16-401,2022,105100.0,0.0,105100.0,City Parcel Master,2022-01-01,2022
50-16-401,2020,105100.0,0.0,105100.0,NHDRA,2020-01-01,2020
50-16-501,2022,105100.0,0.0,105100.0,City Parcel Master,2022-01-01,2022
50-16-501,2020,105100.0,0.0,105100.0,NHDRA,2020-01-01,2020
50-16-601,2022,105100.0,0.0,105100.0,City Parcel Master,2022-01-01,2022
50-16-601,2020,105100.0,0.0,105100.0,NHDRA,2020-01-01,2020
50-16-701,2022,105100.0,0.0,105100.0,City Parcel Master,2022-01-01,2022
50-16-701,2020,105100.0,0.0,105100.0,NHDRA,2020-01-01,2020
50-16-801,2022,105100.0,0.0,105100.0,City Parcel Master,2022-01-01,2022
50-16-801,2020,105100.0,0.0,105100.0,NHDRA,2020-01-01,2020
50-16-901,2022,105100.0,0.0,105100.0,City Parcel Master,2022-01-01,2022
50-16-901,2020,105100.0,0.0,105100.0,NHDRA,2020-01-01,2020
50-16-1001,2022,105100.0,0.0,105100.0,City Parcel Master,2022-01-01,2022
50-16-1001,2020,105100.0,0.0,105100.0,NHDRA,2020-01-01,2020
50-16-1101,2022,105100.0,0.0,105100.0,City Parcel Master,2022-01-01,2022
50-16-1101,2020,105100.0,0.0,105100.0,NHDRA,2020-01-01,2020
50-16-1201,2022,105100.0,0.0,105100.0,City Parcel Master,2022-01-01,2022
50-16-1201,2020,105100.0,0.0,105100.0,NHDRA,2020-01-01,2020
50-16-1302,2022,96500.0,0.0,96500.0,City Parcel Master,2022-01-01,2022
50-16-1302,2020,96500.0,0.0,96500.0,NHDRA,2020-01-01,2020
50-16-1402,2022,96500.0,0.0,96500.0,City Parcel Master,2022-01-01,2022
50-16-1402,2020,96500.0,0.0,96500.0,NHDRA,2020-01-01,2020
50-16-1502,2022,65500.0,0.0,65500.0,City Parcel Master,2022-01-01,2022
50-16-1502,2020,65500.0,0.0,65500.0,NHDRA,2020-01-01,2020
50-16-1602,2022,105100.0,0.0,105100.0,City Parcel Master,2022-01-01,2022
50-16-1602,2020,105100.0,0.0,105100.0,NHDRA,2020-01-01,2020
50-16-1702,2022,105100.0,0.0,105100.0,City Parcel Master,2022-01-01,2022
50-16-1702,2020,105100.0,0.0,105100.0,NHDRA,2020-01-01,2020
50-16-1802,2022,104200.0,0.0,104200.0,City Parcel Master,2022-01-01,2022
50-16-1802,2020,105100.0,0.0,105100.0,NHDRA,2020-01-01,2020
50-16-1902,2022,111200.0,0.0,111200.0,City Parcel Master,2022-01-01,2022
50-16-1902,2020,105100.0,0.0,105100.0,NHDRA,2020-01-01,2020
50-16-2002,2022,105100.0,0.0,105100.0,City Parcel Master,2022-01-01,2022
50-16-2002,2020,105100.0,0.0,105100.0,NHDRA,2020-01-01,2020
50-16-2102,2022,105100.0,0.0,105100.0,City Parcel Master,2022-01-01,2022
50-16-2102,2020,105100.0,0.0,105100.0,NHDRA,2020-01-01,2020
50-16-2202,2022,105100.0,0.0,105100.0,City Parcel Master,2022-01-01,2022
50-16-2202,2020,105100.0,0.0,105100.0,NHDRA,2020-01-01,2020
50-16-2302,2022,105100.0,0.0,105100.0,City Parcel Master,2022-01-01,2022
50-16-2302,2020,105100.0,0.0,105100.0,NHDRA,2020-01-01,2020
50-16-2402,2022,105900.0,0.0,105900.0,City Parcel Master,2022-01-01,2022
50-16-2402,2020,105900.0,0.0,105900.0,NHDRA,2020-01-01,2020
50-16-2502,2022,96500.0,0.0,96500.0,City Parcel Master,2022-01-01,2022
50-16-2502,2020,96500.0,0.0,96500.0,NHDRA,2020-01-01,2020
50-16-2602,2022,96500.0,0.0,96500.0,City Parcel Master,2022-01-01,2022
50-16-2602,2020,96500.0,0.0,96500.0,NHDRA,2020-01-01,2020
50-16-2702,2022,105100.0,0.0,105100.0,City Parcel Master,2022-01-01,2022
50-16-2702,2020,105100.0,0.0,105100.0,NHDRA,2020-01-01,2020
50-16-2802,2022,105100.0,0.0,105100.0,City Parcel Master,2022-01-01,2022
50-16-2802,2020,105100.0,0.0,105100.0,NHDRA,2020-01-01,2020
50-16-2902,2022,105100.0,0.0,105100.0,City Parcel Master,2022-01-01,2022
50-16-2902,2020,105100.0,0.0,105100.0,NHDRA,2020-01-01,2020
50-16-3002,2022,105100.0,0.0,105100.0,City Parcel Master,2022-01-01,2022
50-16-3002,2020,105100.0,0.0,105100.0,NHDRA,2020-01-01,2020
50-16-3102,2022,105100.0,0.0,105100.0,City Parcel Master,2022-01-01,2022
50-16-3102,2020,105100.0,0.0,105100.0,NHDRA,2020-01-01,2020
50-16-3202,2022,104200.0,0.0,104200.0,City Parcel Master,2022-01-01,2022
50-16-3202,2020,105100.0,0.0,105100.0,NHDRA,2020-01-01,2020
50-16-3302,2022,104200.0,0.0,104200.0,City Parcel Master,2022-01-01,2022
50-16-3302,2020,104200.0,0.0,104200.0,NHDRA,2020-01-01,2020
50-16-3402,2022,105100.0,0.0,105100.0,City Parcel Master,2022-01-01,2022
50-16-3402,2020,105100.0,0.0,105100.0,NHDRA,2020-01-01,2020
50-16-3502,2022,105100.0,0.0,105100.0,City Parcel Master,2022-01-01,2022
50-16-3502,2020,105100.0,0.0,105100.0,NHDRA,2020-01-01,2020
50-16-3602,2022,105100.0,0.0,105100.0,City Parcel Master,2022-01-01,2022
50-16-3602,2020,105100.0,0.0,105100.0,NHDRA,2020-01-01,2020
50-16-3703,2022,96500.0,0.0,96500.0,City Parcel Master,2022-01-01,2022
50-16-3703,2020,96500.0,0.0,96500.0,NHDRA,2020-01-01,2020
50-16-3803,2022,96500.0,0.0,96500.0,City Parcel Master,2022-01-01,2022
50-16-3803,2020,96500.0,0.0,96500.0,NHDRA,2020-01-01,2020
50-16-3903,2022,65500.0,0.0,65500.0,City Parcel Master,2022-01-01,2022
50-16-3903,2020,65500.0,0.0,65500.0,NHDRA,2020-01-01,2020
50-16-4003,2022,105100.0,0.0,105100.0,City Parcel Master,2022-01-01,2022
50-16-4003,2020,105100.0,0.0,105100.0,NHDRA,2020-01-01,2020
50-16-4103,2022,105100.0,0.0,105100.0,City Parcel Master,2022-01-01,2022
50-16-4103,2020,105100.0,0.0,105100.0,NHDRA,2020-01-01,2020
50-16-4203,2022,105100.0,0.0,105100.0,City Parcel Master,2022-01-01,2022
50-16-4203,2020,105100.0,0.0,105100.0,NHDRA,2020-01-01,2020
50-16-4303,2022,105100.0,0.0,105100.0,City Parcel Master,2022-01-01,2022
50-16-4303,2020,105100.0,0.0,105100.0,NHDRA,2020-01-01,2020
50-16-4403,2022,105100.0,0.0,105100.0,City Parcel Master,2022-01-01,2022
50-16-4403,2020,105100.0,0.0,105100.0,NHDRA,2020-01-01,2020
50-16-4503,2022,111200.0,0.0,111200.0,City Parcel Master,2022-01-01,2022
50-16-4503,2020,105100.0,0.0,105100.0,NHDRA,2020-01-01,2020
50-16-4603,2022,105100.0,0.0,105100.0,City Parcel Master,2022-01-01,2022
50-16-4603,2020,105100.0,0.0,105100.0,NHDRA,2020-01-01,2020
50-16-4703,2022,111200.0,0.0,111200.0,City Parcel Master,2022-01-01,2022
50-16-4703,2020,105100.0,0.0,105100.0,NHDRA,2020-01-01,2020
50-16-4803,2022,95600.0,0.0,95600.0,City Parcel Master,2022-01-01,2022
50-16-4803,2020,105100.0,0.0,105100.0,NHDRA,2020-01-01,2020
50-16-4903,2022,96500.0,0.0,96500.0,City Parcel Master,2022-01-01,2022
50-16-4903,2020,96500.0,0.0,96500.0,NHDRA,2020-01-01,2020
50-16-5003,2022,96500.0,0.0,96500.0,City Parcel Master,2022-01-01,2022
50-16-5003,2020,96500.0,0.0,96500.0,NHDRA,2020-01-01,2020
50-16-5103,2022,105100.0,0.0,105100.0,City Parcel Master,2022-01-01,2022
50-16-5103,2020,105100.0,0.0,105100.0,NHDRA,2020-01-01,2020
50-16-5203,2022,105100.0,0.0,105100.0,City Parcel Master,2022-01-01,2022
50-16-5203,2020,105100.0,0.0,105100.0,NHDRA,2020-01-01,2020
50-16-5303,2022,105100.0,0.0,105100.0,City Parcel Master,2022-01-01,2022
50-16-5303,2020,105100.0,0.0,105100.0,NHDRA,2020-01-01,2020
50-16-5403,2022,105100.0,0.0,105100.0,City Parcel Master,2022-01-01,2022
50-16-5403,2020,105100.0,0.0,105100.0,NHDRA,2020-01-01,2020
50-16-5503,2022,105100.0,0.0,105100.0,City Parcel Master,2022-01-01,2022
50-16-5503,2020,105100.0,0.0,105100.0,NHDRA,2020-01-01,2020
50-16-5603,2022,105100.0,0.0,105100.0,City Parcel Master,2022-01-01,2022
50-16-5603,2020,105100.0,0.0,105100.0,NHDRA,2020-01-01,2020
50-16-5703,2022,105100.0,0.0,105100.0,City Parcel Master,2022-01-01,2022
50-16-5703,2020,105100.0,0.0,105100.0,NHDRA,2020-01-01,2020
50-16-5803,2022,105100.0,0.0,105100.0,City Parcel Master,2022-01-01,2022
50-16-5803,2020,105100.0,0.0,105100.0,NHDRA,2020-01-01,2020
50-16-5903,2022,105100.0,0.0,105100.0,City Parcel Master,2022-01-01,2022
50-16-5903,2020,105100.0,0.0,105100.0,NHDRA,2020-01-01,2020
50-16-6003,2022,105100.0,0.0,105100.0,City Parcel Master,2022-01-01,2022
50-16-6003,2020,105100.0,0.0,105100.0,NHDRA,2020-01-01,2020
50-16-6104,2022,96500.0,0.0,96500.0,City Parcel Master,2022-01-01,2022
50-16-6104,2020,96500.0,0.0,96500.0,NHDRA,2020-01-01,2020
50-16-6204,2022,96500.0,0.0,96500.0,City Parcel Master,2022-01-01,2022
50-16-6204,2020,96500.0,0.0,96500.0,NHDRA,2020-01-01,2020
50-16-6304,2022,65500.0,0.0,65500.0,City Parcel Master,2022-01-01,2022
50-16-6304,2020,65500.0,0.0,65500.0,NHDRA,2020-01-01,2020
50-16-6404,2022,105100.0,0.0,105100.0,City Parcel Master,2022-01-01,2022
50-16-6404,2020,105100.0,0.0,105100.0,NHDRA,2020-01-01,2020
50-16-6504,2022,105100.0,0.0,105100.0,City Parcel Master,2022-01-01,2022
50-16-6504,2020,105100.0,0.0,105100.0,NHDRA,2020-01-01,2020
50-16-6604,2022,105100.0,0.0,105100.0,City Parcel Master,2022-01-01,2022
50-16-6604,2020,105100.0,0.0,105100.0,NHDRA,2020-01-01,2020
50-16-6704,2022,105100.0,0.0,105100.0,City Parcel Master,2022-01-01,2022
50-16-6704,2020,105100.0,0.0,105100.0,NHDRA,2020-01-01,2020
50-16-6804,2022,105100.0,0.0,105100.0,City Parcel Master,2022-01-01,2022
50-16-6804,2020,105100.0,0.0,105100.0,NHDRA,2020-01-01,2020
50-16-6904,2022,105100.0,0.0,105100.0,City Parcel Master,2022-01-01,2022
50-16-6904,2020,105100.0,0.0,105100.0,NHDRA,2020-01-01,2020
50-16-7004,2022,105100.0,0.0,105100.0,City Parcel Master,2022-01-01,2022
50-16-7004,2020,105100.0,0.0,105100.0,NHDRA,2020-01-01,2020
50-16-7104,2022,105100.0,0.0,105100.0,City Parcel Master,2022-01-01,2022
50-16-7104,2020,105100.0,0.0,105100.0,NHDRA,2020-01-01,2020
50-16-7204,2022,105900.0,0.0,105900.0,City Parcel Master,2022-01-01,2022
50-16-7204,2020,105900.0,0.0,105900.0,NHDRA,2020-01-01,2020
50-16-7304,2022,96500.0,0.0,96500.0,City Parcel Master,2022-01-01,2022
50-16-7304,2020,96500.0,0.0,96500.0,NHDRA,2020-01-01,2020
50-16-7404,2022,96500.0,0.0,96500.0,City Parcel Master,2022-01-01,2022
50-16-7404,2020,96500.0,0.0,96500.0,NHDRA,2020-01-01,2020
50-16-7504,2022,105100.0,0.0,105100.0,City Parcel Master,2022-01-01,2022
50-16-7504,2020,105100.0,0.0,105100.0,NHDRA,2020-01-01,2020
50-16-7604,2022,105100.0,0.0,105100.0,City Parcel Master,2022-01-01,2022
50-16-7604,2020,105100.0,0.0,105100.0,NHDRA,2020-01-01,2020
50-16-7704,2022,105100.0,0.0,105100.0,City Parcel Master,2022-01-01,2022
50-16-7704,2020,105100.0,0.0,105100.0,NHDRA,2020-01-01,2020
50-16-7804,2022,105100.0,0.0,105100.0,City Parcel Master,2022-01-01,2022
50-16-7804,2020,105100.0,0.0,105100.0,NHDRA,2020-01-01,2020
50-16-7904,2022,105100.0,0.0,105100.0,City Parcel Master,2022-01-01,2022
50-16-7904,2020,105100.0,0.0,105100.0,NHDRA,2020-01-01,2020
50-16-8004,2022,105100.0,0.0,105100.0,City Parcel Master,2022-01-01,2022
50-16-8004,2020,105100.0,0.0,105100.0,NHDRA,2020-01-01,2020
50-16-8104,2022,105100.0,0.0,105100.0,City Parcel Master,2022-01-01,2022
50-16-8104,2020,105100.0,0.0,105100.0,NHDRA,2020-01-01,2020
50-16-8204,2022,105100.0,0.0,105100.0,City Parcel Master,2022-01-01,2022
50-16-8204,2020,105100.0,0.0,105100.0,NHDRA,2020-01-01,2020
50-16-8304,2022,105100.0,0.0,105100.0,City Parcel Master,2022-01-01,2022
50-16-8304,2020,105100.0,0.0,105100.0,NHDRA,2020-01-01,2020
50-16-8404,2022,105100.0,0.0,105100.0,City Parcel Master,2022-01-01,2022
50-16-8404,2020,105100.0,0.0,105100.0,NHDRA,2020-01-01,2020
50-16-8505,2022,96500.0,0.0,96500.0,City Parcel Master,2022-01-01,2022
50-16-8505,2020,96500.0,0.0,96500.0,NHDRA,2020-01-01,2020
50-16-8605,2022,96500.0,0.0,96500.0,City Parcel Master,2022-01-01,2022
50-16-8605,2020,96500.0,0.0,96500.0,NHDRA,2020-01-01,2020
50-16-8705,2022,90500.0,0.0,90500.0,City Parcel Master,2022-01-01,2022
50-16-8705,2020,90500.0,0.0,90500.0,NHDRA,2020-01-01,2020
50-16-8905,2022,105100.0,0.0,105100.0,City Parcel Master,2022-01-01,2022
50-16-8905,2020,105100.0,0.0,105100.0,NHDRA,2020-01-01,2020
50-16-9005,2022,105100.0,0.0,105100.0,City Parcel Master,2022-01-01,2022
50-16-9005,2020,105100.0,0.0,105100.0,NHDRA,2020-01-01,2020
50-16-9105,2022,105100.0,0.0,105100.0,City Parcel Master,2022-01-01,2022
50-16-9105,2020,105100.0,0.0,105100.0,NHDRA,2020-01-01,2020
50-16-9205,2022,105100.0,0.0,105100.0,City Parcel Master,2022-01-01,2022
50-16-9205,2020,105100.0,0.0,105100.0,NHDRA,2020-01-01,2020
50-16-9305,2022,105100.0,0.0,105100.0,City Parcel Master,2022-01-01,2022
50-16-9305,2020,105100.0,0.0,105100.0,NHDRA,2020-01-01,2020
50-16-9405,2022,105100.0,0.0,105100.0,City Parcel Master,2022-01-01,2022
50-16-9405,2020,105100.0,0.0,105100.0,NHDRA,2020-01-01,2020
50-16-9505,2022,105100.0,0.0,105100.0,City Parcel Master,2022-01-01,2022
50-16-9505,2020,105100.0,0.0,105100.0,NHDRA,2020-01-01,2020
50-16-9605,2022,105100.0,0.0,105100.0,City Parcel Master,2022-01-01,2022
50-16-9605,2020,105100.0,0.0,105100.0,NHDRA,2020-01-01,2020
50-16-9705,2022,96500.0,0.0,96500.0,City Parcel Master,2022-01-01,2022
50-16-9705,2020,96500.0,0.0,96500.0,NHDRA,2020-01-01,2020
50-16-9805,2022,96500.0,0.0,96500.0,City Parcel Master,2022-01-01,2022
50-16-9805,2020,96500.0,0.0,96500.0,NHDRA,2020-01-01,2020
50-16-9905,2022,105100.0,0.0,105100.0,City Parcel Master,2022-01-01,2022
50-16-9905,2020,105100.0,0.0,105100.0,NHDRA,2020-01-01,2020
50-16-10005,2022,105100.0,0.0,105100.0,City Parcel Master,2022-01-01,2022
50-16-10005,2020,105100.0,0.0,105100.0,NHDRA,2020-01-01,2020
50-16-10105,2022,105100.0,0.0,105100.0,City Parcel Master,2022-01-01,2022
50-16-10105,2020,105100.0,0.0,105100.0,NHDRA,2020-01-01,2020
50-16-10205,2022,105100.0,0.0,105100.0,City Parcel Master,2022-01-01,2022
50-16-10205,2020,105100.0,0.0,105100.0,NHDRA,2020-01-01,2020
50-16-10305,2022,105100.0,0.0,105100.0,City Parcel Master,2022-01-01,2022
50-16-10305,2020,105100.0,0.0,105100.0,NHDRA,2020-01-01,2020
50-16-10405,2022,105100.0,0.0,105100.0,City Parcel Master,2022-01-01,2022
50-16-10405,2020,105100.0,0.0,105100.0,NHDRA,2020-01-01,2020
50-16-10505,2022,105100.0,0.0,105100.0,City Parcel Master,2022-01-01,2022
50-16-10505,2020,105100.0,0.0,105100.0,NHDRA,2020-01-01,2020
50-16-10605,2022,105100.0,0.0,105100.0,City Parcel Master,2022-01-01,2022
50-16-10605,2020,105100.0,0.0,105100.0,NHDRA,2020-01-01,2020
50-16-10705,2022,105100.0,0.0,105100.0,City Parcel Master,2022-01-01,2022
50-16-10705,2020,105100.0,0.0,105100.0,NHDRA,2020-01-01,2020
50-16-10805,2022,105100.0,0.0,105100.0,City Parcel Master,2022-01-01,2022
50-16-10805,2020,105100.0,0.0,105100.0,NHDRA,2020-01-01,2020
50-16-10906,2022,96500.0,0.0,96500.0,City Parcel Master,2022-01-01,2022
50-16-10906,2020,96500.0,0.0,96500.0,NHDRA,2020-01-01,2020
50-16-11006,2022,96500.0,0.0,96500.0,City Parcel Master,2022-01-01,2022
50-16-11006,2020,96500.0,0.0,96500.0,NHDRA,2020-01-01,2020
50-16-11106,2022,65500.0,0.0,65500.0,City Parcel Master,2022-01-01,2022
50-16-11106,2020,65500.0,0.0,65500.0,NHDRA,2020-01-01,2020
50-16-11206,2022,105100.0,0.0,105100.0,City Parcel Master,2022-01-01,2022
50-16-11206,2020,105100.0,0.0,105100.0,NHDRA,2020-01-01,2020
50-16-11306,2022,105100.0,0.0,105100.0,City Parcel Master,2022-01-01,2022
50-16-11306,2020,105100.0,0.0,105100.0,NHDRA,2020-01-01,2020
50-16-11406,2022,105100.0,0.0,105100.0,City Parcel Master,2022-01-01,2022
50-16-11406,2020,105100.0,0.0,105100.0,NHDRA,2020-01-01,2020
50-16-11506,2022,105100.0,0.0,105100.0,City Parcel Master,2022-01-01,2022
50-16-11506,2020,105100.0,0.0,105100.0,NHDRA,2020-01-01,2020
50-16-11606,2022,105100.0,0.0,105100.0,City Parcel Master,2022-01-01,2022
50-16-11606,2020,105100.0,0.0,105100.0,NHDRA,2020-01-01,2020
50-16-11706,2022,105100.0,0.0,105100.0,City Parcel Master,2022-01-01,2022
50-16-11706,2020,105100.0,0.0,105100.0,NHDRA,2020-01-01,2020
50-16-11806,2022,105100.0,0.0,105100.0,City Parcel Master,2022-01-01,2022
50-16-11806,2020,105100.0,0.0,105100.0,NHDRA,2020-01-01,2020
50-16-11906,2022,105100.0,0.0,105100.0,City Parcel Master,2022-01-01,2022
50-16-11906,2020,105100.0,0.0,105100.0,NHDRA,2020-01-01,2020
50-16-12006,2022,105100.0,0.0,105100.0,City Parcel Master,2022-01-01,2022
50-16-12006,2020,105100.0,0.0,105100.0,NHDRA,2020-01-01,2020
50-16-12106,2022,96500.0,0.0,96500.0,City Parcel Master,2022-01-01,2022
50-16-12106,2020,96500.0,0.0,96500.0,NHDRA,2020-01-01,2020
50-16-12206,2022,96500.0,0.0,96500.0,City Parcel Master,2022-01-01,2022
50-16-12206,2020,96500.0,0.0,96500.0,NHDRA,2020-01-01,2020
50-16-12306,2022,105100.0,0.0,105100.0,City Parcel Master,2022-01-01,2022
50-16-12306,2020,105100.0,0.0,105100.0,NHDRA,2020-01-01,2020
50-16-12406,2022,105100.0,0.0,105100.0,City Parcel Master,2022-01-01,2022
50-16-12406,2020,105100.0,0.0,105100.0,NHDRA,2020-01-01,2020
50-16-12506,2022,105100.0,0.0,105100.0,City Parcel Master,2022-01-01,2022
50-16-12506,2020,105100.0,0.0,105100.0,NHDRA,2020-01-01,2020
50-16-12606,2022,105100.0,0.0,105100.0,City Parcel Master,2022-01-01,2022
50-16-12606,2020,105100.0,0.0,105100.0,NHDRA,2020-01-01,2020
50-16-12706,2022,105100.0,0.0,105100.0,City Parcel Master,2022-01-01,2022
50-16-12706,2020,105100.0,0.0,105100.0,NHDRA,2020-01-01,2020
50-16-12806,2022,105100.0,0.0,105100.0,City Parcel Master,2022-01-01,2022
50-16-12806,2020,105100.0,0.0,105100.0,NHDRA,2020-01-01,2020
50-16-12906,2022,105100.0,0.0,105100.0,City Parcel Master,2022-01-01,2022
50-16-12906,2020,105100.0,0.0,105100.0,NHDRA,2020-01-01,2020
50-16-13006,2022,105100.0,0.0,105100.0,City Parcel Master,2022-01-01,2022
50-16-13006,2020,105100.0,0.0,105100.0,NHDRA,2020-01-01,2020
50-16-13106,2022,105100.0,0.0,105100.0,City Parcel Master,2022-01-01,2022
50-16-13106,2020,105100.0,0.0,105100.0,NHDRA,2020-01-01,2020
50-16-13206,2022,105100.0,0.0,105100.0,City Parcel Master,2022-01-01,2022
50-16-13206,2020,105100.0,0.0,105100.0,NHDRA,2020-01-01,2020
50-17,2022,401000.0,69500.0,331500.0,City Parcel Master,2022-01-01,2022
50-17,2020,401000.0,69500.0,331500.0,NHDRA,2020-01-01,2020
50-18,2022,400300.0,68800.0,331500.0,City Parcel Master,2022-01-01,2022
50-18,2020,400300.0,68800.0,331500.0,NHDRA,2020-01-01,2020
50-19,2022,428700.0,68800.0,359900.0,City Parcel Master,2022-01-01,2022
50-19,2020,428700.0,68800.0,359900.0,NHDRA,2020-01-01,2020
50-20,2022,441200.0,69500.0,371700.0,City Parcel Master,2022-01-01,2022
50-20,2020,441200.0,69500.0,371700.0,NHDRA,2020-01-01,2020
50-21,2022,433000.0,69500.0,363500.0,City Parcel Master,2022-01-01,2022
50-21,2020,433000.0,69500.0,363500.0,NHDRA,2020-01-01,2020
50-22-101,2022,142900.0,0.0,142900.0,City Parcel Master,2022-01-01,2022
50-22-101,2020,142900.0,0.0,142900.0,NHDRA,2020-01-01,2020
50-22-201,2022,139900.0,0.0,139900.0,City Parcel Master,2022-01-01,2022
50-22-201,2020,139900.0,0.0,139900.0,NHDRA,2020-01-01,2020
50-22-301,2022,152100.0,0.0,152100.0,City Parcel Master,2022-01-01,2022
50-22-301,2020,152100.0,0.0,152100.0,NHDRA,2020-01-01,2020
50-22-401,2022,144200.0,0.0,144200.0,City Parcel Master,2022-01-01,2022
50-22-401,2020,144200.0,0.0,144200.0,NHDRA,2020-01-01,2020
50-22-502,2022,159300.0,0.0,159300.0,City Parcel Master,2022-01-01,2022
50-22-502,2020,159300.0,0.0,159300.0,NHDRA,2020-01-01,2020
50-22-602,2022,159300.0,0.0,159300.0,City Parcel Master,2022-01-01,2022
50-22-602,2020,159300.0,0.0,159300.0,NHDRA,2020-01-01,2020
50-22-702,2022,159300.0,0.0,159300.0,City Parcel Master,2022-01-01,2022
50-22-702,2020,159300.0,0.0,159300.0,NHDRA,2020-01-01,2020
50-22-801,2022,141300.0,0.0,141300.0,City Parcel Master,2022-01-01,2022
50-22-801,2020,141300.0,0.0,141300.0,NHDRA,2020-01-01,2020
50-22-901,2022,152100.0,0.0,152100.0,City Parcel Master,2022-01-01,2022
50-22-901,2020,152100.0,0.0,152100.0,NHDRA,2020-01-01,2020
50-22-1001,2022,139900.0,0.0,139900.0,City Parcel Master,2022-01-01,2022
50-22-1001,2020,139900.0,0.0,139900.0,NHDRA,2020-01-01,2020
50-22-1101,2022,141300.0,0.0,141300.0,City Parcel Master,2022-01-01,2022
50-22-1101,2020,141300.0,0.0,141300.0,NHDRA,2020-01-01,2020
50-22-1202,2022,180600.0,0.0,180600.0,City Parcel Master,2022-01-01,2022
50-22-1202,2020,180600.0,0.0,180600.0,NHDRA,2020-01-01,2020
50-22-1302,2022,210900.0,0.0,210900.0,City Parcel Master,2022-01-01,2022
50-22-1302,2020,210900.0,0.0,210900.0,NHDRA,2020-01-01,2020
50-22-1402,2022,162400.0,0.0,162400.0,City Parcel Master,2022-01-01,2022
50-22-1402,2020,162400.0,0.0,162400.0,NHDRA,2020-01-01,2020
50-23,2022,1813500.0,983900.0,791000.0,City Parcel Master,2022-01-01,2022
50-23,2020,1813500.0,983900.0,791000.0,NHDRA,2020-01-01,2020
50-24,2022,402800.0,402800.0,0.0,City Parcel Master,2022-01-01,2022
50-24,2020,402700.0,402700.0,0.0,NHDRA,2020-01-01,2020
50-25,2022,2513700.0,762900.0,1523500.0,City Parcel Master,2022-01-01,2022
50-25,2020,2483100.0,762900.0,1492900.0,NHDRA,2020-01-01,2020
50-26,2022,2613500.0,1082000.0,1465900.0,City Parcel Master,2022-01-01,2022
50-26,2020,2606500.0,1082000.0,1465900.0,NHDRA,2020-01-01,2020
50-27,2022,5271300.0,810200.0,4352000.0,City Parcel Master,2022-01-01,2022
50-27,2020,5271300.0,810200.0,4352000.0,NHDRA,2020-01-01,2020
50-28,2022,2109500.0,280500.0,1807200.0,City Parcel Master,2022-01-01,2022
50-28,2020,3770199.0,892499.0,2877700.0,NHDRA,2020-01-01,2020
50-28-E,2022,6914700.0,716900.0,6026400.0,City Parcel Master,2022-01-01,2022
50-28-E,2020,4242301.0,997301.0,3073600.0,NHDRA,2020-01-01,2020
50-29,2022,204200.0,204200.0,0.0,City Parcel Master,2022-01-01,2022
50-29,2020,204200.0,204200.0,0.0,NHDRA,2020-01-01,2020
50-30,2022,5624300.0,2096700.0,3294300.0,City Parcel Master,2022-01-01,2022
50-30,2020,5546000.0,2096700.0,3275500.0,NHDRA,2020-01-01,2020
50-30-100,2022,1606300.0,904200.0,676400.0,City Parcel Master,2022-01-01,2022
50-30-100,2020,1606300.0,904200.0,676400.0,NHDRA,2020-01-01,2020
50-31,2022,223700.0,223700.0,0.0,City Parcel Master,2022-01-01,2022
50-31,2020,223700.0,223700.0,0.0,NHDRA,2020-01-01,2020
50-32,2022,6539000.0,1017500.0,5445200.0,City Parcel Master,2022-01-01,2022
50-32,2020,7615900.0,1017500.0,6518000.0,NHDRA,2020-01-01,2020
50-33,2022,301300.0,68800.0,232500.0,City Parcel Master,2022-01-01,2022
50-33,2020,301300.0,68800.0,232500.0,NHDRA,2020-01-01,2020
50-34,2022,300000.0,71400.0,228600.0,City Parcel Master,2022-01-01,2022
50-34,2020,300000.0,71400.0,228600.0,NHDRA,2020-01-01,2020
50-35,2022,274300.0,67200.0,206700.0,City Parcel Master,2022-01-01,2022
50-35,2020,274300.0,67200.0,206700.0,NHDRA,2020-01-01,2020
50-36,2022,328900.0,67200.0,261300.0,City Parcel Master,2022-01-01,2022
50-36,2020,328900.0,67200.0,261300.0,NHDRA,2020-01-01,2020
50-37,2022,303500.0,67200.0,236300.0,City Parcel Master,2022-01-01,2022
50-37,2020,303500.0,67200.0,236300.0,NHDRA,2020-01-01,2020
50-38,2022,284400.0,67200.0,217200.0,City Parcel Master,2022-01-01,2022
50-38,2020,284400.0,67200.0,217200.0,NHDRA,2020-01-01,2020
50-39,2022,307800.0,67200.0,240600.0,City Parcel Master,2022-01-01,2022
50-39,2020,307800.0,67200.0,240600.0,NHDRA,2020-01-01,2020
50-40,2022,304200.0,69300.0,234900.0,City Parcel Master,2022-01-01,2022
50-40,2020,278700.0,69300.0,209400.0,NHDRA,2020-01-01,2020
50-41,2022,330200.0,76400.0,253800.0,City Parcel Master,2022-01-01,2022
50-41,2020,330300.0,76500.0,253800.0,NHDRA,2020-01-01,2020
50-42,2022,515000.0,472600.0,42000.0,City Parcel Master,2022-01-01,2022
50-42,2020,515200.0,472800.0,42000.0,NHDRA,2020-01-01,2020
50-43,2022,294300.0,71600.0,222700.0,City Parcel Master,2022-01-01,2022
50-43,2020,294300.0,71600.0,222700.0,NHDRA,2020-01-01,2020
50-44,2022,309900.0,71600.0,238300.0,City Parcel Master,2022-01-01,2022
50-44,2020,309900.0,71600.0,238300.0,NHDRA,2020-01-01,2020
50-45,2022,302400.0,71600.0,219600.0,City Parcel Master,2022-01-01,2022
50-45,2020,302200.0,71600.0,219400.0,NHDRA,2020-01-01,2020
50-46,2022,399300.0,72400.0,326900.0,City Parcel Master,2022-01-01,2022
50-46,2020,399300.0,72400.0,326900.0,NHDRA,2020-01-01,2020
50-47,2022,283900.0,85300.0,198000.0,City Parcel Master,2022-01-01,2022
50-47,2020,278100.0,85400.0,192100.0,NHDRA,2020-01-01,2020
50-48,2022,232000.0,74600.0,157400.0,City Parcel Master,2022-01-01,2022
50-48,2020,232000.0,74600.0,157400.0,NHDRA,2020-01-01,2020
50-49-101,2022,360700.0,0.0,360700.0,City Parcel Master,2022-01-01,2022
50-49-101,2020,360700.0,0.0,360700.0,NHDRA,2020-01-01,2020
50-49-201,2022,363300.0,0.0,363300.0,City Parcel Master,2022-01-01,2022
50-49-201,2020,363300.0,0.0,363300.0,NHDRA,2020-01-01,2020
50-49-301,2022,363300.0,0.0,363300.0,City Parcel Master,2022-01-01,2022
50-49-301,2020,363300.0,0.0,363300.0,NHDRA,2020-01-01,2020
50-49-402,2022,379900.0,0.0,379900.0,City Parcel Master,2022-01-01,2022
50-49-402,2020,379900.0,0.0,379900.0,NHDRA,2020-01-01,2020
50-49-502,2022,420100.0,0.0,420100.0,City Parcel Master,2022-01-01,2022
50-49-502,2020,420100.0,0.0,420100.0,NHDRA,2020-01-01,2020
50-49-602,2022,363400.0,0.0,363400.0,City Parcel Master,2022-01-01,2022
50-49-602,2020,363400.0,0.0,363400.0,NHDRA,2020-01-01,2020
50-49-702,2022,363400.0,0.0,363400.0,City Parcel Master,2022-01-01,2022
50-49-702,2020,363400.0,0.0,363400.0,NHDRA,2020-01-01,2020
50-49-803,2022,373600.0,0.0,373600.0,City Parcel Master,2022-01-01,2022
50-49-803,2020,373600.0,0.0,373600.0,NHDRA,2020-01-01,2020
50-49-903,2022,401400.0,0.0,401400.0,City Parcel Master,2022-01-01,2022
50-49-903,2020,401400.0,0.0,401400.0,NHDRA,2020-01-01,2020
50-49-1003,2022,412000.0,0.0,412000.0,City Parcel Master,2022-01-01,2022
50-49-1003,2020,412000.0,0.0,412000.0,NHDRA,2020-01-01,2020
50-49-1103,2022,377900.0,0.0,377900.0,City Parcel Master,2022-01-01,2022
50-49-1103,2020,377900.0,0.0,377900.0,NHDRA,2020-01-01,2020
50-49-1204,2022,371800.0,0.0,371800.0,City Parcel Master,2022-01-01,2022
50-49-1204,2020,371800.0,0.0,371800.0,NHDRA,2020-01-01,2020
50-49-1304,2022,405800.0,0.0,405800.0,City Parcel Master,2022-01-01,2022
50-49-1304,2020,405800.0,0.0,405800.0,NHDRA,2020-01-01,2020
50-49-1404,2022,395900.0,0.0,395700.0,City Parcel Master,2022-01-01,2022
50-49-1404,2020,395900.0,0.0,395700.0,NHDRA,2020-01-01,2020
50-49-1504,2022,363300.0,0.0,363300.0,City Parcel Master,2022-01-01,2022
50-49-1504,2020,363300.0,0.0,363300.0,NHDRA,2020-01-01,2020
50-49-1605,2022,365500.0,0.0,365300.0,City Parcel Master,2022-01-01,2022
50-49-1605,2020,365500.0,0.0,365300.0,NHDRA,2020-01-01,2020
50-49-1705,2022,362900.0,0.0,362700.0,City Parcel Master,2022-01-01,2022
50-49-1705,2020,362900.0,0.0,362700.0,NHDRA,2020-01-01,2020
50-49-1805,2022,365700.0,0.0,365500.0,City Parcel Master,2022-01-01,2022
50-49-1805,2020,365700.0,0.0,365500.0,NHDRA,2020-01-01,2020
50-49-1906,2022,360200.0,0.0,360000.0,City Parcel Master,2022-01-01,2022
50-49-1906,2020,360200.0,0.0,360000.0,NHDRA,2020-01-01,2020
50-49-2006,2022,362900.0,0.0,362700.0,City Parcel Master,2022-01-01,2022
50-49-2006,2020,362900.0,0.0,362700.0,NHDRA,2020-01-01,2020
50-49-2106,2022,362900.0,0.0,362700.0,City Parcel Master,2022-01-01,2022
50-49-2106,2020,362900.0,0.0,362700.0,NHDRA,2020-01-01,2020
50-49-2207,2022,362900.0,0.0,362700.0,City Parcel Master,2022-01-01,2022
50-49-2207,2020,362900.0,0.0,362700.0,NHDRA,2020-01-01,2020
50-49-2307,2022,362900.0,0.0,362700.0,City Parcel Master,2022-01-01,2022
50-49-2307,2020,362900.0,0.0,362700.0,NHDRA,2020-01-01,2020
50-49-2407,2022,360200.0,0.0,360000.0,City Parcel Master,2022-01-01,2022
50-49-2407,2020,360200.0,0.0,360000.0,NHDRA,2020-01-01,2020
50-50,2022,289600.0,67300.0,222300.0,City Parcel Master,2022-01-01,2022
50-50,2020,289600.0,67300.0,222300.0,NHDRA,2020-01-01,2020
50-51,2022,280300.0,70300.0,210000.0,City Parcel Master,2022-01-01,2022
50-51,2020,280300.0,70300.0,210000.0,NHDRA,2020-01-01,2020
50-52,2022,426200.0,68800.0,346700.0,City Parcel Master,2022-01-01,2022
50-52,2020,426200.0,68800.0,346700.0,NHDRA,2020-01-01,2020
50-53,2022,287400.0,79900.0,194500.0,City Parcel Master,2022-01-01,2022
50-53,2020,287400.0,79900.0,194500.0,NHDRA,2020-01-01,2020
50-54,2022,193600.0,70800.0,117700.0,City Parcel Master,2022-01-01,2022
50-54,2020,193600.0,70800.0,117700.0,NHDRA,2020-01-01,2020
50-55,2022,372600.0,73900.0,288000.0,City Parcel Master,2022-01-01,2022
50-55,2020,372600.0,73900.0,288000.0,NHDRA,2020-01-01,2020
50-56,2022,300600.0,77800.0,222800.0,City Parcel Master,2022-01-01,2022
50-56,2020,300600.0,77800.0,222800.0,NHDRA,2020-01-01,2020
50-57,2022,408300.0,68000.0,340300.0,City Parcel Master,2022-01-01,2022
50-57,2020,408300.0,68000.0,340300.0,NHDRA,2020-01-01,2020
51-1,2022,2243200.0,748400.0,1453300.0,City Parcel Master,2022-01-01,2022
51-1,2020,2229900.0,748400.0,1440700.0,NHDRA,2020-01-01,2020
51-2,2022,3309100.0,981700.0,2222800.0,City Parcel Master,2022-01-01,2022
51-2,2020,3365800.0,981700.0,2278500.0,NHDRA,2020-01-01,2020
51-3,2022,1803200.0,745400.0,996500.0,City Parcel Master,2022-01-01,2022
51-3,2020,1803200.0,745400.0,996500.0,NHDRA,2020-01-01,2020
51-10,2022,1069200.0,774400.0,290000.0,City Parcel Master,2022-01-01,2022
51-10,2020,1061400.0,774400.0,282300.0,NHDRA,2020-01-01,2020
51-11,2022,456200.0,212600.0,241500.0,City Parcel Master,2022-01-01,2022
51-11,2020,456200.0,212600.0,241500.0,NHDRA,2020-01-01,2020
51-12,2022,359125.0,95925.0,251900.0,City Parcel Master,2022-01-01,2022
51-12,2020,363885.0,97085.0,254300.0,NHDRA,2020-01-01,2020
51-13,2022,1223810.0,579510.0,615400.0,City Parcel Master,2022-01-01,2022
51-13,2020,1223810.0,579510.0,615400.0,NHDRA,2020-01-01,2020
51-13-T,2022,1736000.0,275000.0,0.0,City Parcel Master,2022-01-01,2022
51-13-T,2020,1736000.0,275000.0,0.0,NHDRA,2020-01-01,2020
51-14,2022,4622200.0,981600.0,3184900.0,City Parcel Master,2022-01-01,2022
51-14,2020,4197200.0,981600.0,3184900.0,NHDRA,2020-01-01,2020
51-15,2022,2195900.0,983800.0,951500.0,City Parcel Master,2022-01-01,2022
51-15,2020,993500.0,993500.0,0.0,NHDRA,2020-01-01,2020
52-1,2022,1445.0,1445.0,0.0,City Parcel Master,2022-01-01,2022
52-1,2020,1410.0,1410.0,0.0,NHDRA,2020-01-01,2020
52-2,2022,2625.0,2625.0,0.0,City Parcel Master,2022-01-01,2022
52-2,2020,925.0,925.0,0.0,NHDRA,2020-01-01,2020
52-3,2022,1000.0,1000.0,0.0,City Parcel Master,2022-01-01,2022
52-3,2020,1000.0,1000.0,0.0,NHDRA,2020-01-01,2020
52-5,2022,1141485.0,334085.0,807000.0,City Parcel Master,2022-01-01,2022
52-5,2020,1102685.0,334085.0,768600.0,NHDRA,2020-01-01,2020
52-5-100,2022,482700.0,182100.0,296300.0,City Parcel Master,2022-01-01,2022
52-5-100,2020,491600.0,182100.0,305200.0,NHDRA,2020-01-01,2020
52-6,2022,559200.0,204800.0,323600.0,City Parcel Master,2022-01-01,2022
52-6,2020,555000.0,204800.0,319400.0,NHDRA,2020-01-01,2020
52-8,2022,488200.0,214900.0,257000.0,City Parcel Master,2022-01-01,2022
52-8,2020,488200.0,214900.0,257000.0,NHDRA,2020-01-01,2020
52-9,2022,1030645.0,273245.0,742900.0,City Parcel Master,2022-01-01,2022
52-9,2020,1031230.0,273830.0,742900.0,NHDRA,2020-01-01,2020
52-10,2022,343470.0,114970.0,228500.0,City Parcel Master,2022-01-01,2022
52-10,2020,343165.0,114665.0,228500.0,NHDRA,2020-01-01,2020
52-11,2022,380.0,380.0,0.0,City Parcel Master,2022-01-01,2022
52-11,2020,380.0,380.0,0.0,NHDRA,2020-01-01,2020
52-12,2022,403710.0,122910.0,280800.0,City Parcel Master,2022-01-01,2022
52-12,2020,405100.0,123300.0,280800.0,NHDRA,2020-01-01,2020
52-14,2022,102875.0,78975.0,0.0,City Parcel Master,2022-01-01,2022
52-14,2020,102875.0,78975.0,0.0,NHDRA,2020-01-01,2020
52-15,2022,360900.0,114700.0,246100.0,City Parcel Master,2022-01-01,2022
52-15,2020,360900.0,114700.0,246100.0,NHDRA,2020-01-01,2020
52-16,2022,5580.0,5580.0,0.0,City Parcel Master,2022-01-01,2022
52-16,2020,7505.0,7505.0,0.0,NHDRA,2020-01-01,2020
52-16-100,2022,478500.0,137100.0,337800.0,City Parcel Master,2022-01-01,2022
52-16-100,2020,387900.0,137100.0,247200.0,NHDRA,2020-01-01,2020
52-17,2022,1154795.0,240495.0,882000.0,City Parcel Master,2022-01-01,2022
52-17,2020,1154795.0,240495.0,882000.0,NHDRA,2020-01-01,2020
52-18,2022,518400.0,192100.0,276600.0,City Parcel Master,2022-01-01,2022
52-18,2020,519600.0,192100.0,272000.0,NHDRA,2020-01-01,2020
52-19,2022,724000.0,143500.0,508700.0,City Parcel Master,2022-01-01,2022
52-19,2020,706300.0,143500.0,499000.0,NHDRA,2020-01-01,2020
52-20,2022,620600.0,151200.0,453400.0,City Parcel Master,2022-01-01,2022
52-20,2020,610200.0,151200.0,459000.0,NHDRA,2020-01-01,2020
52-21,2022,801700.0,195000.0,595200.0,City Parcel Master,2022-01-01,2022
52-21,2020,801700.0,195000.0,595200.0,NHDRA,2020-01-01,2020
52-22,2022,1325.0,1325.0,0.0,City Parcel Master,2022-01-01,2022
52-22,2020,1325.0,1325.0,0.0,NHDRA,2020-01-01,2020
52-23,2022,872600.0,283400.0,570900.0,City Parcel Master,2022-01-01,2022
52-23,2020,866100.0,283400.0,582300.0,NHDRA,2020-01-01,2020
52-24,2022,990900.0,279900.0,708100.0,City Parcel Master,2022-01-01,2022
52-24,2020,992800.0,281100.0,708800.0,NHDRA,2020-01-01,2020
52-25,2022,1410.0,1410.0,0.0,City Parcel Master,2022-01-01,2022
52-25,2020,1410.0,1410.0,0.0,NHDRA,2020-01-01,2020
52-26,2022,2490.0,2490.0,0.0,City Parcel Master,2022-01-01,2022
52-26,2020,1510.0,1510.0,0.0,NHDRA,2020-01-01,2020
52-27,2022,967600.0,254600.0,712400.0,City Parcel Master,2022-01-01,2022
52-27,2020,943200.0,148300.0,794300.0,NHDRA,2020-01-01,2020
52-28,2022,1205.0,1205.0,0.0,City Parcel Master,2022-01-01,2022
52-28,2020,1220.0,1220.0,0.0,NHDRA,2020-01-01,2020
52-29,2022,12865.0,12865.0,0.0,City Parcel Master,2022-01-01,2022
52-29,2020,14895.0,14895.0,0.0,NHDRA,2020-01-01,2020
54-1,2022,1017300.0,288700.0,697200.0,City Parcel Master,2022-01-01,2022
54-1,2020,1028800.0,300200.0,697200.0,NHDRA,2020-01-01,2020
54-1-100,2022,476400.0,150500.0,320900.0,City Parcel Master,2022-01-01,2022
54-1-100,2020,476600.0,150700.0,320900.0,NHDRA,2020-01-01,2020
54-2,2022,1228400.0,181000.0,1033300.0,City Parcel Master,2022-01-01,2022
54-2,2020,1228400.0,181000.0,1033300.0,NHDRA,2020-01-01,2020
54-3,2022,248000.0,120700.0,127300.0,City Parcel Master,2022-01-01,2022
54-3,2020,248100.0,120800.0,127300.0,NHDRA,2020-01-01,2020
54-4,2022,216900.0,216900.0,0.0,City Parcel Master,2022-01-01,2022
54-4,2020,216900.0,216900.0,0.0,NHDRA,2020-01-01,2020
54-5,2022,781020.0,188320.0,588300.0,City Parcel Master,2022-01-01,2022
54-5,2020,642220.0,188520.0,452500.0,NHDRA,2020-01-01,2020
54-5-100,2022,536800.0,121800.0,414400.0,City Parcel Master,2022-01-01,2022
54-5-100,2020,536800.0,121800.0,414400.0,NHDRA,2020-01-01,2020
54-6,2022,444200.0,133800.0,307300.0,City Parcel Master,2022-01-01,2022
54-6,2020,444200.0,133800.0,307300.0,NHDRA,2020-01-01,2020
54-7,2022,117700.0,42500.0,74600.0,City Parcel Master,2022-01-01,2022
54-7,2020,117700.0,42500.0,74600.0,NHDRA,2020-01-01,2020
54-8,2022,705690.0,218690.0,426000.0,City Parcel Master,2022-01-01,2022
54-8,2020,705690.0,218690.0,426000.0,NHDRA,2020-01-01,2020
54-9,2022,611700.0,122100.0,480700.0,City Parcel Master,2022-01-01,2022
54-9,2020,611500.0,121900.0,480700.0,NHDRA,2020-01-01,2020
54-11,2022,715600.0,184900.0,530700.0,City Parcel Master,2022-01-01,2022
54-11,2020,724200.0,184200.0,540000.0,NHDRA,2020-01-01,2020
54-12,2022,859600.0,186100.0,672500.0,City Parcel Master,2022-01-01,2022
54-12,2020,859100.0,186900.0,671200.0,NHDRA,2020-01-01,2020
54-13,2022,627700.0,196300.0,414000.0,City Parcel Master,2022-01-01,2022
54-13,2020,631800.0,197100.0,419600.0,NHDRA,2020-01-01,2020
54-14,2022,543300.0,217400.0,325900.0,City Parcel Master,2022-01-01,2022
54-14,2020,544300.0,218400.0,325900.0,NHDRA,2020-01-01,2020
54-15,2022,563800.0,215900.0,347900.0,City Parcel Master,2022-01-01,2022
54-15,2020,565600.0,216500.0,347900.0,NHDRA,2020-01-01,2020
54-16,2022,610100.0,289300.0,309900.0,City Parcel Master,2022-01-01,2022
54-16,2020,609600.0,290400.0,308300.0,NHDRA,2020-01-01,2020
54-17,2022,813900.0,340300.0,469400.0,City Parcel Master,2022-01-01,2022
54-17,2020,812100.0,341700.0,469400.0,NHDRA,2020-01-01,2020
54-18,2022,1061200.0,339500.0,719400.0,City Parcel Master,2022-01-01,2022
54-18,2020,1059200.0,339800.0,719400.0,NHDRA,2020-01-01,2020
54-19,2022,917200.0,340900.0,571600.0,City Parcel Master,2022-01-01,2022
54-19,2020,912800.0,340900.0,571600.0,NHDRA,2020-01-01,2020
54-20,2022,857700.0,284600.0,573100.0,City Parcel Master,2022-01-01,2022
54-20,2020,862500.0,284600.0,577900.0,NHDRA,2020-01-01,2020
54-21,2022,692500.0,341800.0,350700.0,City Parcel Master,2022-01-01,2022
54-21,2020,683600.0,343200.0,340400.0,NHDRA,2020-01-01,2020
54-22,2022,798000.0,334000.0,460200.0,City Parcel Master,2022-01-01,2022
54-22,2020,800200.0,337300.0,459100.0,NHDRA,2020-01-01,2020
54-23,2022,981900.0,341100.0,636300.0,City Parcel Master,2022-01-01,2022
54-23,2020,939600.0,359800.0,579800.0,NHDRA,2020-01-01,2020
54-24,2022,6175.0,6175.0,0.0,City Parcel Master,2022-01-01,2022
54-24,2020,6175.0,6175.0,0.0,NHDRA,2020-01-01,2020
54-26,2022,785300.0,275000.0,508000.0,City Parcel Master,2022-01-01,2022
54-26,2020,773800.0,275000.0,498800.0,NHDRA,2020-01-01,2020
54-27,2022,871800.0,274700.0,593300.0,City Parcel Master,2022-01-01,2022
54-27,2020,875700.0,275300.0,599900.0,NHDRA,2020-01-01,2020
54-28,2022,410800.0,152400.0,243200.0,City Parcel Master,2022-01-01,2022
54-28,2020,413000.0,152800.0,243000.0,NHDRA,2020-01-01,2020
54-29,2022,468900.0,120400.0,345300.0,City Parcel Master,2022-01-01,2022
54-29,2020,465700.0,120400.0,345300.0,NHDRA,2020-01-01,2020
54-30,2022,3595.0,3595.0,0.0,City Parcel Master,2022-01-01,2022
54-30,2020,3595.0,3595.0,0.0,NHDRA,2020-01-01,2020
54-31,2022,332000.0,120500.0,192300.0,City Parcel Master,2022-01-01,2022
54-31,2020,332000.0,120500.0,192300.0,NHDRA,2020-01-01,2020
54-32,2022,656670.0,88670.0,525700.0,City Parcel Master,2022-01-01,2022
54-32,2020,656670.0,88670.0,525700.0,NHDRA,2020-01-01,2020
54-32-100,2022,850435.0,264435.0,526200.0,City Parcel Master,2022-01-01,2022
54-32-100,2020,805235.0,264435.0,526200.0,NHDRA,2020-01-01,2020
54-32-70100,2022,67100.0,67100.0,0.0,City Parcel Master,2022-01-01,2022
54-32-70100,2020,67100.0,67100.0,0.0,NHDRA,2020-01-01,2020
54-33,2022,416700.0,85500.0,329100.0,City Parcel Master,2022-01-01,2022
54-33,2020,422700.0,85500.0,335100.0,NHDRA,2020-01-01,2020
54-34,2022,482680.0,217580.0,0.0,City Parcel Master,2022-01-01,2022
54-34,2020,484880.0,217580.0,0.0,NHDRA,2020-01-01,2020
54-35,2022,303400.0,82200.0,221200.0,City Parcel Master,2022-01-01,2022
54-35,2020,306900.0,82200.0,224700.0,NHDRA,2020-01-01,2020
54-36,2022,202300.0,69100.0,133200.0,City Parcel Master,2022-01-01,2022
54-36,2020,202400.0,69200.0,133200.0,NHDRA,2020-01-01,2020
54-37,2022,28765.0,28765.0,0.0,City Parcel Master,2022-01-01,2022
54-37,2020,28765.0,28765.0,0.0,NHDRA,2020-01-01,2020
56-1,2022,516200.0,90200.0,424800.0,City Parcel Master,2022-01-01,2022
56-1,2020,505500.0,90400.0,413900.0,NHDRA,2020-01-01,2020
56-2,2022,273350.0,94650.0,172400.0,City Parcel Master,2022-01-01,2022
56-2,2020,274450.0,94650.0,171800.0,NHDRA,2020-01-01,2020
56-3,2022,470325.0,104225.0,293500.0,City Parcel Master,2022-01-01,2022
56-3,2020,470325.0,104225.0,293500.0,NHDRA,2020-01-01,2020
56-3-100,2022,5920.0,5920.0,0.0,City Parcel Master,2022-01-01,2022
56-3-100,2020,5920.0,5920.0,0.0,NHDRA,2020-01-01,2020
56-3-200,2022,260.0,260.0,0.0,City Parcel Master,2022-01-01,2022
56-3-200,2020,260.0,260.0,0.0,NHDRA,2020-01-01,2020
56-4,2022,307600.0,103300.0,202000.0,City Parcel Master,2022-01-01,2022
56-4,2020,295300.0,103300.0,190300.0,NHDRA,2020-01-01,2020
56-6,2022,262700.0,81400.0,180200.0,City Parcel Master,2022-01-01,2022
56-6,2020,262700.0,81400.0,180200.0,NHDRA,2020-01-01,2020
56-8,2022,461655.0,90355.0,329500.0,City Parcel Master,2022-01-01,2022
56-8,2020,460855.0,90355.0,329500.0,NHDRA,2020-01-01,2020
56-8-100,2022,373100.0,96300.0,246400.0,City Parcel Master,2022-01-01,2022
56-8-100,2020,375500.0,96300.0,248800.0,NHDRA,2020-01-01,2020
56-9,2022,307300.0,96600.0,210700.0,City Parcel Master,2022-01-01,2022
56-9,2020,307300.0,96600.0,210700.0,NHDRA,2020-01-01,2020
56-9-100,2022,322200.0,94600.0,223200.0,City Parcel Master,2022-01-01,2022
56-9-100,2020,285100.0,98900.0,182600.0,NHDRA,2020-01-01,2020
56-10-100,2022,90700.0,90700.0,0.0,City Parcel Master,2022-01-01,2022
56-10-100,2020,90700.0,90700.0,0.0,NHDRA,2020-01-01,2020
56-10-200,2022,575200.0,128300.0,446900.0,City Parcel Master,2022-01-01,2022
56-10-200,2020,575200.0,128300.0,446900.0,NHDRA,2020-01-01,2020
56-10-300,2022,89900.0,89900.0,0.0,City Parcel Master,2022-01-01,2022
56-10-300,2020,89900.0,89900.0,0.0,NHDRA,2020-01-01,2020
56-11,2022,130.0,130.0,0.0,City Parcel Master,2022-01-01,2022
56-11,2020,130.0,130.0,0.0,NHDRA,2020-01-01,2020
56-12,2022,485.0,485.0,0.0,City Parcel Master,2022-01-01,2022
56-12,2020,485.0,485.0,0.0,NHDRA,2020-01-01,2020
56-13,2022,5015.0,5015.0,0.0,City Parcel Master,2022-01-01,2022
56-13,2020,5015.0,5015.0,0.0,NHDRA,2020-01-01,2020
56-14,2022,302300.0,116500.0,184700.0,City Parcel Master,2022-01-01,2022
56-14,2020,302300.0,116500.0,184700.0,NHDRA,2020-01-01,2020
56-15,2022,1297800.0,354900.0,0.0,City Parcel Master,2022-01-01,2022
56-15,2020,1297800.0,354900.0,0.0,NHDRA,2020-01-01,2020
56-15-100,2022,53700.0,0.0,53100.0,City Parcel Master,2022-01-01,2022
56-15-100,2020,53700.0,0.0,53100.0,NHDRA,2020-01-01,2020
56-15-200,2022,51600.0,0.0,51100.0,City Parcel Master,2022-01-01,2022
56-15-200,2020,51600.0,0.0,51100.0,NHDRA,2020-01-01,2020
56-15-300,2022,39200.0,0.0,38100.0,City Parcel Master,2022-01-01,2022
56-15-300,2020,40300.0,0.0,39200.0,NHDRA,2020-01-01,2020
56-15-400,2022,41500.0,0.0,41100.0,City Parcel Master,2022-01-01,2022
56-15-400,2020,40000.0,0.0,39600.0,NHDRA,2020-01-01,2020
56-15-500,2022,60200.0,0.0,59700.0,City Parcel Master,2022-01-01,2022
56-15-500,2020,60200.0,0.0,59700.0,NHDRA,2020-01-01,2020
56-15-600,2022,43400.0,0.0,42800.0,City Parcel Master,2022-01-01,2022
56-15-600,2020,43100.0,0.0,42800.0,NHDRA,2020-01-01,2020
56-15-700,2022,59600.0,0.0,58600.0,City Parcel Master,2022-01-01,2022
56-15-700,2020,59600.0,0.0,58600.0,NHDRA,2020-01-01,2020
56-15-800,2022,58700.0,0.0,58600.0,City Parcel Master,2022-01-01,2022
56-15-800,2020,58700.0,0.0,58600.0,NHDRA,2020-01-01,2020
56-15-900,2022,48000.0,0.0,47800.0,City Parcel Master,2022-01-01,2022
56-15-900,2020,48000.0,0.0,47800.0,NHDRA,2020-01-01,2020
56-15-1000,2022,39700.0,0.0,39600.0,City Parcel Master,2022-01-01,2022
56-15-1000,2020,29200.0,0.0,29100.0,NHDRA,2020-01-01,2020
56-15-1100,2022,28800.0,0.0,28300.0,City Parcel Master,2022-01-01,2022
56-15-1100,2020,28800.0,0.0,28300.0,NHDRA,2020-01-01,2020
56-15-1200,2022,46400.0,0.0,46300.0,City Parcel Master,2022-01-01,2022
56-15-1200,2020,46400.0,0.0,46300.0,NHDRA,2020-01-01,2020
56-15-1400,2022,30800.0,0.0,30700.0,City Parcel Master,2022-01-01,2022
56-15-1400,2020,30800.0,0.0,30700.0,NHDRA,2020-01-01,2020
56-15-1500,2022,50200.0,0.0,50100.0,City Parcel Master,2022-01-01,2022
56-15-1500,2020,50200.0,0.0,50100.0,NHDRA,2020-01-01,2020
56-15-1600,2022,28200.0,0.0,27600.0,City Parcel Master,2022-01-01,2022
56-15-1600,2020,28100.0,0.0,27500.0,NHDRA,2020-01-01,2020
56-15-1700,2022,44300.0,0.0,44000.0,City Parcel Master,2022-01-01,2022
56-15-1700,2020,44300.0,0.0,44000.0,NHDRA,2020-01-01,2020
56-15-1800,2022,30200.0,0.0,29800.0,City Parcel Master,2022-01-01,2022
56-15-1800,2020,30200.0,0.0,29800.0,NHDRA,2020-01-01,2020
56-15-1900,2022,39800.0,0.0,39400.0,City Parcel Master,2022-01-01,2022
56-15-1900,2020,39800.0,0.0,39400.0,NHDRA,2020-01-01,2020
56-15-2000,2022,67100.0,0.0,66600.0,City Parcel Master,2022-01-01,2022
56-15-2000,2020,67100.0,0.0,66600.0,NHDRA,2020-01-01,2020
56-15-2100,2022,62100.0,0.0,61700.0,City Parcel Master,2022-01-01,2022
56-15-2100,2020,59100.0,0.0,58700.0,NHDRA,2020-01-01,2020
56-15-2200,2022,53700.0,0.0,53200.0,City Parcel Master,2022-01-01,2022
56-15-2200,2020,53700.0,0.0,53200.0,NHDRA,2020-01-01,2020
56-15-2300,2022,31400.0,0.0,31100.0,City Parcel Master,2022-01-01,2022
56-15-2300,2020,31400.0,0.0,31100.0,NHDRA,2020-01-01,2020
56-15-2400,2022,63000.0,0.0,62700.0,City Parcel Master,2022-01-01,2022
56-15-2400,2020,63000.0,0.0,62700.0,NHDRA,2020-01-01,2020
56-15-2500,2022,64200.0,0.0,63900.0,City Parcel Master,2022-01-01,2022
56-15-2500,2020,64200.0,0.0,63900.0,NHDRA,2020-01-01,2020
56-15-2600,2022,26700.0,0.0,26500.0,City Parcel Master,2022-01-01,2022
56-15-2600,2020,26700.0,0.0,26500.0,NHDRA,2020-01-01,2020
56-15-2700,2022,41800.0,0.0,41700.0,City Parcel Master,2022-01-01,2022
56-15-2700,2020,41800.0,0.0,41700.0,NHDRA,2020-01-01,2020
56-15-2800,2022,31900.0,0.0,31900.0,City Parcel Master,2022-01-01,2022
56-15-2800,2020,31900.0,0.0,31900.0,NHDRA,2020-01-01,2020
56-15-2900,2022,38800.0,0.0,38800.0,City Parcel Master,2022-01-01,2022
56-15-2900,2020,38800.0,0.0,38800.0,NHDRA,2020-01-01,2020
56-15-3000,2022,69100.0,0.0,68600.0,City Parcel Master,2022-01-01,2022
56-15-3000,2020,69100.0,0.0,68600.0,NHDRA,2020-01-01,2020
56-15-3100,2022,47100.0,0.0,46600.0,City Parcel Master,2022-01-01,2022
56-15-3100,2020,47100.0,0.0,46600.0,NHDRA,2020-01-01,2020
56-15-3200,2022,35000.0,0.0,34500.0,City Parcel Master,2022-01-01,2022
56-15-3200,2020,35300.0,0.0,34800.0,NHDRA,2020-01-01,2020
56-15-3300,2022,33100.0,0.0,33100.0,City Parcel Master,2022-01-01,2022
56-15-3300,2020,36400.0,0.0,36400.0,NHDRA,2020-01-01,2020
56-15-3400,2022,52800.0,0.0,52500.0,City Parcel Master,2022-01-01,2022
56-15-3400,2020,52800.0,0.0,52500.0,NHDRA,2020-01-01,2020
56-15-3500,2022,53700.0,0.0,53100.0,City Parcel Master,2022-01-01,2022
56-15-3500,2020,53700.0,0.0,53100.0,NHDRA,2020-01-01,2020
56-15-3600,2022,39300.0,0.0,38700.0,City Parcel Master,2022-01-01,2022
56-15-3600,2020,38800.0,0.0,38200.0,NHDRA,2020-01-01,2020
56-15-3700,2022,66200.0,0.0,65200.0,City Parcel Master,2022-01-01,2022
56-15-3700,2020,65300.0,0.0,65200.0,NHDRA,2020-01-01,2020
56-15-3800,2022,43700.0,0.0,43000.0,City Parcel Master,2022-01-01,2022
56-15-3800,2020,43700.0,0.0,43000.0,NHDRA,2020-01-01,2020
56-15-3900,2022,50800.0,0.0,50500.0,City Parcel Master,2022-01-01,2022
56-15-3900,2020,44800.0,0.0,44500.0,NHDRA,2020-01-01,2020
56-15-4000,2022,46700.0,0.0,46200.0,City Parcel Master,2022-01-01,2022
56-15-4000,2020,46700.0,0.0,46200.0,NHDRA,2020-01-01,2020
56-15-4100,2022,72000.0,0.0,71700.0,City Parcel Master,2022-01-01,2022
56-15-4100,2020,72000.0,0.0,71700.0,NHDRA,2020-01-01,2020
56-15-4200,2022,48600.0,0.0,48300.0,City Parcel Master,2022-01-01,2022
56-15-4200,2020,48600.0,0.0,48300.0,NHDRA,2020-01-01,2020
56-15-4300,2022,26000.0,0.0,25400.0,City Parcel Master,2022-01-01,2022
56-15-4300,2020,26000.0,0.0,25400.0,NHDRA,2020-01-01,2020
56-15-4400,2022,63600.0,0.0,63200.0,City Parcel Master,2022-01-01,2022
56-15-4400,2020,63600.0,0.0,63200.0,NHDRA,2020-01-01,2020
56-15-4500,2022,50100.0,0.0,49700.0,City Parcel Master,2022-01-01,2022
56-15-4500,2020,52800.0,0.0,52400.0,NHDRA,2020-01-01,2020
56-15-4600,2022,45900.0,0.0,45500.0,City Parcel Master,2022-01-01,2022
56-15-4600,2020,45900.0,0.0,45500.0,NHDRA,2020-01-01,2020
56-15-4700,2022,33200.0,0.0,32400.0,City Parcel Master,2022-01-01,2022
56-15-4700,2020,33200.0,0.0,32400.0,NHDRA,2020-01-01,2020
56-15-4800,2022,56700.0,0.0,56100.0,City Parcel Master,2022-01-01,2022
56-15-4800,2020,56100.0,0.0,55500.0,NHDRA,2020-01-01,2020
56-15-4900,2022,55800.0,0.0,55400.0,City Parcel Master,2022-01-01,2022
56-15-4900,2020,55800.0,0.0,55400.0,NHDRA,2020-01-01,2020
56-15-5000,2022,47600.0,0.0,47400.0,City Parcel Master,2022-01-01,2022
56-15-5000,2020,45600.0,0.0,45400.0,NHDRA,2020-01-01,2020
56-16,2022,7275.0,7275.0,0.0,City Parcel Master,2022-01-01,2022
56-16,2020,7275.0,7275.0,0.0,NHDRA,2020-01-01,2020
58-1,2022,730300.0,382200.0,330400.0,City Parcel Master,2022-01-01,2022
58-1,2020,730300.0,382200.0,330400.0,NHDRA,2020-01-01,2020
58-2,2022,695400.0,385100.0,278000.0,City Parcel Master,2022-01-01,2022
58-2,2020,695400.0,385100.0,278000.0,NHDRA,2020-01-01,2020
58-3,2022,10000.0,6900.0,0.0,City Parcel Master,2022-01-01,2022
58-3,2020,10000.0,6900.0,0.0,NHDRA,2020-01-01,2020
58-4,2022,350600.0,62200.0,288400.0,City Parcel Master,2022-01-01,2022
58-4,2020,350600.0,62200.0,288400.0,NHDRA,2020-01-01,2020
58-5,2022,284400.0,93100.0,191300.0,City Parcel Master,2022-01-01,2022
58-5,2020,277400.0,93100.0,184300.0,NHDRA,2020-01-01,2020
58-6,2022,361300.0,93100.0,263800.0,City Parcel Master,2022-01-01,2022
58-6,2020,361300.0,93100.0,263800.0,NHDRA,2020-01-01,2020
58-7,2022,314200.0,93100.0,198100.0,City Parcel Master,2022-01-01,2022
58-7,2020,296000.0,93100.0,198100.0,NHDRA,2020-01-01,2020
58-8,2022,451000.0,93100.0,357900.0,City Parcel Master,2022-01-01,2022
58-8,2020,451000.0,93100.0,357900.0,NHDRA,2020-01-01,2020
58-9,2022,344100.0,93100.0,247600.0,City Parcel Master,2022-01-01,2022
58-9,2020,344100.0,93100.0,247600.0,NHDRA,2020-01-01,2020
58-10,2022,385700.0,101100.0,284600.0,City Parcel Master,2022-01-01,2022
58-10,2020,367000.0,101100.0,265900.0,NHDRA,2020-01-01,2020
58-11,2022,349200.0,91400.0,257800.0,City Parcel Master,2022-01-01,2022
58-11,2020,383100.0,91400.0,291700.0,NHDRA,2020-01-01,2020
58-12,2022,28600.0,28600.0,0.0,City Parcel Master,2022-01-01,2022
58-12,2020,28600.0,28600.0,0.0,NHDRA,2020-01-01,2020
58-13,2022,321400.0,88800.0,232400.0,City Parcel Master,2022-01-01,2022
58-13,2020,321400.0,88800.0,232400.0,NHDRA,2020-01-01,2020
58-14,2022,325700.0,105000.0,212900.0,City Parcel Master,2022-01-01,2022
58-14,2020,332300.0,105000.0,219500.0,NHDRA,2020-01-01,2020
58-15,2022,290000.0,112700.0,171900.0,City Parcel Master,2022-01-01,2022
58-15,2020,290000.0,112700.0,171900.0,NHDRA,2020-01-01,2020
58-16,2022,382800.0,115000.0,267800.0,City Parcel Master,2022-01-01,2022
58-16,2020,382800.0,115000.0,267800.0,NHDRA,2020-01-01,2020
58-17,2022,372000.0,108000.0,259500.0,City Parcel Master,2022-01-01,2022
58-17,2020,372000.0,108000.0,259500.0,NHDRA,2020-01-01,2020
58-18,2022,52300.0,52300.0,0.0,City Parcel Master,2022-01-01,2022
58-18,2020,65900.0,65900.0,0.0,NHDRA,2020-01-01,2020
58-19,2022,146700.0,100200.0,46500.0,City Parcel Master,2022-01-01,2022
58-19,2020,266400.0,98000.0,168400.0,NHDRA,2020-01-01,2020
58-20,2022,417000.0,123200.0,289600.0,City Parcel Master,2022-01-01,2022
58-20,2020,458300.0,123100.0,331000.0,NHDRA,2020-01-01,2020
58-21-100,2022,351900.0,99600.0,248800.0,City Parcel Master,2022-01-01,2022
58-21-100,2020,351900.0,99600.0,248800.0,NHDRA,2020-01-01,2020
58-21-200,2022,410600.0,109800.0,289300.0,City Parcel Master,2022-01-01,2022
58-21-200,2020,413700.0,109800.0,292400.0,NHDRA,2020-01-01,2020
58-22,2022,265000.0,97100.0,167600.0,City Parcel Master,2022-01-01,2022
58-22,2020,264900.0,97000.0,167600.0,NHDRA,2020-01-01,2020
58-23,2022,358600.0,96100.0,262200.0,City Parcel Master,2022-01-01,2022
58-23,2020,358500.0,96000.0,262200.0,NHDRA,2020-01-01,2020
58-24,2022,323800.0,93100.0,214600.0,City Parcel Master,2022-01-01,2022
58-24,2020,306600.0,93100.0,213500.0,NHDRA,2020-01-01,2020
58-25,2022,245400.0,77700.0,167700.0,City Parcel Master,2022-01-01,2022
58-25,2020,245400.0,77700.0,167700.0,NHDRA,2020-01-01,2020
58-26,2022,286700.0,84200.0,184700.0,City Parcel Master,2022-01-01,2022
58-26,2020,286700.0,84200.0,184700.0,NHDRA,2020-01-01,2020
58-27,2022,140800.0,78800.0,62000.0,City Parcel Master,2022-01-01,2022
58-27,2020,140900.0,78800.0,62100.0,NHDRA,2020-01-01,2020
58-28,2022,309100.0,88800.0,216500.0,City Parcel Master,2022-01-01,2022
58-28,2020,205500.0,88700.0,113000.0,NHDRA,2020-01-01,2020
58-29,2022,300600.0,94800.0,205500.0,City Parcel Master,2022-01-01,2022
58-29,2020,300500.0,94700.0,205500.0,NHDRA,2020-01-01,2020
58-30,2022,242000.0,96100.0,140900.0,City Parcel Master,2022-01-01,2022
58-30,2020,241900.0,96000.0,140900.0,NHDRA,2020-01-01,2020
58-31,2022,14400.0,14400.0,0.0,City Parcel Master,2022-01-01,2022
58-31,2020,14400.0,14400.0,0.0,NHDRA,2020-01-01,2020
58-32,2022,278100.0,86800.0,186800.0,City Parcel Master,2022-01-01,2022
58-32,2020,278300.0,86700.0,187100.0,NHDRA,2020-01-01,2020
58-33,2022,273000.0,74400.0,197600.0,City Parcel Master,2022-01-01,2022
58-33,2020,272900.0,74300.0,197600.0,NHDRA,2020-01-01,2020
58-34,2022,196000.0,74900.0,116700.0,City Parcel Master,2022-01-01,2022
58-34,2020,196000.0,74900.0,116700.0,NHDRA,2020-01-01,2020
58-35,2022,283600.0,89400.0,194100.0,City Parcel Master,2022-01-01,2022
58-35,2020,283600.0,89400.0,194100.0,NHDRA,2020-01-01,2020
58-36,2022,230700.0,91400.0,139100.0,City Parcel Master,2022-01-01,2022
58-36,2020,223500.0,91400.0,132100.0,NHDRA,2020-01-01,2020
58-37,2022,320400.0,92100.0,227300.0,City Parcel Master,2022-01-01,2022
58-37,2020,151100.0,92100.0,59000.0,NHDRA,2020-01-01,2020
58-38,2022,232700.0,88800.0,142900.0,City Parcel Master,2022-01-01,2022
58-38,2020,232700.0,88800.0,142900.0,NHDRA,2020-01-01,2020
58-39,2022,238400.0,88800.0,148200.0,City Parcel Master,2022-01-01,2022
58-39,2020,233800.0,88800.0,143600.0,NHDRA,2020-01-01,2020
58-40,2022,261700.0,102100.0,156900.0,City Parcel Master,2022-01-01,2022
58-40,2020,261600.0,102000.0,156900.0,NHDRA,2020-01-01,2020
58-41,2022,306100.0,94100.0,211000.0,City Parcel Master,2022-01-01,2022
58-41,2020,306100.0,94100.0,211000.0,NHDRA,2020-01-01,2020
58-42,2022,301200.0,105000.0,196200.0,City Parcel Master,2022-01-01,2022
58-42,2020,301200.0,105000.0,196200.0,NHDRA,2020-01-01,2020
58-43,2022,258800.0,103900.0,154600.0,City Parcel Master,2022-01-01,2022
58-43,2020,259500.0,103900.0,155300.0,NHDRA,2020-01-01,2020
58-44,2022,210900.0,98100.0,112500.0,City Parcel Master,2022-01-01,2022
58-44,2020,210800.0,98000.0,112500.0,NHDRA,2020-01-01,2020
58-45,2022,234000.0,98100.0,135800.0,City Parcel Master,2022-01-01,2022
58-45,2020,233900.0,98000.0,135800.0,NHDRA,2020-01-01,2020
58-46,2022,218800.0,89400.0,129400.0,City Parcel Master,2022-01-01,2022
58-46,2020,218800.0,89400.0,129400.0,NHDRA,2020-01-01,2020
58-47,2022,448900.0,99300.0,312600.0,City Parcel Master,2022-01-01,2022
58-47,2020,454200.0,99300.0,317900.0,NHDRA,2020-01-01,2020
58-48,2022,377000.0,94800.0,262100.0,City Parcel Master,2022-01-01,2022
58-48,2020,376900.0,94700.0,262100.0,NHDRA,2020-01-01,2020
58-49,2022,349600.0,90800.0,249000.0,City Parcel Master,2022-01-01,2022
58-49,2020,349700.0,90900.0,249000.0,NHDRA,2020-01-01,2020
58-50,2022,299100.0,78300.0,220800.0,City Parcel Master,2022-01-01,2022
58-50,2020,331600.0,78300.0,253300.0,NHDRA,2020-01-01,2020
58-51,2022,303200.0,34700.0,268500.0,City Parcel Master,2022-01-01,2022
58-51,2020,355300.0,86800.0,268500.0,NHDRA,2020-01-01,2020
58-52,2022,270800.0,42200.0,220600.0,City Parcel Master,2022-01-01,2022
58-52,2020,334300.0,105700.0,220600.0,NHDRA,2020-01-01,2020
58-53,2022,338500.0,36900.0,296300.0,City Parcel Master,2022-01-01,2022
58-53,2020,462300.0,92100.0,364900.0,NHDRA,2020-01-01,2020
58-54,2022,246600.0,41200.0,201000.0,City Parcel Master,2022-01-01,2022
58-54,2020,292000.0,103200.0,184400.0,NHDRA,2020-01-01,2020
58-55,2022,382300.0,90800.0,283000.0,City Parcel Master,2022-01-01,2022
58-55,2020,382200.0,90700.0,283000.0,NHDRA,2020-01-01,2020
58-56,2022,316500.0,103100.0,202700.0,City Parcel Master,2022-01-01,2022
58-56,2020,316600.0,103200.0,202700.0,NHDRA,2020-01-01,2020
58-57,2022,368600.0,94100.0,270000.0,City Parcel Master,2022-01-01,2022
58-57,2020,368600.0,94100.0,270000.0,NHDRA,2020-01-01,2020
58-58,2022,276700.0,84200.0,181200.0,City Parcel Master,2022-01-01,2022
58-58,2020,317300.0,84200.0,222300.0,NHDRA,2020-01-01,2020
58-59,2022,576800.0,146700.0,393300.0,City Parcel Master,2022-01-01,2022
58-59,2020,560000.0,146700.0,376500.0,NHDRA,2020-01-01,2020
58-60,2022,524200.0,123900.0,390400.0,City Parcel Master,2022-01-01,2022
58-60,2020,516200.0,124000.0,382300.0,NHDRA,2020-01-01,2020
58-61,2022,383500.0,91800.0,280800.0,City Parcel Master,2022-01-01,2022
58-61,2020,385100.0,91800.0,282600.0,NHDRA,2020-01-01,2020
58-62,2022,1136300.0,317700.0,792300.0,City Parcel Master,2022-01-01,2022
58-62,2020,1136300.0,317700.0,792300.0,NHDRA,2020-01-01,2020
58-63,2022,287800.0,81700.0,200700.0,City Parcel Master,2022-01-01,2022
58-63,2020,287700.0,81600.0,200700.0,NHDRA,2020-01-01,2020
58-64,2022,246400.0,87400.0,146900.0,City Parcel Master,2022-01-01,2022
58-64,2020,246300.0,87300.0,146900.0,NHDRA,2020-01-01,2020
58-65,2022,539800.0,110000.0,416500.0,City Parcel Master,2022-01-01,2022
58-65,2020,505400.0,110000.0,382100.0,NHDRA,2020-01-01,2020
58-66,2022,326000.0,89300.0,230200.0,City Parcel Master,2022-01-01,2022
58-66,2020,307300.0,89200.0,211600.0,NHDRA,2020-01-01,2020
58-67,2022,320100.0,82500.0,231100.0,City Parcel Master,2022-01-01,2022
58-67,2020,320100.0,82500.0,231100.0,NHDRA,2020-01-01,2020
58-68,2022,484000.0,92300.0,386700.0,City Parcel Master,2022-01-01,2022
58-68,2020,487800.0,92300.0,390500.0,NHDRA,2020-01-01,2020
58-69,2022,392000.0,91800.0,299800.0,City Parcel Master,2022-01-01,2022
58-69,2020,367300.0,91800.0,275100.0,NHDRA,2020-01-01,2020
58-70,2022,314200.0,100100.0,196700.0,City Parcel Master,2022-01-01,2022
58-70,2020,302000.0,100100.0,196700.0,NHDRA,2020-01-01,2020
58-71,2022,318100.0,85100.0,225600.0,City Parcel Master,2022-01-01,2022
58-71,2020,318100.0,85100.0,225600.0,NHDRA,2020-01-01,2020
58-72,2022,311800.0,87600.0,223800.0,City Parcel Master,2022-01-01,2022
58-72,2020,299300.0,87700.0,211200.0,NHDRA,2020-01-01,2020
58-73,2022,280300.0,97100.0,182900.0,City Parcel Master,2022-01-01,2022
58-73,2020,280200.0,97000.0,182900.0,NHDRA,2020-01-01,2020
58-74,2022,309800.0,96100.0,207000.0,City Parcel Master,2022-01-01,2022
58-74,2020,310900.0,96000.0,208200.0,NHDRA,2020-01-01,2020
58-75,2022,292700.0,92100.0,200200.0,City Parcel Master,2022-01-01,2022
58-75,2020,292700.0,92100.0,200200.0,NHDRA,2020-01-01,2020
58-76,2022,271800.0,90100.0,180900.0,City Parcel Master,2022-01-01,2022
58-76,2020,271900.0,90200.0,180900.0,NHDRA,2020-01-01,2020
58-77,2022,257700.0,90100.0,164300.0,City Parcel Master,2022-01-01,2022
58-77,2020,257800.0,90200.0,164300.0,NHDRA,2020-01-01,2020
58-78,2022,257700.0,90100.0,158000.0,City Parcel Master,2022-01-01,2022
58-78,2020,257800.0,90200.0,158000.0,NHDRA,2020-01-01,2020
58-79,2022,315100.0,90100.0,224700.0,City Parcel Master,2022-01-01,2022
58-79,2020,314100.0,90200.0,223600.0,NHDRA,2020-01-01,2020
58-80,2022,330100.0,106200.0,212300.0,City Parcel Master,2022-01-01,2022
58-80,2020,330100.0,106200.0,212300.0,NHDRA,2020-01-01,2020
58-81,2022,457700.0,101100.0,356600.0,City Parcel Master,2022-01-01,2022
58-81,2020,452700.0,101100.0,351600.0,NHDRA,2020-01-01,2020
58-82,2022,222200.0,90100.0,126800.0,City Parcel Master,2022-01-01,2022
58-82,2020,227600.0,90200.0,132100.0,NHDRA,2020-01-01,2020
58-83,2022,392900.0,88100.0,304300.0,City Parcel Master,2022-01-01,2022
58-83,2020,392900.0,88100.0,304300.0,NHDRA,2020-01-01,2020
58-84,2022,324300.0,89400.0,217100.0,City Parcel Master,2022-01-01,2022
58-84,2020,299100.0,89400.0,202800.0,NHDRA,2020-01-01,2020
58-85,2022,299700.0,90800.0,201800.0,City Parcel Master,2022-01-01,2022
58-85,2020,299600.0,90700.0,201800.0,NHDRA,2020-01-01,2020
58-86,2022,11900.0,4500.0,0.0,City Parcel Master,2022-01-01,2022
58-86,2020,11900.0,4500.0,0.0,NHDRA,2020-01-01,2020
58-87,2022,490700.0,113800.0,359300.0,City Parcel Master,2022-01-01,2022
58-87,2020,490900.0,114000.0,359300.0,NHDRA,2020-01-01,2020
58-88,2022,92600.0,92600.0,0.0,City Parcel Master,2022-01-01,2022
58-88,2020,92600.0,92600.0,0.0,NHDRA,2020-01-01,2020
58-89,2022,734200.0,115800.0,616900.0,City Parcel Master,2022-01-01,2022
58-89,2020,540100.0,144700.0,395400.0,NHDRA,2020-01-01,2020
58-90,2022,447300.0,94100.0,353200.0,City Parcel Master,2022-01-01,2022
58-90,2020,94200.0,94200.0,0.0,NHDRA,2020-01-01,2020
58-91,2022,368000.0,85100.0,282900.0,City Parcel Master,2022-01-01,2022
58-91,2020,94500.0,94500.0,0.0,NHDRA,2020-01-01,2020
58-92,2022,146600.0,146600.0,0.0,City Parcel Master,2022-01-01,2022
58-92,2020,195200.0,195200.0,0.0,NHDRA,2020-01-01,2020
58-93,2022,350800.0,103400.0,246200.0,City Parcel Master,2022-01-01,2022
58-93,2020,320400.0,103500.0,215700.0,NHDRA,2020-01-01,2020
58-94,2022,93400.0,93400.0,0.0,City Parcel Master,2022-01-01,2022
58-94,2020,93500.0,93500.0,0.0,NHDRA,2020-01-01,2020
58-95,2022,101600.0,101600.0,0.0,City Parcel Master,2022-01-01,2022
58-95,2020,101700.0,101700.0,0.0,NHDRA,2020-01-01,2020
58-96,2022,93800.0,93800.0,0.0,City Parcel Master,2022-01-01,2022
58-96,2020,93800.0,93800.0,0.0,NHDRA,2020-01-01,2020
58-97,2022,92900.0,92900.0,0.0,City Parcel Master,2022-01-01,2022
58-97,2020,92800.0,92800.0,0.0,NHDRA,2020-01-01,2020
58-98,2022,24500.0,24500.0,0.0,City Parcel Master,2022-01-01,2022
58-98,2020,245400.0,245400.0,0.0,NHDRA,2020-01-01,2020
59-1,2022,404100.0,96100.0,268800.0,City Parcel Master,2022-01-01,2022
59-1,2020,363500.0,96000.0,256700.0,NHDRA,2020-01-01,2020
59-2,2022,303800.0,83800.0,220000.0,City Parcel Master,2022-01-01,2022
59-2,2020,303800.0,83800.0,220000.0,NHDRA,2020-01-01,2020
59-3,2022,376900.0,103900.0,264000.0,City Parcel Master,2022-01-01,2022
59-3,2020,376900.0,103900.0,264000.0,NHDRA,2020-01-01,2020
59-4,2022,405100.0,122800.0,281900.0,City Parcel Master,2022-01-01,2022
59-4,2020,405100.0,122800.0,281900.0,NHDRA,2020-01-01,2020
59-5,2022,297800.0,89400.0,203600.0,City Parcel Master,2022-01-01,2022
59-5,2020,297800.0,89400.0,203600.0,NHDRA,2020-01-01,2020
59-6,2022,291400.0,89400.0,192000.0,City Parcel Master,2022-01-01,2022
59-6,2020,291400.0,89400.0,192000.0,NHDRA,2020-01-01,2020
59-7,2022,379900.0,88800.0,291100.0,City Parcel Master,2022-01-01,2022
59-7,2020,356000.0,88800.0,267200.0,NHDRA,2020-01-01,2020
59-8,2022,339800.0,109700.0,222300.0,City Parcel Master,2022-01-01,2022
59-8,2020,339900.0,109800.0,222300.0,NHDRA,2020-01-01,2020
59-9,2022,380800.0,109700.0,258200.0,City Parcel Master,2022-01-01,2022
59-9,2020,380900.0,109800.0,258200.0,NHDRA,2020-01-01,2020
59-10,2022,552500.0,105600.0,439300.0,City Parcel Master,2022-01-01,2022
59-10,2020,552600.0,105700.0,439300.0,NHDRA,2020-01-01,2020
59-11,2022,479300.0,99100.0,365800.0,City Parcel Master,2022-01-01,2022
59-11,2020,479200.0,99000.0,365800.0,NHDRA,2020-01-01,2020
59-12,2022,342400.0,118800.0,213800.0,City Parcel Master,2022-01-01,2022
59-12,2020,342500.0,118900.0,213800.0,NHDRA,2020-01-01,2020
59-13,2022,368900.0,103500.0,260300.0,City Parcel Master,2022-01-01,2022
59-13,2020,401400.0,103400.0,293600.0,NHDRA,2020-01-01,2020
59-14,2022,731500.0,278800.0,452700.0,City Parcel Master,2022-01-01,2022
59-14,2020,570000.0,278700.0,291300.0,NHDRA,2020-01-01,2020
59-15,2022,266800.0,88800.0,175200.0,City Parcel Master,2022-01-01,2022
59-15,2020,266800.0,88800.0,175200.0,NHDRA,2020-01-01,2020
59-16,2022,277400.0,94100.0,174400.0,City Parcel Master,2022-01-01,2022
59-16,2020,280800.0,94100.0,177800.0,NHDRA,2020-01-01,2020
59-17,2022,257600.0,91400.0,165700.0,City Parcel Master,2022-01-01,2022
59-17,2020,259900.0,91400.0,168000.0,NHDRA,2020-01-01,2020
59-18,2022,1054100.0,282900.0,705600.0,City Parcel Master,2022-01-01,2022
59-18,2020,1054100.0,282900.0,705600.0,NHDRA,2020-01-01,2020
59-19,2022,310400.0,310400.0,0.0,City Parcel Master,2022-01-01,2022
59-19,2020,310200.0,310200.0,0.0,NHDRA,2020-01-01,2020
59-20,2022,358900.0,117700.0,224200.0,City Parcel Master,2022-01-01,2022
59-20,2020,347000.0,117700.0,224200.0,NHDRA,2020-01-01,2020
59-21,2022,307700.0,102100.0,200200.0,City Parcel Master,2022-01-01,2022
59-21,2020,307600.0,102000.0,200200.0,NHDRA,2020-01-01,2020
59-22,2022,373300.0,106200.0,261800.0,City Parcel Master,2022-01-01,2022
59-22,2020,358600.0,106200.0,247100.0,NHDRA,2020-01-01,2020
59-23,2022,330300.0,89400.0,236600.0,City Parcel Master,2022-01-01,2022
59-23,2020,344500.0,89400.0,250800.0,NHDRA,2020-01-01,2020
59-24,2022,262400.0,95100.0,151800.0,City Parcel Master,2022-01-01,2022
59-24,2020,262400.0,95100.0,151800.0,NHDRA,2020-01-01,2020
59-25,2022,319100.0,93100.0,222000.0,City Parcel Master,2022-01-01,2022
59-25,2020,319100.0,93100.0,222000.0,NHDRA,2020-01-01,2020
59-26,2022,276500.0,99100.0,177100.0,City Parcel Master,2022-01-01,2022
59-26,2020,276400.0,99000.0,177100.0,NHDRA,2020-01-01,2020
59-27,2022,247400.0,90800.0,147100.0,City Parcel Master,2022-01-01,2022
59-27,2020,236600.0,90700.0,145200.0,NHDRA,2020-01-01,2020
59-28,2022,247600.0,92100.0,155000.0,City Parcel Master,2022-01-01,2022
59-28,2020,247600.0,92100.0,155000.0,NHDRA,2020-01-01,2020
59-29,2022,289000.0,88800.0,197500.0,City Parcel Master,2022-01-01,2022
59-29,2020,289000.0,88800.0,197500.0,NHDRA,2020-01-01,2020
59-30,2022,259500.0,86200.0,173300.0,City Parcel Master,2022-01-01,2022
59-30,2020,259500.0,86200.0,173300.0,NHDRA,2020-01-01,2020
59-31,2022,298700.0,88800.0,209400.0,City Parcel Master,2022-01-01,2022
59-31,2020,298700.0,88800.0,209400.0,NHDRA,2020-01-01,2020
59-32,2022,340500.0,107400.0,231900.0,City Parcel Master,2022-01-01,2022
59-32,2020,349800.0,107500.0,241100.0,NHDRA,2020-01-01,2020
59-33,2022,291600.0,107200.0,183900.0,City Parcel Master,2022-01-01,2022
59-33,2020,291600.0,107200.0,183900.0,NHDRA,2020-01-01,2020
59-34,2022,273700.0,88800.0,184900.0,City Parcel Master,2022-01-01,2022
59-34,2020,273700.0,88800.0,184900.0,NHDRA,2020-01-01,2020
59-35,2022,281900.0,88800.0,192100.0,City Parcel Master,2022-01-01,2022
59-35,2020,281800.0,88800.0,192700.0,NHDRA,2020-01-01,2020
59-36,2022,284100.0,88800.0,194400.0,City Parcel Master,2022-01-01,2022
59-36,2020,290800.0,88800.0,201100.0,NHDRA,2020-01-01,2020
59-37,2022,253900.0,88800.0,161800.0,City Parcel Master,2022-01-01,2022
59-37,2020,265300.0,88800.0,173200.0,NHDRA,2020-01-01,2020
59-38,2022,256600.0,105000.0,147300.0,City Parcel Master,2022-01-01,2022
59-38,2020,256600.0,105000.0,147300.0,NHDRA,2020-01-01,2020
59-39,2022,267900.0,90800.0,168600.0,City Parcel Master,2022-01-01,2022
59-39,2020,267800.0,90700.0,168600.0,NHDRA,2020-01-01,2020
59-40,2022,401400.0,105000.0,296400.0,City Parcel Master,2022-01-01,2022
59-40,2020,401400.0,105000.0,296400.0,NHDRA,2020-01-01,2020
59-41,2022,265100.0,88800.0,172900.0,City Parcel Master,2022-01-01,2022
59-41,2020,265100.0,88800.0,172900.0,NHDRA,2020-01-01,2020
59-42,2022,205700.0,105000.0,99100.0,City Parcel Master,2022-01-01,2022
59-42,2020,205700.0,105000.0,99100.0,NHDRA,2020-01-01,2020
59-43,2022,277700.0,88800.0,188900.0,City Parcel Master,2022-01-01,2022
59-43,2020,277700.0,88800.0,188900.0,NHDRA,2020-01-01,2020
59-44,2022,337100.0,88800.0,248300.0,City Parcel Master,2022-01-01,2022
59-44,2020,337100.0,88800.0,248300.0,NHDRA,2020-01-01,2020
59-45,2022,269800.0,89000.0,180200.0,City Parcel Master,2022-01-01,2022
59-45,2020,269800.0,89000.0,180200.0,NHDRA,2020-01-01,2020
59-46,2022,335700.0,99100.0,228200.0,City Parcel Master,2022-01-01,2022
59-46,2020,333300.0,99000.0,225900.0,NHDRA,2020-01-01,2020
59-47,2022,280200.0,99100.0,180900.0,City Parcel Master,2022-01-01,2022
59-47,2020,308400.0,99000.0,209200.0,NHDRA,2020-01-01,2020
59-48,2022,250000.0,95600.0,154400.0,City Parcel Master,2022-01-01,2022
59-48,2020,249600.0,103900.0,145700.0,NHDRA,2020-01-01,2020
59-49,2022,530100.0,127100.0,391700.0,City Parcel Master,2022-01-01,2022
59-49,2020,540900.0,129500.0,400100.0,NHDRA,2020-01-01,2020
59-50,2022,266100.0,92100.0,165100.0,City Parcel Master,2022-01-01,2022
59-50,2020,252200.0,92100.0,151200.0,NHDRA,2020-01-01,2020
59-51,2022,452900.0,101100.0,335900.0,City Parcel Master,2022-01-01,2022
59-51,2020,470400.0,101100.0,353400.0,NHDRA,2020-01-01,2020
59-52,2022,314700.0,104500.0,199300.0,City Parcel Master,2022-01-01,2022
59-52,2020,309100.0,104400.0,199300.0,NHDRA,2020-01-01,2020
59-53,2022,295100.0,88800.0,194400.0,City Parcel Master,2022-01-01,2022
59-53,2020,301200.0,88800.0,200500.0,NHDRA,2020-01-01,2020
59-54,2022,260300.0,89000.0,170900.0,City Parcel Master,2022-01-01,2022
59-54,2020,260300.0,89000.0,170900.0,NHDRA,2020-01-01,2020
59-55,2022,286200.0,88800.0,197200.0,City Parcel Master,2022-01-01,2022
59-55,2020,286200.0,88800.0,197200.0,NHDRA,2020-01-01,2020
59-57,2022,310500.0,105000.0,205500.0,City Parcel Master,2022-01-01,2022
59-57,2020,310500.0,105000.0,205500.0,NHDRA,2020-01-01,2020
59-58,2022,404700.0,88800.0,312200.0,City Parcel Master,2022-01-01,2022
59-58,2020,404700.0,88800.0,312200.0,NHDRA,2020-01-01,2020
59-59,2022,279700.0,88400.0,177700.0,City Parcel Master,2022-01-01,2022
59-59,2020,279700.0,88400.0,177700.0,NHDRA,2020-01-01,2020
59-60,2022,271700.0,89400.0,182000.0,City Parcel Master,2022-01-01,2022
59-60,2020,271700.0,89400.0,182000.0,NHDRA,2020-01-01,2020
59-61,2022,249700.0,87500.0,162200.0,City Parcel Master,2022-01-01,2022
59-61,2020,238300.0,87500.0,150800.0,NHDRA,2020-01-01,2020
59-62,2022,317400.0,100400.0,216200.0,City Parcel Master,2022-01-01,2022
59-62,2020,317400.0,100400.0,216200.0,NHDRA,2020-01-01,2020
59-63,2022,2234000.0,688800.0,1526200.0,City Parcel Master,2022-01-01,2022
59-63,2020,2267200.0,688800.0,1559400.0,NHDRA,2020-01-01,2020
59-64,2022,440.0,440.0,0.0,City Parcel Master,2022-01-01,2022
59-64,2020,440.0,440.0,0.0,NHDRA,2020-01-01,2020
59-65,2022,263600.0,105600.0,158000.0,City Parcel Master,2022-01-01,2022
59-65,2020,271700.0,105700.0,166000.0,NHDRA,2020-01-01,2020
59-66,2022,431900.0,104500.0,323500.0,City Parcel Master,2022-01-01,2022
59-66,2020,475800.0,104400.0,367800.0,NHDRA,2020-01-01,2020
59-67,2022,452800.0,124900.0,294600.0,City Parcel Master,2022-01-01,2022
59-67,2020,448000.0,125000.0,294600.0,NHDRA,2020-01-01,2020
59-68,2022,388000.0,103900.0,271500.0,City Parcel Master,2022-01-01,2022
59-68,2020,388000.0,103900.0,271500.0,NHDRA,2020-01-01,2020
59-69,2022,458900.0,103900.0,355000.0,City Parcel Master,2022-01-01,2022
59-69,2020,457600.0,103900.0,353700.0,NHDRA,2020-01-01,2020
59-70,2022,308400.0,89800.0,218600.0,City Parcel Master,2022-01-01,2022
59-70,2020,299800.0,89800.0,210000.0,NHDRA,2020-01-01,2020
59-71,2022,332000.0,124900.0,207000.0,City Parcel Master,2022-01-01,2022
59-71,2020,347700.0,125000.0,222600.0,NHDRA,2020-01-01,2020
59-72,2022,327100.0,113300.0,213400.0,City Parcel Master,2022-01-01,2022
59-72,2020,327000.0,113200.0,213400.0,NHDRA,2020-01-01,2020
59-73,2022,274600.0,102100.0,171700.0,City Parcel Master,2022-01-01,2022
59-73,2020,274500.0,102000.0,171700.0,NHDRA,2020-01-01,2020
59-74,2022,306900.0,109200.0,197300.0,City Parcel Master,2022-01-01,2022
59-74,2020,306800.0,109100.0,197300.0,NHDRA,2020-01-01,2020
59-75,2022,269300.0,96700.0,171800.0,City Parcel Master,2022-01-01,2022
59-75,2020,268600.0,96700.0,171900.0,NHDRA,2020-01-01,2020
59-76,2022,347600.0,110500.0,237100.0,City Parcel Master,2022-01-01,2022
59-76,2020,347700.0,110600.0,237100.0,NHDRA,2020-01-01,2020
59-77,2022,379600.0,114400.0,265200.0,City Parcel Master,2022-01-01,2022
59-77,2020,379600.0,114400.0,265200.0,NHDRA,2020-01-01,2020
59-78,2022,326600.0,128000.0,197800.0,City Parcel Master,2022-01-01,2022
59-78,2020,326700.0,128100.0,197800.0,NHDRA,2020-01-01,2020
63-1,2022,248900.0,100700.0,142400.0,City Parcel Master,2022-01-01,2022
63-1,2020,319600.0,100700.0,212000.0,NHDRA,2020-01-01,2020
63-2,2022,313000.0,95400.0,212400.0,City Parcel Master,2022-01-01,2022
63-2,2020,313000.0,95400.0,212400.0,NHDRA,2020-01-01,2020
63-4,2022,19700.0,19700.0,0.0,City Parcel Master,2022-01-01,2022
63-4,2020,19700.0,19700.0,0.0,NHDRA,2020-01-01,2020
64-1,2022,175300.0,175300.0,0.0,City Parcel Master,2022-01-01,2022
64-1,2020,175300.0,175300.0,0.0,NHDRA,2020-01-01,2020
64-2,2022,205000.0,118400.0,69100.0,City Parcel Master,2022-01-01,2022
64-2,2020,205000.0,118400.0,69100.0,NHDRA,2020-01-01,2020
64-3,2022,179300.0,65800.0,104600.0,City Parcel Master,2022-01-01,2022
64-3,2020,178200.0,65900.0,103400.0,NHDRA,2020-01-01,2020
64-4,2022,298600.0,70200.0,222400.0,City Parcel Master,2022-01-01,2022
64-4,2020,288800.0,70200.0,212600.0,NHDRA,2020-01-01,2020
64-5,2022,315700.0,63800.0,251600.0,City Parcel Master,2022-01-01,2022
64-5,2020,319600.0,63700.0,255600.0,NHDRA,2020-01-01,2020
64-6,2022,281400.0,67900.0,213100.0,City Parcel Master,2022-01-01,2022
64-6,2020,281400.0,67900.0,213100.0,NHDRA,2020-01-01,2020
64-7,2022,3312644.0,1131900.0,2107544.0,City Parcel Master,2022-01-01,2022
64-7,2020,3018600.0,1132200.0,1886400.0,NHDRA,2020-01-01,2020
64-8,2022,471000.0,471000.0,0.0,City Parcel Master,2022-01-01,2022
64-8,2020,470600.0,470600.0,0.0,NHDRA,2020-01-01,2020
64-9,2022,52271800.0,1992100.0,49729200.0,City Parcel Master,2022-01-01,2022
64-9,2020,52271800.0,1992100.0,49729200.0,NHDRA,2020-01-01,2020
64-10,2022,309900.0,82200.0,227500.0,City Parcel Master,2022-01-01,2022
64-10,2020,309900.0,82200.0,227500.0,NHDRA,2020-01-01,2020
64-11,2022,330700.0,92400.0,237800.0,City Parcel Master,2022-01-01,2022
64-11,2020,352400.0,92400.0,260000.0,NHDRA,2020-01-01,2020
64-12,2022,847400.0,494800.0,352600.0,City Parcel Master,2022-01-01,2022
64-12,2020,841600.0,494800.0,346800.0,NHDRA,2020-01-01,2020
64-13,2022,1675500.0,425400.0,1240000.0,City Parcel Master,2022-01-01,2022
64-13,2020,1675500.0,425400.0,1240000.0,NHDRA,2020-01-01,2020
64-15,2022,590000.0,447900.0,142100.0,City Parcel Master,2022-01-01,2022
64-15,2020,590200.0,448100.0,142100.0,NHDRA,2020-01-01,2020
64-16,2022,1042100.0,490300.0,488000.0,City Parcel Master,2022-01-01,2022
64-16,2020,1042100.0,490300.0,488000.0,NHDRA,2020-01-01,2020
64-17,2022,24400.0,24400.0,0.0,City Parcel Master,2022-01-01,2022
64-17,2020,24400.0,24400.0,0.0,NHDRA,2020-01-01,2020
64-19,2022,3207600.0,1324500.0,1826500.0,City Parcel Master,2022-01-01,2022
64-19,2020,3905600.0,1324500.0,2524500.0,NHDRA,2020-01-01,2020
64-21,2022,14296100.0,1012400.0,13044300.0,City Parcel Master,2022-01-01,2022
64-21,2020,14296100.0,1012400.0,13044300.0,NHDRA,2020-01-01,2020
64-22,2022,2530800.0,1017900.0,1292600.0,City Parcel Master,2022-01-01,2022
64-22,2020,2530800.0,1017900.0,1292600.0,NHDRA,2020-01-01,2020
64-23,2022,2283700.0,996700.0,1285400.0,City Parcel Master,2022-01-01,2022
64-23,2020,2381000.0,996700.0,1382700.0,NHDRA,2020-01-01,2020
64-25,2022,500600.0,500600.0,0.0,City Parcel Master,2022-01-01,2022
64-25,2020,502700.0,502700.0,0.0,NHDRA,2020-01-01,2020
64-29,2022,1444800.0,980600.0,334800.0,City Parcel Master,2022-01-01,2022
64-29,2020,1444800.0,980600.0,334800.0,NHDRA,2020-01-01,2020
64-30,2022,3663600.0,1962100.0,1546000.0,City Parcel Master,2022-01-01,2022
64-30,2020,3802800.0,1962100.0,1685200.0,NHDRA,2020-01-01,2020
64-32,2022,1672000.0,498500.0,1115300.0,City Parcel Master,2022-01-01,2022
64-32,2020,1763900.0,498500.0,1207200.0,NHDRA,2020-01-01,2020
64-32-100,2022,1750300.0,527800.0,1173100.0,City Parcel Master,2022-01-01,2022
64-32-100,2020,1691300.0,527800.0,1132900.0,NHDRA,2020-01-01,2020
64-33,2022,18479300.0,3092200.0,15105900.0,City Parcel Master,2022-01-01,2022
64-33,2020,18479300.0,3092200.0,15105900.0,NHDRA,2020-01-01,2020
64-34,2022,1655300.0,1483000.0,0.0,City Parcel Master,2022-01-01,2022
64-34,2020,1655300.0,1483000.0,0.0,NHDRA,2020-01-01,2020
72-1,2022,363900.0,83200.0,278100.0,City Parcel Master,2022-01-01,2022
72-1,2020,363800.0,83100.0,278100.0,NHDRA,2020-01-01,2020
72-2,2022,432500.0,79700.0,352800.0,City Parcel Master,2022-01-01,2022
72-2,2020,413000.0,79700.0,333300.0,NHDRA,2020-01-01,2020
72-3,2022,346500.0,266100.0,68600.0,City Parcel Master,2022-01-01,2022
72-3,2020,346400.0,266000.0,68600.0,NHDRA,2020-01-01,2020
72-4,2022,464300.0,194700.0,266100.0,City Parcel Master,2022-01-01,2022
72-4,2020,403800.0,194700.0,205600.0,NHDRA,2020-01-01,2020
72-5,2022,958700.0,526100.0,22900.0,City Parcel Master,2022-01-01,2022
72-5,2020,2691500.0,1396300.0,469200.0,NHDRA,2020-01-01,2020
72-5-T,2022,431000.0,284600.0,146400.0,City Parcel Master,2022-01-01,2022
72-5-T,2020,,,,NHDRA,2020-01-01,2020
72-5-100,2022,371600.0,186500.0,185100.0,City Parcel Master,2022-01-01,2022
72-5-100,2020,371500.0,186400.0,185100.0,NHDRA,2020-01-01,2020
72-5-200,2022,306200.0,205400.0,100400.0,City Parcel Master,2022-01-01,2022
72-5-200,2020,306200.0,205400.0,100400.0,NHDRA,2020-01-01,2020
72-5-400,2022,1371200.0,286600.0,1048800.0,City Parcel Master,2022-01-01,2022
72-5-400,2020,1479500.0,286600.0,1174900.0,NHDRA,2020-01-01,2020
72-5-70300,2022,191900.0,191900.0,0.0,City Parcel Master,2022-01-01,2022
72-5-70300,2020,191900.0,191900.0,0.0,NHDRA,2020-01-01,2020
72-5-70600,2022,50400.0,0.0,50400.0,City Parcel Master,2022-01-01,2022
72-5-70600,2020,50400.0,0.0,50400.0,NHDRA,2020-01-01,2020
72-6,2022,111400.0,111400.0,0.0,City Parcel Master,2022-01-01,2022
72-6,2020,111400.0,111400.0,0.0,NHDRA,2020-01-01,2020
72-8,2022,430000.0,285400.0,125300.0,City Parcel Master,2022-01-01,2022
72-8,2020,430100.0,285500.0,125300.0,NHDRA,2020-01-01,2020
72-9,2022,340800.0,191300.0,140700.0,City Parcel Master,2022-01-01,2022
72-9,2020,340800.0,191300.0,140700.0,NHDRA,2020-01-01,2020
72-10,2022,373400.0,217900.0,155500.0,City Parcel Master,2022-01-01,2022
72-10,2020,373400.0,217900.0,155500.0,NHDRA,2020-01-01,2020
72-11,2022,260900.0,159600.0,92000.0,City Parcel Master,2022-01-01,2022
72-11,2020,260900.0,159600.0,92000.0,NHDRA,2020-01-01,2020
72-12,2022,654500.0,237100.0,395500.0,City Parcel Master,2022-01-01,2022
72-12,2020,654600.0,237200.0,395500.0,NHDRA,2020-01-01,2020
72-13,2022,572100.0,151600.0,418700.0,City Parcel Master,2022-01-01,2022
72-13,2020,576300.0,151600.0,422900.0,NHDRA,2020-01-01,2020
72-14,2022,599500.0,168300.0,430500.0,City Parcel Master,2022-01-01,2022
72-14,2020,629100.0,168300.0,460100.0,NHDRA,2020-01-01,2020
72-15,2022,507600.0,126500.0,379300.0,City Parcel Master,2022-01-01,2022
72-15,2020,507600.0,126500.0,379300.0,NHDRA,2020-01-01,2020
72-16,2022,880400.0,449000.0,354500.0,City Parcel Master,2022-01-01,2022
72-16,2020,862300.0,449000.0,353400.0,NHDRA,2020-01-01,2020
72-17,2022,919200.0,472000.0,419400.0,City Parcel Master,2022-01-01,2022
72-17,2020,919000.0,471800.0,419400.0,NHDRA,2020-01-01,2020
72-18,2022,985600.0,363300.0,602900.0,City Parcel Master,2022-01-01,2022
72-18,2020,758300.0,363600.0,305200.0,NHDRA,2020-01-01,2020
72-19,2022,882600.0,260800.0,593200.0,City Parcel Master,2022-01-01,2022
72-19,2020,882500.0,260700.0,593200.0,NHDRA,2020-01-01,2020
72-20,2022,2433900.0,891600.0,1359700.0,City Parcel Master,2022-01-01,2022
72-20,2020,2433900.0,891600.0,1359000.0,NHDRA,2020-01-01,2020
72-21,2022,62200.0,46800.0,0.0,City Parcel Master,2022-01-01,2022
72-21,2020,62200.0,46800.0,0.0,NHDRA,2020-01-01,2020
72-22,2022,802900.0,360500.0,405100.0,City Parcel Master,2022-01-01,2022
72-22,2020,803000.0,360600.0,405100.0,NHDRA,2020-01-01,2020
72-23,2022,374400.0,239500.0,102800.0,City Parcel Master,2022-01-01,2022
72-23,2020,374400.0,239500.0,102800.0,NHDRA,2020-01-01,2020
72-24,2022,376500.0,174300.0,202200.0,City Parcel Master,2022-01-01,2022
72-24,2020,398500.0,174400.0,224100.0,NHDRA,2020-01-01,2020
72-25,2022,246200.0,66500.0,179700.0,City Parcel Master,2022-01-01,2022
72-25,2020,261200.0,66500.0,194700.0,NHDRA,2020-01-01,2020
72-26,2022,668900.0,273400.0,386700.0,City Parcel Master,2022-01-01,2022
72-26,2020,660000.0,273300.0,386700.0,NHDRA,2020-01-01,2020
72-28,2022,707900.0,461200.0,229000.0,City Parcel Master,2022-01-01,2022
72-28,2020,705500.0,461200.0,226600.0,NHDRA,2020-01-01,2020
72-30,2022,1408900.0,545200.0,720200.0,City Parcel Master,2022-01-01,2022
72-30,2020,1409200.0,545500.0,720200.0,NHDRA,2020-01-01,2020
72-31,2022,397500.0,116600.0,275900.0,City Parcel Master,2022-01-01,2022
72-31,2020,397500.0,116600.0,275900.0,NHDRA,2020-01-01,2020
72-32,2022,305400.0,135500.0,162400.0,City Parcel Master,2022-01-01,2022
72-32,2020,301100.0,135300.0,158300.0,NHDRA,2020-01-01,2020
72-33,2022,580100.0,221500.0,349400.0,City Parcel Master,2022-01-01,2022
72-33,2020,580300.0,221500.0,349600.0,NHDRA,2020-01-01,2020
72-34,2022,178100.0,103200.0,72700.0,City Parcel Master,2022-01-01,2022
72-34,2020,184400.0,103200.0,79000.0,NHDRA,2020-01-01,2020
72-35,2022,952700.0,331500.0,604600.0,City Parcel Master,2022-01-01,2022
72-35,2020,964500.0,331400.0,616500.0,NHDRA,2020-01-01,2020
72-36,2022,380300.0,94100.0,286200.0,City Parcel Master,2022-01-01,2022
72-36,2020,380300.0,94100.0,286200.0,NHDRA,2020-01-01,2020
72-37,2022,232700.0,90800.0,141900.0,City Parcel Master,2022-01-01,2022
72-37,2020,232600.0,90700.0,141900.0,NHDRA,2020-01-01,2020
72-38,2022,398000.0,108000.0,284800.0,City Parcel Master,2022-01-01,2022
72-38,2020,398000.0,108000.0,284800.0,NHDRA,2020-01-01,2020
72-39,2022,391800.0,106200.0,278300.0,City Parcel Master,2022-01-01,2022
72-39,2020,399600.0,106200.0,286100.0,NHDRA,2020-01-01,2020
72-40,2022,492500.0,106800.0,379800.0,City Parcel Master,2022-01-01,2022
72-40,2020,492600.0,106900.0,379800.0,NHDRA,2020-01-01,2020
72-41,2022,296600.0,95100.0,201500.0,City Parcel Master,2022-01-01,2022
72-41,2020,296600.0,95100.0,201500.0,NHDRA,2020-01-01,2020
72-42,2022,355600.0,106200.0,249000.0,City Parcel Master,2022-01-01,2022
72-42,2020,355600.0,106200.0,249000.0,NHDRA,2020-01-01,2020
72-43,2022,375700.0,100100.0,275300.0,City Parcel Master,2022-01-01,2022
72-43,2020,375700.0,100100.0,275300.0,NHDRA,2020-01-01,2020
72-44,2022,331200.0,95100.0,233200.0,City Parcel Master,2022-01-01,2022
72-44,2020,364200.0,95100.0,264200.0,NHDRA,2020-01-01,2020
72-45,2022,382500.0,97100.0,285000.0,City Parcel Master,2022-01-01,2022
72-45,2020,366200.0,97000.0,268800.0,NHDRA,2020-01-01,2020
72-46,2022,451200.0,97000.0,354200.0,City Parcel Master,2022-01-01,2022
72-46,2020,451800.0,104600.0,347200.0,NHDRA,2020-01-01,2020
72-47,2022,319300.0,91300.0,228000.0,City Parcel Master,2022-01-01,2022
72-47,2020,319200.0,91200.0,228000.0,NHDRA,2020-01-01,2020
72-48,2022,378900.0,104600.0,261400.0,City Parcel Master,2022-01-01,2022
72-48,2020,378900.0,104600.0,261400.0,NHDRA,2020-01-01,2020
72-48-100,2022,117600.0,117600.0,0.0,City Parcel Master,2022-01-01,2022
72-48-100,2020,117400.0,117400.0,0.0,NHDRA,2020-01-01,2020
72-49,2022,436200.0,93100.0,342700.0,City Parcel Master,2022-01-01,2022
72-49,2020,436200.0,93100.0,342700.0,NHDRA,2020-01-01,2020
72-50,2022,408600.0,90800.0,317500.0,City Parcel Master,2022-01-01,2022
72-50,2020,382200.0,90700.0,291200.0,NHDRA,2020-01-01,2020
72-51,2022,345900.0,107400.0,229200.0,City Parcel Master,2022-01-01,2022
72-51,2020,346000.0,107500.0,229200.0,NHDRA,2020-01-01,2020
72-52,2022,260200.0,99100.0,161000.0,City Parcel Master,2022-01-01,2022
72-52,2020,260100.0,99000.0,161000.0,NHDRA,2020-01-01,2020
72-53,2022,368900.0,93100.0,269100.0,City Parcel Master,2022-01-01,2022
72-53,2020,368900.0,93100.0,269100.0,NHDRA,2020-01-01,2020
72-54,2022,336900.0,121500.0,215400.0,City Parcel Master,2022-01-01,2022
72-54,2020,336800.0,121400.0,215400.0,NHDRA,2020-01-01,2020
72-55,2022,64500.0,64500.0,0.0,City Parcel Master,2022-01-01,2022
72-55,2020,64500.0,64500.0,0.0,NHDRA,2020-01-01,2020
72-56,2022,430100.0,102100.0,326700.0,City Parcel Master,2022-01-01,2022
72-56,2020,430000.0,102000.0,326700.0,NHDRA,2020-01-01,2020
72-57,2022,248000.0,92100.0,155900.0,City Parcel Master,2022-01-01,2022
72-57,2020,248000.0,92100.0,155900.0,NHDRA,2020-01-01,2020
72-58,2022,262900.0,92100.0,163700.0,City Parcel Master,2022-01-01,2022
72-58,2020,262900.0,92100.0,163700.0,NHDRA,2020-01-01,2020
72-59,2022,186500.0,68600.0,116200.0,City Parcel Master,2022-01-01,2022
72-59,2020,186200.0,68600.0,115900.0,NHDRA,2020-01-01,2020
72-60,2022,294900.0,101100.0,191200.0,City Parcel Master,2022-01-01,2022
72-60,2020,294900.0,101100.0,191200.0,NHDRA,2020-01-01,2020
72-61,2022,250100.0,80700.0,169300.0,City Parcel Master,2022-01-01,2022
72-61,2020,250100.0,80700.0,169300.0,NHDRA,2020-01-01,2020
72-62,2022,243600.0,83200.0,160100.0,City Parcel Master,2022-01-01,2022
72-62,2020,243600.0,83200.0,160100.0,NHDRA,2020-01-01,2020
72-63,2022,261000.0,89400.0,154000.0,City Parcel Master,2022-01-01,2022
72-63,2020,261000.0,89400.0,154000.0,NHDRA,2020-01-01,2020
72-64,2022,249600.0,119800.0,128900.0,City Parcel Master,2022-01-01,2022
72-64,2020,249500.0,119700.0,128900.0,NHDRA,2020-01-01,2020
72-65,2022,579600.0,120500.0,459100.0,City Parcel Master,2022-01-01,2022
72-65,2020,565900.0,120400.0,445500.0,NHDRA,2020-01-01,2020
72-66,2022,357600.0,242400.0,102100.0,City Parcel Master,2022-01-01,2022
72-66,2020,350900.0,242400.0,95200.0,NHDRA,2020-01-01,2020
72-67,2022,580600.0,255500.0,321200.0,City Parcel Master,2022-01-01,2022
72-67,2020,580700.0,255600.0,321200.0,NHDRA,2020-01-01,2020
72-68,2022,772100.0,276500.0,481900.0,City Parcel Master,2022-01-01,2022
72-68,2020,772200.0,276600.0,481900.0,NHDRA,2020-01-01,2020
72-69,2022,429400.0,183700.0,235200.0,City Parcel Master,2022-01-01,2022
72-69,2020,429400.0,183700.0,235200.0,NHDRA,2020-01-01,2020
72-70,2022,209900.0,203200.0,0.0,City Parcel Master,2022-01-01,2022
72-70,2020,209900.0,203200.0,0.0,NHDRA,2020-01-01,2020
72-71,2022,3713100.0,750000.0,2947300.0,City Parcel Master,2022-01-01,2022
72-71,2020,3713100.0,750000.0,2947300.0,NHDRA,2020-01-01,2020
72-71-100,2022,211200.0,0.0,0.0,City Parcel Master,2022-01-01,2022
72-71-100,2020,211200.0,0.0,0.0,NHDRA,2020-01-01,2020
72-73,2022,345800.0,100100.0,245700.0,City Parcel Master,2022-01-01,2022
72-73,2020,333800.0,100100.0,233700.0,NHDRA,2020-01-01,2020
72-74,2022,395800.0,118100.0,277700.0,City Parcel Master,2022-01-01,2022
72-74,2020,395900.0,118200.0,277700.0,NHDRA,2020-01-01,2020
72-75,2022,347200.0,105000.0,242200.0,City Parcel Master,2022-01-01,2022
72-75,2020,353200.0,105000.0,248200.0,NHDRA,2020-01-01,2020
72-76,2022,1639050.0,297800.0,1189250.0,City Parcel Master,2022-01-01,2022
72-76,2020,1357892.0,297900.0,907992.0,NHDRA,2020-01-01,2020
72-78,2022,1363900.0,486100.0,792900.0,City Parcel Master,2022-01-01,2022
72-78,2020,1364100.0,486300.0,792900.0,NHDRA,2020-01-01,2020
72-79,2022,114500.0,109400.0,0.0,City Parcel Master,2022-01-01,2022
72-79,2020,114500.0,109400.0,0.0,NHDRA,2020-01-01,2020
72-80,2022,458000.0,235200.0,222800.0,City Parcel Master,2022-01-01,2022
72-80,2020,457500.0,235300.0,222200.0,NHDRA,2020-01-01,2020
72-81,2022,544600.0,96600.0,448000.0,City Parcel Master,2022-01-01,2022
72-81,2020,544500.0,96500.0,448000.0,NHDRA,2020-01-01,2020
72-82,2022,220600.0,42400.0,178200.0,City Parcel Master,2022-01-01,2022
72-82,2020,220600.0,42400.0,178200.0,NHDRA,2020-01-01,2020
72-83,2022,458200.0,289300.0,165100.0,City Parcel Master,2022-01-01,2022
72-83,2020,458200.0,289300.0,165100.0,NHDRA,2020-01-01,2020
72-83-200,2022,462400.0,213300.0,246100.0,City Parcel Master,2022-01-01,2022
72-83-200,2020,462400.0,213300.0,246100.0,NHDRA,2020-01-01,2020
72-84,2022,532800.0,293600.0,239200.0,City Parcel Master,2022-01-01,2022
72-84,2020,532800.0,293600.0,239200.0,NHDRA,2020-01-01,2020
72-85,2022,300700.0,82300.0,217800.0,City Parcel Master,2022-01-01,2022
72-85,2020,300700.0,82300.0,217800.0,NHDRA,2020-01-01,2020
72-86,2022,228800.0,83200.0,141100.0,City Parcel Master,2022-01-01,2022
72-86,2020,227500.0,83200.0,141100.0,NHDRA,2020-01-01,2020
72-87,2022,176600.0,52700.0,121800.0,City Parcel Master,2022-01-01,2022
72-87,2020,177300.0,52700.0,122500.0,NHDRA,2020-01-01,2020
72-88,2022,456300.0,103900.0,349800.0,City Parcel Master,2022-01-01,2022
72-88,2020,456300.0,103900.0,349800.0,NHDRA,2020-01-01,2020
72-89,2022,478300.0,263400.0,191600.0,City Parcel Master,2022-01-01,2022
72-89,2020,467300.0,263500.0,180700.0,NHDRA,2020-01-01,2020
72-90,2022,170100.0,170100.0,0.0,City Parcel Master,2022-01-01,2022
72-90,2020,340400.0,340400.0,0.0,NHDRA,2020-01-01,2020
73-1,2022,343300.0,94100.0,241800.0,City Parcel Master,2022-01-01,2022
73-1,2020,346500.0,94100.0,245000.0,NHDRA,2020-01-01,2020
73-2,2022,279900.0,82400.0,193800.0,City Parcel Master,2022-01-01,2022
73-2,2020,279500.0,82400.0,193400.0,NHDRA,2020-01-01,2020
73-3,2022,460000.0,106800.0,347200.0,City Parcel Master,2022-01-01,2022
73-3,2020,460100.0,106900.0,347200.0,NHDRA,2020-01-01,2020
73-4,2022,386900.0,101100.0,280200.0,City Parcel Master,2022-01-01,2022
73-4,2020,386900.0,101100.0,280200.0,NHDRA,2020-01-01,2020
73-5,2022,345500.0,96100.0,240500.0,City Parcel Master,2022-01-01,2022
73-5,2020,345400.0,96000.0,240500.0,NHDRA,2020-01-01,2020
73-6,2022,420100.0,100100.0,305600.0,City Parcel Master,2022-01-01,2022
73-6,2020,429800.0,100100.0,316100.0,NHDRA,2020-01-01,2020
73-7,2022,380700.0,115800.0,253700.0,City Parcel Master,2022-01-01,2022
73-7,2020,374700.0,130800.0,232700.0,NHDRA,2020-01-01,2020
73-7-100,2022,95300.0,95300.0,0.0,City Parcel Master,2022-01-01,2022
73-7-100,2020,,,,NHDRA,2020-01-01,2020
73-8,2022,343500.0,99100.0,240000.0,City Parcel Master,2022-01-01,2022
73-8,2020,343400.0,99000.0,240000.0,NHDRA,2020-01-01,2020
73-9,2022,321700.0,103900.0,207400.0,City Parcel Master,2022-01-01,2022
73-9,2020,321200.0,103900.0,206900.0,NHDRA,2020-01-01,2020
73-10,2022,414600.0,99100.0,303200.0,City Parcel Master,2022-01-01,2022
73-10,2020,409000.0,99000.0,297700.0,NHDRA,2020-01-01,2020
73-11,2022,336700.0,92100.0,231000.0,City Parcel Master,2022-01-01,2022
73-11,2020,342000.0,92100.0,236300.0,NHDRA,2020-01-01,2020
73-12,2022,348400.0,92100.0,248200.0,City Parcel Master,2022-01-01,2022
73-12,2020,348400.0,92100.0,248200.0,NHDRA,2020-01-01,2020
73-13,2022,349600.0,100100.0,249500.0,City Parcel Master,2022-01-01,2022
73-13,2020,346900.0,100100.0,246800.0,NHDRA,2020-01-01,2020
73-14,2022,294600.0,106200.0,188400.0,City Parcel Master,2022-01-01,2022
73-14,2020,294600.0,106200.0,188400.0,NHDRA,2020-01-01,2020
73-15,2022,304800.0,102100.0,202700.0,City Parcel Master,2022-01-01,2022
73-15,2020,304700.0,102000.0,202700.0,NHDRA,2020-01-01,2020
73-16,2022,327000.0,96100.0,230900.0,City Parcel Master,2022-01-01,2022
73-16,2020,326900.0,96000.0,230900.0,NHDRA,2020-01-01,2020
73-17,2022,375300.0,95100.0,279500.0,City Parcel Master,2022-01-01,2022
73-17,2020,375300.0,95100.0,279500.0,NHDRA,2020-01-01,2020
73-17-100,2022,389800.0,96100.0,292200.0,City Parcel Master,2022-01-01,2022
73-17-100,2020,393800.0,96000.0,296300.0,NHDRA,2020-01-01,2020
73-18,2022,350700.0,106800.0,243800.0,City Parcel Master,2022-01-01,2022
73-18,2020,389700.0,106900.0,235700.0,NHDRA,2020-01-01,2020
73-19,2022,379800.0,105600.0,274200.0,City Parcel Master,2022-01-01,2022
73-19,2020,379900.0,105700.0,274200.0,NHDRA,2020-01-01,2020
73-20,2022,545900.0,92100.0,428300.0,City Parcel Master,2022-01-01,2022
73-20,2020,518200.0,92100.0,418800.0,NHDRA,2020-01-01,2020
73-21,2022,424200.0,118800.0,305000.0,City Parcel Master,2022-01-01,2022
73-21,2020,424300.0,118900.0,305000.0,NHDRA,2020-01-01,2020
73-22,2022,303000.0,90800.0,207800.0,City Parcel Master,2022-01-01,2022
73-22,2020,302900.0,90700.0,207800.0,NHDRA,2020-01-01,2020
73-23,2022,316100.0,90800.0,223600.0,City Parcel Master,2022-01-01,2022
73-23,2020,316000.0,90700.0,223600.0,NHDRA,2020-01-01,2020
73-24,2022,230100.0,90800.0,135200.0,City Parcel Master,2022-01-01,2022
73-24,2020,230000.0,90700.0,135200.0,NHDRA,2020-01-01,2020
73-25,2022,274300.0,88800.0,185200.0,City Parcel Master,2022-01-01,2022
73-25,2020,274300.0,88800.0,185200.0,NHDRA,2020-01-01,2020
73-26,2022,344000.0,91400.0,236700.0,City Parcel Master,2022-01-01,2022
73-26,2020,324600.0,91400.0,232900.0,NHDRA,2020-01-01,2020
73-27,2022,373900.0,113300.0,257500.0,City Parcel Master,2022-01-01,2022
73-27,2020,381800.0,113200.0,265500.0,NHDRA,2020-01-01,2020
73-28,2022,249700.0,92100.0,147300.0,City Parcel Master,2022-01-01,2022
73-28,2020,241400.0,92100.0,144100.0,NHDRA,2020-01-01,2020
73-29,2022,1244900.0,116600.0,1128300.0,City Parcel Master,2022-01-01,2022
73-29,2020,1155300.0,129600.0,1025700.0,NHDRA,2020-01-01,2020
73-31,2022,332000.0,105000.0,227000.0,City Parcel Master,2022-01-01,2022
73-31,2020,332000.0,105000.0,227000.0,NHDRA,2020-01-01,2020
73-32,2022,473400.0,132800.0,340600.0,City Parcel Master,2022-01-01,2022
73-32,2020,492300.0,132800.0,359500.0,NHDRA,2020-01-01,2020
73-33,2022,328600.0,109700.0,218900.0,City Parcel Master,2022-01-01,2022
73-33,2020,318500.0,109800.0,208700.0,NHDRA,2020-01-01,2020
73-34,2022,360200.0,101100.0,259100.0,City Parcel Master,2022-01-01,2022
73-34,2020,294400.0,101100.0,193300.0,NHDRA,2020-01-01,2020
73-35,2022,386900.0,101100.0,285800.0,City Parcel Master,2022-01-01,2022
73-35,2020,386900.0,101100.0,285800.0,NHDRA,2020-01-01,2020
73-36,2022,427600.0,103100.0,324500.0,City Parcel Master,2022-01-01,2022
73-36,2020,427700.0,103200.0,324500.0,NHDRA,2020-01-01,2020
73-37,2022,498800.0,113000.0,376500.0,City Parcel Master,2022-01-01,2022
73-37,2020,476400.0,113000.0,352400.0,NHDRA,2020-01-01,2020
73-39,2022,369900.0,97100.0,272800.0,City Parcel Master,2022-01-01,2022
73-39,2020,369800.0,97000.0,272800.0,NHDRA,2020-01-01,2020
73-40,2022,326400.0,98100.0,227400.0,City Parcel Master,2022-01-01,2022
73-40,2020,326300.0,98000.0,227400.0,NHDRA,2020-01-01,2020
73-41,2022,235200.0,235200.0,0.0,City Parcel Master,2022-01-01,2022
73-41,2020,235100.0,235100.0,0.0,NHDRA,2020-01-01,2020
73-42,2022,332700.0,90100.0,234500.0,City Parcel Master,2022-01-01,2022
73-42,2020,299200.0,90200.0,200900.0,NHDRA,2020-01-01,2020
73-43,2022,408100.0,92100.0,316000.0,City Parcel Master,2022-01-01,2022
73-43,2020,391400.0,92100.0,299300.0,NHDRA,2020-01-01,2020
73-44,2022,305200.0,92100.0,210800.0,City Parcel Master,2022-01-01,2022
73-44,2020,303900.0,92100.0,209500.0,NHDRA,2020-01-01,2020
73-45,2022,318100.0,88100.0,220400.0,City Parcel Master,2022-01-01,2022
73-45,2020,318100.0,88100.0,220400.0,NHDRA,2020-01-01,2020
73-46,2022,285200.0,88100.0,197100.0,City Parcel Master,2022-01-01,2022
73-46,2020,285200.0,88100.0,197100.0,NHDRA,2020-01-01,2020
73-47,2022,356300.0,93100.0,255400.0,City Parcel Master,2022-01-01,2022
73-47,2020,356300.0,93100.0,255400.0,NHDRA,2020-01-01,2020
73-48,2022,283800.0,97100.0,186700.0,City Parcel Master,2022-01-01,2022
73-48,2020,283700.0,97000.0,186700.0,NHDRA,2020-01-01,2020
73-49,2022,265400.0,98100.0,162400.0,City Parcel Master,2022-01-01,2022
73-49,2020,265300.0,98000.0,162400.0,NHDRA,2020-01-01,2020
73-50,2022,288700.0,95100.0,193600.0,City Parcel Master,2022-01-01,2022
73-50,2020,293200.0,95100.0,198100.0,NHDRA,2020-01-01,2020
73-51,2022,290400.0,91400.0,199000.0,City Parcel Master,2022-01-01,2022
73-51,2020,290400.0,91400.0,199000.0,NHDRA,2020-01-01,2020
73-52,2022,293800.0,90800.0,202800.0,City Parcel Master,2022-01-01,2022
73-52,2020,293700.0,90700.0,202800.0,NHDRA,2020-01-01,2020
73-53,2022,273800.0,89400.0,184400.0,City Parcel Master,2022-01-01,2022
73-53,2020,273800.0,89400.0,184400.0,NHDRA,2020-01-01,2020
73-54,2022,428700.0,122200.0,291500.0,City Parcel Master,2022-01-01,2022
73-54,2020,414100.0,122200.0,291500.0,NHDRA,2020-01-01,2020
73-55,2022,345600.0,97100.0,248100.0,City Parcel Master,2022-01-01,2022
73-55,2020,345500.0,97000.0,248100.0,NHDRA,2020-01-01,2020
73-56,2022,301400.0,88800.0,204500.0,City Parcel Master,2022-01-01,2022
73-56,2020,287000.0,88800.0,190100.0,NHDRA,2020-01-01,2020
73-57,2022,407500.0,93100.0,291000.0,City Parcel Master,2022-01-01,2022
73-57,2020,404300.0,93100.0,287900.0,NHDRA,2020-01-01,2020
73-58,2022,272000.0,91400.0,177900.0,City Parcel Master,2022-01-01,2022
73-58,2020,272000.0,91400.0,177900.0,NHDRA,2020-01-01,2020
73-59,2022,327200.0,91400.0,235800.0,City Parcel Master,2022-01-01,2022
73-59,2020,327200.0,91400.0,235800.0,NHDRA,2020-01-01,2020
73-60,2022,378100.0,92100.0,286000.0,City Parcel Master,2022-01-01,2022
73-60,2020,378100.0,92100.0,286000.0,NHDRA,2020-01-01,2020
73-61,2022,308600.0,93100.0,215500.0,City Parcel Master,2022-01-01,2022
73-61,2020,403900.0,93100.0,310800.0,NHDRA,2020-01-01,2020
73-62,2022,261800.0,92100.0,168700.0,City Parcel Master,2022-01-01,2022
73-62,2020,261800.0,92100.0,168700.0,NHDRA,2020-01-01,2020
73-63,2022,364400.0,105000.0,249300.0,City Parcel Master,2022-01-01,2022
73-63,2020,364400.0,105000.0,249300.0,NHDRA,2020-01-01,2020
73-64,2022,727900.0,110900.0,601500.0,City Parcel Master,2022-01-01,2022
73-64,2020,728000.0,111000.0,601500.0,NHDRA,2020-01-01,2020
73-65,2022,331400.0,95000.0,222500.0,City Parcel Master,2022-01-01,2022
73-65,2020,363800.0,127400.0,222500.0,NHDRA,2020-01-01,2020
73-65-100,2022,261300.0,261300.0,0.0,City Parcel Master,2022-01-01,2022
73-65-100,2020,,,,NHDRA,2020-01-01,2020
73-67,2022,393300.0,137600.0,216900.0,City Parcel Master,2022-01-01,2022
73-67,2020,393400.0,137700.0,216900.0,NHDRA,2020-01-01,2020
73-68,2022,411600.0,129500.0,276200.0,City Parcel Master,2022-01-01,2022
73-68,2020,411800.0,129700.0,276200.0,NHDRA,2020-01-01,2020
73-69,2022,463900.0,127200.0,328700.0,City Parcel Master,2022-01-01,2022
73-69,2020,463700.0,127000.0,328700.0,NHDRA,2020-01-01,2020
73-70,2022,732800.0,126300.0,604400.0,City Parcel Master,2022-01-01,2022
73-70,2020,736900.0,133100.0,601700.0,NHDRA,2020-01-01,2020
73-70-100,2022,100300.0,100300.0,0.0,City Parcel Master,2022-01-01,2022
73-70-100,2020,736900.0,133100.0,601700.0,NHDRA,2020-01-01,2020
73-71,2022,434500.0,122200.0,307500.0,City Parcel Master,2022-01-01,2022
73-71,2020,409100.0,122200.0,282100.0,NHDRA,2020-01-01,2020
73-72,2022,311700.0,96100.0,215300.0,City Parcel Master,2022-01-01,2022
73-72,2020,289600.0,96000.0,193300.0,NHDRA,2020-01-01,2020
73-73,2022,365800.0,104400.0,261400.0,City Parcel Master,2022-01-01,2022
73-73,2020,344600.0,104400.0,240200.0,NHDRA,2020-01-01,2020
73-74,2022,322600.0,120100.0,201200.0,City Parcel Master,2022-01-01,2022
73-74,2020,322600.0,120100.0,201200.0,NHDRA,2020-01-01,2020
73-75,2022,263500.0,120100.0,138900.0,City Parcel Master,2022-01-01,2022
73-75,2020,263500.0,120100.0,138900.0,NHDRA,2020-01-01,2020
73-76,2022,331900.0,106200.0,223200.0,City Parcel Master,2022-01-01,2022
73-76,2020,331900.0,106200.0,223200.0,NHDRA,2020-01-01,2020
73-77-101,2022,230900.0,0.0,230500.0,City Parcel Master,2022-01-01,2022
73-77-101,2020,230900.0,0.0,230500.0,NHDRA,2020-01-01,2020
73-77-203,2022,219200.0,0.0,219200.0,City Parcel Master,2022-01-01,2022
73-77-203,2020,219200.0,0.0,219200.0,NHDRA,2020-01-01,2020
73-77-301,2022,241300.0,0.0,241300.0,City Parcel Master,2022-01-01,2022
73-77-301,2020,241300.0,0.0,241300.0,NHDRA,2020-01-01,2020
73-77-403,2022,232000.0,0.0,232000.0,City Parcel Master,2022-01-01,2022
73-77-403,2020,232000.0,0.0,232000.0,NHDRA,2020-01-01,2020
73-77-501,2022,223100.0,0.0,223100.0,City Parcel Master,2022-01-01,2022
73-77-501,2020,231900.0,0.0,231900.0,NHDRA,2020-01-01,2020
73-77-603,2022,225000.0,0.0,225000.0,City Parcel Master,2022-01-01,2022
73-77-603,2020,225000.0,0.0,225000.0,NHDRA,2020-01-01,2020
73-77-701,2022,201600.0,0.0,201600.0,City Parcel Master,2022-01-01,2022
73-77-701,2020,245300.0,0.0,201600.0,NHDRA,2020-01-01,2020
73-77-803,2022,201100.0,0.0,201100.0,City Parcel Master,2022-01-01,2022
73-77-803,2020,201100.0,0.0,201100.0,NHDRA,2020-01-01,2020
73-77-902,2022,201900.0,0.0,201900.0,City Parcel Master,2022-01-01,2022
73-77-902,2020,201900.0,0.0,201900.0,NHDRA,2020-01-01,2020
73-77-1004,2022,247300.0,0.0,246400.0,City Parcel Master,2022-01-01,2022
73-77-1004,2020,226800.0,0.0,226800.0,NHDRA,2020-01-01,2020
73-77-1102,2022,207900.0,0.0,207900.0,City Parcel Master,2022-01-01,2022
73-77-1102,2020,208100.0,0.0,208100.0,NHDRA,2020-01-01,2020
73-77-1204,2022,222300.0,0.0,222300.0,City Parcel Master,2022-01-01,2022
73-77-1204,2020,217700.0,0.0,217700.0,NHDRA,2020-01-01,2020
73-77-1302,2022,233000.0,0.0,233000.0,City Parcel Master,2022-01-01,2022
73-77-1302,2020,233300.0,0.0,233300.0,NHDRA,2020-01-01,2020
73-77-1404,2022,202200.0,0.0,202200.0,City Parcel Master,2022-01-01,2022
73-77-1404,2020,202200.0,0.0,202200.0,NHDRA,2020-01-01,2020
73-77-1502,2022,216900.0,0.0,216900.0,City Parcel Master,2022-01-01,2022
73-77-1502,2020,215600.0,0.0,215600.0,NHDRA,2020-01-01,2020
73-77-1604,2022,198700.0,0.0,198700.0,City Parcel Master,2022-01-01,2022
73-77-1604,2020,198700.0,0.0,198700.0,NHDRA,2020-01-01,2020
73-77-1709,2022,268300.0,0.0,268300.0,City Parcel Master,2022-01-01,2022
73-77-1709,2020,268300.0,0.0,268300.0,NHDRA,2020-01-01,2020
73-77-1805,2022,207100.0,0.0,207100.0,City Parcel Master,2022-01-01,2022
73-77-1805,2020,207100.0,0.0,207100.0,NHDRA,2020-01-01,2020
73-77-1909,2022,252200.0,0.0,251400.0,City Parcel Master,2022-01-01,2022
73-77-1909,2020,252100.0,0.0,252100.0,NHDRA,2020-01-01,2020
73-77-2005,2022,237900.0,0.0,237900.0,City Parcel Master,2022-01-01,2022
73-77-2005,2020,237900.0,0.0,237900.0,NHDRA,2020-01-01,2020
73-77-2109,2022,217100.0,0.0,217100.0,City Parcel Master,2022-01-01,2022
73-77-2109,2020,217100.0,0.0,217100.0,NHDRA,2020-01-01,2020
73-77-2205,2022,214600.0,0.0,214600.0,City Parcel Master,2022-01-01,2022
73-77-2205,2020,214600.0,0.0,214600.0,NHDRA,2020-01-01,2020
73-77-2309,2022,263500.0,0.0,263500.0,City Parcel Master,2022-01-01,2022
73-77-2309,2020,263500.0,0.0,263500.0,NHDRA,2020-01-01,2020
73-77-2405,2022,223800.0,0.0,223800.0,City Parcel Master,2022-01-01,2022
73-77-2405,2020,223800.0,0.0,223800.0,NHDRA,2020-01-01,2020
73-77-2508,2022,250400.0,0.0,250400.0,City Parcel Master,2022-01-01,2022
73-77-2508,2020,250400.0,0.0,250400.0,NHDRA,2020-01-01,2020
73-77-2606,2022,205100.0,0.0,205100.0,City Parcel Master,2022-01-01,2022
73-77-2606,2020,205100.0,0.0,205100.0,NHDRA,2020-01-01,2020
73-77-2708,2022,216500.0,0.0,216500.0,City Parcel Master,2022-01-01,2022
73-77-2708,2020,216500.0,0.0,216500.0,NHDRA,2020-01-01,2020
73-77-2806,2022,222000.0,0.0,222000.0,City Parcel Master,2022-01-01,2022
73-77-2806,2020,222000.0,0.0,222000.0,NHDRA,2020-01-01,2020
73-77-2908,2022,242300.0,0.0,242300.0,City Parcel Master,2022-01-01,2022
73-77-2908,2020,242300.0,0.0,242300.0,NHDRA,2020-01-01,2020
73-77-3006,2022,237900.0,0.0,237900.0,City Parcel Master,2022-01-01,2022
73-77-3006,2020,237900.0,0.0,237900.0,NHDRA,2020-01-01,2020
73-77-3108,2022,256000.0,0.0,256000.0,City Parcel Master,2022-01-01,2022
73-77-3108,2020,256000.0,0.0,256000.0,NHDRA,2020-01-01,2020
73-77-3206,2022,266100.0,0.0,266100.0,City Parcel Master,2022-01-01,2022
73-77-3206,2020,266100.0,0.0,266100.0,NHDRA,2020-01-01,2020
73-77-3307,2022,261300.0,0.0,261300.0,City Parcel Master,2022-01-01,2022
73-77-3307,2020,261300.0,0.0,261300.0,NHDRA,2020-01-01,2020
73-77-3415,2022,248900.0,0.0,248900.0,City Parcel Master,2022-01-01,2022
73-77-3415,2020,248900.0,0.0,248900.0,NHDRA,2020-01-01,2020
73-77-3507,2022,217400.0,0.0,217400.0,City Parcel Master,2022-01-01,2022
73-77-3507,2020,217400.0,0.0,217400.0,NHDRA,2020-01-01,2020
73-77-3615,2022,252500.0,0.0,252500.0,City Parcel Master,2022-01-01,2022
73-77-3615,2020,252500.0,0.0,252500.0,NHDRA,2020-01-01,2020
73-77-3707,2022,233600.0,0.0,233600.0,City Parcel Master,2022-01-01,2022
73-77-3707,2020,233600.0,0.0,233600.0,NHDRA,2020-01-01,2020
73-77-3815,2022,216500.0,0.0,216500.0,City Parcel Master,2022-01-01,2022
73-77-3815,2020,216500.0,0.0,216500.0,NHDRA,2020-01-01,2020
73-77-3907,2022,273700.0,0.0,273700.0,City Parcel Master,2022-01-01,2022
73-77-3907,2020,273700.0,0.0,273700.0,NHDRA,2020-01-01,2020
73-77-4015,2022,265400.0,0.0,265400.0,City Parcel Master,2022-01-01,2022
73-77-4015,2020,265400.0,0.0,265400.0,NHDRA,2020-01-01,2020
73-77-4110,2022,246400.0,0.0,246400.0,City Parcel Master,2022-01-01,2022
73-77-4110,2020,246400.0,0.0,246400.0,NHDRA,2020-01-01,2020
73-77-4214,2022,257400.0,0.0,257400.0,City Parcel Master,2022-01-01,2022
73-77-4214,2020,257400.0,0.0,257400.0,NHDRA,2020-01-01,2020
73-77-4310,2022,239000.0,0.0,239000.0,City Parcel Master,2022-01-01,2022
73-77-4310,2020,239000.0,0.0,239000.0,NHDRA,2020-01-01,2020
73-77-4414,2022,224200.0,0.0,224200.0,City Parcel Master,2022-01-01,2022
73-77-4414,2020,224200.0,0.0,224200.0,NHDRA,2020-01-01,2020
73-77-4510,2022,225200.0,0.0,225200.0,City Parcel Master,2022-01-01,2022
73-77-4510,2020,225200.0,0.0,225200.0,NHDRA,2020-01-01,2020
73-77-4614,2022,231200.0,0.0,231200.0,City Parcel Master,2022-01-01,2022
73-77-4614,2020,231200.0,0.0,231200.0,NHDRA,2020-01-01,2020
73-77-4710,2022,270800.0,0.0,270800.0,City Parcel Master,2022-01-01,2022
73-77-4710,2020,261200.0,0.0,261200.0,NHDRA,2020-01-01,2020
73-77-4814,2022,260400.0,0.0,260400.0,City Parcel Master,2022-01-01,2022
73-77-4814,2020,260400.0,0.0,260400.0,NHDRA,2020-01-01,2020
73-77-4911,2022,266400.0,0.0,266400.0,City Parcel Master,2022-01-01,2022
73-77-4911,2020,266400.0,0.0,266400.0,NHDRA,2020-01-01,2020
73-77-5013,2022,268500.0,0.0,268500.0,City Parcel Master,2022-01-01,2022
73-77-5013,2020,268500.0,0.0,268500.0,NHDRA,2020-01-01,2020
73-77-5111,2022,237700.0,0.0,237700.0,City Parcel Master,2022-01-01,2022
73-77-5111,2020,237500.0,0.0,237500.0,NHDRA,2020-01-01,2020
73-77-5213,2022,232700.0,0.0,232700.0,City Parcel Master,2022-01-01,2022
73-77-5213,2020,232700.0,0.0,232700.0,NHDRA,2020-01-01,2020
73-77-5311,2022,269100.0,0.0,269100.0,City Parcel Master,2022-01-01,2022
73-77-5311,2020,269100.0,0.0,269100.0,NHDRA,2020-01-01,2020
73-77-5413,2022,251700.0,0.0,251700.0,City Parcel Master,2022-01-01,2022
73-77-5413,2020,251700.0,0.0,251700.0,NHDRA,2020-01-01,2020
73-77-5511,2022,269600.0,0.0,269600.0,City Parcel Master,2022-01-01,2022
73-77-5511,2020,269600.0,0.0,269600.0,NHDRA,2020-01-01,2020
73-77-5613,2022,250100.0,0.0,250100.0,City Parcel Master,2022-01-01,2022
73-77-5613,2020,250100.0,0.0,250100.0,NHDRA,2020-01-01,2020
73-77-5712,2022,265400.0,0.0,265400.0,City Parcel Master,2022-01-01,2022
73-77-5712,2020,265400.0,0.0,265400.0,NHDRA,2020-01-01,2020
73-77-5816,2022,262100.0,0.0,262100.0,City Parcel Master,2022-01-01,2022
73-77-5816,2020,262100.0,0.0,262100.0,NHDRA,2020-01-01,2020
73-77-5912,2022,247400.0,0.0,247400.0,City Parcel Master,2022-01-01,2022
73-77-5912,2020,247400.0,0.0,247400.0,NHDRA,2020-01-01,2020
73-77-6016,2022,222300.0,0.0,222300.0,City Parcel Master,2022-01-01,2022
73-77-6016,2020,222300.0,0.0,222300.0,NHDRA,2020-01-01,2020
73-77-6112,2022,220200.0,0.0,220200.0,City Parcel Master,2022-01-01,2022
73-77-6112,2020,220200.0,0.0,220200.0,NHDRA,2020-01-01,2020
73-77-6216,2022,237900.0,0.0,237900.0,City Parcel Master,2022-01-01,2022
73-77-6216,2020,237900.0,0.0,237900.0,NHDRA,2020-01-01,2020
73-77-6312,2022,261300.0,0.0,261300.0,City Parcel Master,2022-01-01,2022
73-77-6312,2020,261300.0,0.0,261300.0,NHDRA,2020-01-01,2020
73-77-6416,2022,263800.0,0.0,263800.0,City Parcel Master,2022-01-01,2022
73-77-6416,2020,263800.0,0.0,263800.0,NHDRA,2020-01-01,2020
73-78,2022,381200.0,135600.0,245600.0,City Parcel Master,2022-01-01,2022
73-78,2020,357300.0,135700.0,221600.0,NHDRA,2020-01-01,2020
73-79,2022,280600.0,74900.0,205700.0,City Parcel Master,2022-01-01,2022
73-79,2020,277000.0,74900.0,202100.0,NHDRA,2020-01-01,2020
73-80,2022,313100.0,85600.0,227400.0,City Parcel Master,2022-01-01,2022
73-80,2020,313100.0,85600.0,227400.0,NHDRA,2020-01-01,2020
73-81,2022,265900.0,81200.0,177100.0,City Parcel Master,2022-01-01,2022
73-81,2020,265900.0,81200.0,177100.0,NHDRA,2020-01-01,2020
73-82,2022,283000.0,88400.0,194600.0,City Parcel Master,2022-01-01,2022
73-82,2020,283000.0,88400.0,194600.0,NHDRA,2020-01-01,2020
73-83,2022,312700.0,86200.0,226500.0,City Parcel Master,2022-01-01,2022
73-83,2020,312700.0,86200.0,226500.0,NHDRA,2020-01-01,2020
73-84,2022,340800.0,86800.0,254000.0,City Parcel Master,2022-01-01,2022
73-84,2020,340900.0,86900.0,254000.0,NHDRA,2020-01-01,2020
73-85,2022,337200.0,102100.0,227200.0,City Parcel Master,2022-01-01,2022
73-85,2020,337100.0,102000.0,227200.0,NHDRA,2020-01-01,2020
73-86,2022,323700.0,92100.0,220100.0,City Parcel Master,2022-01-01,2022
73-86,2020,311100.0,92100.0,207500.0,NHDRA,2020-01-01,2020
73-87,2022,363200.0,99100.0,260800.0,City Parcel Master,2022-01-01,2022
73-87,2020,363100.0,99000.0,260800.0,NHDRA,2020-01-01,2020
73-88,2022,377200.0,106000.0,270900.0,City Parcel Master,2022-01-01,2022
73-88,2020,2033800.0,122200.0,1889400.0,NHDRA,2020-01-01,2020
73-88-E,2022,1197300.0,286800.0,884200.0,City Parcel Master,2022-01-01,2022
73-88-E,2020,,,,NHDRA,2020-01-01,2020
73-89,2022,291000.0,113800.0,177000.0,City Parcel Master,2022-01-01,2022
73-89,2020,291200.0,114000.0,177000.0,NHDRA,2020-01-01,2020
73-90,2022,227600.0,77600.0,0.0,City Parcel Master,2022-01-01,2022
73-90,2020,227500.0,77500.0,0.0,NHDRA,2020-01-01,2020
73-91,2022,10503900.0,5451300.0,4854300.0,City Parcel Master,2022-01-01,2022
73-91,2020,10486000.0,5451300.0,4854300.0,NHDRA,2020-01-01,2020
73-92,2022,346700.0,112900.0,233800.0,City Parcel Master,2022-01-01,2022
73-92,2020,349800.0,132400.0,217400.0,NHDRA,2020-01-01,2020
73-93,2022,5358800.0,1686900.0,3541000.0,City Parcel Master,2022-01-01,2022
73-93,2020,5299600.0,1686900.0,3483000.0,NHDRA,2020-01-01,2020
73-94,2022,1112600.0,1108700.0,0.0,City Parcel Master,2022-01-01,2022
73-94,2020,1112600.0,1108700.0,0.0,NHDRA,2020-01-01,2020
73-95,2022,1656322.0,3459600.0,-1862478.0,City Parcel Master,2022-01-01,2022
73-95,2020,1866768.0,3601400.0,-1793832.0,NHDRA,2020-01-01,2020
73-96,2022,1656322.0,3466000.0,-1897178.0,City Parcel Master,2022-01-01,2022
73-96,2020,1866768.0,3466000.0,-1686732.0,NHDRA,2020-01-01,2020
73-97,2022,1327400.0,633500.0,670100.0,City Parcel Master,2022-01-01,2022
73-97,2020,1240600.0,633500.0,606100.0,NHDRA,2020-01-01,2020
74-1-100,2022,303600.0,99200.0,204400.0,City Parcel Master,2022-01-01,2022
74-1-100,2020,303600.0,99200.0,204400.0,NHDRA,2020-01-01,2020
74-1-200,2022,735600.0,149500.0,540100.0,City Parcel Master,2022-01-01,2022
74-1-200,2020,690300.0,149500.0,529900.0,NHDRA,2020-01-01,2020
74-3-101,2022,7900.0,7900.0,0.0,City Parcel Master,2022-01-01,2022
74-3-101,2020,7900.0,7900.0,0.0,NHDRA,2020-01-01,2020
74-3-102,2022,8900.0,8900.0,0.0,City Parcel Master,2022-01-01,2022
74-3-102,2020,8900.0,8900.0,0.0,NHDRA,2020-01-01,2020
74-3-103,2022,7900.0,7900.0,0.0,City Parcel Master,2022-01-01,2022
74-3-103,2020,7900.0,7900.0,0.0,NHDRA,2020-01-01,2020
74-3-104,2022,11200.0,11200.0,0.0,City Parcel Master,2022-01-01,2022
74-3-104,2020,11200.0,11200.0,0.0,NHDRA,2020-01-01,2020
74-3-105,2022,7900.0,7900.0,0.0,City Parcel Master,2022-01-01,2022
74-3-105,2020,7900.0,7900.0,0.0,NHDRA,2020-01-01,2020
74-3-106,2022,7800.0,7800.0,0.0,City Parcel Master,2022-01-01,2022
74-3-106,2020,7800.0,7800.0,0.0,NHDRA,2020-01-01,2020
74-3-107,2022,8100.0,8100.0,0.0,City Parcel Master,2022-01-01,2022
74-3-107,2020,8100.0,8100.0,0.0,NHDRA,2020-01-01,2020
74-3-108,2022,8100.0,8100.0,0.0,City Parcel Master,2022-01-01,2022
74-3-108,2020,8100.0,8100.0,0.0,NHDRA,2020-01-01,2020
74-3-109,2022,10000.0,10000.0,0.0,City Parcel Master,2022-01-01,2022
74-3-109,2020,10000.0,10000.0,0.0,NHDRA,2020-01-01,2020
74-3-110,2022,7900.0,7900.0,0.0,City Parcel Master,2022-01-01,2022
74-3-110,2020,7900.0,7900.0,0.0,NHDRA,2020-01-01,2020
74-3-111,2022,8000.0,8000.0,0.0,City Parcel Master,2022-01-01,2022
74-3-111,2020,8000.0,8000.0,0.0,NHDRA,2020-01-01,2020
74-3-112,2022,7800.0,7800.0,0.0,City Parcel Master,2022-01-01,2022
74-3-112,2020,7800.0,7800.0,0.0,NHDRA,2020-01-01,2020
74-3-113,2022,7300.0,7300.0,0.0,City Parcel Master,2022-01-01,2022
74-3-113,2020,7300.0,7300.0,0.0,NHDRA,2020-01-01,2020
74-3-114,2022,7300.0,7300.0,0.0,City Parcel Master,2022-01-01,2022
74-3-114,2020,7300.0,7300.0,0.0,NHDRA,2020-01-01,2020
74-3-115,2022,7800.0,7800.0,0.0,City Parcel Master,2022-01-01,2022
74-3-115,2020,7800.0,7800.0,0.0,NHDRA,2020-01-01,2020
74-3-116,2022,8100.0,8100.0,0.0,City Parcel Master,2022-01-01,2022
74-3-116,2020,8100.0,8100.0,0.0,NHDRA,2020-01-01,2020
74-3-117,2022,8100.0,8100.0,0.0,City Parcel Master,2022-01-01,2022
74-3-117,2020,8100.0,8100.0,0.0,NHDRA,2020-01-01,2020
74-3-118,2022,8000.0,8000.0,0.0,City Parcel Master,2022-01-01,2022
74-3-118,2020,8000.0,8000.0,0.0,NHDRA,2020-01-01,2020
74-3-119,2022,7900.0,7900.0,0.0,City Parcel Master,2022-01-01,2022
74-3-119,2020,7900.0,7900.0,0.0,NHDRA,2020-01-01,2020
74-3-120,2022,7800.0,7800.0,0.0,City Parcel Master,2022-01-01,2022
74-3-120,2020,7800.0,7800.0,0.0,NHDRA,2020-01-01,2020
74-3-121,2022,7800.0,7800.0,0.0,City Parcel Master,2022-01-01,2022
74-3-121,2020,7800.0,7800.0,0.0,NHDRA,2020-01-01,2020
74-3-122,2022,8200.0,8200.0,0.0,City Parcel Master,2022-01-01,2022
74-3-122,2020,8200.0,8200.0,0.0,NHDRA,2020-01-01,2020
74-3-123,2022,8000.0,8000.0,0.0,City Parcel Master,2022-01-01,2022
74-3-123,2020,8000.0,8000.0,0.0,NHDRA,2020-01-01,2020
74-3-124,2022,7900.0,7900.0,0.0,City Parcel Master,2022-01-01,2022
74-3-124,2020,7900.0,7900.0,0.0,NHDRA,2020-01-01,2020
74-3-125,2022,8800.0,8800.0,0.0,City Parcel Master,2022-01-01,2022
74-3-125,2020,8800.0,8800.0,0.0,NHDRA,2020-01-01,2020
74-3-126,2022,7500.0,7500.0,0.0,City Parcel Master,2022-01-01,2022
74-3-126,2020,7500.0,7500.0,0.0,NHDRA,2020-01-01,2020
74-3-127,2022,7600.0,7600.0,0.0,City Parcel Master,2022-01-01,2022
74-3-127,2020,7600.0,7600.0,0.0,NHDRA,2020-01-01,2020
74-3-128,2022,7700.0,7700.0,0.0,City Parcel Master,2022-01-01,2022
74-3-128,2020,7700.0,7700.0,0.0,NHDRA,2020-01-01,2020
74-3-129,2022,8100.0,8100.0,0.0,City Parcel Master,2022-01-01,2022
74-3-129,2020,8100.0,8100.0,0.0,NHDRA,2020-01-01,2020
74-3-130,2022,7700.0,7700.0,0.0,City Parcel Master,2022-01-01,2022
74-3-130,2020,7700.0,7700.0,0.0,NHDRA,2020-01-01,2020
74-3-131,2022,7600.0,7600.0,0.0,City Parcel Master,2022-01-01,2022
74-3-131,2020,7600.0,7600.0,0.0,NHDRA,2020-01-01,2020
74-3-132,2022,7700.0,7700.0,0.0,City Parcel Master,2022-01-01,2022
74-3-132,2020,7700.0,7700.0,0.0,NHDRA,2020-01-01,2020
74-3-133,2022,7700.0,7700.0,0.0,City Parcel Master,2022-01-01,2022
74-3-133,2020,7700.0,7700.0,0.0,NHDRA,2020-01-01,2020
74-3-134,2022,7600.0,7600.0,0.0,City Parcel Master,2022-01-01,2022
74-3-134,2020,7600.0,7600.0,0.0,NHDRA,2020-01-01,2020
74-3-135,2022,9000.0,9000.0,0.0,City Parcel Master,2022-01-01,2022
74-3-135,2020,9000.0,9000.0,0.0,NHDRA,2020-01-01,2020
74-3-136,2022,9000.0,9000.0,0.0,City Parcel Master,2022-01-01,2022
74-3-136,2020,9000.0,9000.0,0.0,NHDRA,2020-01-01,2020
74-3-137,2022,95500.0,95500.0,0.0,City Parcel Master,2022-01-01,2022
74-3-137,2020,38200.0,38200.0,0.0,NHDRA,2020-01-01,2020
74-3-138,2022,95500.0,95500.0,0.0,City Parcel Master,2022-01-01,2022
74-3-138,2020,38200.0,38200.0,0.0,NHDRA,2020-01-01,2020
74-3-139,2022,95300.0,95300.0,0.0,City Parcel Master,2022-01-01,2022
74-3-139,2020,38100.0,38100.0,0.0,NHDRA,2020-01-01,2020
74-3-140,2022,7500.0,7500.0,0.0,City Parcel Master,2022-01-01,2022
74-3-140,2020,7500.0,7500.0,0.0,NHDRA,2020-01-01,2020
74-3-141,2022,7500.0,7500.0,0.0,City Parcel Master,2022-01-01,2022
74-3-141,2020,7500.0,7500.0,0.0,NHDRA,2020-01-01,2020
74-3-142,2022,7600.0,7600.0,0.0,City Parcel Master,2022-01-01,2022
74-3-142,2020,7600.0,7600.0,0.0,NHDRA,2020-01-01,2020
74-3-143,2022,354600.0,354600.0,0.0,City Parcel Master,2022-01-01,2022
74-3-143,2020,417200.0,417200.0,0.0,NHDRA,2020-01-01,2020
74-3-144,2022,7600.0,7600.0,0.0,City Parcel Master,2022-01-01,2022
74-3-144,2020,7600.0,7600.0,0.0,NHDRA,2020-01-01,2020
74-3-145,2022,7600.0,7600.0,0.0,City Parcel Master,2022-01-01,2022
74-3-145,2020,7600.0,7600.0,0.0,NHDRA,2020-01-01,2020
74-3-146,2022,7600.0,7600.0,0.0,City Parcel Master,2022-01-01,2022
74-3-146,2020,7600.0,7600.0,0.0,NHDRA,2020-01-01,2020
74-3-147,2022,523800.0,94900.0,428900.0,City Parcel Master,2022-01-01,2022
74-3-147,2020,466800.0,37900.0,428900.0,NHDRA,2020-01-01,2020
74-3-148,2022,546000.0,96600.0,449400.0,City Parcel Master,2022-01-01,2022
74-3-148,2020,498500.0,38600.0,459900.0,NHDRA,2020-01-01,2020
74-3-149,2022,471500.0,95400.0,376100.0,City Parcel Master,2022-01-01,2022
74-3-149,2020,414200.0,38100.0,376100.0,NHDRA,2020-01-01,2020
74-3-150,2022,437800.0,94400.0,343400.0,City Parcel Master,2022-01-01,2022
74-3-150,2020,381100.0,37700.0,343400.0,NHDRA,2020-01-01,2020
74-3-151,2022,443100.0,93100.0,350000.0,City Parcel Master,2022-01-01,2022
74-3-151,2020,387200.0,37200.0,350000.0,NHDRA,2020-01-01,2020
74-3-152,2022,495000.0,93200.0,401800.0,City Parcel Master,2022-01-01,2022
74-3-152,2020,439100.0,37300.0,401800.0,NHDRA,2020-01-01,2020
74-3-153,2022,497400.0,98000.0,399400.0,City Parcel Master,2022-01-01,2022
74-3-153,2020,446200.0,39200.0,407000.0,NHDRA,2020-01-01,2020
74-3-154,2022,559800.0,94100.0,465700.0,City Parcel Master,2022-01-01,2022
74-3-154,2020,37600.0,37600.0,0.0,NHDRA,2020-01-01,2020
74-3-155,2022,451200.0,94200.0,357000.0,City Parcel Master,2022-01-01,2022
74-3-155,2020,37700.0,37700.0,0.0,NHDRA,2020-01-01,2020
74-3-156,2022,488300.0,92600.0,395700.0,City Parcel Master,2022-01-01,2022
74-3-156,2020,37100.0,37100.0,0.0,NHDRA,2020-01-01,2020
74-3-157,2022,481400.0,92800.0,388600.0,City Parcel Master,2022-01-01,2022
74-3-157,2020,37100.0,37100.0,0.0,NHDRA,2020-01-01,2020
74-3-158,2022,449800.0,92500.0,357300.0,City Parcel Master,2022-01-01,2022
74-3-158,2020,37000.0,37000.0,0.0,NHDRA,2020-01-01,2020
74-3-159,2022,463800.0,92500.0,371300.0,City Parcel Master,2022-01-01,2022
74-3-159,2020,145700.0,37000.0,108700.0,NHDRA,2020-01-01,2020
74-3-160,2022,526400.0,92500.0,433900.0,City Parcel Master,2022-01-01,2022
74-3-160,2020,470900.0,37000.0,433900.0,NHDRA,2020-01-01,2020
74-3-161,2022,488300.0,92600.0,395700.0,City Parcel Master,2022-01-01,2022
74-3-161,2020,429300.0,37000.0,392300.0,NHDRA,2020-01-01,2020
74-3-162,2022,468900.0,94700.0,373800.0,City Parcel Master,2022-01-01,2022
74-3-162,2020,411100.0,37900.0,373200.0,NHDRA,2020-01-01,2020
74-3-163,2022,518400.0,94800.0,423600.0,City Parcel Master,2022-01-01,2022
74-3-163,2020,461500.0,37900.0,423600.0,NHDRA,2020-01-01,2020
74-3-164,2022,505500.0,99500.0,405400.0,City Parcel Master,2022-01-01,2022
74-3-164,2020,505600.0,99600.0,405400.0,NHDRA,2020-01-01,2020
74-3-165,2022,683700.0,94400.0,588800.0,City Parcel Master,2022-01-01,2022
74-3-165,2020,683600.0,94300.0,588800.0,NHDRA,2020-01-01,2020
74-3-166,2022,592900.0,97000.0,494500.0,City Parcel Master,2022-01-01,2022
74-3-166,2020,592900.0,97000.0,494500.0,NHDRA,2020-01-01,2020
74-3-167,2022,435600.0,95300.0,340300.0,City Parcel Master,2022-01-01,2022
74-3-167,2020,433900.0,95300.0,338600.0,NHDRA,2020-01-01,2020
74-3-168,2022,470600.0,96600.0,374000.0,City Parcel Master,2022-01-01,2022
74-3-168,2020,461400.0,96500.0,364900.0,NHDRA,2020-01-01,2020
74-3-169,2022,383800.0,99300.0,283800.0,City Parcel Master,2022-01-01,2022
74-3-169,2020,383800.0,99300.0,283800.0,NHDRA,2020-01-01,2020
74-3-170,2022,98800.0,98800.0,0.0,City Parcel Master,2022-01-01,2022
74-3-170,2020,39600.0,39600.0,0.0,NHDRA,2020-01-01,2020
74-3-171,2022,452200.0,99300.0,352900.0,City Parcel Master,2022-01-01,2022
74-3-171,2020,452100.0,99200.0,352900.0,NHDRA,2020-01-01,2020
74-3-172,2022,101300.0,101300.0,0.0,City Parcel Master,2022-01-01,2022
74-3-172,2020,40600.0,40600.0,0.0,NHDRA,2020-01-01,2020
74-3-173,2022,483900.0,100300.0,383600.0,City Parcel Master,2022-01-01,2022
74-3-173,2020,484000.0,100400.0,383600.0,NHDRA,2020-01-01,2020
74-3-174,2022,93100.0,93100.0,0.0,City Parcel Master,2022-01-01,2022
74-3-174,2020,37300.0,37300.0,0.0,NHDRA,2020-01-01,2020
74-3-175,2022,510400.0,97400.0,413000.0,City Parcel Master,2022-01-01,2022
74-3-175,2020,510400.0,97400.0,413000.0,NHDRA,2020-01-01,2020
74-3-176,2022,524400.0,100500.0,423900.0,City Parcel Master,2022-01-01,2022
74-3-176,2020,524400.0,100500.0,423900.0,NHDRA,2020-01-01,2020
74-3-177,2022,545100.0,97100.0,448000.0,City Parcel Master,2022-01-01,2022
74-3-177,2020,545100.0,97100.0,448000.0,NHDRA,2020-01-01,2020
74-3-178,2022,515500.0,97200.0,418300.0,City Parcel Master,2022-01-01,2022
74-3-178,2020,515500.0,97200.0,418300.0,NHDRA,2020-01-01,2020
74-3-179,2022,566400.0,95500.0,470900.0,City Parcel Master,2022-01-01,2022
74-3-179,2020,509100.0,38200.0,470900.0,NHDRA,2020-01-01,2020
74-3-180,2022,526200.0,95500.0,430700.0,City Parcel Master,2022-01-01,2022
74-3-180,2020,468900.0,38200.0,430700.0,NHDRA,2020-01-01,2020
74-3-181,2022,468900.0,93000.0,375900.0,City Parcel Master,2022-01-01,2022
74-3-181,2020,404300.0,37200.0,367100.0,NHDRA,2020-01-01,2020
74-3-182,2022,413600.0,92500.0,321100.0,City Parcel Master,2022-01-01,2022
74-3-182,2020,408200.0,92500.0,315700.0,NHDRA,2020-01-01,2020
74-3-183,2022,514400.0,92100.0,422100.0,City Parcel Master,2022-01-01,2022
74-3-183,2020,142300.0,36800.0,105500.0,NHDRA,2020-01-01,2020
74-3-184,2022,380200.0,68700.0,311500.0,City Parcel Master,2022-01-01,2022
74-3-184,2020,27500.0,27500.0,0.0,NHDRA,2020-01-01,2020
74-3-185,2022,437600.0,91100.0,346500.0,City Parcel Master,2022-01-01,2022
74-3-185,2020,36500.0,36500.0,0.0,NHDRA,2020-01-01,2020
74-3-186,2022,446800.0,99200.0,347600.0,City Parcel Master,2022-01-01,2022
74-3-186,2020,29800.0,29800.0,0.0,NHDRA,2020-01-01,2020
74-3-187,2022,456600.0,98100.0,358500.0,City Parcel Master,2022-01-01,2022
74-3-187,2020,397700.0,39200.0,358500.0,NHDRA,2020-01-01,2020
74-3-188,2022,493900.0,97800.0,396100.0,City Parcel Master,2022-01-01,2022
74-3-188,2020,435300.0,39200.0,396100.0,NHDRA,2020-01-01,2020
74-3-189,2022,444700.0,94700.0,350000.0,City Parcel Master,2022-01-01,2022
74-3-189,2020,387900.0,37900.0,350000.0,NHDRA,2020-01-01,2020
74-3-190,2022,463000.0,93600.0,369400.0,City Parcel Master,2022-01-01,2022
74-3-190,2020,406900.0,37500.0,369400.0,NHDRA,2020-01-01,2020
74-3-191,2022,481200.0,98400.0,382800.0,City Parcel Master,2022-01-01,2022
74-3-191,2020,422200.0,39400.0,382800.0,NHDRA,2020-01-01,2020
74-3-192,2022,552500.0,94200.0,458300.0,City Parcel Master,2022-01-01,2022
74-3-192,2020,486700.0,37700.0,449000.0,NHDRA,2020-01-01,2020
74-3-193,2022,462300.0,93700.0,368600.0,City Parcel Master,2022-01-01,2022
74-3-193,2020,406100.0,37500.0,368600.0,NHDRA,2020-01-01,2020
74-3-194,2022,598600.0,95600.0,503000.0,City Parcel Master,2022-01-01,2022
74-3-194,2020,530000.0,38200.0,491800.0,NHDRA,2020-01-01,2020
74-3-195,2022,555200.0,98500.0,456700.0,City Parcel Master,2022-01-01,2022
74-3-195,2020,482200.0,39400.0,442800.0,NHDRA,2020-01-01,2020
74-3-196,2022,495500.0,98600.0,396900.0,City Parcel Master,2022-01-01,2022
74-3-196,2020,431400.0,39400.0,392000.0,NHDRA,2020-01-01,2020
74-3-197,2022,460800.0,97600.0,363200.0,City Parcel Master,2022-01-01,2022
74-3-197,2020,402300.0,39100.0,363200.0,NHDRA,2020-01-01,2020
74-3-198,2022,498400.0,96500.0,401900.0,City Parcel Master,2022-01-01,2022
74-3-198,2020,440500.0,38600.0,401900.0,NHDRA,2020-01-01,2020
74-3-199,2022,459300.0,96100.0,363200.0,City Parcel Master,2022-01-01,2022
74-3-199,2020,397300.0,38400.0,358900.0,NHDRA,2020-01-01,2020
74-3-200,2022,470000.0,96600.0,373400.0,City Parcel Master,2022-01-01,2022
74-3-200,2020,412000.0,38600.0,373400.0,NHDRA,2020-01-01,2020
74-3-201,2022,454200.0,97700.0,356500.0,City Parcel Master,2022-01-01,2022
74-3-201,2020,395600.0,39100.0,356500.0,NHDRA,2020-01-01,2020
74-3-202,2022,504500.0,98500.0,406000.0,City Parcel Master,2022-01-01,2022
74-3-202,2020,445300.0,39300.0,406000.0,NHDRA,2020-01-01,2020
74-3-203,2022,459700.0,97500.0,362200.0,City Parcel Master,2022-01-01,2022
74-3-203,2020,401300.0,39100.0,362200.0,NHDRA,2020-01-01,2020
74-3-204,2022,493500.0,92200.0,401300.0,City Parcel Master,2022-01-01,2022
74-3-204,2020,36900.0,36900.0,0.0,NHDRA,2020-01-01,2020
74-3-205,2022,529600.0,94500.0,435100.0,City Parcel Master,2022-01-01,2022
74-3-205,2020,70900.0,70900.0,0.0,NHDRA,2020-01-01,2020
74-3-206,2022,485500.0,95200.0,390300.0,City Parcel Master,2022-01-01,2022
74-3-206,2020,71400.0,71400.0,0.0,NHDRA,2020-01-01,2020
74-3-207,2022,538900.0,94000.0,444900.0,City Parcel Master,2022-01-01,2022
74-3-207,2020,70500.0,70500.0,0.0,NHDRA,2020-01-01,2020
74-3-208,2022,480000.0,95400.0,384600.0,City Parcel Master,2022-01-01,2022
74-3-208,2020,71600.0,71600.0,0.0,NHDRA,2020-01-01,2020
74-3-209,2022,294700.0,98700.0,196000.0,City Parcel Master,2022-01-01,2022
74-3-209,2020,74100.0,74100.0,0.0,NHDRA,2020-01-01,2020
74-3-301,2022,347000.0,0.0,347000.0,City Parcel Master,2022-01-01,2022
74-3-301,2020,347000.0,0.0,347000.0,NHDRA,2020-01-01,2020
74-3-302,2022,344000.0,0.0,344000.0,City Parcel Master,2022-01-01,2022
74-3-302,2020,344000.0,0.0,344000.0,NHDRA,2020-01-01,2020
74-3-303,2022,348100.0,0.0,348100.0,City Parcel Master,2022-01-01,2022
74-3-303,2020,348100.0,0.0,348100.0,NHDRA,2020-01-01,2020
74-3-304,2022,345200.0,0.0,345200.0,City Parcel Master,2022-01-01,2022
74-3-304,2020,345200.0,0.0,345200.0,NHDRA,2020-01-01,2020
74-3-311,2022,40000.0,40000.0,0.0,City Parcel Master,2022-01-01,2022
74-3-311,2020,40000.0,40000.0,0.0,NHDRA,2020-01-01,2020
74-3-312,2022,40000.0,40000.0,0.0,City Parcel Master,2022-01-01,2022
74-3-312,2020,40000.0,40000.0,0.0,NHDRA,2020-01-01,2020
74-3-313,2022,40000.0,40000.0,0.0,City Parcel Master,2022-01-01,2022
74-3-313,2020,40000.0,40000.0,0.0,NHDRA,2020-01-01,2020
74-3-314,2022,40000.0,40000.0,0.0,City Parcel Master,2022-01-01,2022
74-3-314,2020,40000.0,40000.0,0.0,NHDRA,2020-01-01,2020
74-3-321,2022,40000.0,40000.0,0.0,City Parcel Master,2022-01-01,2022
74-3-321,2020,40000.0,40000.0,0.0,NHDRA,2020-01-01,2020
74-3-322,2022,40000.0,40000.0,0.0,City Parcel Master,2022-01-01,2022
74-3-322,2020,40000.0,40000.0,0.0,NHDRA,2020-01-01,2020
74-3-323,2022,40000.0,40000.0,0.0,City Parcel Master,2022-01-01,2022
74-3-323,2020,40000.0,40000.0,0.0,NHDRA,2020-01-01,2020
74-3-324,2022,40000.0,40000.0,0.0,City Parcel Master,2022-01-01,2022
74-3-324,2020,40000.0,40000.0,0.0,NHDRA,2020-01-01,2020
74-3-331,2022,40000.0,40000.0,0.0,City Parcel Master,2022-01-01,2022
74-3-331,2020,40000.0,40000.0,0.0,NHDRA,2020-01-01,2020
74-3-332,2022,40000.0,40000.0,0.0,City Parcel Master,2022-01-01,2022
74-3-332,2020,40000.0,40000.0,0.0,NHDRA,2020-01-01,2020
74-3-333,2022,40000.0,40000.0,0.0,City Parcel Master,2022-01-01,2022
74-3-333,2020,40000.0,40000.0,0.0,NHDRA,2020-01-01,2020
74-3-334,2022,40000.0,40000.0,0.0,City Parcel Master,2022-01-01,2022
74-3-334,2020,40000.0,40000.0,0.0,NHDRA,2020-01-01,2020
74-3-341,2022,40000.0,40000.0,0.0,City Parcel Master,2022-01-01,2022
74-3-341,2020,40000.0,40000.0,0.0,NHDRA,2020-01-01,2020
74-3-342,2022,40000.0,40000.0,0.0,City Parcel Master,2022-01-01,2022
74-3-342,2020,40000.0,40000.0,0.0,NHDRA,2020-01-01,2020
74-3-343,2022,40000.0,40000.0,0.0,City Parcel Master,2022-01-01,2022
74-3-343,2020,40000.0,40000.0,0.0,NHDRA,2020-01-01,2020
74-3-344,2022,40000.0,40000.0,0.0,City Parcel Master,2022-01-01,2022
74-3-344,2020,40000.0,40000.0,0.0,NHDRA,2020-01-01,2020
74-3-345,2022,40000.0,40000.0,0.0,City Parcel Master,2022-01-01,2022
74-3-345,2020,40000.0,40000.0,0.0,NHDRA,2020-01-01,2020
74-3-346,2022,40000.0,40000.0,0.0,City Parcel Master,2022-01-01,2022
74-3-346,2020,40000.0,40000.0,0.0,NHDRA,2020-01-01,2020
74-3-351,2022,40000.0,40000.0,0.0,City Parcel Master,2022-01-01,2022
74-3-351,2020,40000.0,40000.0,0.0,NHDRA,2020-01-01,2020
74-3-352,2022,40000.0,40000.0,0.0,City Parcel Master,2022-01-01,2022
74-3-352,2020,40000.0,40000.0,0.0,NHDRA,2020-01-01,2020
74-3-353,2022,40000.0,40000.0,0.0,City Parcel Master,2022-01-01,2022
74-3-353,2020,40000.0,40000.0,0.0,NHDRA,2020-01-01,2020
74-3-354,2022,40000.0,40000.0,0.0,City Parcel Master,2022-01-01,2022
74-3-354,2020,40000.0,40000.0,0.0,NHDRA,2020-01-01,2020
74-3-360,2022,405800.0,142000.0,245000.0,City Parcel Master,2022-01-01,2022
74-3-360,2020,405800.0,142000.0,245000.0,NHDRA,2020-01-01,2020
74-3-802,2022,11800.0,11800.0,0.0,City Parcel Master,2022-01-01,2022
74-3-802,2020,11800.0,11800.0,0.0,NHDRA,2020-01-01,2020
74-3-803,2022,1000.0,1000.0,0.0,City Parcel Master,2022-01-01,2022
74-3-803,2020,1000.0,1000.0,0.0,NHDRA,2020-01-01,2020
74-4,2022,500.0,500.0,0.0,City Parcel Master,2022-01-01,2022
74-4,2020,420.0,420.0,0.0,NHDRA,2020-01-01,2020
74-5,2022,489900.0,104500.0,380400.0,City Parcel Master,2022-01-01,2022
74-5,2020,503700.0,104500.0,394200.0,NHDRA,2020-01-01,2020
74-6,2022,269400.0,97600.0,171100.0,City Parcel Master,2022-01-01,2022
74-6,2020,276000.0,97600.0,177700.0,NHDRA,2020-01-01,2020
74-7,2022,17270.0,17270.0,0.0,City Parcel Master,2022-01-01,2022
74-7,2020,17270.0,17270.0,0.0,NHDRA,2020-01-01,2020
74-8-100,2022,221200.0,221200.0,0.0,City Parcel Master,2022-01-01,2022
74-8-100,2020,221200.0,221200.0,0.0,NHDRA,2020-01-01,2020
74-8-200,2022,1345.0,1345.0,0.0,City Parcel Master,2022-01-01,2022
74-8-200,2020,1345.0,1345.0,0.0,NHDRA,2020-01-01,2020
74-9,2022,324400.0,91400.0,233000.0,City Parcel Master,2022-01-01,2022
74-9,2020,324400.0,91400.0,233000.0,NHDRA,2020-01-01,2020
74-10,2022,199600.0,105200.0,89600.0,City Parcel Master,2022-01-01,2022
74-10,2020,207500.0,105200.0,97500.0,NHDRA,2020-01-01,2020
74-11-100,2022,120450.0,101850.0,18600.0,City Parcel Master,2022-01-01,2022
74-11-100,2020,4880.0,4880.0,0.0,NHDRA,2020-01-01,2020
74-11-200,2022,96300.0,96300.0,0.0,City Parcel Master,2022-01-01,2022
74-11-200,2020,96200.0,96200.0,0.0,NHDRA,2020-01-01,2020
74-11-300,2022,1106000.0,110900.0,995100.0,City Parcel Master,2022-01-01,2022
74-11-300,2020,99800.0,99800.0,0.0,NHDRA,2020-01-01,2020
74-11-400,2022,722100.0,113800.0,608300.0,City Parcel Master,2022-01-01,2022
74-11-400,2020,625700.0,113700.0,512000.0,NHDRA,2020-01-01,2020
74-11-500,2022,103300.0,103300.0,0.0,City Parcel Master,2022-01-01,2022
74-11-500,2020,103300.0,103300.0,0.0,NHDRA,2020-01-01,2020
74-11-700,2022,101500.0,101500.0,0.0,City Parcel Master,2022-01-01,2022
74-11-700,2020,101500.0,101500.0,0.0,NHDRA,2020-01-01,2020
74-13,2022,321900.0,85200.0,176900.0,City Parcel Master,2022-01-01,2022
74-13,2020,327400.0,85200.0,176600.0,NHDRA,2020-01-01,2020
74-14,2022,27600.0,27600.0,0.0,City Parcel Master,2022-01-01,2022
74-14,2020,27600.0,27600.0,0.0,NHDRA,2020-01-01,2020
76-1,2022,202300.0,89700.0,101200.0,City Parcel Master,2022-01-01,2022
76-1,2020,202200.0,89600.0,101200.0,NHDRA,2020-01-01,2020
76-4,2022,24284000.0,661000.0,23148700.0,City Parcel Master,2022-01-01,2022
76-4,2020,23995400.0,661000.0,22861300.0,NHDRA,2020-01-01,2020
76-5,2022,347000.0,347000.0,0.0,City Parcel Master,2022-01-01,2022
76-5,2020,347000.0,347000.0,0.0,NHDRA,2020-01-01,2020
76-6,2022,855.0,855.0,0.0,City Parcel Master,2022-01-01,2022
76-6,2020,855.0,855.0,0.0,NHDRA,2020-01-01,2020
76-6-100,2022,300400.0,93200.0,207200.0,City Parcel Master,2022-01-01,2022
76-6-100,2020,310700.0,103500.0,207200.0,NHDRA,2020-01-01,2020
76-7,2022,116900.0,116900.0,0.0,City Parcel Master,2022-01-01,2022
76-7,2020,116900.0,116900.0,0.0,NHDRA,2020-01-01,2020
76-8,2022,385700.0,385700.0,0.0,City Parcel Master,2022-01-01,2022
76-8,2020,385700.0,385700.0,0.0,NHDRA,2020-01-01,2020
76-10,2022,34100.0,34100.0,0.0,City Parcel Master,2022-01-01,2022
76-10,2020,34100.0,34100.0,0.0,NHDRA,2020-01-01,2020
77-1,2022,314800.0,92100.0,222700.0,City Parcel Master,2022-01-01,2022
77-1,2020,314800.0,92100.0,222700.0,NHDRA,2020-01-01,2020
77-2,2022,353500.0,99100.0,242000.0,City Parcel Master,2022-01-01,2022
77-2,2020,349300.0,99000.0,237900.0,NHDRA,2020-01-01,2020
77-3,2022,258700.0,87500.0,171200.0,City Parcel Master,2022-01-01,2022
77-3,2020,253500.0,87400.0,166100.0,NHDRA,2020-01-01,2020
77-4,2022,262800.0,92100.0,148800.0,City Parcel Master,2022-01-01,2022
77-4,2020,268700.0,92100.0,154700.0,NHDRA,2020-01-01,2020
77-5,2022,248200.0,88100.0,158900.0,City Parcel Master,2022-01-01,2022
77-5,2020,261100.0,88100.0,171800.0,NHDRA,2020-01-01,2020
77-6,2022,291000.0,90100.0,196200.0,City Parcel Master,2022-01-01,2022
77-6,2020,297200.0,90200.0,202300.0,NHDRA,2020-01-01,2020
77-7,2022,279500.0,88800.0,185700.0,City Parcel Master,2022-01-01,2022
77-7,2020,279500.0,88800.0,185700.0,NHDRA,2020-01-01,2020
77-8,2022,327200.0,99100.0,220000.0,City Parcel Master,2022-01-01,2022
77-8,2020,327100.0,99000.0,220000.0,NHDRA,2020-01-01,2020
77-9,2022,458300.0,98100.0,359700.0,City Parcel Master,2022-01-01,2022
77-9,2020,448800.0,98000.0,350300.0,NHDRA,2020-01-01,2020
77-10,2022,302700.0,95100.0,207200.0,City Parcel Master,2022-01-01,2022
77-10,2020,299500.0,95100.0,204100.0,NHDRA,2020-01-01,2020
77-11,2022,367100.0,88100.0,272500.0,City Parcel Master,2022-01-01,2022
77-11,2020,375600.0,88100.0,281000.0,NHDRA,2020-01-01,2020
77-12,2022,263600.0,88100.0,175000.0,City Parcel Master,2022-01-01,2022
77-12,2020,268100.0,88100.0,179600.0,NHDRA,2020-01-01,2020
77-13,2022,259700.0,88100.0,171600.0,City Parcel Master,2022-01-01,2022
77-13,2020,260700.0,88100.0,172600.0,NHDRA,2020-01-01,2020
77-14,2022,330500.0,103100.0,224700.0,City Parcel Master,2022-01-01,2022
77-14,2020,330600.0,103200.0,224700.0,NHDRA,2020-01-01,2020
77-15,2022,201700.0,90100.0,100700.0,City Parcel Master,2022-01-01,2022
77-15,2020,201800.0,90200.0,100700.0,NHDRA,2020-01-01,2020
77-16,2022,274400.0,90800.0,176100.0,City Parcel Master,2022-01-01,2022
77-16,2020,248700.0,90700.0,155300.0,NHDRA,2020-01-01,2020
77-17,2022,256300.0,88300.0,163100.0,City Parcel Master,2022-01-01,2022
77-17,2020,256200.0,88200.0,163100.0,NHDRA,2020-01-01,2020
77-17-200,2022,453300.0,88300.0,365000.0,City Parcel Master,2022-01-01,2022
77-17-200,2020,447800.0,88200.0,359600.0,NHDRA,2020-01-01,2020
77-17-300,2022,435900.0,88300.0,347600.0,City Parcel Master,2022-01-01,2022
77-17-300,2020,435800.0,88200.0,347600.0,NHDRA,2020-01-01,2020
77-18,2022,293800.0,88100.0,205700.0,City Parcel Master,2022-01-01,2022
77-18,2020,293800.0,88100.0,205700.0,NHDRA,2020-01-01,2020
77-20,2022,329500.0,123500.0,206000.0,City Parcel Master,2022-01-01,2022
77-20,2020,325100.0,123700.0,201400.0,NHDRA,2020-01-01,2020
77-21,2022,358000.0,104500.0,253100.0,City Parcel Master,2022-01-01,2022
77-21,2020,357900.0,104400.0,253100.0,NHDRA,2020-01-01,2020
77-22,2022,376100.0,94100.0,281200.0,City Parcel Master,2022-01-01,2022
77-22,2020,378600.0,94100.0,283700.0,NHDRA,2020-01-01,2020
77-23,2022,309200.0,105000.0,191300.0,City Parcel Master,2022-01-01,2022
77-23,2020,298500.0,105000.0,180600.0,NHDRA,2020-01-01,2020
77-24,2022,314800.0,98100.0,206000.0,City Parcel Master,2022-01-01,2022
77-24,2020,314700.0,98000.0,206000.0,NHDRA,2020-01-01,2020
77-25,2022,288000.0,104500.0,172400.0,City Parcel Master,2022-01-01,2022
77-25,2020,284200.0,104400.0,172400.0,NHDRA,2020-01-01,2020
77-26,2022,303200.0,93100.0,209300.0,City Parcel Master,2022-01-01,2022
77-26,2020,358300.0,93100.0,264400.0,NHDRA,2020-01-01,2020
77-27,2022,283100.0,94100.0,189000.0,City Parcel Master,2022-01-01,2022
77-27,2020,271500.0,94100.0,177400.0,NHDRA,2020-01-01,2020
77-28,2022,300500.0,88100.0,212100.0,City Parcel Master,2022-01-01,2022
77-28,2020,300500.0,88100.0,212100.0,NHDRA,2020-01-01,2020
77-29,2022,357500.0,114400.0,232400.0,City Parcel Master,2022-01-01,2022
77-29,2020,357400.0,114300.0,232400.0,NHDRA,2020-01-01,2020
77-30,2022,317900.0,95100.0,212100.0,City Parcel Master,2022-01-01,2022
77-30,2020,317900.0,95100.0,212100.0,NHDRA,2020-01-01,2020
77-31,2022,305400.0,101100.0,204300.0,City Parcel Master,2022-01-01,2022
77-31,2020,305400.0,101100.0,204300.0,NHDRA,2020-01-01,2020
77-32,2022,307400.0,113800.0,185500.0,City Parcel Master,2022-01-01,2022
77-32,2020,307600.0,114000.0,185500.0,NHDRA,2020-01-01,2020
77-34,2022,325500.0,125600.0,188600.0,City Parcel Master,2022-01-01,2022
77-34,2020,325300.0,125400.0,188600.0,NHDRA,2020-01-01,2020
77-35,2022,276100.0,109200.0,157900.0,City Parcel Master,2022-01-01,2022
77-35,2020,275500.0,109100.0,157400.0,NHDRA,2020-01-01,2020
77-36,2022,396300.0,112100.0,283100.0,City Parcel Master,2022-01-01,2022
77-36,2020,376200.0,112100.0,263000.0,NHDRA,2020-01-01,2020
77-37,2022,337200.0,126900.0,189800.0,City Parcel Master,2022-01-01,2022
77-37,2020,337100.0,126800.0,189800.0,NHDRA,2020-01-01,2020
77-38,2022,277500.0,105800.0,171700.0,City Parcel Master,2022-01-01,2022
77-38,2020,277400.0,105700.0,171700.0,NHDRA,2020-01-01,2020
77-39,2022,296200.0,124900.0,170200.0,City Parcel Master,2022-01-01,2022
77-39,2020,305100.0,125000.0,179000.0,NHDRA,2020-01-01,2020
77-40,2022,420100.0,116500.0,303600.0,City Parcel Master,2022-01-01,2022
77-40,2020,424100.0,116600.0,307500.0,NHDRA,2020-01-01,2020
77-41,2022,325900.0,98000.0,225700.0,City Parcel Master,2022-01-01,2022
77-41,2020,325000.0,98000.0,225500.0,NHDRA,2020-01-01,2020
77-42,2022,376400.0,84800.0,283800.0,City Parcel Master,2022-01-01,2022
77-42,2020,381900.0,84900.0,289200.0,NHDRA,2020-01-01,2020
77-43,2022,303500.0,100100.0,192400.0,City Parcel Master,2022-01-01,2022
77-43,2020,308000.0,100100.0,196900.0,NHDRA,2020-01-01,2020
77-44,2022,278600.0,105600.0,172400.0,City Parcel Master,2022-01-01,2022
77-44,2020,286100.0,105700.0,179800.0,NHDRA,2020-01-01,2020
77-45,2022,373200.0,96400.0,276800.0,City Parcel Master,2022-01-01,2022
77-45,2020,364100.0,96500.0,267600.0,NHDRA,2020-01-01,2020
77-46,2022,351100.0,101100.0,250000.0,City Parcel Master,2022-01-01,2022
77-46,2020,351100.0,101100.0,250000.0,NHDRA,2020-01-01,2020
77-47,2022,346600.0,98100.0,248500.0,City Parcel Master,2022-01-01,2022
77-47,2020,336900.0,98000.0,238900.0,NHDRA,2020-01-01,2020
77-48,2022,369200.0,97100.0,271100.0,City Parcel Master,2022-01-01,2022
77-48,2020,350000.0,97000.0,252000.0,NHDRA,2020-01-01,2020
77-49,2022,254200.0,88100.0,166100.0,City Parcel Master,2022-01-01,2022
77-49,2020,254200.0,88100.0,166100.0,NHDRA,2020-01-01,2020
77-50,2022,230600.0,96100.0,134500.0,City Parcel Master,2022-01-01,2022
77-50,2020,230500.0,96000.0,134500.0,NHDRA,2020-01-01,2020
77-51,2022,290600.0,105600.0,174200.0,City Parcel Master,2022-01-01,2022
77-51,2020,290700.0,105700.0,174200.0,NHDRA,2020-01-01,2020
77-52,2022,326200.0,124200.0,201300.0,City Parcel Master,2022-01-01,2022
77-52,2020,326400.0,124400.0,201300.0,NHDRA,2020-01-01,2020
77-53,2022,348500.0,108000.0,234600.0,City Parcel Master,2022-01-01,2022
77-53,2020,348500.0,108000.0,234600.0,NHDRA,2020-01-01,2020
77-54,2022,295900.0,94100.0,201600.0,City Parcel Master,2022-01-01,2022
77-54,2020,292600.0,94100.0,198300.0,NHDRA,2020-01-01,2020
77-55,2022,260600.0,92800.0,163400.0,City Parcel Master,2022-01-01,2022
77-55,2020,260700.0,92900.0,163400.0,NHDRA,2020-01-01,2020
77-56,2022,282100.0,112700.0,169000.0,City Parcel Master,2022-01-01,2022
77-56,2020,282200.0,112700.0,169000.0,NHDRA,2020-01-01,2020
77-57,2022,273600.0,92200.0,170700.0,City Parcel Master,2022-01-01,2022
77-57,2020,280500.0,92200.0,177600.0,NHDRA,2020-01-01,2020
77-58,2022,215600.0,98700.0,115900.0,City Parcel Master,2022-01-01,2022
77-58,2020,211300.0,98700.0,111600.0,NHDRA,2020-01-01,2020
77-59,2022,329800.0,87500.0,240000.0,City Parcel Master,2022-01-01,2022
77-59,2020,329800.0,87500.0,240000.0,NHDRA,2020-01-01,2020
77-60-100,2022,317900.0,97000.0,220400.0,City Parcel Master,2022-01-01,2022
77-60-100,2020,317800.0,96900.0,220400.0,NHDRA,2020-01-01,2020
77-60-300,2022,368500.0,111500.0,242000.0,City Parcel Master,2022-01-01,2022
77-60-300,2020,368400.0,111400.0,242000.0,NHDRA,2020-01-01,2020
77-61,2022,253300.0,92200.0,161100.0,City Parcel Master,2022-01-01,2022
77-61,2020,252300.0,92200.0,160100.0,NHDRA,2020-01-01,2020
77-62,2022,250400.0,84300.0,165900.0,City Parcel Master,2022-01-01,2022
77-62,2020,252300.0,84300.0,167700.0,NHDRA,2020-01-01,2020
77-63,2022,259900.0,82500.0,177400.0,City Parcel Master,2022-01-01,2022
77-63,2020,248900.0,82500.0,166400.0,NHDRA,2020-01-01,2020
77-64,2022,369800.0,85600.0,283900.0,City Parcel Master,2022-01-01,2022
77-64,2020,324100.0,85600.0,238200.0,NHDRA,2020-01-01,2020
77-65,2022,247500.0,80600.0,165400.0,City Parcel Master,2022-01-01,2022
77-65,2020,226100.0,80600.0,144000.0,NHDRA,2020-01-01,2020
77-66,2022,210800.0,79900.0,130100.0,City Parcel Master,2022-01-01,2022
77-66,2020,211200.0,79900.0,130500.0,NHDRA,2020-01-01,2020
77-67,2022,230700.0,90100.0,139900.0,City Parcel Master,2022-01-01,2022
77-67,2020,231000.0,90100.0,140200.0,NHDRA,2020-01-01,2020
77-68,2022,227100.0,77500.0,149000.0,City Parcel Master,2022-01-01,2022
77-68,2020,226900.0,77500.0,148700.0,NHDRA,2020-01-01,2020
77-69,2022,230300.0,76700.0,152900.0,City Parcel Master,2022-01-01,2022
77-69,2020,230300.0,76700.0,152900.0,NHDRA,2020-01-01,2020
77-70,2022,225500.0,75900.0,149600.0,City Parcel Master,2022-01-01,2022
77-70,2020,223200.0,75900.0,147300.0,NHDRA,2020-01-01,2020
77-71,2022,181100.0,79900.0,101200.0,City Parcel Master,2022-01-01,2022
77-71,2020,181100.0,79900.0,101200.0,NHDRA,2020-01-01,2020
77-72,2022,173600.0,77500.0,94200.0,City Parcel Master,2022-01-01,2022
77-72,2020,168300.0,77500.0,86400.0,NHDRA,2020-01-01,2020
77-73,2022,234900.0,88300.0,146100.0,City Parcel Master,2022-01-01,2022
77-73,2020,243600.0,88200.0,154900.0,NHDRA,2020-01-01,2020
77-74,2022,238300.0,78700.0,158800.0,City Parcel Master,2022-01-01,2022
77-74,2020,239700.0,78700.0,160200.0,NHDRA,2020-01-01,2020
77-75,2022,218500.0,87900.0,129600.0,City Parcel Master,2022-01-01,2022
77-75,2020,218500.0,87900.0,129600.0,NHDRA,2020-01-01,2020
77-77,2022,211800.0,94400.0,109400.0,City Parcel Master,2022-01-01,2022
77-77,2020,216600.0,99200.0,109400.0,NHDRA,2020-01-01,2020
77-78,2022,251900.0,89200.0,158600.0,City Parcel Master,2022-01-01,2022
77-78,2020,251600.0,89100.0,158400.0,NHDRA,2020-01-01,2020
77-79,2022,248100.0,85600.0,162500.0,City Parcel Master,2022-01-01,2022
77-79,2020,245200.0,85600.0,159600.0,NHDRA,2020-01-01,2020
77-80,2022,364500.0,96700.0,253600.0,City Parcel Master,2022-01-01,2022
77-80,2020,364500.0,96700.0,253600.0,NHDRA,2020-01-01,2020
77-81,2022,266300.0,57900.0,208100.0,City Parcel Master,2022-01-01,2022
77-81,2020,266000.0,57900.0,208100.0,NHDRA,2020-01-01,2020
77-82,2022,12200.0,12200.0,0.0,City Parcel Master,2022-01-01,2022
77-82,2020,12200.0,12200.0,0.0,NHDRA,2020-01-01,2020
77-83,2022,423700.0,110900.0,278900.0,City Parcel Master,2022-01-01,2022
77-83,2020,404500.0,110900.0,278900.0,NHDRA,2020-01-01,2020
77-84,2022,364700.0,96100.0,266300.0,City Parcel Master,2022-01-01,2022
77-84,2020,287900.0,96200.0,189800.0,NHDRA,2020-01-01,2020
77-85,2022,297400.0,98800.0,198100.0,City Parcel Master,2022-01-01,2022
77-85,2020,297800.0,98800.0,198500.0,NHDRA,2020-01-01,2020
77-86,2022,348800.0,90300.0,258500.0,City Parcel Master,2022-01-01,2022
77-86,2020,350200.0,90300.0,259900.0,NHDRA,2020-01-01,2020
77-87,2022,206100.0,97200.0,106600.0,City Parcel Master,2022-01-01,2022
77-87,2020,193200.0,97200.0,93700.0,NHDRA,2020-01-01,2020
77-88,2022,332100.0,98800.0,221300.0,City Parcel Master,2022-01-01,2022
77-88,2020,355000.0,98800.0,244300.0,NHDRA,2020-01-01,2020
77-89-100,2022,276100.0,80000.0,195500.0,City Parcel Master,2022-01-01,2022
77-89-100,2020,276100.0,80000.0,195500.0,NHDRA,2020-01-01,2020
77-89-200,2022,303300.0,84700.0,218600.0,City Parcel Master,2022-01-01,2022
77-89-200,2020,308900.0,84700.0,224200.0,NHDRA,2020-01-01,2020
77-89-300,2022,287100.0,89200.0,197600.0,City Parcel Master,2022-01-01,2022
77-89-300,2020,280900.0,89100.0,191500.0,NHDRA,2020-01-01,2020
77-90,2022,303600.0,91900.0,210300.0,City Parcel Master,2022-01-01,2022
77-90,2020,303500.0,91800.0,210300.0,NHDRA,2020-01-01,2020
77-91,2022,271500.0,94000.0,177400.0,City Parcel Master,2022-01-01,2022
77-91,2020,271500.0,93900.0,177400.0,NHDRA,2020-01-01,2020
77-92,2022,290500.0,94000.0,179700.0,City Parcel Master,2022-01-01,2022
77-92,2020,287900.0,93900.0,177200.0,NHDRA,2020-01-01,2020
77-93,2022,288600.0,76400.0,212200.0,City Parcel Master,2022-01-01,2022
77-93,2020,288500.0,76400.0,212100.0,NHDRA,2020-01-01,2020
77-94,2022,343200.0,89000.0,254200.0,City Parcel Master,2022-01-01,2022
77-94,2020,343300.0,89100.0,254200.0,NHDRA,2020-01-01,2020
77-95,2022,33700.0,27700.0,0.0,City Parcel Master,2022-01-01,2022
77-95,2020,33700.0,27700.0,0.0,NHDRA,2020-01-01,2020
77-96,2022,293500.0,98700.0,194800.0,City Parcel Master,2022-01-01,2022
77-96,2020,350500.0,98700.0,251800.0,NHDRA,2020-01-01,2020
77-97,2022,338000.0,87500.0,250500.0,City Parcel Master,2022-01-01,2022
77-97,2020,337900.0,87400.0,250500.0,NHDRA,2020-01-01,2020
77-98-100,2022,269300.0,78300.0,190600.0,City Parcel Master,2022-01-01,2022
77-98-100,2020,266100.0,78300.0,187400.0,NHDRA,2020-01-01,2020
77-98-200,2022,276000.0,92100.0,183300.0,City Parcel Master,2022-01-01,2022
77-98-200,2020,276000.0,92100.0,183300.0,NHDRA,2020-01-01,2020
77-99,2022,297800.0,78300.0,219500.0,City Parcel Master,2022-01-01,2022
77-99,2020,297800.0,78300.0,219500.0,NHDRA,2020-01-01,2020
77-100,2022,273700.0,82500.0,191200.0,City Parcel Master,2022-01-01,2022
77-100,2020,247500.0,82500.0,165000.0,NHDRA,2020-01-01,2020
77-101,2022,221400.0,73800.0,147100.0,City Parcel Master,2022-01-01,2022
77-101,2020,221400.0,73800.0,147100.0,NHDRA,2020-01-01,2020
77-102,2022,336900.0,77700.0,257200.0,City Parcel Master,2022-01-01,2022
77-102,2020,336900.0,77700.0,257200.0,NHDRA,2020-01-01,2020
77-103,2022,167800.0,76000.0,86900.0,City Parcel Master,2022-01-01,2022
77-103,2020,167800.0,76000.0,86900.0,NHDRA,2020-01-01,2020
77-104,2022,280400.0,77700.0,195400.0,City Parcel Master,2022-01-01,2022
77-104,2020,280400.0,77700.0,195400.0,NHDRA,2020-01-01,2020
77-105,2022,328300.0,93300.0,224000.0,City Parcel Master,2022-01-01,2022
77-105,2020,328400.0,93400.0,224000.0,NHDRA,2020-01-01,2020
77-106,2022,216200.0,216200.0,0.0,City Parcel Master,2022-01-01,2022
77-106,2020,109900.0,109900.0,0.0,NHDRA,2020-01-01,2020
77-108,2022,252600.0,80000.0,166700.0,City Parcel Master,2022-01-01,2022
77-108,2020,252600.0,80000.0,166700.0,NHDRA,2020-01-01,2020
77-109,2022,215200.0,73200.0,142000.0,City Parcel Master,2022-01-01,2022
77-109,2020,215300.0,73300.0,142000.0,NHDRA,2020-01-01,2020
77-110,2022,172900.0,72100.0,100800.0,City Parcel Master,2022-01-01,2022
77-110,2020,181800.0,72100.0,109700.0,NHDRA,2020-01-01,2020
77-111,2022,202900.0,81700.0,120200.0,City Parcel Master,2022-01-01,2022
77-111,2020,206900.0,48000.0,157900.0,NHDRA,2020-01-01,2020
77-112,2022,4700.0,4700.0,0.0,City Parcel Master,2022-01-01,2022
77-112,2020,4700.0,4700.0,0.0,NHDRA,2020-01-01,2020
77-113,2022,298800.0,109900.0,179200.0,City Parcel Master,2022-01-01,2022
77-113,2020,308000.0,109700.0,188600.0,NHDRA,2020-01-01,2020
77-114,2022,206100.0,76000.0,124700.0,City Parcel Master,2022-01-01,2022
77-114,2020,206100.0,76000.0,124700.0,NHDRA,2020-01-01,2020
77-114-100,2022,202700.0,68600.0,130100.0,City Parcel Master,2022-01-01,2022
77-114-100,2020,202700.0,68600.0,130100.0,NHDRA,2020-01-01,2020
77-115,2022,264800.0,87600.0,166500.0,City Parcel Master,2022-01-01,2022
77-115,2020,294500.0,87700.0,195400.0,NHDRA,2020-01-01,2020
77-116,2022,8800.0,8800.0,0.0,City Parcel Master,2022-01-01,2022
77-116,2020,8800.0,8800.0,0.0,NHDRA,2020-01-01,2020
77-117,2022,362500.0,98100.0,240800.0,City Parcel Master,2022-01-01,2022
77-117,2020,348000.0,98000.0,240800.0,NHDRA,2020-01-01,2020
77-118,2022,462100.0,125900.0,327900.0,City Parcel Master,2022-01-01,2022
77-118,2020,447300.0,125800.0,313200.0,NHDRA,2020-01-01,2020
77-119,2022,2000.0,2000.0,0.0,City Parcel Master,2022-01-01,2022
77-119,2020,2000.0,2000.0,0.0,NHDRA,2020-01-01,2020
77-120,2022,423400.0,106200.0,309400.0,City Parcel Master,2022-01-01,2022
77-120,2020,414300.0,106200.0,300300.0,NHDRA,2020-01-01,2020
77-121,2022,326700.0,87300.0,190500.0,City Parcel Master,2022-01-01,2022
77-121,2020,336400.0,97000.0,190500.0,NHDRA,2020-01-01,2020
77-122,2022,481900.0,131700.0,350200.0,City Parcel Master,2022-01-01,2022
77-122,2020,131700.0,131700.0,0.0,NHDRA,2020-01-01,2020
77-123,2022,347800.0,137300.0,189100.0,City Parcel Master,2022-01-01,2022
77-123,2020,336400.0,137300.0,177700.0,NHDRA,2020-01-01,2020
77-124,2022,245600.0,85500.0,157500.0,City Parcel Master,2022-01-01,2022
77-124,2020,245600.0,85500.0,157500.0,NHDRA,2020-01-01,2020
77-125,2022,494900.0,129600.0,348000.0,City Parcel Master,2022-01-01,2022
77-125,2020,476500.0,129600.0,328700.0,NHDRA,2020-01-01,2020
77-126,2022,283200.0,117300.0,165900.0,City Parcel Master,2022-01-01,2022
77-126,2020,283100.0,117200.0,165900.0,NHDRA,2020-01-01,2020
77-127,2022,17600.0,17600.0,0.0,City Parcel Master,2022-01-01,2022
77-127,2020,17600.0,17600.0,0.0,NHDRA,2020-01-01,2020
77-128,2022,2599100.0,619500.0,1935900.0,City Parcel Master,2022-01-01,2022
77-128,2020,2599100.0,619500.0,1935900.0,NHDRA,2020-01-01,2020
77-129,2022,2667800.0,342400.0,2273500.0,City Parcel Master,2022-01-01,2022
77-129,2020,2667800.0,342400.0,2273500.0,NHDRA,2020-01-01,2020
77-130,2022,359700.0,76300.0,283400.0,City Parcel Master,2022-01-01,2022
77-130,2020,367900.0,76200.0,291700.0,NHDRA,2020-01-01,2020
77-131,2022,922500.0,120800.0,800100.0,City Parcel Master,2022-01-01,2022
77-131,2020,897100.0,120900.0,773000.0,NHDRA,2020-01-01,2020
77-132,2022,654400.0,107500.0,546900.0,City Parcel Master,2022-01-01,2022
77-132,2020,645200.0,107500.0,537700.0,NHDRA,2020-01-01,2020
77-133,2022,486500.0,230100.0,247400.0,City Parcel Master,2022-01-01,2022
77-133,2020,486500.0,230100.0,247400.0,NHDRA,2020-01-01,2020
77-136,2022,1391600.0,349700.0,896800.0,City Parcel Master,2022-01-01,2022
77-136,2020,1391400.0,349500.0,896800.0,NHDRA,2020-01-01,2020
77-138,2022,2004600.0,458200.0,1431500.0,City Parcel Master,2022-01-01,2022
77-138,2020,2004600.0,458200.0,1431500.0,NHDRA,2020-01-01,2020
77-139,2022,563100.0,252900.0,232600.0,City Parcel Master,2022-01-01,2022
77-139,2020,563200.0,253000.0,232600.0,NHDRA,2020-01-01,2020
77-140,2022,285000.0,99000.0,185800.0,City Parcel Master,2022-01-01,2022
77-140,2020,285100.0,99100.0,185800.0,NHDRA,2020-01-01,2020
77-141,2022,332200.0,105600.0,222600.0,City Parcel Master,2022-01-01,2022
77-141,2020,332000.0,105700.0,222300.0,NHDRA,2020-01-01,2020
77-142,2022,302900.0,94100.0,207400.0,City Parcel Master,2022-01-01,2022
77-142,2020,299800.0,94100.0,204300.0,NHDRA,2020-01-01,2020
77-143,2022,235700.0,86800.0,143700.0,City Parcel Master,2022-01-01,2022
77-143,2020,235700.0,86800.0,143700.0,NHDRA,2020-01-01,2020
77-144,2022,311900.0,82400.0,229500.0,City Parcel Master,2022-01-01,2022
77-144,2020,292600.0,82400.0,210200.0,NHDRA,2020-01-01,2020
77-145,2022,289600.0,74900.0,214700.0,City Parcel Master,2022-01-01,2022
77-145,2020,289500.0,74900.0,214600.0,NHDRA,2020-01-01,2020
77-146,2022,266600.0,91000.0,175600.0,City Parcel Master,2022-01-01,2022
77-146,2020,280700.0,91000.0,189700.0,NHDRA,2020-01-01,2020
77-147,2022,230500.0,77500.0,150100.0,City Parcel Master,2022-01-01,2022
77-147,2020,249200.0,77600.0,168700.0,NHDRA,2020-01-01,2020
77-148,2022,152000.0,94100.0,55200.0,City Parcel Master,2022-01-01,2022
77-148,2020,152000.0,94100.0,55200.0,NHDRA,2020-01-01,2020
77-149,2022,256700.0,101100.0,150700.0,City Parcel Master,2022-01-01,2022
77-149,2020,256700.0,101100.0,150700.0,NHDRA,2020-01-01,2020
77-150,2022,308200.0,104500.0,193500.0,City Parcel Master,2022-01-01,2022
77-150,2020,308100.0,104400.0,193500.0,NHDRA,2020-01-01,2020
77-151-101,2022,155000.0,0.0,155000.0,City Parcel Master,2022-01-01,2022
77-151-101,2020,155000.0,0.0,155000.0,NHDRA,2020-01-01,2020
77-151-201,2022,168000.0,0.0,168000.0,City Parcel Master,2022-01-01,2022
77-151-201,2020,168000.0,0.0,168000.0,NHDRA,2020-01-01,2020
77-151-301,2022,207100.0,0.0,207100.0,City Parcel Master,2022-01-01,2022
77-151-301,2020,206700.0,0.0,206700.0,NHDRA,2020-01-01,2020
77-152,2022,295900.0,90100.0,205800.0,City Parcel Master,2022-01-01,2022
77-152,2020,296400.0,90200.0,206200.0,NHDRA,2020-01-01,2020
77-153,2022,423600.0,117400.0,305100.0,City Parcel Master,2022-01-01,2022
77-153,2020,423000.0,117300.0,305200.0,NHDRA,2020-01-01,2020
77-154,2022,321200.0,120100.0,201100.0,City Parcel Master,2022-01-01,2022
77-154,2020,331000.0,120000.0,211000.0,NHDRA,2020-01-01,2020
77-155,2022,294600.0,88800.0,192900.0,City Parcel Master,2022-01-01,2022
77-155,2020,290100.0,88800.0,190600.0,NHDRA,2020-01-01,2020
77-156,2022,249600.0,97100.0,152500.0,City Parcel Master,2022-01-01,2022
77-156,2020,258600.0,97000.0,161600.0,NHDRA,2020-01-01,2020
77-157,2022,209000.0,79800.0,125200.0,City Parcel Master,2022-01-01,2022
77-157,2020,209000.0,79800.0,125200.0,NHDRA,2020-01-01,2020
77-158,2022,197000.0,79800.0,116900.0,City Parcel Master,2022-01-01,2022
77-158,2020,197000.0,79800.0,116900.0,NHDRA,2020-01-01,2020
77-159,2022,278400.0,95100.0,183300.0,City Parcel Master,2022-01-01,2022
77-159,2020,246000.0,95100.0,150900.0,NHDRA,2020-01-01,2020
77-160,2022,293000.0,105600.0,187100.0,City Parcel Master,2022-01-01,2022
77-160,2020,293300.0,105700.0,187100.0,NHDRA,2020-01-01,2020
77-161,2022,209200.0,83100.0,117200.0,City Parcel Master,2022-01-01,2022
77-161,2020,210300.0,83100.0,118300.0,NHDRA,2020-01-01,2020
77-162,2022,303500.0,86200.0,216400.0,City Parcel Master,2022-01-01,2022
77-162,2020,300000.0,86200.0,212300.0,NHDRA,2020-01-01,2020
77-163,2022,330100.0,86800.0,201200.0,City Parcel Master,2022-01-01,2022
77-163,2020,318700.0,86900.0,203000.0,NHDRA,2020-01-01,2020
77-165,2022,324500.0,117400.0,207100.0,City Parcel Master,2022-01-01,2022
77-165,2020,327100.0,117300.0,209800.0,NHDRA,2020-01-01,2020
77-166,2022,435800.0,90800.0,343600.0,City Parcel Master,2022-01-01,2022
77-166,2020,435700.0,90700.0,343600.0,NHDRA,2020-01-01,2020
77-167,2022,289600.0,89400.0,188700.0,City Parcel Master,2022-01-01,2022
77-167,2020,303700.0,89400.0,202000.0,NHDRA,2020-01-01,2020
77-168,2022,316800.0,91400.0,224600.0,City Parcel Master,2022-01-01,2022
77-168,2020,316800.0,91400.0,224600.0,NHDRA,2020-01-01,2020
77-169,2022,545000.0,90100.0,447800.0,City Parcel Master,2022-01-01,2022
77-169,2020,545100.0,90200.0,447800.0,NHDRA,2020-01-01,2020
77-170,2022,198400.0,72600.0,125800.0,City Parcel Master,2022-01-01,2022
77-170,2020,198400.0,72600.0,125800.0,NHDRA,2020-01-01,2020
77-171,2022,279800.0,77000.0,202800.0,City Parcel Master,2022-01-01,2022
77-171,2020,278400.0,76900.0,201500.0,NHDRA,2020-01-01,2020
77-172,2022,415500.0,94100.0,308600.0,City Parcel Master,2022-01-01,2022
77-172,2020,414300.0,94100.0,307400.0,NHDRA,2020-01-01,2020
77-173,2022,337300.0,95100.0,242200.0,City Parcel Master,2022-01-01,2022
77-173,2020,337300.0,95100.0,242200.0,NHDRA,2020-01-01,2020
77-174,2022,251000.0,84800.0,166000.0,City Parcel Master,2022-01-01,2022
77-174,2020,251100.0,84900.0,166000.0,NHDRA,2020-01-01,2020
77-175,2022,275400.0,86200.0,189200.0,City Parcel Master,2022-01-01,2022
77-175,2020,259400.0,86200.0,173200.0,NHDRA,2020-01-01,2020
77-176,2022,398700.0,103900.0,294300.0,City Parcel Master,2022-01-01,2022
77-176,2020,387100.0,103900.0,282700.0,NHDRA,2020-01-01,2020
77-177,2022,296900.0,106200.0,190700.0,City Parcel Master,2022-01-01,2022
77-177,2020,318300.0,106200.0,212100.0,NHDRA,2020-01-01,2020
77-178,2022,309700.0,106200.0,195200.0,City Parcel Master,2022-01-01,2022
77-178,2020,353800.0,106200.0,239300.0,NHDRA,2020-01-01,2020
77-179,2022,232200.0,90800.0,141000.0,City Parcel Master,2022-01-01,2022
77-179,2020,256800.0,90700.0,165700.0,NHDRA,2020-01-01,2020
77-180,2022,297200.0,88800.0,195500.0,City Parcel Master,2022-01-01,2022
77-180,2020,302700.0,88800.0,195500.0,NHDRA,2020-01-01,2020
77-181,2022,387700.0,88100.0,299400.0,City Parcel Master,2022-01-01,2022
77-181,2020,387700.0,88100.0,299400.0,NHDRA,2020-01-01,2020
77-182,2022,275500.0,91400.0,183300.0,City Parcel Master,2022-01-01,2022
77-182,2020,275500.0,91400.0,183300.0,NHDRA,2020-01-01,2020
77-183,2022,257100.0,88800.0,167500.0,City Parcel Master,2022-01-01,2022
77-183,2020,255500.0,88800.0,165900.0,NHDRA,2020-01-01,2020
77-184,2022,367800.0,97100.0,270700.0,City Parcel Master,2022-01-01,2022
77-184,2020,367700.0,97000.0,270700.0,NHDRA,2020-01-01,2020
77-185,2022,246000.0,90100.0,155900.0,City Parcel Master,2022-01-01,2022
77-185,2020,281400.0,90200.0,191200.0,NHDRA,2020-01-01,2020
77-186,2022,264700.0,88800.0,175900.0,City Parcel Master,2022-01-01,2022
77-186,2020,264700.0,88800.0,175900.0,NHDRA,2020-01-01,2020
77-187,2022,302300.0,90800.0,205400.0,City Parcel Master,2022-01-01,2022
77-187,2020,302200.0,90700.0,205400.0,NHDRA,2020-01-01,2020
77-188,2022,284000.0,79800.0,204200.0,City Parcel Master,2022-01-01,2022
77-188,2020,284000.0,79800.0,204200.0,NHDRA,2020-01-01,2020
77-189,2022,355200.0,88100.0,261400.0,City Parcel Master,2022-01-01,2022
77-189,2020,355200.0,88100.0,261400.0,NHDRA,2020-01-01,2020
77-190,2022,363200.0,84100.0,279100.0,City Parcel Master,2022-01-01,2022
77-190,2020,358500.0,84100.0,274400.0,NHDRA,2020-01-01,2020
77-191,2022,286500.0,88100.0,198100.0,City Parcel Master,2022-01-01,2022
77-191,2020,286500.0,88100.0,198100.0,NHDRA,2020-01-01,2020
78-2,2022,27718300.0,6312100.0,21302200.0,City Parcel Master,2022-01-01,2022
78-2,2020,27442100.0,6312100.0,21039200.0,NHDRA,2020-01-01,2020
78-4,2022,175300.0,175300.0,0.0,City Parcel Master,2022-01-01,2022
78-4,2020,175300.0,175300.0,0.0,NHDRA,2020-01-01,2020
78-5,2022,858900.0,265300.0,525600.0,City Parcel Master,2022-01-01,2022
78-5,2020,797200.0,265300.0,463900.0,NHDRA,2020-01-01,2020
78-6,2022,234700.0,58600.0,169300.0,City Parcel Master,2022-01-01,2022
78-6,2020,241200.0,65100.0,169300.0,NHDRA,2020-01-01,2020
78-7,2022,287600.0,77100.0,186600.0,City Parcel Master,2022-01-01,2022
78-7,2020,309300.0,85700.0,199700.0,NHDRA,2020-01-01,2020
78-8,2022,484600.0,92000.0,385200.0,City Parcel Master,2022-01-01,2022
78-8,2020,494600.0,102000.0,385200.0,NHDRA,2020-01-01,2020
78-9,2022,321900.0,81200.0,229400.0,City Parcel Master,2022-01-01,2022
78-9,2020,344600.0,90200.0,243100.0,NHDRA,2020-01-01,2020
78-10,2022,215100.0,71900.0,141400.0,City Parcel Master,2022-01-01,2022
78-10,2020,223100.0,79900.0,141400.0,NHDRA,2020-01-01,2020
78-11,2022,112100.0,59700.0,51000.0,City Parcel Master,2022-01-01,2022
78-11,2020,118700.0,66300.0,51000.0,NHDRA,2020-01-01,2020
78-12,2022,89800.0,89800.0,0.0,City Parcel Master,2022-01-01,2022
78-12,2020,89900.0,89900.0,0.0,NHDRA,2020-01-01,2020
78-13,2022,230900.0,77700.0,152900.0,City Parcel Master,2022-01-01,2022
78-13,2020,224900.0,86300.0,138300.0,NHDRA,2020-01-01,2020
78-15,2022,3698700.0,330500.0,3265500.0,City Parcel Master,2022-01-01,2022
78-15,2020,3698700.0,330500.0,3265500.0,NHDRA,2020-01-01,2020
78-17,2022,412300.0,208800.0,199300.0,City Parcel Master,2022-01-01,2022
78-17,2020,412300.0,208800.0,199300.0,NHDRA,2020-01-01,2020
78-18,2022,208400.0,83500.0,115800.0,City Parcel Master,2022-01-01,2022
78-18,2020,219200.0,92800.0,117300.0,NHDRA,2020-01-01,2020
78-19,2022,218600.0,73200.0,133000.0,City Parcel Master,2022-01-01,2022
78-19,2020,226700.0,81300.0,133000.0,NHDRA,2020-01-01,2020
78-20,2022,174100.0,60600.0,112200.0,City Parcel Master,2022-01-01,2022
78-20,2020,180800.0,67300.0,112200.0,NHDRA,2020-01-01,2020
78-21,2022,352600.0,68600.0,284000.0,City Parcel Master,2022-01-01,2022
78-21,2020,362600.0,76200.0,286400.0,NHDRA,2020-01-01,2020
78-22,2022,59200.0,59200.0,0.0,City Parcel Master,2022-01-01,2022
78-22,2020,59200.0,59200.0,0.0,NHDRA,2020-01-01,2020
78-23,2022,116000.0,116000.0,0.0,City Parcel Master,2022-01-01,2022
78-23,2020,98600.0,98600.0,0.0,NHDRA,2020-01-01,2020
78-23-100,2022,60400.0,60400.0,0.0,City Parcel Master,2022-01-01,2022
78-23-100,2020,60400.0,60400.0,0.0,NHDRA,2020-01-01,2020
78-24,2022,51900.0,51900.0,0.0,City Parcel Master,2022-01-01,2022
78-24,2020,51900.0,51900.0,0.0,NHDRA,2020-01-01,2020
78-25,2022,249200.0,83700.0,164200.0,City Parcel Master,2022-01-01,2022
78-25,2020,244400.0,78900.0,164200.0,NHDRA,2020-01-01,2020
78-26,2022,183000.0,50000.0,132500.0,City Parcel Master,2022-01-01,2022
78-26,2020,188600.0,55600.0,132500.0,NHDRA,2020-01-01,2020
78-27,2022,144500.0,61000.0,82500.0,City Parcel Master,2022-01-01,2022
78-27,2020,151300.0,67800.0,82500.0,NHDRA,2020-01-01,2020
78-28,2022,236800.0,70700.0,162700.0,City Parcel Master,2022-01-01,2022
78-28,2020,204600.0,78500.0,122700.0,NHDRA,2020-01-01,2020
78-29,2022,184500.0,65200.0,116700.0,City Parcel Master,2022-01-01,2022
78-29,2020,191700.0,72400.0,116700.0,NHDRA,2020-01-01,2020
78-30,2022,228900.0,70000.0,150700.0,City Parcel Master,2022-01-01,2022
78-30,2020,236700.0,77800.0,150700.0,NHDRA,2020-01-01,2020
78-31,2022,207200.0,58200.0,149000.0,City Parcel Master,2022-01-01,2022
78-31,2020,159200.0,64700.0,93800.0,NHDRA,2020-01-01,2020
78-32,2022,186700.0,62700.0,124000.0,City Parcel Master,2022-01-01,2022
78-32,2020,187700.0,62700.0,125000.0,NHDRA,2020-01-01,2020
78-33,2022,140200.0,56400.0,83800.0,City Parcel Master,2022-01-01,2022
78-33,2020,146500.0,62700.0,83800.0,NHDRA,2020-01-01,2020
78-34,2022,200600.0,61400.0,131400.0,City Parcel Master,2022-01-01,2022
78-34,2020,200600.0,61400.0,131400.0,NHDRA,2020-01-01,2020
78-36,2022,184600.0,60600.0,124000.0,City Parcel Master,2022-01-01,2022
78-36,2020,191300.0,67300.0,124000.0,NHDRA,2020-01-01,2020
78-38,2022,3087500.0,535700.0,2524600.0,City Parcel Master,2022-01-01,2022
78-38,2020,3087500.0,535700.0,2524600.0,NHDRA,2020-01-01,2020
78-39,2022,1151700.0,351900.0,788900.0,City Parcel Master,2022-01-01,2022
78-39,2020,771200.0,351900.0,408400.0,NHDRA,2020-01-01,2020
78-40-100,2022,1915000.0,745500.0,1146900.0,City Parcel Master,2022-01-01,2022
78-40-100,2020,1915000.0,745500.0,1146900.0,NHDRA,2020-01-01,2020
78-40-200,2022,4610800.0,1622600.0,2813100.0,City Parcel Master,2022-01-01,2022
78-40-200,2020,4610800.0,1622600.0,2813100.0,NHDRA,2020-01-01,2020
78-41,2022,410900.0,151800.0,259100.0,City Parcel Master,2022-01-01,2022
78-41,2020,419100.0,151800.0,267300.0,NHDRA,2020-01-01,2020
78-42,2022,371400.0,157800.0,213600.0,City Parcel Master,2022-01-01,2022
78-42,2020,371400.0,157800.0,213600.0,NHDRA,2020-01-01,2020
78-43,2022,17394135.0,2981735.0,13737800.0,City Parcel Master,2022-01-01,2022
78-43,2020,17394135.0,2981735.0,13737800.0,NHDRA,2020-01-01,2020
78-44,2022,2428500.0,1023600.0,860200.0,City Parcel Master,2022-01-01,2022
78-44,2020,2428500.0,1023600.0,860200.0,NHDRA,2020-01-01,2020
78-45,2022,473700.0,387500.0,86200.0,City Parcel Master,2022-01-01,2022
78-45,2020,450400.0,387500.0,62900.0,NHDRA,2020-01-01,2020
78-48,2022,608100.0,420400.0,167000.0,City Parcel Master,2022-01-01,2022
78-48,2020,602300.0,420200.0,165000.0,NHDRA,2020-01-01,2020
78-50,2022,607300.0,438200.0,163200.0,City Parcel Master,2022-01-01,2022
78-50,2020,607500.0,438400.0,163200.0,NHDRA,2020-01-01,2020
78-55,2022,1352600.0,1233000.0,110200.0,City Parcel Master,2022-01-01,2022
78-55,2020,333400.0,229100.0,94700.0,NHDRA,2020-01-01,2020
78-61,2022,246700.0,246700.0,0.0,City Parcel Master,2022-01-01,2022
78-61,2020,246700.0,246700.0,0.0,NHDRA,2020-01-01,2020
78-62,2022,241600.0,241600.0,0.0,City Parcel Master,2022-01-01,2022
78-62,2020,241600.0,241600.0,0.0,NHDRA,2020-01-01,2020
79-1,2022,293500.0,95600.0,186500.0,City Parcel Master,2022-01-01,2022
79-1,2020,304100.0,106200.0,186500.0,NHDRA,2020-01-01,2020
79-2,2022,308300.0,98200.0,209200.0,City Parcel Master,2022-01-01,2022
79-2,2020,318700.0,109100.0,209200.0,NHDRA,2020-01-01,2020
79-3,2022,331600.0,90100.0,241500.0,City Parcel Master,2022-01-01,2022
79-3,2020,336100.0,100100.0,236000.0,NHDRA,2020-01-01,2020
79-4,2022,274900.0,83000.0,181900.0,City Parcel Master,2022-01-01,2022
79-4,2020,289700.0,97000.0,182700.0,NHDRA,2020-01-01,2020
79-5,2022,324700.0,102200.0,222500.0,City Parcel Master,2022-01-01,2022
79-5,2020,518400.0,272600.0,245800.0,NHDRA,2020-01-01,2020
79-6,2022,259200.0,81300.0,171400.0,City Parcel Master,2022-01-01,2022
79-6,2020,279700.0,106200.0,167000.0,NHDRA,2020-01-01,2020
79-7,2022,274800.0,70500.0,203800.0,City Parcel Master,2022-01-01,2022
79-7,2020,281800.0,92100.0,189200.0,NHDRA,2020-01-01,2020
79-8,2022,312100.0,82900.0,228900.0,City Parcel Master,2022-01-01,2022
79-8,2020,314400.0,92100.0,222000.0,NHDRA,2020-01-01,2020
79-9,2022,264100.0,82900.0,181200.0,City Parcel Master,2022-01-01,2022
79-9,2020,273300.0,92100.0,181200.0,NHDRA,2020-01-01,2020
79-10,2022,270700.0,82300.0,188400.0,City Parcel Master,2022-01-01,2022
79-10,2020,279800.0,91400.0,188400.0,NHDRA,2020-01-01,2020
79-11,2022,259000.0,82300.0,176700.0,City Parcel Master,2022-01-01,2022
79-11,2020,268100.0,91400.0,176700.0,NHDRA,2020-01-01,2020
79-12,2022,312100.0,82900.0,229200.0,City Parcel Master,2022-01-01,2022
79-12,2020,321300.0,92100.0,229200.0,NHDRA,2020-01-01,2020
79-13,2022,329800.0,82900.0,246600.0,City Parcel Master,2022-01-01,2022
79-13,2020,339000.0,92100.0,246600.0,NHDRA,2020-01-01,2020
79-14,2022,245800.0,84700.0,160600.0,City Parcel Master,2022-01-01,2022
79-14,2020,255200.0,94100.0,160600.0,NHDRA,2020-01-01,2020
79-15,2022,310900.0,82600.0,228300.0,City Parcel Master,2022-01-01,2022
79-15,2020,315500.0,108000.0,204200.0,NHDRA,2020-01-01,2020
79-16,2022,345000.0,82300.0,262700.0,City Parcel Master,2022-01-01,2022
79-16,2020,342600.0,107500.0,235100.0,NHDRA,2020-01-01,2020
79-17,2022,267400.0,75800.0,191600.0,City Parcel Master,2022-01-01,2022
79-17,2020,280000.0,99000.0,181000.0,NHDRA,2020-01-01,2020
79-18,2022,283300.0,82300.0,193600.0,City Parcel Master,2022-01-01,2022
79-18,2020,296900.0,107500.0,182000.0,NHDRA,2020-01-01,2020
79-19,2022,253000.0,79500.0,172500.0,City Parcel Master,2022-01-01,2022
79-19,2020,233000.0,103900.0,128100.0,NHDRA,2020-01-01,2020
79-20,2022,334600.0,71200.0,260000.0,City Parcel Master,2022-01-01,2022
79-20,2020,333100.0,93100.0,238900.0,NHDRA,2020-01-01,2020
79-21,2022,305800.0,91000.0,205800.0,City Parcel Master,2022-01-01,2022
79-21,2020,315900.0,101100.0,205800.0,NHDRA,2020-01-01,2020
79-22,2022,277100.0,83800.0,185300.0,City Parcel Master,2022-01-01,2022
79-22,2020,286400.0,93100.0,185300.0,NHDRA,2020-01-01,2020
79-23,2022,297500.0,100300.0,184800.0,City Parcel Master,2022-01-01,2022
79-23,2020,308600.0,111400.0,184800.0,NHDRA,2020-01-01,2020
79-28,2022,392200.0,87700.0,273800.0,City Parcel Master,2022-01-01,2022
79-28,2020,398600.0,87900.0,280000.0,NHDRA,2020-01-01,2020
79-28-100,2022,341600.0,88600.0,244200.0,City Parcel Master,2022-01-01,2022
79-28-100,2020,359000.0,88800.0,261400.0,NHDRA,2020-01-01,2020
79-29,2022,253900.0,82500.0,156600.0,City Parcel Master,2022-01-01,2022
79-29,2020,253900.0,82500.0,156600.0,NHDRA,2020-01-01,2020
79-30,2022,285200.0,75700.0,198800.0,City Parcel Master,2022-01-01,2022
79-30,2020,285100.0,75600.0,198800.0,NHDRA,2020-01-01,2020
79-31,2022,177500.0,77500.0,100000.0,City Parcel Master,2022-01-01,2022
79-31,2020,177600.0,77600.0,100000.0,NHDRA,2020-01-01,2020
79-32,2022,110900.0,82400.0,28500.0,City Parcel Master,2022-01-01,2022
79-32,2020,110300.0,82400.0,27900.0,NHDRA,2020-01-01,2020
79-33,2022,201000.0,82100.0,115600.0,City Parcel Master,2022-01-01,2022
79-33,2020,211200.0,82300.0,125600.0,NHDRA,2020-01-01,2020
79-34,2022,213900.0,81900.0,132000.0,City Parcel Master,2022-01-01,2022
79-34,2020,213700.0,81700.0,132000.0,NHDRA,2020-01-01,2020
79-35,2022,292600.0,82300.0,209800.0,City Parcel Master,2022-01-01,2022
79-35,2020,292700.0,82400.0,209800.0,NHDRA,2020-01-01,2020
79-36,2022,212200.0,84600.0,126900.0,City Parcel Master,2022-01-01,2022
79-36,2020,212100.0,84500.0,126900.0,NHDRA,2020-01-01,2020
79-37,2022,170200.0,65500.0,104200.0,City Parcel Master,2022-01-01,2022
79-37,2020,162700.0,65400.0,96800.0,NHDRA,2020-01-01,2020
79-38,2022,4800.0,4800.0,0.0,City Parcel Master,2022-01-01,2022
79-38,2020,4800.0,4800.0,0.0,NHDRA,2020-01-01,2020
79-39,2022,51200.0,51200.0,0.0,City Parcel Master,2022-01-01,2022
79-39,2020,51200.0,51200.0,0.0,NHDRA,2020-01-01,2020
79-40,2022,111100.0,71400.0,39700.0,City Parcel Master,2022-01-01,2022
79-40,2020,110400.0,71400.0,39000.0,NHDRA,2020-01-01,2020
79-41,2022,184100.0,65800.0,118300.0,City Parcel Master,2022-01-01,2022
79-41,2020,184100.0,65800.0,118300.0,NHDRA,2020-01-01,2020
79-42,2022,15000.0,15000.0,0.0,City Parcel Master,2022-01-01,2022
79-42,2020,15000.0,15000.0,0.0,NHDRA,2020-01-01,2020
79-43,2022,263200.0,77400.0,175100.0,City Parcel Master,2022-01-01,2022
79-43,2020,260100.0,77500.0,171900.0,NHDRA,2020-01-01,2020
79-44,2022,280600.0,76900.0,203200.0,City Parcel Master,2022-01-01,2022
79-44,2020,289600.0,76900.0,212300.0,NHDRA,2020-01-01,2020
79-45,2022,316300.0,74900.0,222500.0,City Parcel Master,2022-01-01,2022
79-45,2020,319500.0,74900.0,225800.0,NHDRA,2020-01-01,2020
79-46,2022,311300.0,80800.0,217200.0,City Parcel Master,2022-01-01,2022
79-46,2020,311200.0,80700.0,217200.0,NHDRA,2020-01-01,2020
79-47,2022,209900.0,77000.0,121800.0,City Parcel Master,2022-01-01,2022
79-47,2020,210000.0,77100.0,121800.0,NHDRA,2020-01-01,2020
79-48,2022,3000.0,3000.0,0.0,City Parcel Master,2022-01-01,2022
79-48,2020,3000.0,3000.0,0.0,NHDRA,2020-01-01,2020
79-49,2022,56000.0,56000.0,0.0,City Parcel Master,2022-01-01,2022
79-49,2020,56000.0,56000.0,0.0,NHDRA,2020-01-01,2020
79-50,2022,6500.0,6500.0,0.0,City Parcel Master,2022-01-01,2022
79-50,2020,6500.0,6500.0,0.0,NHDRA,2020-01-01,2020
79-51,2022,5800.0,5800.0,0.0,City Parcel Master,2022-01-01,2022
79-51,2020,5800.0,5800.0,0.0,NHDRA,2020-01-01,2020
79-52,2022,2910.0,2910.0,0.0,City Parcel Master,2022-01-01,2022
79-52,2020,2910.0,2910.0,0.0,NHDRA,2020-01-01,2020
79-53,2022,309800.0,99000.0,198900.0,City Parcel Master,2022-01-01,2022
79-53,2020,309700.0,98900.0,199700.0,NHDRA,2020-01-01,2020
79-54,2022,249300.0,76400.0,171200.0,City Parcel Master,2022-01-01,2022
79-54,2020,249300.0,76500.0,171100.0,NHDRA,2020-01-01,2020
80-1,2022,340400.0,95500.0,231600.0,City Parcel Master,2022-01-01,2022
80-1,2020,340300.0,95400.0,231600.0,NHDRA,2020-01-01,2020
80-2,2022,670695.0,169995.0,474800.0,City Parcel Master,2022-01-01,2022
80-2,2020,760695.0,169995.0,562200.0,NHDRA,2020-01-01,2020
80-3,2022,281900.0,94300.0,187600.0,City Parcel Master,2022-01-01,2022
80-3,2020,270900.0,94600.0,176300.0,NHDRA,2020-01-01,2020
80-5,2022,294500.0,84700.0,207800.0,City Parcel Master,2022-01-01,2022
80-5,2020,294500.0,84700.0,207800.0,NHDRA,2020-01-01,2020
80-6,2022,38800.0,22200.0,0.0,City Parcel Master,2022-01-01,2022
80-6,2020,38200.0,21600.0,0.0,NHDRA,2020-01-01,2020
80-6-100,2022,342500.0,84900.0,255400.0,City Parcel Master,2022-01-01,2022
80-6-100,2020,345300.0,84900.0,258200.0,NHDRA,2020-01-01,2020
80-7,2022,411300.0,125100.0,263400.0,City Parcel Master,2022-01-01,2022
80-7,2020,410840.0,124640.0,263400.0,NHDRA,2020-01-01,2020
80-8,2022,557600.0,111100.0,445200.0,City Parcel Master,2022-01-01,2022
80-8,2020,557600.0,111100.0,445200.0,NHDRA,2020-01-01,2020
80-9,2022,73765.0,73765.0,0.0,City Parcel Master,2022-01-01,2022
80-9,2020,73765.0,73765.0,0.0,NHDRA,2020-01-01,2020
80-10,2022,516010.0,115810.0,394300.0,City Parcel Master,2022-01-01,2022
80-10,2020,515910.0,115710.0,394300.0,NHDRA,2020-01-01,2020
80-11,2022,134860.0,109960.0,0.0,City Parcel Master,2022-01-01,2022
80-11,2020,134660.0,109760.0,0.0,NHDRA,2020-01-01,2020
80-12,2022,380800.0,88900.0,279500.0,City Parcel Master,2022-01-01,2022
80-12,2020,380800.0,88900.0,279500.0,NHDRA,2020-01-01,2020
80-13,2022,9800.0,9800.0,0.0,City Parcel Master,2022-01-01,2022
80-13,2020,9800.0,9800.0,0.0,NHDRA,2020-01-01,2020
80-14,2022,827835.0,212635.0,588800.0,City Parcel Master,2022-01-01,2022
80-14,2020,654935.0,212635.0,439700.0,NHDRA,2020-01-01,2020
80-14-100,2022,345.0,345.0,0.0,City Parcel Master,2022-01-01,2022
80-14-100,2020,345.0,345.0,0.0,NHDRA,2020-01-01,2020
80-14-200,2022,780.0,780.0,0.0,City Parcel Master,2022-01-01,2022
80-14-200,2020,780.0,780.0,0.0,NHDRA,2020-01-01,2020
80-15,2022,434700.0,273200.0,128200.0,City Parcel Master,2022-01-01,2022
80-15,2020,411700.0,273200.0,128200.0,NHDRA,2020-01-01,2020
80-16,2022,2070.0,2070.0,0.0,City Parcel Master,2022-01-01,2022
80-16,2020,3425.0,3425.0,0.0,NHDRA,2020-01-01,2020
80-17,2022,770200.0,332500.0,427600.0,City Parcel Master,2022-01-01,2022
80-17,2020,769900.0,332200.0,427600.0,NHDRA,2020-01-01,2020
80-18,2022,940700.0,335200.0,604600.0,City Parcel Master,2022-01-01,2022
80-18,2020,936500.0,334300.0,602200.0,NHDRA,2020-01-01,2020
80-19,2022,503500.0,109300.0,337100.0,City Parcel Master,2022-01-01,2022
80-19,2020,482300.0,109000.0,343900.0,NHDRA,2020-01-01,2020
80-20,2022,413345.0,122045.0,270600.0,City Parcel Master,2022-01-01,2022
80-20,2020,397110.0,126010.0,250400.0,NHDRA,2020-01-01,2020
80-21,2022,676200.0,138100.0,537500.0,City Parcel Master,2022-01-01,2022
80-21,2020,676200.0,138100.0,537500.0,NHDRA,2020-01-01,2020
80-22,2022,832100.0,137500.0,694000.0,City Parcel Master,2022-01-01,2022
80-22,2020,832100.0,137500.0,694000.0,NHDRA,2020-01-01,2020
80-23,2022,582600.0,137000.0,428600.0,City Parcel Master,2022-01-01,2022
80-23,2020,582600.0,137000.0,428600.0,NHDRA,2020-01-01,2020
80-24,2022,608800.0,127100.0,473600.0,City Parcel Master,2022-01-01,2022
80-24,2020,595600.0,127100.0,460400.0,NHDRA,2020-01-01,2020
80-25,2022,595600.0,127700.0,445700.0,City Parcel Master,2022-01-01,2022
80-25,2020,595600.0,127700.0,445700.0,NHDRA,2020-01-01,2020
80-26,2022,365200.0,122200.0,242200.0,City Parcel Master,2022-01-01,2022
80-26,2020,365200.0,122200.0,242200.0,NHDRA,2020-01-01,2020
80-27,2022,261300.0,121500.0,132000.0,City Parcel Master,2022-01-01,2022
80-27,2020,261600.0,121800.0,132000.0,NHDRA,2020-01-01,2020
80-28,2022,365775.0,117975.0,242400.0,City Parcel Master,2022-01-01,2022
80-28,2020,382875.0,117975.0,259500.0,NHDRA,2020-01-01,2020
80-28-200,2022,750.0,750.0,0.0,City Parcel Master,2022-01-01,2022
80-28-200,2020,2355.0,2355.0,0.0,NHDRA,2020-01-01,2020
80-29,2022,351200.0,76800.0,274400.0,City Parcel Master,2022-01-01,2022
80-29,2020,348400.0,77000.0,271400.0,NHDRA,2020-01-01,2020
80-30,2022,302700.0,91600.0,210100.0,City Parcel Master,2022-01-01,2022
80-30,2020,300400.0,91600.0,207800.0,NHDRA,2020-01-01,2020
80-30-100,2022,367800.0,92600.0,275200.0,City Parcel Master,2022-01-01,2022
80-30-100,2020,367800.0,92600.0,275200.0,NHDRA,2020-01-01,2020
80-31,2022,455600.0,93300.0,362200.0,City Parcel Master,2022-01-01,2022
80-31,2020,455600.0,93300.0,362200.0,NHDRA,2020-01-01,2020
80-32,2022,332255.0,85655.0,230100.0,City Parcel Master,2022-01-01,2022
80-32,2020,331975.0,85375.0,230100.0,NHDRA,2020-01-01,2020
80-33,2022,445200.0,94500.0,350700.0,City Parcel Master,2022-01-01,2022
80-33,2020,445200.0,94500.0,350700.0,NHDRA,2020-01-01,2020
80-34,2022,336410.0,94810.0,230400.0,City Parcel Master,2022-01-01,2022
80-34,2020,355010.0,94810.0,249000.0,NHDRA,2020-01-01,2020
80-35,2022,1160925.0,95525.0,998300.0,City Parcel Master,2022-01-01,2022
80-35,2020,1108725.0,95525.0,1002100.0,NHDRA,2020-01-01,2020
80-35-100,2022,579500.0,118000.0,461500.0,City Parcel Master,2022-01-01,2022
80-35-100,2020,523400.0,118000.0,405400.0,NHDRA,2020-01-01,2020
80-35-200,2022,391300.0,119100.0,257500.0,City Parcel Master,2022-01-01,2022
80-35-200,2020,391300.0,119100.0,257500.0,NHDRA,2020-01-01,2020
80-35-300,2022,538800.0,117900.0,390100.0,City Parcel Master,2022-01-01,2022
80-35-300,2020,543100.0,117900.0,394400.0,NHDRA,2020-01-01,2020
80-35-400,2022,3930.0,3930.0,0.0,City Parcel Master,2022-01-01,2022
80-35-400,2020,3830.0,3830.0,0.0,NHDRA,2020-01-01,2020
80-36,2022,795500.0,282500.0,494400.0,City Parcel Master,2022-01-01,2022
80-36,2020,804500.0,280100.0,505800.0,NHDRA,2020-01-01,2020
82-1,2022,1411550.0,316450.0,1058600.0,City Parcel Master,2022-01-01,2022
82-1,2020,1238385.0,310085.0,927800.0,NHDRA,2020-01-01,2020
82-2,2022,324600.0,114000.0,210600.0,City Parcel Master,2022-01-01,2022
82-2,2020,326900.0,114100.0,212800.0,NHDRA,2020-01-01,2020
82-3,2022,843325.0,227325.0,605400.0,City Parcel Master,2022-01-01,2022
82-3,2020,843635.0,227635.0,605400.0,NHDRA,2020-01-01,2020
82-4,2022,881340.0,316040.0,564700.0,City Parcel Master,2022-01-01,2022
82-4,2020,881340.0,316040.0,564700.0,NHDRA,2020-01-01,2020
82-5,2022,1172490.0,317990.0,848900.0,City Parcel Master,2022-01-01,2022
82-5,2020,1167570.0,318070.0,848900.0,NHDRA,2020-01-01,2020
82-6,2022,905.0,905.0,0.0,City Parcel Master,2022-01-01,2022
82-6,2020,1055.0,1055.0,0.0,NHDRA,2020-01-01,2020
82-7,2022,2775.0,2775.0,0.0,City Parcel Master,2022-01-01,2022
82-7,2020,2775.0,2775.0,0.0,NHDRA,2020-01-01,2020
82-8,2022,301810.0,105010.0,196800.0,City Parcel Master,2022-01-01,2022
82-8,2020,301810.0,105010.0,196800.0,NHDRA,2020-01-01,2020
82-9,2022,229500.0,77900.0,150600.0,City Parcel Master,2022-01-01,2022
82-9,2020,229500.0,77900.0,150600.0,NHDRA,2020-01-01,2020
82-9-100,2022,188200.0,94000.0,94200.0,City Parcel Master,2022-01-01,2022
82-9-100,2020,188200.0,94000.0,94200.0,NHDRA,2020-01-01,2020
82-10,2022,435000.0,76900.0,352200.0,City Parcel Master,2022-01-01,2022
82-10,2020,435000.0,76900.0,352200.0,NHDRA,2020-01-01,2020
82-11,2022,99600.0,99600.0,0.0,City Parcel Master,2022-01-01,2022
82-11,2020,99600.0,99600.0,0.0,NHDRA,2020-01-01,2020
82-12,2022,232500.0,78700.0,148100.0,City Parcel Master,2022-01-01,2022
82-12,2020,232500.0,78700.0,148100.0,NHDRA,2020-01-01,2020
82-12-100,2022,401300.0,77700.0,323600.0,City Parcel Master,2022-01-01,2022
82-12-100,2020,401300.0,77700.0,323600.0,NHDRA,2020-01-01,2020
82-13,2022,233000.0,77900.0,155100.0,City Parcel Master,2022-01-01,2022
82-13,2020,233000.0,77900.0,155100.0,NHDRA,2020-01-01,2020
82-14,2022,54400.0,54400.0,0.0,City Parcel Master,2022-01-01,2022
82-14,2020,54400.0,54400.0,0.0,NHDRA,2020-01-01,2020
82-15,2022,90320.0,85720.0,0.0,City Parcel Master,2022-01-01,2022
82-15,2020,90420.0,85820.0,0.0,NHDRA,2020-01-01,2020
82-16,2022,373245.0,124245.0,186600.0,City Parcel Master,2022-01-01,2022
82-16,2020,373745.0,124745.0,186600.0,NHDRA,2020-01-01,2020
82-17,2022,713500.0,324300.0,378200.0,City Parcel Master,2022-01-01,2022
82-17,2020,1047800.0,324600.0,693400.0,NHDRA,2020-01-01,2020
82-18,2022,1173780.0,323480.0,850300.0,City Parcel Master,2022-01-01,2022
82-18,2020,1174680.0,324380.0,850300.0,NHDRA,2020-01-01,2020
82-20,2022,624300.0,299300.0,324400.0,City Parcel Master,2022-01-01,2022
82-20,2020,629900.0,300100.0,329800.0,NHDRA,2020-01-01,2020
82-21,2022,738920.0,260920.0,476800.0,City Parcel Master,2022-01-01,2022
82-21,2020,750220.0,260920.0,488100.0,NHDRA,2020-01-01,2020
82-22,2022,899090.0,206590.0,675200.0,City Parcel Master,2022-01-01,2022
82-22,2020,899090.0,206590.0,675200.0,NHDRA,2020-01-01,2020
82-23,2022,2650.0,2650.0,0.0,City Parcel Master,2022-01-01,2022
82-23,2020,2650.0,2650.0,0.0,NHDRA,2020-01-01,2020
82-24,2022,807525.0,111825.0,681900.0,City Parcel Master,2022-01-01,2022
82-24,2020,807425.0,111725.0,681900.0,NHDRA,2020-01-01,2020
83-1,2022,55800.0,55800.0,0.0,City Parcel Master,2022-01-01,2022
83-1,2020,55800.0,55800.0,0.0,NHDRA,2020-01-01,2020
83-2,2022,33300.0,33300.0,0.0,City Parcel Master,2022-01-01,2022
83-2,2020,33300.0,33300.0,0.0,NHDRA,2020-01-01,2020
83-3,2022,270800.0,90200.0,159600.0,City Parcel Master,2022-01-01,2022
83-3,2020,270800.0,90200.0,159600.0,NHDRA,2020-01-01,2020
83-4,2022,95100.0,95100.0,0.0,City Parcel Master,2022-01-01,2022
83-4,2020,47700.0,47700.0,0.0,NHDRA,2020-01-01,2020
83-5,2022,322500.0,87000.0,218500.0,City Parcel Master,2022-01-01,2022
83-5,2020,322500.0,87000.0,218500.0,NHDRA,2020-01-01,2020
83-7,2022,84265.0,84265.0,0.0,City Parcel Master,2022-01-01,2022
83-7,2020,84265.0,84265.0,0.0,NHDRA,2020-01-01,2020
83-8,2022,3400.0,3400.0,0.0,City Parcel Master,2022-01-01,2022
83-8,2020,3400.0,3400.0,0.0,NHDRA,2020-01-01,2020
83-9,2022,17600.0,17600.0,0.0,City Parcel Master,2022-01-01,2022
83-9,2020,17600.0,17600.0,0.0,NHDRA,2020-01-01,2020
83-10,2022,30400.0,30400.0,0.0,City Parcel Master,2022-01-01,2022
83-10,2020,30400.0,30400.0,0.0,NHDRA,2020-01-01,2020
83-11,2022,9200.0,8800.0,0.0,City Parcel Master,2022-01-01,2022
83-11,2020,4800.0,4400.0,0.0,NHDRA,2020-01-01,2020
83-12,2022,90100.0,87600.0,2500.0,City Parcel Master,2022-01-01,2022
83-12,2020,90300.0,87800.0,2500.0,NHDRA,2020-01-01,2020
83-13,2022,588700.0,118000.0,470700.0,City Parcel Master,2022-01-01,2022
83-13,2020,586900.0,118000.0,468900.0,NHDRA,2020-01-01,2020
83-14,2022,418500.0,159200.0,257700.0,City Parcel Master,2022-01-01,2022
83-14,2020,418500.0,159200.0,257700.0,NHDRA,2020-01-01,2020
83-15,2022,351000.0,106300.0,244700.0,City Parcel Master,2022-01-01,2022
83-15,2020,351000.0,106300.0,244700.0,NHDRA,2020-01-01,2020
83-16,2022,339100.0,132900.0,206200.0,City Parcel Master,2022-01-01,2022
83-16,2020,339100.0,132900.0,206200.0,NHDRA,2020-01-01,2020
83-17,2022,242300.0,95400.0,138300.0,City Parcel Master,2022-01-01,2022
83-17,2020,242400.0,95500.0,138300.0,NHDRA,2020-01-01,2020
83-18,2022,387700.0,91000.0,279000.0,City Parcel Master,2022-01-01,2022
83-18,2020,387300.0,91000.0,279000.0,NHDRA,2020-01-01,2020
83-19,2022,306600.0,80600.0,208500.0,City Parcel Master,2022-01-01,2022
83-19,2020,306600.0,80600.0,208500.0,NHDRA,2020-01-01,2020
83-20,2022,3600.0,3600.0,0.0,City Parcel Master,2022-01-01,2022
83-20,2020,3600.0,3600.0,0.0,NHDRA,2020-01-01,2020
84-1,2022,352200.0,132900.0,219300.0,City Parcel Master,2022-01-01,2022
84-1,2020,352200.0,132900.0,219300.0,NHDRA,2020-01-01,2020
84-2,2022,446800.0,114900.0,331900.0,City Parcel Master,2022-01-01,2022
84-2,2020,435100.0,114900.0,320200.0,NHDRA,2020-01-01,2020
84-3,2022,445200.0,115500.0,329700.0,City Parcel Master,2022-01-01,2022
84-3,2020,448900.0,115500.0,333400.0,NHDRA,2020-01-01,2020
84-4,2022,439300.0,149400.0,272700.0,City Parcel Master,2022-01-01,2022
84-4,2020,442800.0,149700.0,275900.0,NHDRA,2020-01-01,2020
84-5,2022,493100.0,153100.0,315100.0,City Parcel Master,2022-01-01,2022
84-5,2020,481300.0,153500.0,315100.0,NHDRA,2020-01-01,2020
84-6,2022,143300.0,143300.0,0.0,City Parcel Master,2022-01-01,2022
84-6,2020,143500.0,143500.0,0.0,NHDRA,2020-01-01,2020
84-7,2022,422300.0,157100.0,244500.0,City Parcel Master,2022-01-01,2022
84-7,2020,417200.0,157100.0,244500.0,NHDRA,2020-01-01,2020
84-8,2022,225200.0,95600.0,127800.0,City Parcel Master,2022-01-01,2022
84-8,2020,225000.0,95400.0,127800.0,NHDRA,2020-01-01,2020
84-9,2022,428000.0,72900.0,354900.0,City Parcel Master,2022-01-01,2022
84-9,2020,433400.0,81000.0,352400.0,NHDRA,2020-01-01,2020
84-10,2022,906200.0,444400.0,433800.0,City Parcel Master,2022-01-01,2022
84-10,2020,906200.0,444400.0,433800.0,NHDRA,2020-01-01,2020
84-11,2022,399900.0,219200.0,168400.0,City Parcel Master,2022-01-01,2022
84-11,2020,400000.0,219300.0,168400.0,NHDRA,2020-01-01,2020
84-12,2022,308000.0,81800.0,214500.0,City Parcel Master,2022-01-01,2022
84-12,2020,296600.0,81800.0,214500.0,NHDRA,2020-01-01,2020
84-13,2022,287300.0,81100.0,187900.0,City Parcel Master,2022-01-01,2022
84-13,2020,287300.0,81100.0,187900.0,NHDRA,2020-01-01,2020
84-14,2022,422900.0,81500.0,316500.0,City Parcel Master,2022-01-01,2022
84-14,2020,409000.0,81300.0,322300.0,NHDRA,2020-01-01,2020
84-15,2022,2745.0,2745.0,0.0,City Parcel Master,2022-01-01,2022
84-15,2020,8495.0,8495.0,0.0,NHDRA,2020-01-01,2020
84-16,2022,414700.0,285100.0,115700.0,City Parcel Master,2022-01-01,2022
84-16,2020,480800.0,351200.0,115700.0,NHDRA,2020-01-01,2020
84-17,2022,340600.0,251900.0,82900.0,City Parcel Master,2022-01-01,2022
84-17,2020,368000.0,279300.0,82900.0,NHDRA,2020-01-01,2020
84-18,2022,409800.0,280400.0,128200.0,City Parcel Master,2022-01-01,2022
84-18,2020,478100.0,348700.0,128200.0,NHDRA,2020-01-01,2020
84-19,2022,428700.0,219400.0,209300.0,City Parcel Master,2022-01-01,2022
84-19,2020,462800.0,253500.0,209300.0,NHDRA,2020-01-01,2020
84-20,2022,522900.0,209400.0,313500.0,City Parcel Master,2022-01-01,2022
84-20,2020,552400.0,238900.0,313500.0,NHDRA,2020-01-01,2020
84-22,2022,645600.0,239700.0,405000.0,City Parcel Master,2022-01-01,2022
84-22,2020,682100.0,276200.0,405000.0,NHDRA,2020-01-01,2020
84-23,2022,613100.0,214800.0,397400.0,City Parcel Master,2022-01-01,2022
84-23,2020,652400.0,254100.0,397400.0,NHDRA,2020-01-01,2020
84-24,2022,307400.0,233300.0,73900.0,City Parcel Master,2022-01-01,2022
84-24,2020,360800.0,286700.0,73900.0,NHDRA,2020-01-01,2020
84-25,2022,275100.0,209400.0,65400.0,City Parcel Master,2022-01-01,2022
84-25,2020,301500.0,238900.0,62300.0,NHDRA,2020-01-01,2020
84-26,2022,248300.0,209400.0,38900.0,City Parcel Master,2022-01-01,2022
84-26,2020,277800.0,238900.0,38900.0,NHDRA,2020-01-01,2020
84-27,2022,459800.0,300400.0,156800.0,City Parcel Master,2022-01-01,2022
84-27,2020,577500.0,418100.0,156800.0,NHDRA,2020-01-01,2020
84-28,2022,14400.0,14400.0,0.0,City Parcel Master,2022-01-01,2022
84-28,2020,14400.0,14400.0,0.0,NHDRA,2020-01-01,2020
84-29,2022,539500.0,108800.0,342200.0,City Parcel Master,2022-01-01,2022
84-29,2020,441200.0,108800.0,243900.0,NHDRA,2020-01-01,2020
84-30,2022,280100.0,116100.0,158500.0,City Parcel Master,2022-01-01,2022
84-30,2020,284700.0,116100.0,163100.0,NHDRA,2020-01-01,2020
84-31,2022,260100.0,73300.0,186800.0,City Parcel Master,2022-01-01,2022
84-31,2020,260100.0,73300.0,186800.0,NHDRA,2020-01-01,2020
84-32,2022,412700.0,96200.0,316200.0,City Parcel Master,2022-01-01,2022
84-32,2020,384400.0,96300.0,287800.0,NHDRA,2020-01-01,2020
84-33,2022,289700.0,85800.0,198300.0,City Parcel Master,2022-01-01,2022
84-33,2020,289600.0,85700.0,198300.0,NHDRA,2020-01-01,2020
84-34,2022,365400.0,101700.0,252400.0,City Parcel Master,2022-01-01,2022
84-34,2020,358500.0,101700.0,245500.0,NHDRA,2020-01-01,2020
84-36,2022,556800.0,301500.0,235500.0,City Parcel Master,2022-01-01,2022
84-36,2020,553400.0,301600.0,235500.0,NHDRA,2020-01-01,2020
84-37,2022,551800.0,260000.0,286600.0,City Parcel Master,2022-01-01,2022
84-37,2020,619500.0,327600.0,291100.0,NHDRA,2020-01-01,2020
84-38,2022,152700.0,152300.0,0.0,City Parcel Master,2022-01-01,2022
84-38,2020,152600.0,152200.0,0.0,NHDRA,2020-01-01,2020
84-39,2022,159500.0,159500.0,0.0,City Parcel Master,2022-01-01,2022
84-39,2020,159500.0,159500.0,0.0,NHDRA,2020-01-01,2020
84-40,2022,203400.0,203400.0,0.0,City Parcel Master,2022-01-01,2022
84-40,2020,203400.0,203400.0,0.0,NHDRA,2020-01-01,2020
84-41,2022,799700.0,219800.0,556400.0,City Parcel Master,2022-01-01,2022
84-41,2020,806800.0,222200.0,573600.0,NHDRA,2020-01-01,2020
84-42,2022,402800.0,132300.0,270300.0,City Parcel Master,2022-01-01,2022
84-42,2020,402700.0,132200.0,270300.0,NHDRA,2020-01-01,2020
84-43,2022,327300.0,112800.0,214500.0,City Parcel Master,2022-01-01,2022
84-43,2020,328300.0,113800.0,214500.0,NHDRA,2020-01-01,2020
84-44,2022,301400.0,118400.0,182500.0,City Parcel Master,2022-01-01,2022
84-44,2020,299600.0,118300.0,180800.0,NHDRA,2020-01-01,2020
84-45,2022,370400.0,132000.0,225100.0,City Parcel Master,2022-01-01,2022
84-45,2020,358400.0,132000.0,225100.0,NHDRA,2020-01-01,2020
84-46,2022,437300.0,146700.0,290200.0,City Parcel Master,2022-01-01,2022
84-46,2020,437300.0,146700.0,290200.0,NHDRA,2020-01-01,2020
84-47-100,2022,905700.0,143700.0,762000.0,City Parcel Master,2022-01-01,2022
84-47-100,2020,905800.0,143800.0,762000.0,NHDRA,2020-01-01,2020
84-47-200,2022,71000.0,71000.0,0.0,City Parcel Master,2022-01-01,2022
84-47-200,2020,71100.0,71100.0,0.0,NHDRA,2020-01-01,2020
84-47-300,2022,71000.0,71000.0,0.0,City Parcel Master,2022-01-01,2022
84-47-300,2020,71000.0,71000.0,0.0,NHDRA,2020-01-01,2020
84-48,2022,7200.0,7200.0,0.0,City Parcel Master,2022-01-01,2022
84-48,2020,2000.0,2000.0,0.0,NHDRA,2020-01-01,2020
84-49,2022,170.0,170.0,0.0,City Parcel Master,2022-01-01,2022
84-49,2020,,,,NHDRA,2020-01-01,2020
85-1,2022,3310200.0,1763100.0,1463000.0,City Parcel Master,2022-01-01,2022
85-1,2020,3310200.0,1763100.0,1463000.0,NHDRA,2020-01-01,2020
85-2,2022,84700.0,84700.0,0.0,City Parcel Master,2022-01-01,2022
85-2,2020,84700.0,84700.0,0.0,NHDRA,2020-01-01,2020
85-2-100,2022,189100.0,189100.0,0.0,City Parcel Master,2022-01-01,2022
85-2-100,2020,189200.0,189200.0,0.0,NHDRA,2020-01-01,2020
85-3,2022,3000.0,3000.0,0.0,City Parcel Master,2022-01-01,2022
85-3,2020,3000.0,3000.0,0.0,NHDRA,2020-01-01,2020
85-4,2022,214500.0,186100.0,28000.0,City Parcel Master,2022-01-01,2022
85-4,2020,231400.0,203000.0,28000.0,NHDRA,2020-01-01,2020
85-5,2022,6500.0,6500.0,0.0,City Parcel Master,2022-01-01,2022
85-5,2020,6500.0,6500.0,0.0,NHDRA,2020-01-01,2020
85-6,2022,4100.0,4100.0,0.0,City Parcel Master,2022-01-01,2022
85-6,2020,4100.0,4100.0,0.0,NHDRA,2020-01-01,2020
85-7,2022,638400.0,80600.0,555800.0,City Parcel Master,2022-01-01,2022
85-7,2020,620500.0,62700.0,555800.0,NHDRA,2020-01-01,2020
85-9,2022,392500.0,86400.0,289100.0,City Parcel Master,2022-01-01,2022
85-9,2020,392500.0,86400.0,289100.0,NHDRA,2020-01-01,2020
85-10,2022,460400.0,85700.0,374700.0,City Parcel Master,2022-01-01,2022
85-10,2020,460300.0,85600.0,374700.0,NHDRA,2020-01-01,2020
85-11,2022,362600.0,81500.0,279400.0,City Parcel Master,2022-01-01,2022
85-11,2020,366400.0,81500.0,283200.0,NHDRA,2020-01-01,2020
85-12,2022,145600.0,144800.0,0.0,City Parcel Master,2022-01-01,2022
85-12,2020,145600.0,144800.0,0.0,NHDRA,2020-01-01,2020
86-1,2022,304800.0,81800.0,223000.0,City Parcel Master,2022-01-01,2022
86-1,2020,304700.0,81700.0,223000.0,NHDRA,2020-01-01,2020
86-2,2022,453000.0,69000.0,384000.0,City Parcel Master,2022-01-01,2022
86-2,2020,421300.0,69000.0,352300.0,NHDRA,2020-01-01,2020
86-3,2022,75200.0,73900.0,0.0,City Parcel Master,2022-01-01,2022
86-3,2020,75200.0,73900.0,0.0,NHDRA,2020-01-01,2020
86-4,2022,304200.0,67100.0,236100.0,City Parcel Master,2022-01-01,2022
86-4,2020,304200.0,67100.0,236100.0,NHDRA,2020-01-01,2020
86-5,2022,231400.0,60800.0,168700.0,City Parcel Master,2022-01-01,2022
86-5,2020,234900.0,60800.0,172300.0,NHDRA,2020-01-01,2020
86-6,2022,222200.0,63200.0,144900.0,City Parcel Master,2022-01-01,2022
86-6,2020,222200.0,63200.0,144900.0,NHDRA,2020-01-01,2020
86-7,2022,204100.0,58000.0,146100.0,City Parcel Master,2022-01-01,2022
86-7,2020,204100.0,58000.0,146100.0,NHDRA,2020-01-01,2020
86-8,2022,308600.0,82500.0,215400.0,City Parcel Master,2022-01-01,2022
86-8,2020,308700.0,82600.0,215400.0,NHDRA,2020-01-01,2020
86-9,2022,312800.0,69300.0,243500.0,City Parcel Master,2022-01-01,2022
86-9,2020,312700.0,69200.0,243500.0,NHDRA,2020-01-01,2020
86-10,2022,403200.0,70100.0,333100.0,City Parcel Master,2022-01-01,2022
86-10,2020,380400.0,70200.0,310200.0,NHDRA,2020-01-01,2020
86-11,2022,247200.0,72900.0,174000.0,City Parcel Master,2022-01-01,2022
86-11,2020,247200.0,72900.0,174000.0,NHDRA,2020-01-01,2020
86-12,2022,411100.0,68300.0,339500.0,City Parcel Master,2022-01-01,2022
86-12,2020,411100.0,68300.0,339500.0,NHDRA,2020-01-01,2020
86-13,2022,276800.0,74500.0,197900.0,City Parcel Master,2022-01-01,2022
86-13,2020,257400.0,74500.0,178600.0,NHDRA,2020-01-01,2020
86-14,2022,273800.0,62700.0,211100.0,City Parcel Master,2022-01-01,2022
86-14,2020,273800.0,62700.0,211100.0,NHDRA,2020-01-01,2020
86-15,2022,257100.0,58900.0,188700.0,City Parcel Master,2022-01-01,2022
86-15,2020,261500.0,58900.0,193100.0,NHDRA,2020-01-01,2020
86-16,2022,266000.0,55500.0,210500.0,City Parcel Master,2022-01-01,2022
86-16,2020,273900.0,55500.0,218400.0,NHDRA,2020-01-01,2020
86-17,2022,224800.0,58400.0,156400.0,City Parcel Master,2022-01-01,2022
86-17,2020,217200.0,58400.0,158800.0,NHDRA,2020-01-01,2020
86-18,2022,348200.0,73400.0,274800.0,City Parcel Master,2022-01-01,2022
86-18,2020,348200.0,73400.0,274800.0,NHDRA,2020-01-01,2020
86-18-200,2022,545700.0,99400.0,446300.0,City Parcel Master,2022-01-01,2022
86-18-200,2020,545700.0,99400.0,446300.0,NHDRA,2020-01-01,2020
86-19,2022,374800.0,75300.0,295500.0,City Parcel Master,2022-01-01,2022
86-19,2020,374700.0,75200.0,295500.0,NHDRA,2020-01-01,2020
86-20-100,2022,339600.0,185900.0,153700.0,City Parcel Master,2022-01-01,2022
86-20-100,2020,339600.0,185900.0,153700.0,NHDRA,2020-01-01,2020
86-20-200,2022,72500.0,62500.0,0.0,City Parcel Master,2022-01-01,2022
86-20-200,2020,72500.0,62500.0,0.0,NHDRA,2020-01-01,2020
86-21,2022,476600.0,187700.0,277200.0,City Parcel Master,2022-01-01,2022
86-21,2020,470500.0,187700.0,271100.0,NHDRA,2020-01-01,2020
86-22,2022,755600.0,312700.0,419600.0,City Parcel Master,2022-01-01,2022
86-22,2020,755600.0,312700.0,419600.0,NHDRA,2020-01-01,2020
86-23,2022,281800.0,69900.0,208700.0,City Parcel Master,2022-01-01,2022
86-23,2020,281900.0,70000.0,208700.0,NHDRA,2020-01-01,2020
86-24,2022,342700.0,95100.0,247600.0,City Parcel Master,2022-01-01,2022
86-24,2020,342700.0,95100.0,247600.0,NHDRA,2020-01-01,2020
86-25,2022,4317200.0,1127800.0,3118900.0,City Parcel Master,2022-01-01,2022
86-25,2020,4071300.0,1127800.0,2873000.0,NHDRA,2020-01-01,2020
86-25-100,2022,462300.0,302600.0,86700.0,City Parcel Master,2022-01-01,2022
86-25-100,2020,419300.0,302600.0,86700.0,NHDRA,2020-01-01,2020
86-26,2022,575500.0,294500.0,277900.0,City Parcel Master,2022-01-01,2022
86-26,2020,573100.0,294800.0,275200.0,NHDRA,2020-01-01,2020
86-27,2022,100700.0,89200.0,4200.0,City Parcel Master,2022-01-01,2022
86-27,2020,347000.0,89200.0,250500.0,NHDRA,2020-01-01,2020
86-28,2022,364600.0,93000.0,271600.0,City Parcel Master,2022-01-01,2022
86-28,2020,345700.0,93000.0,252700.0,NHDRA,2020-01-01,2020
86-29,2022,226200.0,89200.0,132800.0,City Parcel Master,2022-01-01,2022
86-29,2020,226200.0,89200.0,132800.0,NHDRA,2020-01-01,2020
86-30,2022,264800.0,86400.0,176200.0,City Parcel Master,2022-01-01,2022
86-30,2020,264900.0,86500.0,176200.0,NHDRA,2020-01-01,2020
86-31,2022,685900.0,103500.0,568000.0,City Parcel Master,2022-01-01,2022
86-31,2020,685900.0,103500.0,568000.0,NHDRA,2020-01-01,2020
86-32,2022,288200.0,85000.0,203200.0,City Parcel Master,2022-01-01,2022
86-32,2020,280700.0,84900.0,195800.0,NHDRA,2020-01-01,2020
86-33,2022,267100.0,84100.0,183000.0,City Parcel Master,2022-01-01,2022
86-33,2020,267100.0,84100.0,183000.0,NHDRA,2020-01-01,2020
86-34,2022,296800.0,86800.0,210000.0,City Parcel Master,2022-01-01,2022
86-34,2020,296700.0,86700.0,210000.0,NHDRA,2020-01-01,2020
86-35,2022,291200.0,93400.0,197600.0,City Parcel Master,2022-01-01,2022
86-35,2020,291300.0,93500.0,197600.0,NHDRA,2020-01-01,2020
86-36,2022,293100.0,84100.0,208800.0,City Parcel Master,2022-01-01,2022
86-36,2020,292400.0,84100.0,208100.0,NHDRA,2020-01-01,2020
86-37,2022,294800.0,86400.0,185700.0,City Parcel Master,2022-01-01,2022
86-37,2020,294900.0,86500.0,185700.0,NHDRA,2020-01-01,2020
86-38,2022,369700.0,84100.0,284900.0,City Parcel Master,2022-01-01,2022
86-38,2020,369700.0,84100.0,284900.0,NHDRA,2020-01-01,2020
86-39-100,2022,295300.0,80900.0,214400.0,City Parcel Master,2022-01-01,2022
86-39-100,2020,294200.0,80900.0,213300.0,NHDRA,2020-01-01,2020
86-39-200,2022,343100.0,73500.0,269300.0,City Parcel Master,2022-01-01,2022
86-39-200,2020,343100.0,73500.0,269300.0,NHDRA,2020-01-01,2020
86-40,2022,282100.0,103200.0,164800.0,City Parcel Master,2022-01-01,2022
86-40,2020,281900.0,103000.0,164800.0,NHDRA,2020-01-01,2020
86-41,2022,264300.0,89700.0,173600.0,City Parcel Master,2022-01-01,2022
86-41,2020,264300.0,89700.0,173600.0,NHDRA,2020-01-01,2020
86-42,2022,81000.0,81000.0,0.0,City Parcel Master,2022-01-01,2022
86-42,2020,81000.0,81000.0,0.0,NHDRA,2020-01-01,2020
86-43,2022,60400.0,60400.0,0.0,City Parcel Master,2022-01-01,2022
86-43,2020,60400.0,60400.0,0.0,NHDRA,2020-01-01,2020
86-44,2022,280000.0,85500.0,193900.0,City Parcel Master,2022-01-01,2022
86-44,2020,296700.0,85600.0,210900.0,NHDRA,2020-01-01,2020
86-45,2022,4600.0,4600.0,0.0,City Parcel Master,2022-01-01,2022
86-45,2020,4600.0,4600.0,0.0,NHDRA,2020-01-01,2020
86-46,2022,3800.0,3800.0,0.0,City Parcel Master,2022-01-01,2022
86-46,2020,3800.0,3800.0,0.0,NHDRA,2020-01-01,2020
86-47,2022,10600.0,10600.0,0.0,City Parcel Master,2022-01-01,2022
86-47,2020,10700.0,10700.0,0.0,NHDRA,2020-01-01,2020
86-48,2022,4600.0,4600.0,0.0,City Parcel Master,2022-01-01,2022
86-48,2020,4600.0,4600.0,0.0,NHDRA,2020-01-01,2020
86-49,2022,3700.0,3700.0,0.0,City Parcel Master,2022-01-01,2022
86-49,2020,3700.0,3700.0,0.0,NHDRA,2020-01-01,2020
86-50,2022,3800.0,3800.0,0.0,City Parcel Master,2022-01-01,2022
86-50,2020,3800.0,3800.0,0.0,NHDRA,2020-01-01,2020
86-51,2022,3200.0,3200.0,0.0,City Parcel Master,2022-01-01,2022
86-51,2020,3200.0,3200.0,0.0,NHDRA,2020-01-01,2020
86-51-100,2022,9300.0,9300.0,0.0,City Parcel Master,2022-01-01,2022
86-51-100,2020,9300.0,9300.0,0.0,NHDRA,2020-01-01,2020
86-52,2022,335700.0,68100.0,267600.0,City Parcel Master,2022-01-01,2022
86-52,2020,335600.0,68000.0,267600.0,NHDRA,2020-01-01,2020
86-53,2022,289200.0,78100.0,211100.0,City Parcel Master,2022-01-01,2022
86-53,2020,289200.0,78100.0,211100.0,NHDRA,2020-01-01,2020
86-54,2022,422900.0,60500.0,360900.0,City Parcel Master,2022-01-01,2022
86-54,2020,407600.0,60500.0,345600.0,NHDRA,2020-01-01,2020
86-55,2022,156100.0,156100.0,0.0,City Parcel Master,2022-01-01,2022
86-55,2020,156100.0,156100.0,0.0,NHDRA,2020-01-01,2020
86-56,2022,193400.0,193400.0,0.0,City Parcel Master,2022-01-01,2022
86-56,2020,193300.0,193300.0,0.0,NHDRA,2020-01-01,2020
86-57,2022,285800.0,200900.0,84900.0,City Parcel Master,2022-01-01,2022
86-57,2020,285700.0,200800.0,84900.0,NHDRA,2020-01-01,2020
86-58,2022,3800.0,3800.0,0.0,City Parcel Master,2022-01-01,2022
86-58,2020,3800.0,3800.0,0.0,NHDRA,2020-01-01,2020
86-59,2022,229700.0,77000.0,134900.0,City Parcel Master,2022-01-01,2022
86-59,2020,221000.0,77100.0,126100.0,NHDRA,2020-01-01,2020
86-60,2022,55900.0,55900.0,0.0,City Parcel Master,2022-01-01,2022
86-60,2020,55900.0,55900.0,0.0,NHDRA,2020-01-01,2020
86-61,2022,341800.0,81200.0,258500.0,City Parcel Master,2022-01-01,2022
86-61,2020,327800.0,81200.0,246000.0,NHDRA,2020-01-01,2020
87-1,2022,201000.0,95000.0,105900.0,City Parcel Master,2022-01-01,2022
87-1,2020,201100.0,95100.0,105900.0,NHDRA,2020-01-01,2020
87-2,2022,302800.0,96600.0,205200.0,City Parcel Master,2022-01-01,2022
87-2,2020,302300.0,96500.0,205200.0,NHDRA,2020-01-01,2020
87-3,2022,283700.0,98600.0,184400.0,City Parcel Master,2022-01-01,2022
87-3,2020,283700.0,98600.0,184400.0,NHDRA,2020-01-01,2020
87-4,2022,355400.0,83200.0,271800.0,City Parcel Master,2022-01-01,2022
87-4,2020,355500.0,83300.0,271800.0,NHDRA,2020-01-01,2020
87-5,2022,256800.0,69200.0,187600.0,City Parcel Master,2022-01-01,2022
87-5,2020,249600.0,69200.0,180400.0,NHDRA,2020-01-01,2020
87-6,2022,270100.0,83800.0,185700.0,City Parcel Master,2022-01-01,2022
87-6,2020,254700.0,83800.0,170900.0,NHDRA,2020-01-01,2020
87-7,2022,257800.0,84700.0,164600.0,City Parcel Master,2022-01-01,2022
87-7,2020,257800.0,84700.0,164600.0,NHDRA,2020-01-01,2020
87-8,2022,256400.0,93400.0,163000.0,City Parcel Master,2022-01-01,2022
87-8,2020,256500.0,93500.0,163000.0,NHDRA,2020-01-01,2020
87-9,2022,281900.0,91900.0,190000.0,City Parcel Master,2022-01-01,2022
87-9,2020,276800.0,91900.0,182900.0,NHDRA,2020-01-01,2020
87-10,2022,384600.0,109300.0,263200.0,City Parcel Master,2022-01-01,2022
87-10,2020,384700.0,109400.0,263200.0,NHDRA,2020-01-01,2020
87-11,2022,279000.0,90300.0,188700.0,City Parcel Master,2022-01-01,2022
87-11,2020,279000.0,90300.0,188700.0,NHDRA,2020-01-01,2020
87-12,2022,511900.0,98100.0,413500.0,City Parcel Master,2022-01-01,2022
87-12,2020,512000.0,98200.0,413500.0,NHDRA,2020-01-01,2020
87-13,2022,312200.0,87400.0,224800.0,City Parcel Master,2022-01-01,2022
87-13,2020,312100.0,87300.0,224800.0,NHDRA,2020-01-01,2020
87-14,2022,281500.0,69200.0,212300.0,City Parcel Master,2022-01-01,2022
87-14,2020,263900.0,69200.0,194700.0,NHDRA,2020-01-01,2020
87-15,2022,271900.0,82300.0,188700.0,City Parcel Master,2022-01-01,2022
87-15,2020,272000.0,82400.0,188700.0,NHDRA,2020-01-01,2020
87-16,2022,367700.0,96600.0,270900.0,City Parcel Master,2022-01-01,2022
87-16,2020,357300.0,96500.0,260600.0,NHDRA,2020-01-01,2020
87-17,2022,359300.0,81500.0,277300.0,City Parcel Master,2022-01-01,2022
87-17,2020,359300.0,81500.0,277300.0,NHDRA,2020-01-01,2020
87-18,2022,347800.0,76800.0,270500.0,City Parcel Master,2022-01-01,2022
87-18,2020,354300.0,76700.0,277100.0,NHDRA,2020-01-01,2020
87-19,2022,290200.0,73800.0,212500.0,City Parcel Master,2022-01-01,2022
87-19,2020,273000.0,73700.0,195400.0,NHDRA,2020-01-01,2020
87-20,2022,266900.0,76000.0,189800.0,City Parcel Master,2022-01-01,2022
87-20,2020,266900.0,76000.0,189800.0,NHDRA,2020-01-01,2020
87-21,2022,288600.0,87400.0,197100.0,City Parcel Master,2022-01-01,2022
87-21,2020,288500.0,87300.0,197100.0,NHDRA,2020-01-01,2020
87-22,2022,97400.0,97400.0,0.0,City Parcel Master,2022-01-01,2022
87-22,2020,97500.0,97500.0,0.0,NHDRA,2020-01-01,2020
87-23,2022,327400.0,79200.0,248200.0,City Parcel Master,2022-01-01,2022
87-23,2020,327500.0,79300.0,248200.0,NHDRA,2020-01-01,2020
87-24,2022,271900.0,73800.0,183600.0,City Parcel Master,2022-01-01,2022
87-24,2020,271800.0,73700.0,183600.0,NHDRA,2020-01-01,2020
87-25,2022,361200.0,83000.0,267400.0,City Parcel Master,2022-01-01,2022
87-25,2020,361200.0,83000.0,267400.0,NHDRA,2020-01-01,2020
87-26,2022,367700.0,85900.0,281400.0,City Parcel Master,2022-01-01,2022
87-26,2020,367700.0,85900.0,281400.0,NHDRA,2020-01-01,2020
87-27,2022,395100.0,103100.0,291500.0,City Parcel Master,2022-01-01,2022
87-27,2020,395200.0,103200.0,291500.0,NHDRA,2020-01-01,2020
87-28,2022,326200.0,87600.0,238600.0,City Parcel Master,2022-01-01,2022
87-28,2020,305400.0,87700.0,217700.0,NHDRA,2020-01-01,2020
87-29,2022,341000.0,112700.0,228300.0,City Parcel Master,2022-01-01,2022
87-29,2020,341000.0,112700.0,228300.0,NHDRA,2020-01-01,2020
87-30,2022,205900.0,93100.0,108400.0,City Parcel Master,2022-01-01,2022
87-30,2020,197800.0,93100.0,100300.0,NHDRA,2020-01-01,2020
87-31,2022,381000.0,90800.0,290200.0,City Parcel Master,2022-01-01,2022
87-31,2020,380900.0,90700.0,290200.0,NHDRA,2020-01-01,2020
87-32,2022,268500.0,93100.0,175400.0,City Parcel Master,2022-01-01,2022
87-32,2020,268500.0,93100.0,175400.0,NHDRA,2020-01-01,2020
87-33,2022,230900.0,88800.0,141900.0,City Parcel Master,2022-01-01,2022
87-33,2020,230900.0,88800.0,141900.0,NHDRA,2020-01-01,2020
87-34,2022,370300.0,97100.0,273200.0,City Parcel Master,2022-01-01,2022
87-34,2020,370200.0,97000.0,273200.0,NHDRA,2020-01-01,2020
87-35,2022,3013700.0,1274000.0,1719500.0,City Parcel Master,2022-01-01,2022
87-35,2020,2955000.0,1274000.0,1660800.0,NHDRA,2020-01-01,2020
87-36,2022,282200.0,94100.0,187900.0,City Parcel Master,2022-01-01,2022
87-36,2020,282200.0,94100.0,187900.0,NHDRA,2020-01-01,2020
87-37,2022,288800.0,99100.0,179100.0,City Parcel Master,2022-01-01,2022
87-37,2020,288700.0,99000.0,179100.0,NHDRA,2020-01-01,2020
87-38,2022,260400.0,90800.0,169500.0,City Parcel Master,2022-01-01,2022
87-38,2020,260300.0,90700.0,169500.0,NHDRA,2020-01-01,2020
87-39,2022,264200.0,77500.0,186700.0,City Parcel Master,2022-01-01,2022
87-39,2020,257000.0,77600.0,179400.0,NHDRA,2020-01-01,2020
87-40,2022,428000.0,67300.0,353100.0,City Parcel Master,2022-01-01,2022
87-40,2020,427900.0,67200.0,353100.0,NHDRA,2020-01-01,2020
87-41,2022,482800.0,110900.0,362800.0,City Parcel Master,2022-01-01,2022
87-41,2020,482900.0,111000.0,362800.0,NHDRA,2020-01-01,2020
87-42,2022,7900.0,6500.0,0.0,City Parcel Master,2022-01-01,2022
87-42,2020,7900.0,6500.0,0.0,NHDRA,2020-01-01,2020
87-43,2022,300300.0,94100.0,206200.0,City Parcel Master,2022-01-01,2022
87-43,2020,283100.0,94100.0,189000.0,NHDRA,2020-01-01,2020
87-44,2022,330600.0,102100.0,207900.0,City Parcel Master,2022-01-01,2022
87-44,2020,330500.0,102000.0,207900.0,NHDRA,2020-01-01,2020
87-45,2022,292800.0,94100.0,198700.0,City Parcel Master,2022-01-01,2022
87-45,2020,291100.0,94100.0,197000.0,NHDRA,2020-01-01,2020
87-46,2022,369600.0,118800.0,247200.0,City Parcel Master,2022-01-01,2022
87-46,2020,374700.0,118900.0,252200.0,NHDRA,2020-01-01,2020
87-47,2022,295200.0,98100.0,189300.0,City Parcel Master,2022-01-01,2022
87-47,2020,293600.0,98000.0,187800.0,NHDRA,2020-01-01,2020
87-48,2022,320800.0,88300.0,232500.0,City Parcel Master,2022-01-01,2022
87-48,2020,320800.0,88300.0,232500.0,NHDRA,2020-01-01,2020
87-49-101,2022,132900.0,0.0,132900.0,City Parcel Master,2022-01-01,2022
87-49-101,2020,132900.0,0.0,132900.0,NHDRA,2020-01-01,2020
87-49-201,2022,142600.0,0.0,142600.0,City Parcel Master,2022-01-01,2022
87-49-201,2020,142600.0,0.0,142600.0,NHDRA,2020-01-01,2020
87-49-301,2022,142600.0,0.0,142600.0,City Parcel Master,2022-01-01,2022
87-49-301,2020,142600.0,0.0,142600.0,NHDRA,2020-01-01,2020
87-49-401,2022,134700.0,0.0,134700.0,City Parcel Master,2022-01-01,2022
87-49-401,2020,134700.0,0.0,134700.0,NHDRA,2020-01-01,2020
87-49-501,2022,142600.0,0.0,142600.0,City Parcel Master,2022-01-01,2022
87-49-501,2020,142600.0,0.0,142600.0,NHDRA,2020-01-01,2020
87-49-601,2022,142600.0,0.0,142600.0,City Parcel Master,2022-01-01,2022
87-49-601,2020,142600.0,0.0,142600.0,NHDRA,2020-01-01,2020
87-49-701,2022,142600.0,0.0,142600.0,City Parcel Master,2022-01-01,2022
87-49-701,2020,142600.0,0.0,142600.0,NHDRA,2020-01-01,2020
87-49-801,2022,142600.0,0.0,142600.0,City Parcel Master,2022-01-01,2022
87-49-801,2020,142600.0,0.0,142600.0,NHDRA,2020-01-01,2020
87-49-901,2022,130500.0,0.0,130500.0,City Parcel Master,2022-01-01,2022
87-49-901,2020,130500.0,0.0,130500.0,NHDRA,2020-01-01,2020
87-49-1001,2022,142600.0,0.0,142600.0,City Parcel Master,2022-01-01,2022
87-49-1001,2020,142600.0,0.0,142600.0,NHDRA,2020-01-01,2020
87-49-1101,2022,142600.0,0.0,142600.0,City Parcel Master,2022-01-01,2022
87-49-1101,2020,142600.0,0.0,142600.0,NHDRA,2020-01-01,2020
87-49-1202,2022,130500.0,0.0,130500.0,City Parcel Master,2022-01-01,2022
87-49-1202,2020,130500.0,0.0,130500.0,NHDRA,2020-01-01,2020
87-49-1302,2022,142600.0,0.0,142600.0,City Parcel Master,2022-01-01,2022
87-49-1302,2020,142600.0,0.0,142600.0,NHDRA,2020-01-01,2020
87-49-1402,2022,142600.0,0.0,142600.0,City Parcel Master,2022-01-01,2022
87-49-1402,2020,142600.0,0.0,142600.0,NHDRA,2020-01-01,2020
87-49-1502,2022,142600.0,0.0,142600.0,City Parcel Master,2022-01-01,2022
87-49-1502,2020,142600.0,0.0,142600.0,NHDRA,2020-01-01,2020
87-49-1602,2022,146400.0,0.0,146400.0,City Parcel Master,2022-01-01,2022
87-49-1602,2020,146400.0,0.0,146400.0,NHDRA,2020-01-01,2020
87-49-1702,2022,135500.0,0.0,135500.0,City Parcel Master,2022-01-01,2022
87-49-1702,2020,135500.0,0.0,135500.0,NHDRA,2020-01-01,2020
87-49-1802,2022,142600.0,0.0,142600.0,City Parcel Master,2022-01-01,2022
87-49-1802,2020,142600.0,0.0,142600.0,NHDRA,2020-01-01,2020
87-49-1902,2022,142600.0,0.0,142600.0,City Parcel Master,2022-01-01,2022
87-49-1902,2020,142600.0,0.0,142600.0,NHDRA,2020-01-01,2020
87-49-2002,2022,130500.0,0.0,130500.0,City Parcel Master,2022-01-01,2022
87-49-2002,2020,130500.0,0.0,130500.0,NHDRA,2020-01-01,2020
87-49-2102,2022,142600.0,0.0,142600.0,City Parcel Master,2022-01-01,2022
87-49-2102,2020,142600.0,0.0,142600.0,NHDRA,2020-01-01,2020
87-49-2202,2022,142600.0,0.0,142600.0,City Parcel Master,2022-01-01,2022
87-49-2202,2020,142600.0,0.0,142600.0,NHDRA,2020-01-01,2020
87-49-2303,2022,130500.0,0.0,130500.0,City Parcel Master,2022-01-01,2022
87-49-2303,2020,130500.0,0.0,130500.0,NHDRA,2020-01-01,2020
87-49-2403,2022,142600.0,0.0,142600.0,City Parcel Master,2022-01-01,2022
87-49-2403,2020,142600.0,0.0,142600.0,NHDRA,2020-01-01,2020
87-49-2503,2022,142600.0,0.0,142600.0,City Parcel Master,2022-01-01,2022
87-49-2503,2020,142600.0,0.0,142600.0,NHDRA,2020-01-01,2020
87-49-2603,2022,140600.0,0.0,140600.0,City Parcel Master,2022-01-01,2022
87-49-2603,2020,140600.0,0.0,140600.0,NHDRA,2020-01-01,2020
87-49-2703,2022,142600.0,0.0,142600.0,City Parcel Master,2022-01-01,2022
87-49-2703,2020,142600.0,0.0,142600.0,NHDRA,2020-01-01,2020
87-49-2803,2022,142600.0,0.0,142600.0,City Parcel Master,2022-01-01,2022
87-49-2803,2020,142600.0,0.0,142600.0,NHDRA,2020-01-01,2020
87-49-2903,2022,147200.0,0.0,147200.0,City Parcel Master,2022-01-01,2022
87-49-2903,2020,147200.0,0.0,147200.0,NHDRA,2020-01-01,2020
87-49-3003,2022,151000.0,0.0,151000.0,City Parcel Master,2022-01-01,2022
87-49-3003,2020,151000.0,0.0,151000.0,NHDRA,2020-01-01,2020
87-49-3103,2022,134700.0,0.0,134700.0,City Parcel Master,2022-01-01,2022
87-49-3103,2020,134700.0,0.0,134700.0,NHDRA,2020-01-01,2020
87-49-3203,2022,147200.0,0.0,147200.0,City Parcel Master,2022-01-01,2022
87-49-3203,2020,147200.0,0.0,147200.0,NHDRA,2020-01-01,2020
87-49-3303,2022,147200.0,0.0,147200.0,City Parcel Master,2022-01-01,2022
87-49-3303,2020,147200.0,0.0,147200.0,NHDRA,2020-01-01,2020
87-49-3404,2022,130500.0,0.0,130500.0,City Parcel Master,2022-01-01,2022
87-49-3404,2020,130500.0,0.0,130500.0,NHDRA,2020-01-01,2020
87-49-3504,2022,142600.0,0.0,142600.0,City Parcel Master,2022-01-01,2022
87-49-3504,2020,142600.0,0.0,142600.0,NHDRA,2020-01-01,2020
87-49-3604,2022,142600.0,0.0,142600.0,City Parcel Master,2022-01-01,2022
87-49-3604,2020,142600.0,0.0,142600.0,NHDRA,2020-01-01,2020
87-49-3704,2022,142600.0,0.0,142600.0,City Parcel Master,2022-01-01,2022
87-49-3704,2020,142600.0,0.0,142600.0,NHDRA,2020-01-01,2020
87-49-3804,2022,142600.0,0.0,142600.0,City Parcel Master,2022-01-01,2022
87-49-3804,2020,142600.0,0.0,142600.0,NHDRA,2020-01-01,2020
87-49-3904,2022,130500.0,0.0,130500.0,City Parcel Master,2022-01-01,2022
87-49-3904,2020,130500.0,0.0,130500.0,NHDRA,2020-01-01,2020
87-49-4004,2022,142600.0,0.0,142600.0,City Parcel Master,2022-01-01,2022
87-49-4004,2020,142600.0,0.0,142600.0,NHDRA,2020-01-01,2020
87-49-4104,2022,153500.0,0.0,153500.0,City Parcel Master,2022-01-01,2022
87-49-4104,2020,142600.0,0.0,142600.0,NHDRA,2020-01-01,2020
87-49-4204,2022,130500.0,0.0,130500.0,City Parcel Master,2022-01-01,2022
87-49-4204,2020,130500.0,0.0,130500.0,NHDRA,2020-01-01,2020
87-49-4304,2022,142600.0,0.0,142600.0,City Parcel Master,2022-01-01,2022
87-49-4304,2020,142600.0,0.0,142600.0,NHDRA,2020-01-01,2020
87-49-4404,2022,147200.0,0.0,147200.0,City Parcel Master,2022-01-01,2022
87-49-4404,2020,147200.0,0.0,147200.0,NHDRA,2020-01-01,2020
87-50,2022,18100.0,16500.0,0.0,City Parcel Master,2022-01-01,2022
87-50,2020,18100.0,16500.0,0.0,NHDRA,2020-01-01,2020
87-51,2022,286500.0,69200.0,211500.0,City Parcel Master,2022-01-01,2022
87-51,2020,286500.0,69200.0,211500.0,NHDRA,2020-01-01,2020
87-52,2022,339500.0,84300.0,253400.0,City Parcel Master,2022-01-01,2022
87-52,2020,335900.0,84300.0,251600.0,NHDRA,2020-01-01,2020
87-53,2022,266200.0,94500.0,167100.0,City Parcel Master,2022-01-01,2022
87-53,2020,264800.0,94600.0,165600.0,NHDRA,2020-01-01,2020
87-54,2022,306900.0,94500.0,212400.0,City Parcel Master,2022-01-01,2022
87-54,2020,307000.0,94600.0,212400.0,NHDRA,2020-01-01,2020
87-55,2022,300800.0,94500.0,193500.0,City Parcel Master,2022-01-01,2022
87-55,2020,298800.0,94600.0,190200.0,NHDRA,2020-01-01,2020
87-56,2022,280900.0,95000.0,175200.0,City Parcel Master,2022-01-01,2022
87-56,2020,280400.0,95100.0,174600.0,NHDRA,2020-01-01,2020
87-57,2022,313500.0,89600.0,223900.0,City Parcel Master,2022-01-01,2022
87-57,2020,310700.0,89500.0,221200.0,NHDRA,2020-01-01,2020
87-58,2022,277400.0,95000.0,182400.0,City Parcel Master,2022-01-01,2022
87-58,2020,276300.0,95100.0,181200.0,NHDRA,2020-01-01,2020
87-59,2022,305400.0,94500.0,210900.0,City Parcel Master,2022-01-01,2022
87-59,2020,297700.0,94600.0,203100.0,NHDRA,2020-01-01,2020
87-60,2022,299500.0,93400.0,206100.0,City Parcel Master,2022-01-01,2022
87-60,2020,277100.0,93500.0,183600.0,NHDRA,2020-01-01,2020
87-61,2022,259900.0,82300.0,172300.0,City Parcel Master,2022-01-01,2022
87-61,2020,260000.0,82400.0,172300.0,NHDRA,2020-01-01,2020
87-62,2022,378800.0,100700.0,277800.0,City Parcel Master,2022-01-01,2022
87-62,2020,367900.0,100800.0,267100.0,NHDRA,2020-01-01,2020
87-63,2022,310300.0,94500.0,205100.0,City Parcel Master,2022-01-01,2022
87-63,2020,310400.0,94600.0,205100.0,NHDRA,2020-01-01,2020
87-64,2022,339600.0,94500.0,245100.0,City Parcel Master,2022-01-01,2022
87-64,2020,339700.0,94600.0,245100.0,NHDRA,2020-01-01,2020
87-65,2022,298000.0,95000.0,191700.0,City Parcel Master,2022-01-01,2022
87-65,2020,298100.0,95100.0,191700.0,NHDRA,2020-01-01,2020
87-66,2022,248000.0,94000.0,154000.0,City Parcel Master,2022-01-01,2022
87-66,2020,248000.0,94000.0,154000.0,NHDRA,2020-01-01,2020
87-67,2022,243100.0,84300.0,158500.0,City Parcel Master,2022-01-01,2022
87-67,2020,243100.0,84300.0,158500.0,NHDRA,2020-01-01,2020
87-68,2022,481200.0,94000.0,365900.0,City Parcel Master,2022-01-01,2022
87-68,2020,456800.0,94000.0,341500.0,NHDRA,2020-01-01,2020
87-69,2022,309500.0,94500.0,215000.0,City Parcel Master,2022-01-01,2022
87-69,2020,313700.0,94600.0,219100.0,NHDRA,2020-01-01,2020
87-70,2022,285700.0,94500.0,190800.0,City Parcel Master,2022-01-01,2022
87-70,2020,287400.0,94600.0,192400.0,NHDRA,2020-01-01,2020
87-71,2022,372700.0,94500.0,278000.0,City Parcel Master,2022-01-01,2022
87-71,2020,369200.0,94600.0,274400.0,NHDRA,2020-01-01,2020
87-72,2022,276900.0,96700.0,179800.0,City Parcel Master,2022-01-01,2022
87-72,2020,265000.0,96600.0,167800.0,NHDRA,2020-01-01,2020
87-73,2022,317500.0,89400.0,228100.0,City Parcel Master,2022-01-01,2022
87-73,2020,317500.0,89400.0,228100.0,NHDRA,2020-01-01,2020
87-74,2022,83600.0,83600.0,0.0,City Parcel Master,2022-01-01,2022
87-74,2020,83600.0,83600.0,0.0,NHDRA,2020-01-01,2020
87-75,2022,353700.0,92900.0,260800.0,City Parcel Master,2022-01-01,2022
87-75,2020,353700.0,92900.0,260800.0,NHDRA,2020-01-01,2020
87-76,2022,319600.0,92900.0,219000.0,City Parcel Master,2022-01-01,2022
87-76,2020,319600.0,92900.0,219000.0,NHDRA,2020-01-01,2020
87-77,2022,331900.0,92900.0,238100.0,City Parcel Master,2022-01-01,2022
87-77,2020,322200.0,92900.0,228400.0,NHDRA,2020-01-01,2020
87-78,2022,301700.0,92900.0,208400.0,City Parcel Master,2022-01-01,2022
87-78,2020,293600.0,92900.0,200300.0,NHDRA,2020-01-01,2020
87-79,2022,214200.0,92900.0,114200.0,City Parcel Master,2022-01-01,2022
87-79,2020,214200.0,92900.0,114200.0,NHDRA,2020-01-01,2020
87-80,2022,312700.0,92900.0,212300.0,City Parcel Master,2022-01-01,2022
87-80,2020,312700.0,92900.0,212300.0,NHDRA,2020-01-01,2020
87-81,2022,318400.0,92900.0,225500.0,City Parcel Master,2022-01-01,2022
87-81,2020,318400.0,92900.0,225500.0,NHDRA,2020-01-01,2020
87-82,2022,494000.0,82500.0,411100.0,City Parcel Master,2022-01-01,2022
87-82,2020,361500.0,82600.0,278500.0,NHDRA,2020-01-01,2020
87-83,2022,286800.0,83400.0,192700.0,City Parcel Master,2022-01-01,2022
87-83,2020,286900.0,83500.0,192700.0,NHDRA,2020-01-01,2020
87-84,2022,392900.0,93400.0,299100.0,City Parcel Master,2022-01-01,2022
87-84,2020,393000.0,93500.0,299100.0,NHDRA,2020-01-01,2020
87-85,2022,288800.0,93400.0,195000.0,City Parcel Master,2022-01-01,2022
87-85,2020,288900.0,93500.0,195000.0,NHDRA,2020-01-01,2020
87-86,2022,296000.0,93400.0,202000.0,City Parcel Master,2022-01-01,2022
87-86,2020,293700.0,93500.0,199600.0,NHDRA,2020-01-01,2020
87-87,2022,306500.0,93400.0,206000.0,City Parcel Master,2022-01-01,2022
87-87,2020,306600.0,93500.0,206000.0,NHDRA,2020-01-01,2020
87-88,2022,326800.0,113500.0,199100.0,City Parcel Master,2022-01-01,2022
87-88,2020,327000.0,113700.0,199100.0,NHDRA,2020-01-01,2020
87-89,2022,335000.0,94500.0,240400.0,City Parcel Master,2022-01-01,2022
87-89,2020,335600.0,94600.0,240400.0,NHDRA,2020-01-01,2020
87-90,2022,252300.0,89400.0,162500.0,City Parcel Master,2022-01-01,2022
87-90,2020,252300.0,89400.0,162500.0,NHDRA,2020-01-01,2020
87-91,2022,262300.0,76800.0,185500.0,City Parcel Master,2022-01-01,2022
87-91,2020,259900.0,76800.0,183100.0,NHDRA,2020-01-01,2020
87-92,2022,352700.0,93400.0,250000.0,City Parcel Master,2022-01-01,2022
87-92,2020,332200.0,93500.0,229400.0,NHDRA,2020-01-01,2020
87-93,2022,294700.0,89400.0,204900.0,City Parcel Master,2022-01-01,2022
87-93,2020,294700.0,89400.0,204900.0,NHDRA,2020-01-01,2020
87-94,2022,252200.0,89400.0,162800.0,City Parcel Master,2022-01-01,2022
87-94,2020,252200.0,89400.0,162800.0,NHDRA,2020-01-01,2020
87-95,2022,256800.0,89400.0,167000.0,City Parcel Master,2022-01-01,2022
87-95,2020,256800.0,89400.0,167000.0,NHDRA,2020-01-01,2020
87-96,2022,357100.0,89400.0,267400.0,City Parcel Master,2022-01-01,2022
87-96,2020,357100.0,89400.0,267400.0,NHDRA,2020-01-01,2020
87-97,2022,333700.0,89400.0,241200.0,City Parcel Master,2022-01-01,2022
87-97,2020,333700.0,89400.0,241200.0,NHDRA,2020-01-01,2020
87-98,2022,273200.0,84300.0,188300.0,City Parcel Master,2022-01-01,2022
87-98,2020,169500.0,84300.0,84600.0,NHDRA,2020-01-01,2020
87-99,2022,601100.0,86900.0,472200.0,City Parcel Master,2022-01-01,2022
87-99,2020,560800.0,86900.0,472200.0,NHDRA,2020-01-01,2020
87-100,2022,318500.0,90300.0,228200.0,City Parcel Master,2022-01-01,2022
87-100,2020,309700.0,90300.0,219400.0,NHDRA,2020-01-01,2020
87-101,2022,305100.0,90300.0,214600.0,City Parcel Master,2022-01-01,2022
87-101,2020,305100.0,90300.0,214600.0,NHDRA,2020-01-01,2020
87-102,2022,235900.0,90300.0,145500.0,City Parcel Master,2022-01-01,2022
87-102,2020,238000.0,90300.0,147700.0,NHDRA,2020-01-01,2020
87-103,2022,258900.0,90300.0,167900.0,City Parcel Master,2022-01-01,2022
87-103,2020,258900.0,90300.0,167900.0,NHDRA,2020-01-01,2020
87-104,2022,253000.0,81900.0,171100.0,City Parcel Master,2022-01-01,2022
87-104,2020,253000.0,81900.0,171100.0,NHDRA,2020-01-01,2020
87-104-100,2022,392500.0,83300.0,308400.0,City Parcel Master,2022-01-01,2022
87-104-100,2020,392400.0,83200.0,308400.0,NHDRA,2020-01-01,2020
87-106,2022,363500.0,95000.0,268500.0,City Parcel Master,2022-01-01,2022
87-106,2020,363600.0,95100.0,268500.0,NHDRA,2020-01-01,2020
87-107,2022,364300.0,99100.0,264800.0,City Parcel Master,2022-01-01,2022
87-107,2020,364400.0,99200.0,264800.0,NHDRA,2020-01-01,2020
87-108,2022,436600.0,95500.0,339600.0,City Parcel Master,2022-01-01,2022
87-108,2020,436600.0,95500.0,339600.0,NHDRA,2020-01-01,2020
87-109,2022,363800.0,98600.0,264600.0,City Parcel Master,2022-01-01,2022
87-109,2020,363800.0,98600.0,264600.0,NHDRA,2020-01-01,2020
87-110,2022,340700.0,109300.0,231400.0,City Parcel Master,2022-01-01,2022
87-110,2020,340800.0,109400.0,231400.0,NHDRA,2020-01-01,2020
87-111,2022,420600.0,102800.0,317800.0,City Parcel Master,2022-01-01,2022
87-111,2020,417000.0,102700.0,314300.0,NHDRA,2020-01-01,2020
87-112,2022,422100.0,110800.0,311300.0,City Parcel Master,2022-01-01,2022
87-112,2020,422100.0,110800.0,311300.0,NHDRA,2020-01-01,2020
87-113,2022,523300.0,115200.0,401300.0,City Parcel Master,2022-01-01,2022
87-113,2020,517000.0,115200.0,401300.0,NHDRA,2020-01-01,2020
87-114,2022,402500.0,110800.0,291300.0,City Parcel Master,2022-01-01,2022
87-114,2020,401000.0,110800.0,289800.0,NHDRA,2020-01-01,2020
87-115,2022,332800.0,94000.0,238800.0,City Parcel Master,2022-01-01,2022
87-115,2020,320000.0,94000.0,226000.0,NHDRA,2020-01-01,2020
87-116,2022,459700.0,91200.0,368400.0,City Parcel Master,2022-01-01,2022
87-116,2020,459800.0,91300.0,368400.0,NHDRA,2020-01-01,2020
87-117,2022,367000.0,97600.0,268600.0,City Parcel Master,2022-01-01,2022
87-117,2020,364200.0,97700.0,265700.0,NHDRA,2020-01-01,2020
87-118,2022,388700.0,100200.0,288000.0,City Parcel Master,2022-01-01,2022
87-118,2020,388600.0,100100.0,288000.0,NHDRA,2020-01-01,2020
87-119,2022,511900.0,95500.0,416400.0,City Parcel Master,2022-01-01,2022
87-119,2020,511900.0,95500.0,416400.0,NHDRA,2020-01-01,2020
87-120,2022,447700.0,97100.0,350600.0,City Parcel Master,2022-01-01,2022
87-120,2020,447800.0,97200.0,350600.0,NHDRA,2020-01-01,2020
87-121,2022,286400.0,94200.0,192200.0,City Parcel Master,2022-01-01,2022
87-121,2020,286400.0,94200.0,192200.0,NHDRA,2020-01-01,2020
87-122,2022,456600.0,101200.0,327700.0,City Parcel Master,2022-01-01,2022
87-122,2020,427900.0,101200.0,325700.0,NHDRA,2020-01-01,2020
87-123,2022,458200.0,107500.0,350700.0,City Parcel Master,2022-01-01,2022
87-123,2020,458100.0,107400.0,350700.0,NHDRA,2020-01-01,2020
87-124,2022,463300.0,119800.0,321300.0,City Parcel Master,2022-01-01,2022
87-124,2020,463300.0,119800.0,321300.0,NHDRA,2020-01-01,2020
87-125,2022,625900.0,90300.0,534300.0,City Parcel Master,2022-01-01,2022
87-125,2020,614700.0,90300.0,523100.0,NHDRA,2020-01-01,2020
87-126,2022,358000.0,94000.0,264000.0,City Parcel Master,2022-01-01,2022
87-126,2020,358000.0,94000.0,264000.0,NHDRA,2020-01-01,2020
87-127,2022,292600.0,94000.0,198200.0,City Parcel Master,2022-01-01,2022
87-127,2020,292600.0,94000.0,198200.0,NHDRA,2020-01-01,2020
87-128,2022,360500.0,84100.0,276400.0,City Parcel Master,2022-01-01,2022
87-128,2020,360500.0,84100.0,276400.0,NHDRA,2020-01-01,2020
87-129,2022,390400.0,95000.0,295400.0,City Parcel Master,2022-01-01,2022
87-129,2020,390500.0,95100.0,295400.0,NHDRA,2020-01-01,2020
87-130,2022,338400.0,93400.0,244500.0,City Parcel Master,2022-01-01,2022
87-130,2020,341200.0,93500.0,247200.0,NHDRA,2020-01-01,2020
87-131,2022,424300.0,91200.0,331900.0,City Parcel Master,2022-01-01,2022
87-131,2020,424400.0,91300.0,331900.0,NHDRA,2020-01-01,2020
87-132,2022,370700.0,86800.0,273700.0,City Parcel Master,2022-01-01,2022
87-132,2020,350600.0,86700.0,254100.0,NHDRA,2020-01-01,2020
87-133,2022,358300.0,93400.0,264900.0,City Parcel Master,2022-01-01,2022
87-133,2020,358400.0,93500.0,264900.0,NHDRA,2020-01-01,2020
87-134,2022,370800.0,94500.0,275000.0,City Parcel Master,2022-01-01,2022
87-134,2020,355300.0,94600.0,259400.0,NHDRA,2020-01-01,2020
87-135,2022,351700.0,94000.0,257200.0,City Parcel Master,2022-01-01,2022
87-135,2020,356200.0,94000.0,261700.0,NHDRA,2020-01-01,2020
87-136,2022,344400.0,91200.0,253200.0,City Parcel Master,2022-01-01,2022
87-136,2020,344500.0,91300.0,253200.0,NHDRA,2020-01-01,2020
87-137,2022,350000.0,88600.0,261400.0,City Parcel Master,2022-01-01,2022
87-137,2020,344700.0,88500.0,256200.0,NHDRA,2020-01-01,2020
87-139,2022,464500.0,115200.0,349300.0,City Parcel Master,2022-01-01,2022
87-139,2020,464500.0,115200.0,349300.0,NHDRA,2020-01-01,2020
87-140,2022,452000.0,102800.0,349200.0,City Parcel Master,2022-01-01,2022
87-140,2020,444500.0,102700.0,341800.0,NHDRA,2020-01-01,2020
87-141,2022,380000.0,106200.0,268500.0,City Parcel Master,2022-01-01,2022
87-141,2020,380100.0,106300.0,268500.0,NHDRA,2020-01-01,2020
87-142,2022,485100.0,116700.0,359400.0,City Parcel Master,2022-01-01,2022
87-142,2020,464600.0,116700.0,347500.0,NHDRA,2020-01-01,2020
87-143,2022,356900.0,103300.0,252900.0,City Parcel Master,2022-01-01,2022
87-143,2020,354300.0,103400.0,250600.0,NHDRA,2020-01-01,2020
87-144,2022,300400.0,84100.0,214600.0,City Parcel Master,2022-01-01,2022
87-144,2020,300400.0,84100.0,214600.0,NHDRA,2020-01-01,2020
87-145,2022,388900.0,91900.0,288800.0,City Parcel Master,2022-01-01,2022
87-145,2020,388900.0,91900.0,288800.0,NHDRA,2020-01-01,2020
87-146,2022,291400.0,91900.0,193600.0,City Parcel Master,2022-01-01,2022
87-146,2020,291400.0,91900.0,193600.0,NHDRA,2020-01-01,2020
87-147,2022,272400.0,92400.0,178300.0,City Parcel Master,2022-01-01,2022
87-147,2020,272300.0,92300.0,178300.0,NHDRA,2020-01-01,2020
87-148,2022,322000.0,91200.0,230300.0,City Parcel Master,2022-01-01,2022
87-148,2020,322100.0,91300.0,230300.0,NHDRA,2020-01-01,2020
87-150,2022,264400.0,84100.0,179500.0,City Parcel Master,2022-01-01,2022
87-150,2020,264400.0,84100.0,179500.0,NHDRA,2020-01-01,2020
87-151,2022,330500.0,77300.0,252600.0,City Parcel Master,2022-01-01,2022
87-151,2020,330500.0,77300.0,252600.0,NHDRA,2020-01-01,2020
87-152,2022,315600.0,87700.0,227600.0,City Parcel Master,2022-01-01,2022
87-152,2020,315500.0,87600.0,227600.0,NHDRA,2020-01-01,2020
87-153,2022,301700.0,81500.0,220200.0,City Parcel Master,2022-01-01,2022
87-153,2020,301700.0,81500.0,220200.0,NHDRA,2020-01-01,2020
87-154,2022,323800.0,83200.0,240600.0,City Parcel Master,2022-01-01,2022
87-154,2020,323900.0,83300.0,240600.0,NHDRA,2020-01-01,2020
87-155,2022,296800.0,85800.0,201900.0,City Parcel Master,2022-01-01,2022
87-155,2020,296700.0,85700.0,201900.0,NHDRA,2020-01-01,2020
87-156,2022,350300.0,92400.0,257600.0,City Parcel Master,2022-01-01,2022
87-156,2020,350200.0,92300.0,257600.0,NHDRA,2020-01-01,2020
87-157,2022,237400.0,81500.0,155900.0,City Parcel Master,2022-01-01,2022
87-157,2020,237400.0,81500.0,155900.0,NHDRA,2020-01-01,2020
87-158,2022,298900.0,81500.0,217000.0,City Parcel Master,2022-01-01,2022
87-158,2020,298900.0,81500.0,217000.0,NHDRA,2020-01-01,2020
87-159,2022,327500.0,85000.0,241900.0,City Parcel Master,2022-01-01,2022
87-159,2020,327400.0,84900.0,241900.0,NHDRA,2020-01-01,2020
87-160,2022,317900.0,90300.0,226400.0,City Parcel Master,2022-01-01,2022
87-160,2020,317900.0,90300.0,226400.0,NHDRA,2020-01-01,2020
87-161,2022,272900.0,85900.0,186900.0,City Parcel Master,2022-01-01,2022
87-161,2020,272800.0,85800.0,186900.0,NHDRA,2020-01-01,2020
87-162,2022,339200.0,96000.0,242800.0,City Parcel Master,2022-01-01,2022
87-162,2020,339900.0,96100.0,243400.0,NHDRA,2020-01-01,2020
87-163,2022,270900.0,78500.0,192400.0,City Parcel Master,2022-01-01,2022
87-163,2020,270900.0,78500.0,192400.0,NHDRA,2020-01-01,2020
87-164,2022,290200.0,105700.0,172800.0,City Parcel Master,2022-01-01,2022
87-164,2020,277300.0,105700.0,159900.0,NHDRA,2020-01-01,2020
87-165,2022,376100.0,80800.0,275200.0,City Parcel Master,2022-01-01,2022
87-165,2020,376100.0,80800.0,275200.0,NHDRA,2020-01-01,2020
87-166,2022,317000.0,83000.0,223400.0,City Parcel Master,2022-01-01,2022
87-166,2020,316800.0,83000.0,223200.0,NHDRA,2020-01-01,2020
87-167,2022,260900.0,80800.0,178900.0,City Parcel Master,2022-01-01,2022
87-167,2020,232700.0,80800.0,151300.0,NHDRA,2020-01-01,2020
87-168,2022,287500.0,84700.0,202300.0,City Parcel Master,2022-01-01,2022
87-168,2020,287500.0,84700.0,202300.0,NHDRA,2020-01-01,2020
87-169,2022,253400.0,89400.0,163700.0,City Parcel Master,2022-01-01,2022
87-169,2020,264900.0,89400.0,175200.0,NHDRA,2020-01-01,2020
87-170,2022,231400.0,88600.0,123200.0,City Parcel Master,2022-01-01,2022
87-170,2020,228500.0,88500.0,120400.0,NHDRA,2020-01-01,2020
89-1,2022,593600.0,392800.0,200700.0,City Parcel Master,2022-01-01,2022
89-1,2020,593600.0,392800.0,200700.0,NHDRA,2020-01-01,2020
89-2,2022,493600.0,493600.0,0.0,City Parcel Master,2022-01-01,2022
89-2,2020,493600.0,493600.0,0.0,NHDRA,2020-01-01,2020
89-3,2022,10500.0,10500.0,0.0,City Parcel Master,2022-01-01,2022
89-3,2020,10500.0,10500.0,0.0,NHDRA,2020-01-01,2020
89-4,2022,3000.0,3000.0,0.0,City Parcel Master,2022-01-01,2022
89-4,2020,3100.0,3100.0,0.0,NHDRA,2020-01-01,2020
89-5,2022,139100.0,74600.0,53700.0,City Parcel Master,2022-01-01,2022
89-5,2020,139100.0,74600.0,53700.0,NHDRA,2020-01-01,2020
89-6,2022,373000.0,75300.0,297700.0,City Parcel Master,2022-01-01,2022
89-6,2020,373100.0,75400.0,297700.0,NHDRA,2020-01-01,2020
89-7,2022,267000.0,73900.0,193100.0,City Parcel Master,2022-01-01,2022
89-7,2020,267000.0,73900.0,193100.0,NHDRA,2020-01-01,2020
89-8-101,2022,131200.0,0.0,131200.0,City Parcel Master,2022-01-01,2022
89-8-101,2020,131200.0,0.0,131200.0,NHDRA,2020-01-01,2020
89-8-201,2022,130400.0,0.0,130400.0,City Parcel Master,2022-01-01,2022
89-8-201,2020,130400.0,0.0,130400.0,NHDRA,2020-01-01,2020
89-8-301,2022,130400.0,0.0,130400.0,City Parcel Master,2022-01-01,2022
89-8-301,2020,130400.0,0.0,130400.0,NHDRA,2020-01-01,2020
89-8-401,2022,130400.0,0.0,130400.0,City Parcel Master,2022-01-01,2022
89-8-401,2020,130400.0,0.0,130400.0,NHDRA,2020-01-01,2020
89-8-501,2022,130400.0,0.0,130400.0,City Parcel Master,2022-01-01,2022
89-8-501,2020,130400.0,0.0,130400.0,NHDRA,2020-01-01,2020
89-8-601,2022,139700.0,0.0,139700.0,City Parcel Master,2022-01-01,2022
89-8-601,2020,130400.0,0.0,130400.0,NHDRA,2020-01-01,2020
89-8-701,2022,132800.0,0.0,131200.0,City Parcel Master,2022-01-01,2022
89-8-701,2020,132800.0,0.0,131200.0,NHDRA,2020-01-01,2020
89-8-801,2022,132800.0,0.0,131200.0,City Parcel Master,2022-01-01,2022
89-8-801,2020,132800.0,0.0,131200.0,NHDRA,2020-01-01,2020
89-8-901,2022,130400.0,0.0,130400.0,City Parcel Master,2022-01-01,2022
89-8-901,2020,130400.0,0.0,130400.0,NHDRA,2020-01-01,2020
89-8-1001,2022,131200.0,0.0,131200.0,City Parcel Master,2022-01-01,2022
89-8-1001,2020,131200.0,0.0,131200.0,NHDRA,2020-01-01,2020
89-8-1101,2022,136100.0,0.0,136100.0,City Parcel Master,2022-01-01,2022
89-8-1101,2020,136100.0,0.0,136100.0,NHDRA,2020-01-01,2020
89-8-1201,2022,130400.0,0.0,130400.0,City Parcel Master,2022-01-01,2022
89-8-1201,2020,130400.0,0.0,130400.0,NHDRA,2020-01-01,2020
89-8-1301,2022,130400.0,0.0,130400.0,City Parcel Master,2022-01-01,2022
89-8-1301,2020,130400.0,0.0,130400.0,NHDRA,2020-01-01,2020
89-8-1401,2022,131200.0,0.0,131200.0,City Parcel Master,2022-01-01,2022
89-8-1401,2020,131200.0,0.0,131200.0,NHDRA,2020-01-01,2020
89-8-1501,2022,132000.0,0.0,132000.0,City Parcel Master,2022-01-01,2022
89-8-1501,2020,138000.0,0.0,138000.0,NHDRA,2020-01-01,2020
89-8-1601,2022,138500.0,0.0,138500.0,City Parcel Master,2022-01-01,2022
89-8-1601,2020,130400.0,0.0,130400.0,NHDRA,2020-01-01,2020
89-8-1702,2022,130400.0,0.0,130400.0,City Parcel Master,2022-01-01,2022
89-8-1702,2020,130400.0,0.0,130400.0,NHDRA,2020-01-01,2020
89-8-1802,2022,130400.0,0.0,130400.0,City Parcel Master,2022-01-01,2022
89-8-1802,2020,130400.0,0.0,130400.0,NHDRA,2020-01-01,2020
89-8-1902,2022,131200.0,0.0,131200.0,City Parcel Master,2022-01-01,2022
89-8-1902,2020,131200.0,0.0,131200.0,NHDRA,2020-01-01,2020
89-8-2002,2022,132000.0,0.0,132000.0,City Parcel Master,2022-01-01,2022
89-8-2002,2020,132000.0,0.0,132000.0,NHDRA,2020-01-01,2020
89-8-2102,2022,142100.0,0.0,142100.0,City Parcel Master,2022-01-01,2022
89-8-2102,2020,142100.0,0.0,142100.0,NHDRA,2020-01-01,2020
89-8-2202,2022,130400.0,0.0,130400.0,City Parcel Master,2022-01-01,2022
89-8-2202,2020,130400.0,0.0,130400.0,NHDRA,2020-01-01,2020
89-8-2302,2022,142400.0,0.0,142400.0,City Parcel Master,2022-01-01,2022
89-8-2302,2020,132900.0,0.0,132900.0,NHDRA,2020-01-01,2020
89-8-2402,2022,132000.0,0.0,132000.0,City Parcel Master,2022-01-01,2022
89-8-2402,2020,130400.0,0.0,130400.0,NHDRA,2020-01-01,2020
89-8-2502,2022,130400.0,0.0,130400.0,City Parcel Master,2022-01-01,2022
89-8-2502,2020,130400.0,0.0,130400.0,NHDRA,2020-01-01,2020
89-8-2602,2022,130400.0,0.0,130400.0,City Parcel Master,2022-01-01,2022
89-8-2602,2020,130400.0,0.0,130400.0,NHDRA,2020-01-01,2020
89-8-2702,2022,130400.0,0.0,130400.0,City Parcel Master,2022-01-01,2022
89-8-2702,2020,130400.0,0.0,130400.0,NHDRA,2020-01-01,2020
89-8-2802,2022,132000.0,0.0,132000.0,City Parcel Master,2022-01-01,2022
89-8-2802,2020,130400.0,0.0,130400.0,NHDRA,2020-01-01,2020
89-8-2902,2022,130400.0,0.0,130400.0,City Parcel Master,2022-01-01,2022
89-8-2902,2020,130400.0,0.0,130400.0,NHDRA,2020-01-01,2020
89-8-3002,2022,130400.0,0.0,130400.0,City Parcel Master,2022-01-01,2022
89-8-3002,2020,130400.0,0.0,130400.0,NHDRA,2020-01-01,2020
89-8-3102,2022,142200.0,0.0,142200.0,City Parcel Master,2022-01-01,2022
89-8-3102,2020,132800.0,0.0,132800.0,NHDRA,2020-01-01,2020
89-8-3202,2022,131200.0,0.0,131200.0,City Parcel Master,2022-01-01,2022
89-8-3202,2020,131200.0,0.0,131200.0,NHDRA,2020-01-01,2020
89-8-3303,2022,131200.0,0.0,131200.0,City Parcel Master,2022-01-01,2022
89-8-3303,2020,131200.0,0.0,131200.0,NHDRA,2020-01-01,2020
89-8-3403,2022,134100.0,0.0,134100.0,City Parcel Master,2022-01-01,2022
89-8-3403,2020,134100.0,0.0,134100.0,NHDRA,2020-01-01,2020
89-8-3503,2022,130400.0,0.0,130400.0,City Parcel Master,2022-01-01,2022
89-8-3503,2020,130400.0,0.0,130400.0,NHDRA,2020-01-01,2020
89-8-3603,2022,133100.0,0.0,133100.0,City Parcel Master,2022-01-01,2022
89-8-3603,2020,133100.0,0.0,133100.0,NHDRA,2020-01-01,2020
89-8-3703,2022,134200.0,0.0,134200.0,City Parcel Master,2022-01-01,2022
89-8-3703,2020,134200.0,0.0,134200.0,NHDRA,2020-01-01,2020
89-8-3803,2022,131200.0,0.0,131200.0,City Parcel Master,2022-01-01,2022
89-8-3803,2020,131200.0,0.0,131200.0,NHDRA,2020-01-01,2020
89-8-3903,2022,131200.0,0.0,131200.0,City Parcel Master,2022-01-01,2022
89-8-3903,2020,131200.0,0.0,131200.0,NHDRA,2020-01-01,2020
89-8-4003,2022,132300.0,0.0,132300.0,City Parcel Master,2022-01-01,2022
89-8-4003,2020,132300.0,0.0,132300.0,NHDRA,2020-01-01,2020
89-8-4103,2022,139600.0,0.0,139600.0,City Parcel Master,2022-01-01,2022
89-8-4103,2020,130400.0,0.0,130400.0,NHDRA,2020-01-01,2020
89-8-4203,2022,131900.0,0.0,131900.0,City Parcel Master,2022-01-01,2022
89-8-4203,2020,131900.0,0.0,131900.0,NHDRA,2020-01-01,2020
89-8-4303,2022,130400.0,0.0,130400.0,City Parcel Master,2022-01-01,2022
89-8-4303,2020,130400.0,0.0,130400.0,NHDRA,2020-01-01,2020
89-8-4403,2022,130400.0,0.0,130400.0,City Parcel Master,2022-01-01,2022
89-8-4403,2020,130400.0,0.0,130400.0,NHDRA,2020-01-01,2020
89-8-4503,2022,133100.0,0.0,133100.0,City Parcel Master,2022-01-01,2022
89-8-4503,2020,133100.0,0.0,133100.0,NHDRA,2020-01-01,2020
89-8-4603,2022,130400.0,0.0,130400.0,City Parcel Master,2022-01-01,2022
89-8-4603,2020,130400.0,0.0,130400.0,NHDRA,2020-01-01,2020
89-8-4703,2022,146200.0,0.0,146200.0,City Parcel Master,2022-01-01,2022
89-8-4703,2020,137600.0,0.0,137600.0,NHDRA,2020-01-01,2020
89-8-4803,2022,134700.0,0.0,134700.0,City Parcel Master,2022-01-01,2022
89-8-4803,2020,134700.0,0.0,134700.0,NHDRA,2020-01-01,2020
89-8-4904,2022,130400.0,0.0,130400.0,City Parcel Master,2022-01-01,2022
89-8-4904,2020,138000.0,0.0,138000.0,NHDRA,2020-01-01,2020
89-8-5004,2022,140700.0,0.0,140700.0,City Parcel Master,2022-01-01,2022
89-8-5004,2020,140700.0,0.0,140700.0,NHDRA,2020-01-01,2020
89-8-5104,2022,130400.0,0.0,130400.0,City Parcel Master,2022-01-01,2022
89-8-5104,2020,130400.0,0.0,130400.0,NHDRA,2020-01-01,2020
89-8-5204,2022,130400.0,0.0,130400.0,City Parcel Master,2022-01-01,2022
89-8-5204,2020,130400.0,0.0,130400.0,NHDRA,2020-01-01,2020
89-8-5304,2022,131200.0,0.0,131200.0,City Parcel Master,2022-01-01,2022
89-8-5304,2020,131200.0,0.0,131200.0,NHDRA,2020-01-01,2020
89-8-5404,2022,150600.0,0.0,150600.0,City Parcel Master,2022-01-01,2022
89-8-5404,2020,131200.0,0.0,131200.0,NHDRA,2020-01-01,2020
89-8-5504,2022,133100.0,0.0,133100.0,City Parcel Master,2022-01-01,2022
89-8-5504,2020,133100.0,0.0,133100.0,NHDRA,2020-01-01,2020
89-8-5604,2022,131900.0,0.0,131900.0,City Parcel Master,2022-01-01,2022
89-8-5604,2020,131900.0,0.0,131900.0,NHDRA,2020-01-01,2020
89-8-5704,2022,129900.0,0.0,129900.0,City Parcel Master,2022-01-01,2022
89-8-5704,2020,129900.0,0.0,129900.0,NHDRA,2020-01-01,2020
89-8-5804,2022,132300.0,0.0,132300.0,City Parcel Master,2022-01-01,2022
89-8-5804,2020,132300.0,0.0,132300.0,NHDRA,2020-01-01,2020
89-8-5904,2022,130400.0,0.0,130400.0,City Parcel Master,2022-01-01,2022
89-8-5904,2020,130400.0,0.0,130400.0,NHDRA,2020-01-01,2020
89-8-6004,2022,130400.0,0.0,130400.0,City Parcel Master,2022-01-01,2022
89-8-6004,2020,130400.0,0.0,130400.0,NHDRA,2020-01-01,2020
89-8-6104,2022,131200.0,0.0,131200.0,City Parcel Master,2022-01-01,2022
89-8-6104,2020,131200.0,0.0,131200.0,NHDRA,2020-01-01,2020
89-8-6204,2022,131200.0,0.0,131200.0,City Parcel Master,2022-01-01,2022
89-8-6204,2020,131200.0,0.0,131200.0,NHDRA,2020-01-01,2020
89-8-6304,2022,130400.0,0.0,130400.0,City Parcel Master,2022-01-01,2022
89-8-6304,2020,130400.0,0.0,130400.0,NHDRA,2020-01-01,2020
89-8-6404,2022,134200.0,0.0,134200.0,City Parcel Master,2022-01-01,2022
89-8-6404,2020,134200.0,0.0,134200.0,NHDRA,2020-01-01,2020
89-8-6505,2022,130400.0,0.0,130400.0,City Parcel Master,2022-01-01,2022
89-8-6505,2020,130400.0,0.0,130400.0,NHDRA,2020-01-01,2020
89-8-6605,2022,130400.0,0.0,130400.0,City Parcel Master,2022-01-01,2022
89-8-6605,2020,130400.0,0.0,130400.0,NHDRA,2020-01-01,2020
89-8-6705,2022,132000.0,0.0,132000.0,City Parcel Master,2022-01-01,2022
89-8-6705,2020,132000.0,0.0,132000.0,NHDRA,2020-01-01,2020
89-8-6805,2022,130400.0,0.0,130400.0,City Parcel Master,2022-01-01,2022
89-8-6805,2020,130400.0,0.0,130400.0,NHDRA,2020-01-01,2020
89-8-6905,2022,132300.0,0.0,132300.0,City Parcel Master,2022-01-01,2022
89-8-6905,2020,132300.0,0.0,132300.0,NHDRA,2020-01-01,2020
89-8-7005,2022,130400.0,0.0,130400.0,City Parcel Master,2022-01-01,2022
89-8-7005,2020,130400.0,0.0,130400.0,NHDRA,2020-01-01,2020
89-8-7105,2022,130400.0,0.0,130400.0,City Parcel Master,2022-01-01,2022
89-8-7105,2020,130400.0,0.0,130400.0,NHDRA,2020-01-01,2020
89-8-7205,2022,130400.0,0.0,130400.0,City Parcel Master,2022-01-01,2022
89-8-7205,2020,130400.0,0.0,130400.0,NHDRA,2020-01-01,2020
89-8-7305,2022,135100.0,0.0,135100.0,City Parcel Master,2022-01-01,2022
89-8-7305,2020,135100.0,0.0,135100.0,NHDRA,2020-01-01,2020
89-8-7405,2022,130400.0,0.0,130400.0,City Parcel Master,2022-01-01,2022
89-8-7405,2020,130400.0,0.0,130400.0,NHDRA,2020-01-01,2020
89-8-7505,2022,132000.0,0.0,132000.0,City Parcel Master,2022-01-01,2022
89-8-7505,2020,131300.0,0.0,131300.0,NHDRA,2020-01-01,2020
89-8-7605,2022,130400.0,0.0,130400.0,City Parcel Master,2022-01-01,2022
89-8-7605,2020,130400.0,0.0,130400.0,NHDRA,2020-01-01,2020
89-8-7705,2022,130400.0,0.0,130400.0,City Parcel Master,2022-01-01,2022
89-8-7705,2020,130400.0,0.0,130400.0,NHDRA,2020-01-01,2020
89-8-7805,2022,131200.0,0.0,131200.0,City Parcel Master,2022-01-01,2022
89-8-7805,2020,131200.0,0.0,131200.0,NHDRA,2020-01-01,2020
89-8-7905,2022,131200.0,0.0,131200.0,City Parcel Master,2022-01-01,2022
89-8-7905,2020,131200.0,0.0,131200.0,NHDRA,2020-01-01,2020
89-8-8005,2022,130400.0,0.0,130400.0,City Parcel Master,2022-01-01,2022
89-8-8005,2020,130400.0,0.0,130400.0,NHDRA,2020-01-01,2020
89-8-8106,2022,132800.0,0.0,131200.0,City Parcel Master,2022-01-01,2022
89-8-8106,2020,132800.0,0.0,131200.0,NHDRA,2020-01-01,2020
89-8-8206,2022,142200.0,0.0,142200.0,City Parcel Master,2022-01-01,2022
89-8-8206,2020,140500.0,0.0,140500.0,NHDRA,2020-01-01,2020
89-8-8306,2022,132800.0,0.0,132800.0,City Parcel Master,2022-01-01,2022
89-8-8306,2020,132800.0,0.0,132800.0,NHDRA,2020-01-01,2020
89-8-8406,2022,131200.0,0.0,131200.0,City Parcel Master,2022-01-01,2022
89-8-8406,2020,131200.0,0.0,131200.0,NHDRA,2020-01-01,2020
89-8-8506,2022,142000.0,0.0,142000.0,City Parcel Master,2022-01-01,2022
89-8-8506,2020,145100.0,0.0,145100.0,NHDRA,2020-01-01,2020
89-8-8606,2022,139300.0,0.0,139300.0,City Parcel Master,2022-01-01,2022
89-8-8606,2020,133100.0,0.0,133100.0,NHDRA,2020-01-01,2020
89-8-8706,2022,131200.0,0.0,131200.0,City Parcel Master,2022-01-01,2022
89-8-8706,2020,131200.0,0.0,131200.0,NHDRA,2020-01-01,2020
89-8-8806,2022,142100.0,0.0,142100.0,City Parcel Master,2022-01-01,2022
89-8-8806,2020,132700.0,0.0,132700.0,NHDRA,2020-01-01,2020
89-8-8906,2022,130400.0,0.0,130400.0,City Parcel Master,2022-01-01,2022
89-8-8906,2020,130400.0,0.0,130400.0,NHDRA,2020-01-01,2020
89-8-9006,2022,130400.0,0.0,130400.0,City Parcel Master,2022-01-01,2022
89-8-9006,2020,130400.0,0.0,130400.0,NHDRA,2020-01-01,2020
89-8-9106,2022,131200.0,0.0,131200.0,City Parcel Master,2022-01-01,2022
89-8-9106,2020,131200.0,0.0,131200.0,NHDRA,2020-01-01,2020
89-8-9206,2022,142600.0,0.0,142600.0,City Parcel Master,2022-01-01,2022
89-8-9206,2020,141700.0,0.0,141700.0,NHDRA,2020-01-01,2020
89-8-9306,2022,138900.0,0.0,138900.0,City Parcel Master,2022-01-01,2022
89-8-9306,2020,130400.0,0.0,130400.0,NHDRA,2020-01-01,2020
89-8-9406,2022,132800.0,0.0,131200.0,City Parcel Master,2022-01-01,2022
89-8-9406,2020,132800.0,0.0,131200.0,NHDRA,2020-01-01,2020
89-8-9506,2022,130400.0,0.0,130400.0,City Parcel Master,2022-01-01,2022
89-8-9506,2020,130400.0,0.0,130400.0,NHDRA,2020-01-01,2020
89-8-9606,2022,130400.0,0.0,130400.0,City Parcel Master,2022-01-01,2022
89-8-9606,2020,130400.0,0.0,130400.0,NHDRA,2020-01-01,2020
89-8-9707,2022,131200.0,0.0,131200.0,City Parcel Master,2022-01-01,2022
89-8-9707,2020,131200.0,0.0,131200.0,NHDRA,2020-01-01,2020
89-8-9807,2022,131200.0,0.0,131200.0,City Parcel Master,2022-01-01,2022
89-8-9807,2020,131200.0,0.0,131200.0,NHDRA,2020-01-01,2020
89-8-9907,2022,130400.0,0.0,130400.0,City Parcel Master,2022-01-01,2022
89-8-9907,2020,130400.0,0.0,130400.0,NHDRA,2020-01-01,2020
89-8-10007,2022,132000.0,0.0,132000.0,City Parcel Master,2022-01-01,2022
89-8-10007,2020,132000.0,0.0,132000.0,NHDRA,2020-01-01,2020
89-8-10107,2022,131200.0,0.0,131200.0,City Parcel Master,2022-01-01,2022
89-8-10107,2020,131200.0,0.0,131200.0,NHDRA,2020-01-01,2020
89-8-10207,2022,131200.0,0.0,131200.0,City Parcel Master,2022-01-01,2022
89-8-10207,2020,131200.0,0.0,131200.0,NHDRA,2020-01-01,2020
89-8-10307,2022,134200.0,0.0,134200.0,City Parcel Master,2022-01-01,2022
89-8-10307,2020,134200.0,0.0,134200.0,NHDRA,2020-01-01,2020
89-8-10407,2022,141900.0,0.0,141900.0,City Parcel Master,2022-01-01,2022
89-8-10407,2020,141900.0,0.0,141900.0,NHDRA,2020-01-01,2020
89-8-10507,2022,127100.0,0.0,127100.0,City Parcel Master,2022-01-01,2022
89-8-10507,2020,127100.0,0.0,127100.0,NHDRA,2020-01-01,2020
89-8-10607,2022,135300.0,0.0,135300.0,City Parcel Master,2022-01-01,2022
89-8-10607,2020,135300.0,0.0,135300.0,NHDRA,2020-01-01,2020
89-8-10707,2022,126900.0,0.0,126900.0,City Parcel Master,2022-01-01,2022
89-8-10707,2020,126900.0,0.0,126900.0,NHDRA,2020-01-01,2020
89-8-10807,2022,125800.0,0.0,125800.0,City Parcel Master,2022-01-01,2022
89-8-10807,2020,125200.0,0.0,125200.0,NHDRA,2020-01-01,2020
89-8-10907,2022,134200.0,0.0,134200.0,City Parcel Master,2022-01-01,2022
89-8-10907,2020,133000.0,0.0,133000.0,NHDRA,2020-01-01,2020
89-8-11007,2022,126900.0,0.0,126900.0,City Parcel Master,2022-01-01,2022
89-8-11007,2020,126900.0,0.0,126900.0,NHDRA,2020-01-01,2020
89-8-11107,2022,124200.0,0.0,124200.0,City Parcel Master,2022-01-01,2022
89-8-11107,2020,124200.0,0.0,124200.0,NHDRA,2020-01-01,2020
89-8-11207,2022,124200.0,0.0,124200.0,City Parcel Master,2022-01-01,2022
89-8-11207,2020,124200.0,0.0,124200.0,NHDRA,2020-01-01,2020
89-8-11308,2022,126100.0,0.0,126100.0,City Parcel Master,2022-01-01,2022
89-8-11308,2020,126100.0,0.0,126100.0,NHDRA,2020-01-01,2020
89-8-11408,2022,125000.0,0.0,125000.0,City Parcel Master,2022-01-01,2022
89-8-11408,2020,125000.0,0.0,125000.0,NHDRA,2020-01-01,2020
89-8-11508,2022,125800.0,0.0,125800.0,City Parcel Master,2022-01-01,2022
89-8-11508,2020,125800.0,0.0,125800.0,NHDRA,2020-01-01,2020
89-8-11608,2022,124300.0,0.0,124300.0,City Parcel Master,2022-01-01,2022
89-8-11608,2020,124300.0,0.0,124300.0,NHDRA,2020-01-01,2020
89-8-11708,2022,125800.0,0.0,125800.0,City Parcel Master,2022-01-01,2022
89-8-11708,2020,125800.0,0.0,125800.0,NHDRA,2020-01-01,2020
89-8-11808,2022,125800.0,0.0,125800.0,City Parcel Master,2022-01-01,2022
89-8-11808,2020,125800.0,0.0,125800.0,NHDRA,2020-01-01,2020
89-8-11908,2022,125800.0,0.0,125800.0,City Parcel Master,2022-01-01,2022
89-8-11908,2020,125800.0,0.0,125800.0,NHDRA,2020-01-01,2020
89-8-12008,2022,124200.0,0.0,124200.0,City Parcel Master,2022-01-01,2022
89-8-12008,2020,124200.0,0.0,124200.0,NHDRA,2020-01-01,2020
89-8-12108,2022,132000.0,0.0,132000.0,City Parcel Master,2022-01-01,2022
89-8-12108,2020,132000.0,0.0,132000.0,NHDRA,2020-01-01,2020
89-8-12208,2022,132000.0,0.0,132000.0,City Parcel Master,2022-01-01,2022
89-8-12208,2020,132000.0,0.0,132000.0,NHDRA,2020-01-01,2020
89-8-12308,2022,132000.0,0.0,132000.0,City Parcel Master,2022-01-01,2022
89-8-12308,2020,132000.0,0.0,132000.0,NHDRA,2020-01-01,2020
89-8-12408,2022,132000.0,0.0,132000.0,City Parcel Master,2022-01-01,2022
89-8-12408,2020,132000.0,0.0,132000.0,NHDRA,2020-01-01,2020
89-8-12508,2022,132000.0,0.0,132000.0,City Parcel Master,2022-01-01,2022
89-8-12508,2020,132000.0,0.0,132000.0,NHDRA,2020-01-01,2020
89-8-12608,2022,130400.0,0.0,130400.0,City Parcel Master,2022-01-01,2022
89-8-12608,2020,130400.0,0.0,130400.0,NHDRA,2020-01-01,2020
89-8-12708,2022,132000.0,0.0,132000.0,City Parcel Master,2022-01-01,2022
89-8-12708,2020,132000.0,0.0,132000.0,NHDRA,2020-01-01,2020
89-8-12808,2022,130400.0,0.0,130400.0,City Parcel Master,2022-01-01,2022
89-8-12808,2020,130400.0,0.0,130400.0,NHDRA,2020-01-01,2020
89-9,2022,345700.0,94700.0,250200.0,City Parcel Master,2022-01-01,2022
89-9,2020,345700.0,94700.0,250200.0,NHDRA,2020-01-01,2020
89-10,2022,238300.0,135700.0,100400.0,City Parcel Master,2022-01-01,2022
89-10,2020,195400.0,135600.0,53400.0,NHDRA,2020-01-01,2020
89-10-100,2022,318900.0,96900.0,221200.0,City Parcel Master,2022-01-01,2022
89-10-100,2020,318900.0,96900.0,221200.0,NHDRA,2020-01-01,2020
89-11,2022,356500.0,84000.0,272000.0,City Parcel Master,2022-01-01,2022
89-11,2020,356400.0,83900.0,272000.0,NHDRA,2020-01-01,2020
89-12,2022,242200.0,89800.0,142700.0,City Parcel Master,2022-01-01,2022
89-12,2020,252200.0,99800.0,142700.0,NHDRA,2020-01-01,2020
89-15,2022,118700.0,63900.0,54000.0,City Parcel Master,2022-01-01,2022
89-15,2020,118600.0,63800.0,54000.0,NHDRA,2020-01-01,2020
89-16,2022,67200.0,67200.0,0.0,City Parcel Master,2022-01-01,2022
89-16,2020,67100.0,67100.0,0.0,NHDRA,2020-01-01,2020
89-17,2022,332400.0,67200.0,265200.0,City Parcel Master,2022-01-01,2022
89-17,2020,332300.0,67100.0,265200.0,NHDRA,2020-01-01,2020
89-18-101,2022,229500.0,0.0,229500.0,City Parcel Master,2022-01-01,2022
89-18-101,2020,229500.0,0.0,229500.0,NHDRA,2020-01-01,2020
89-18-102,2022,227900.0,0.0,227900.0,City Parcel Master,2022-01-01,2022
89-18-102,2020,227900.0,0.0,227900.0,NHDRA,2020-01-01,2020
89-18-103,2022,229500.0,0.0,229500.0,City Parcel Master,2022-01-01,2022
89-18-103,2020,229500.0,0.0,229500.0,NHDRA,2020-01-01,2020
89-18-104,2022,229500.0,0.0,229500.0,City Parcel Master,2022-01-01,2022
89-18-104,2020,229500.0,0.0,229500.0,NHDRA,2020-01-01,2020
89-18-105,2022,229500.0,0.0,229500.0,City Parcel Master,2022-01-01,2022
89-18-105,2020,229500.0,0.0,229500.0,NHDRA,2020-01-01,2020
89-18-106,2022,229500.0,0.0,229500.0,City Parcel Master,2022-01-01,2022
89-18-106,2020,229500.0,0.0,229500.0,NHDRA,2020-01-01,2020
89-18-107,2022,229500.0,0.0,229500.0,City Parcel Master,2022-01-01,2022
89-18-107,2020,229500.0,0.0,229500.0,NHDRA,2020-01-01,2020
89-18-108,2022,229500.0,0.0,229500.0,City Parcel Master,2022-01-01,2022
89-18-108,2020,229500.0,0.0,229500.0,NHDRA,2020-01-01,2020
89-18-201,2022,229500.0,0.0,229500.0,City Parcel Master,2022-01-01,2022
89-18-201,2020,229500.0,0.0,229500.0,NHDRA,2020-01-01,2020
89-18-202,2022,229500.0,0.0,229500.0,City Parcel Master,2022-01-01,2022
89-18-202,2020,229500.0,0.0,229500.0,NHDRA,2020-01-01,2020
89-18-203,2022,229500.0,0.0,229500.0,City Parcel Master,2022-01-01,2022
89-18-203,2020,229500.0,0.0,229500.0,NHDRA,2020-01-01,2020
89-18-204,2022,229500.0,0.0,229500.0,City Parcel Master,2022-01-01,2022
89-18-204,2020,229500.0,0.0,229500.0,NHDRA,2020-01-01,2020
89-18-205,2022,229500.0,0.0,229500.0,City Parcel Master,2022-01-01,2022
89-18-205,2020,229500.0,0.0,229500.0,NHDRA,2020-01-01,2020
89-18-206,2022,229500.0,0.0,229500.0,City Parcel Master,2022-01-01,2022
89-18-206,2020,229500.0,0.0,229500.0,NHDRA,2020-01-01,2020
89-18-207,2022,229500.0,0.0,229500.0,City Parcel Master,2022-01-01,2022
89-18-207,2020,229500.0,0.0,229500.0,NHDRA,2020-01-01,2020
89-18-208,2022,229500.0,0.0,229500.0,City Parcel Master,2022-01-01,2022
89-18-208,2020,229500.0,0.0,229500.0,NHDRA,2020-01-01,2020
89-18-209,2022,229500.0,0.0,229500.0,City Parcel Master,2022-01-01,2022
89-18-209,2020,229500.0,0.0,229500.0,NHDRA,2020-01-01,2020
89-18-210,2022,229500.0,0.0,229500.0,City Parcel Master,2022-01-01,2022
89-18-210,2020,229500.0,0.0,229500.0,NHDRA,2020-01-01,2020
89-18-211,2022,229500.0,0.0,229500.0,City Parcel Master,2022-01-01,2022
89-18-211,2020,229500.0,0.0,229500.0,NHDRA,2020-01-01,2020
89-18-212,2022,229500.0,0.0,229500.0,City Parcel Master,2022-01-01,2022
89-18-212,2020,229500.0,0.0,229500.0,NHDRA,2020-01-01,2020
89-18-213,2022,229500.0,0.0,229500.0,City Parcel Master,2022-01-01,2022
89-18-213,2020,229500.0,0.0,229500.0,NHDRA,2020-01-01,2020
89-18-215,2022,227900.0,0.0,227900.0,City Parcel Master,2022-01-01,2022
89-18-215,2020,227900.0,0.0,227900.0,NHDRA,2020-01-01,2020
89-18-301,2022,229500.0,0.0,229500.0,City Parcel Master,2022-01-01,2022
89-18-301,2020,229500.0,0.0,229500.0,NHDRA,2020-01-01,2020
89-18-302,2022,229500.0,0.0,229500.0,City Parcel Master,2022-01-01,2022
89-18-302,2020,229500.0,0.0,229500.0,NHDRA,2020-01-01,2020
89-18-303,2022,229500.0,0.0,229500.0,City Parcel Master,2022-01-01,2022
89-18-303,2020,229500.0,0.0,229500.0,NHDRA,2020-01-01,2020
89-18-304,2022,229500.0,0.0,229500.0,City Parcel Master,2022-01-01,2022
89-18-304,2020,229500.0,0.0,229500.0,NHDRA,2020-01-01,2020
89-18-305,2022,229500.0,0.0,229500.0,City Parcel Master,2022-01-01,2022
89-18-305,2020,229500.0,0.0,229500.0,NHDRA,2020-01-01,2020
89-18-306,2022,229500.0,0.0,229500.0,City Parcel Master,2022-01-01,2022
89-18-306,2020,229500.0,0.0,229500.0,NHDRA,2020-01-01,2020
89-18-307,2022,229500.0,0.0,229500.0,City Parcel Master,2022-01-01,2022
89-18-307,2020,229500.0,0.0,229500.0,NHDRA,2020-01-01,2020
89-18-308,2022,229500.0,0.0,229500.0,City Parcel Master,2022-01-01,2022
89-18-308,2020,229500.0,0.0,229500.0,NHDRA,2020-01-01,2020
89-18-309,2022,229500.0,0.0,229500.0,City Parcel Master,2022-01-01,2022
89-18-309,2020,229500.0,0.0,229500.0,NHDRA,2020-01-01,2020
89-18-311,2022,231300.0,0.0,231300.0,City Parcel Master,2022-01-01,2022
89-18-311,2020,231300.0,0.0,231300.0,NHDRA,2020-01-01,2020
89-18-313,2022,229500.0,0.0,229500.0,City Parcel Master,2022-01-01,2022
89-18-313,2020,229500.0,0.0,229500.0,NHDRA,2020-01-01,2020
89-18-315,2022,229500.0,0.0,229500.0,City Parcel Master,2022-01-01,2022
89-18-315,2020,229500.0,0.0,229500.0,NHDRA,2020-01-01,2020
90-1,2022,78000.0,67300.0,0.0,City Parcel Master,2022-01-01,2022
90-1,2020,78000.0,67300.0,0.0,NHDRA,2020-01-01,2020
90-2,2022,228800.0,64000.0,164800.0,City Parcel Master,2022-01-01,2022
90-2,2020,228800.0,64000.0,164800.0,NHDRA,2020-01-01,2020
90-3,2022,148100.0,70800.0,68000.0,City Parcel Master,2022-01-01,2022
90-3,2020,148100.0,70800.0,68000.0,NHDRA,2020-01-01,2020
90-4,2022,244000.0,70300.0,172900.0,City Parcel Master,2022-01-01,2022
90-4,2020,244000.0,70300.0,172900.0,NHDRA,2020-01-01,2020
90-5,2022,276800.0,70800.0,205700.0,City Parcel Master,2022-01-01,2022
90-5,2020,221600.0,70800.0,150800.0,NHDRA,2020-01-01,2020
90-6,2022,332700.0,70900.0,261200.0,City Parcel Master,2022-01-01,2022
90-6,2020,332600.0,70800.0,261200.0,NHDRA,2020-01-01,2020
90-7,2022,145400.0,145400.0,0.0,City Parcel Master,2022-01-01,2022
90-7,2020,145400.0,145400.0,0.0,NHDRA,2020-01-01,2020
90-9,2022,328200.0,84900.0,242900.0,City Parcel Master,2022-01-01,2022
90-9,2020,343100.0,85000.0,257700.0,NHDRA,2020-01-01,2020
90-10,2022,220100.0,70800.0,146900.0,City Parcel Master,2022-01-01,2022
90-10,2020,220100.0,70800.0,146900.0,NHDRA,2020-01-01,2020
90-11,2022,373400.0,70800.0,302100.0,City Parcel Master,2022-01-01,2022
90-11,2020,373400.0,70800.0,302100.0,NHDRA,2020-01-01,2020
90-13,2022,461400.0,86200.0,349900.0,City Parcel Master,2022-01-01,2022
90-13,2020,250000.0,81300.0,158000.0,NHDRA,2020-01-01,2020
90-14,2022,248100.0,78500.0,169600.0,City Parcel Master,2022-01-01,2022
90-14,2020,248200.0,78600.0,169600.0,NHDRA,2020-01-01,2020
90-15,2022,275200.0,75500.0,188900.0,City Parcel Master,2022-01-01,2022
90-15,2020,275100.0,75400.0,188900.0,NHDRA,2020-01-01,2020
90-16,2022,281600.0,70800.0,203000.0,City Parcel Master,2022-01-01,2022
90-16,2020,281600.0,70800.0,203000.0,NHDRA,2020-01-01,2020
90-17,2022,219000.0,64700.0,153800.0,City Parcel Master,2022-01-01,2022
90-17,2020,222100.0,64700.0,156900.0,NHDRA,2020-01-01,2020
90-18,2022,289800.0,66800.0,213700.0,City Parcel Master,2022-01-01,2022
90-18,2020,289800.0,66800.0,213700.0,NHDRA,2020-01-01,2020
90-19,2022,271600.0,94600.0,162800.0,City Parcel Master,2022-01-01,2022
90-19,2020,271600.0,94600.0,162800.0,NHDRA,2020-01-01,2020
90-20,2022,46200.0,46200.0,0.0,City Parcel Master,2022-01-01,2022
90-20,2020,46200.0,46200.0,0.0,NHDRA,2020-01-01,2020
90-21,2022,198900.0,62600.0,135900.0,City Parcel Master,2022-01-01,2022
90-21,2020,197800.0,61500.0,135900.0,NHDRA,2020-01-01,2020
90-22,2022,360600.0,69500.0,283000.0,City Parcel Master,2022-01-01,2022
90-22,2020,352800.0,69500.0,275200.0,NHDRA,2020-01-01,2020
90-23,2022,295800.0,81900.0,185700.0,City Parcel Master,2022-01-01,2022
90-23,2020,295800.0,81900.0,185700.0,NHDRA,2020-01-01,2020
90-24,2022,270600.0,87300.0,176800.0,City Parcel Master,2022-01-01,2022
90-24,2020,280200.0,97300.0,176800.0,NHDRA,2020-01-01,2020
90-25,2022,257100.0,78500.0,169600.0,City Parcel Master,2022-01-01,2022
90-25,2020,257200.0,78600.0,169600.0,NHDRA,2020-01-01,2020
90-26,2022,296600.0,83600.0,212600.0,City Parcel Master,2022-01-01,2022
90-26,2020,295700.0,93400.0,201900.0,NHDRA,2020-01-01,2020
90-27,2022,548600.0,548600.0,0.0,City Parcel Master,2022-01-01,2022
90-27,2020,548600.0,548600.0,0.0,NHDRA,2020-01-01,2020
90-27-100,2022,199900.0,199900.0,0.0,City Parcel Master,2022-01-01,2022
90-27-100,2020,200000.0,200000.0,0.0,NHDRA,2020-01-01,2020
90-28,2022,371500.0,246300.0,117300.0,City Parcel Master,2022-01-01,2022
90-28,2020,371500.0,246300.0,117300.0,NHDRA,2020-01-01,2020
90-29,2022,232000.0,85200.0,131800.0,City Parcel Master,2022-01-01,2022
90-29,2020,228800.0,95200.0,118600.0,NHDRA,2020-01-01,2020
90-30,2022,369000.0,98600.0,269700.0,City Parcel Master,2022-01-01,2022
90-30,2020,369000.0,98600.0,269700.0,NHDRA,2020-01-01,2020
90-31,2022,298500.0,81000.0,217200.0,City Parcel Master,2022-01-01,2022
90-31,2020,298600.0,81100.0,217200.0,NHDRA,2020-01-01,2020
90-32,2022,265700.0,81500.0,172400.0,City Parcel Master,2022-01-01,2022
90-32,2020,275900.0,81400.0,182700.0,NHDRA,2020-01-01,2020
90-33,2022,316600.0,96200.0,217700.0,City Parcel Master,2022-01-01,2022
90-33,2020,316600.0,96200.0,217700.0,NHDRA,2020-01-01,2020
90-34,2022,311600.0,80600.0,231000.0,City Parcel Master,2022-01-01,2022
90-34,2020,311700.0,80700.0,231000.0,NHDRA,2020-01-01,2020
90-34-100,2022,298100.0,68000.0,215300.0,City Parcel Master,2022-01-01,2022
90-34-100,2020,291800.0,68000.0,216400.0,NHDRA,2020-01-01,2020
90-35,2022,255600.0,71700.0,183900.0,City Parcel Master,2022-01-01,2022
90-35,2020,255500.0,71600.0,183900.0,NHDRA,2020-01-01,2020
90-36,2022,244600.0,76800.0,167800.0,City Parcel Master,2022-01-01,2022
90-36,2020,253300.0,76700.0,176600.0,NHDRA,2020-01-01,2020
90-37,2022,367700.0,75900.0,291800.0,City Parcel Master,2022-01-01,2022
90-37,2020,367700.0,75900.0,291800.0,NHDRA,2020-01-01,2020
90-38,2022,219500.0,70300.0,149100.0,City Parcel Master,2022-01-01,2022
90-38,2020,219500.0,70300.0,149100.0,NHDRA,2020-01-01,2020
90-39,2022,254800.0,70800.0,183700.0,City Parcel Master,2022-01-01,2022
90-39,2020,254800.0,70800.0,183700.0,NHDRA,2020-01-01,2020
90-40,2022,308100.0,84400.0,206200.0,City Parcel Master,2022-01-01,2022
90-40,2020,308200.0,84500.0,206200.0,NHDRA,2020-01-01,2020
90-41,2022,283500.0,74700.0,208800.0,City Parcel Master,2022-01-01,2022
90-41,2020,276000.0,74600.0,201400.0,NHDRA,2020-01-01,2020
90-42,2022,1561600.0,212100.0,0.0,City Parcel Master,2022-01-01,2022
90-42,2020,1561600.0,212100.0,0.0,NHDRA,2020-01-01,2020
90-42-100,2022,46600.0,0.0,46100.0,City Parcel Master,2022-01-01,2022
90-42-100,2020,45800.0,0.0,45300.0,NHDRA,2020-01-01,2020
90-42-200,2022,61900.0,0.0,61400.0,City Parcel Master,2022-01-01,2022
90-42-200,2020,61900.0,0.0,61400.0,NHDRA,2020-01-01,2020
90-42-300,2022,56700.0,0.0,56600.0,City Parcel Master,2022-01-01,2022
90-42-300,2020,57300.0,0.0,57200.0,NHDRA,2020-01-01,2020
90-42-400,2022,43700.0,0.0,43700.0,City Parcel Master,2022-01-01,2022
90-42-400,2020,44600.0,0.0,44600.0,NHDRA,2020-01-01,2020
90-42-500,2022,58300.0,0.0,58100.0,City Parcel Master,2022-01-01,2022
90-42-500,2020,58900.0,0.0,58700.0,NHDRA,2020-01-01,2020
90-42-600,2022,53200.0,0.0,53000.0,City Parcel Master,2022-01-01,2022
90-42-600,2020,54400.0,0.0,54200.0,NHDRA,2020-01-01,2020
90-42-700,2022,68300.0,0.0,67900.0,City Parcel Master,2022-01-01,2022
90-42-700,2020,68300.0,0.0,67900.0,NHDRA,2020-01-01,2020
90-42-800,2022,49000.0,0.0,48500.0,City Parcel Master,2022-01-01,2022
90-42-800,2020,49000.0,0.0,48500.0,NHDRA,2020-01-01,2020
90-42-900,2022,65400.0,0.0,65000.0,City Parcel Master,2022-01-01,2022
90-42-900,2020,65400.0,0.0,65000.0,NHDRA,2020-01-01,2020
90-42-1000,2022,49900.0,0.0,49800.0,City Parcel Master,2022-01-01,2022
90-42-1000,2020,49900.0,0.0,49800.0,NHDRA,2020-01-01,2020
90-42-1100,2022,74200.0,0.0,73600.0,City Parcel Master,2022-01-01,2022
90-42-1100,2020,74200.0,0.0,73600.0,NHDRA,2020-01-01,2020
90-42-1200,2022,69900.0,0.0,69600.0,City Parcel Master,2022-01-01,2022
90-42-1200,2020,69900.0,0.0,69600.0,NHDRA,2020-01-01,2020
90-42-1300,2022,49000.0,0.0,48500.0,City Parcel Master,2022-01-01,2022
90-42-1300,2020,49000.0,0.0,48500.0,NHDRA,2020-01-01,2020
90-42-1400,2022,34000.0,0.0,33400.0,City Parcel Master,2022-01-01,2022
90-42-1400,2020,34000.0,0.0,33400.0,NHDRA,2020-01-01,2020
90-42-1500,2022,61900.0,0.0,61800.0,City Parcel Master,2022-01-01,2022
90-42-1500,2020,62000.0,0.0,61800.0,NHDRA,2020-01-01,2020
90-42-1600,2022,32100.0,0.0,31900.0,City Parcel Master,2022-01-01,2022
90-42-1600,2020,33400.0,0.0,33200.0,NHDRA,2020-01-01,2020
90-42-1700,2022,65700.0,0.0,65400.0,City Parcel Master,2022-01-01,2022
90-42-1700,2020,66400.0,0.0,66100.0,NHDRA,2020-01-01,2020
90-42-1800,2022,71100.0,0.0,70800.0,City Parcel Master,2022-01-01,2022
90-42-1800,2020,71100.0,0.0,70800.0,NHDRA,2020-01-01,2020
90-42-1900,2022,61200.0,0.0,61200.0,City Parcel Master,2022-01-01,2022
90-42-1900,2020,61200.0,0.0,61200.0,NHDRA,2020-01-01,2020
90-42-2000,2022,28100.0,0.0,27800.0,City Parcel Master,2022-01-01,2022
90-42-2000,2020,28100.0,0.0,27800.0,NHDRA,2020-01-01,2020
90-42-2100,2022,65400.0,0.0,65100.0,City Parcel Master,2022-01-01,2022
90-42-2100,2020,66200.0,0.0,65900.0,NHDRA,2020-01-01,2020
90-42-2200,2022,67700.0,0.0,67300.0,City Parcel Master,2022-01-01,2022
90-42-2200,2020,66500.0,0.0,66500.0,NHDRA,2020-01-01,2020
90-42-2300,2022,34500.0,0.0,34500.0,City Parcel Master,2022-01-01,2022
90-42-2300,2020,34500.0,0.0,34500.0,NHDRA,2020-01-01,2020
90-42-2400,2022,27600.0,0.0,27200.0,City Parcel Master,2022-01-01,2022
90-42-2400,2020,27600.0,0.0,27200.0,NHDRA,2020-01-01,2020
90-42-2500,2022,59900.0,0.0,59500.0,City Parcel Master,2022-01-01,2022
90-42-2500,2020,59900.0,0.0,59500.0,NHDRA,2020-01-01,2020
90-42-2600,2022,54700.0,0.0,54300.0,City Parcel Master,2022-01-01,2022
90-42-2600,2020,53600.0,0.0,53200.0,NHDRA,2020-01-01,2020
90-42-2700,2022,35000.0,0.0,34500.0,City Parcel Master,2022-01-01,2022
90-42-2700,2020,37200.0,0.0,36800.0,NHDRA,2020-01-01,2020
90-42-2800,2022,64700.0,0.0,64700.0,City Parcel Master,2022-01-01,2022
90-42-2800,2020,0.0,0.0,0.0,NHDRA,2020-01-01,2020
90-42-2900,2022,58100.0,0.0,57600.0,City Parcel Master,2022-01-01,2022
90-42-2900,2020,58100.0,0.0,57600.0,NHDRA,2020-01-01,2020
90-42-3000,2022,63100.0,0.0,62500.0,City Parcel Master,2022-01-01,2022
90-42-3000,2020,63100.0,0.0,62500.0,NHDRA,2020-01-01,2020
90-42-3100,2022,55500.0,0.0,55500.0,City Parcel Master,2022-01-01,2022
90-42-3100,2020,55500.0,0.0,55500.0,NHDRA,2020-01-01,2020
90-42-3200,2022,63500.0,0.0,63200.0,City Parcel Master,2022-01-01,2022
90-42-3200,2020,63500.0,0.0,63200.0,NHDRA,2020-01-01,2020
90-42-3300,2022,67000.0,0.0,66700.0,City Parcel Master,2022-01-01,2022
90-42-3300,2020,67000.0,0.0,66700.0,NHDRA,2020-01-01,2020
90-42-3400,2022,56700.0,0.0,56400.0,City Parcel Master,2022-01-01,2022
90-42-3400,2020,56700.0,0.0,56400.0,NHDRA,2020-01-01,2020
90-42-3500,2022,63200.0,0.0,62900.0,City Parcel Master,2022-01-01,2022
90-42-3500,2020,63200.0,0.0,62900.0,NHDRA,2020-01-01,2020
90-42-3600,2022,55300.0,0.0,54900.0,City Parcel Master,2022-01-01,2022
90-42-3600,2020,55900.0,0.0,55500.0,NHDRA,2020-01-01,2020
90-42-3700,2022,32600.0,0.0,32300.0,City Parcel Master,2022-01-01,2022
90-42-3700,2020,32600.0,0.0,32300.0,NHDRA,2020-01-01,2020
90-42-3800,2022,58200.0,0.0,57800.0,City Parcel Master,2022-01-01,2022
90-42-3800,2020,59900.0,0.0,59500.0,NHDRA,2020-01-01,2020
90-42-3900,2022,66400.0,0.0,65900.0,City Parcel Master,2022-01-01,2022
90-42-3900,2020,66400.0,0.0,65900.0,NHDRA,2020-01-01,2020
90-42-4000,2022,49100.0,0.0,48600.0,City Parcel Master,2022-01-01,2022
90-42-4000,2020,49100.0,0.0,48600.0,NHDRA,2020-01-01,2020
90-42-4100,2022,51500.0,0.0,51500.0,City Parcel Master,2022-01-01,2022
90-42-4100,2020,51500.0,0.0,51500.0,NHDRA,2020-01-01,2020
90-42-4200,2022,66200.0,0.0,65900.0,City Parcel Master,2022-01-01,2022
90-42-4200,2020,67600.0,0.0,67300.0,NHDRA,2020-01-01,2020
90-42-4300,2022,36600.0,0.0,36300.0,City Parcel Master,2022-01-01,2022
90-42-4300,2020,36600.0,0.0,36300.0,NHDRA,2020-01-01,2020
90-42-4400,2022,43100.0,0.0,42700.0,City Parcel Master,2022-01-01,2022
90-42-4400,2020,43100.0,0.0,42700.0,NHDRA,2020-01-01,2020
90-42-4500,2022,55300.0,0.0,54900.0,City Parcel Master,2022-01-01,2022
90-42-4500,2020,55300.0,0.0,54900.0,NHDRA,2020-01-01,2020
90-42-4600,2022,68100.0,0.0,67700.0,City Parcel Master,2022-01-01,2022
90-42-4600,2020,68900.0,0.0,68500.0,NHDRA,2020-01-01,2020
90-42-4700,2022,40100.0,0.0,39800.0,City Parcel Master,2022-01-01,2022
90-42-4700,2020,40100.0,0.0,39800.0,NHDRA,2020-01-01,2020
90-42-4800,2022,43500.0,0.0,43300.0,City Parcel Master,2022-01-01,2022
90-42-4800,2020,43500.0,0.0,43300.0,NHDRA,2020-01-01,2020
90-42-4900,2022,65100.0,0.0,62900.0,City Parcel Master,2022-01-01,2022
90-42-4900,2020,65100.0,0.0,62900.0,NHDRA,2020-01-01,2020
90-42-5000,2022,75400.0,0.0,71800.0,City Parcel Master,2022-01-01,2022
90-42-5000,2020,75400.0,0.0,71800.0,NHDRA,2020-01-01,2020
90-42-5100,2022,62600.0,0.0,62100.0,City Parcel Master,2022-01-01,2022
90-42-5100,2020,62600.0,0.0,62100.0,NHDRA,2020-01-01,2020
90-42-5200,2022,34600.0,0.0,34400.0,City Parcel Master,2022-01-01,2022
90-42-5200,2020,34300.0,0.0,34100.0,NHDRA,2020-01-01,2020
90-42-5300,2022,29200.0,0.0,28600.0,City Parcel Master,2022-01-01,2022
90-42-5300,2020,29200.0,0.0,28600.0,NHDRA,2020-01-01,2020
90-42-5400,2022,52100.0,0.0,51800.0,City Parcel Master,2022-01-01,2022
90-42-5400,2020,50900.0,0.0,50600.0,NHDRA,2020-01-01,2020
90-42-5500,2022,41800.0,0.0,41800.0,City Parcel Master,2022-01-01,2022
90-42-5500,2020,41800.0,0.0,41800.0,NHDRA,2020-01-01,2020
90-42-5600,2022,29700.0,0.0,29200.0,City Parcel Master,2022-01-01,2022
90-42-5600,2020,29700.0,0.0,29200.0,NHDRA,2020-01-01,2020
90-42-5700,2022,60300.0,0.0,60300.0,City Parcel Master,2022-01-01,2022
90-42-5700,2020,60300.0,0.0,60300.0,NHDRA,2020-01-01,2020
90-42-5800,2022,64500.0,0.0,63900.0,City Parcel Master,2022-01-01,2022
90-42-5800,2020,64500.0,0.0,63900.0,NHDRA,2020-01-01,2020
90-42-5900,2022,31500.0,0.0,31100.0,City Parcel Master,2022-01-01,2022
90-42-5900,2020,31500.0,0.0,31100.0,NHDRA,2020-01-01,2020
90-42-6000,2022,45500.0,0.0,45500.0,City Parcel Master,2022-01-01,2022
90-42-6000,2020,45500.0,0.0,45500.0,NHDRA,2020-01-01,2020
90-42-6100,2022,33200.0,0.0,32900.0,City Parcel Master,2022-01-01,2022
90-42-6100,2020,33200.0,0.0,32900.0,NHDRA,2020-01-01,2020
90-42-6200,2022,32000.0,0.0,31700.0,City Parcel Master,2022-01-01,2022
90-42-6200,2020,33200.0,0.0,32900.0,NHDRA,2020-01-01,2020
90-42-6300,2022,53400.0,0.0,53100.0,City Parcel Master,2022-01-01,2022
90-42-6300,2020,54700.0,0.0,54400.0,NHDRA,2020-01-01,2020
90-42-6400,2022,40800.0,0.0,40100.0,City Parcel Master,2022-01-01,2022
90-42-6400,2020,40800.0,0.0,40100.0,NHDRA,2020-01-01,2020
90-42-6500,2022,35400.0,0.0,34500.0,City Parcel Master,2022-01-01,2022
90-42-6500,2020,35400.0,0.0,34500.0,NHDRA,2020-01-01,2020
90-42-6600,2022,41000.0,0.0,40800.0,City Parcel Master,2022-01-01,2022
90-42-6600,2020,41000.0,0.0,40800.0,NHDRA,2020-01-01,2020
90-42-6700,2022,46500.0,0.0,45800.0,City Parcel Master,2022-01-01,2022
90-42-6700,2020,46500.0,0.0,45800.0,NHDRA,2020-01-01,2020
90-42-6800,2022,66900.0,0.0,66300.0,City Parcel Master,2022-01-01,2022
90-42-6800,2020,42200.0,0.0,41900.0,NHDRA,2020-01-01,2020
90-42-6900,2022,40800.0,0.0,40600.0,City Parcel Master,2022-01-01,2022
90-42-6900,2020,40800.0,0.0,40600.0,NHDRA,2020-01-01,2020
90-42-7000,2022,39500.0,0.0,39300.0,City Parcel Master,2022-01-01,2022
90-42-7000,2020,39500.0,0.0,39300.0,NHDRA,2020-01-01,2020
90-42-7100,2022,64000.0,0.0,63600.0,City Parcel Master,2022-01-01,2022
90-42-7100,2020,64000.0,0.0,63600.0,NHDRA,2020-01-01,2020
90-42-7200,2022,55600.0,0.0,55000.0,City Parcel Master,2022-01-01,2022
90-42-7200,2020,55600.0,0.0,55000.0,NHDRA,2020-01-01,2020
90-42-7300,2022,38300.0,0.0,37900.0,City Parcel Master,2022-01-01,2022
90-42-7300,2020,38300.0,0.0,37900.0,NHDRA,2020-01-01,2020
90-42-7400,2022,67200.0,0.0,66700.0,City Parcel Master,2022-01-01,2022
90-42-7400,2020,67200.0,0.0,66700.0,NHDRA,2020-01-01,2020
90-42-7500,2022,30700.0,0.0,30200.0,City Parcel Master,2022-01-01,2022
90-42-7500,2020,30700.0,0.0,30200.0,NHDRA,2020-01-01,2020
90-42-7600,2022,51500.0,0.0,51000.0,City Parcel Master,2022-01-01,2022
90-42-7600,2020,51500.0,0.0,51000.0,NHDRA,2020-01-01,2020
90-42-7700,2022,75100.0,0.0,74200.0,City Parcel Master,2022-01-01,2022
90-42-7700,2020,0.0,0.0,0.0,NHDRA,2020-01-01,2020
90-42-7800,2022,46300.0,0.0,45900.0,City Parcel Master,2022-01-01,2022
90-42-7800,2020,46300.0,0.0,45900.0,NHDRA,2020-01-01,2020
90-42-7900,2022,59000.0,0.0,58600.0,City Parcel Master,2022-01-01,2022
90-42-7900,2020,59000.0,0.0,58600.0,NHDRA,2020-01-01,2020
90-42-8000,2022,69600.0,0.0,67500.0,City Parcel Master,2022-01-01,2022
90-42-8000,2020,69600.0,0.0,67500.0,NHDRA,2020-01-01,2020
90-42-8100,2022,59000.0,0.0,58700.0,City Parcel Master,2022-01-01,2022
90-42-8100,2020,59000.0,0.0,58700.0,NHDRA,2020-01-01,2020
90-44,2022,302300.0,87400.0,214500.0,City Parcel Master,2022-01-01,2022
90-44,2020,302300.0,87400.0,214500.0,NHDRA,2020-01-01,2020
90-44-100,2022,364300.0,84700.0,271900.0,City Parcel Master,2022-01-01,2022
90-44-100,2020,364300.0,84700.0,271900.0,NHDRA,2020-01-01,2020
90-44-70100,2022,40300.0,0.0,40300.0,City Parcel Master,2022-01-01,2022
90-44-70100,2020,44200.0,0.0,44200.0,NHDRA,2020-01-01,2020
90-45,2022,221800.0,73200.0,148500.0,City Parcel Master,2022-01-01,2022
90-45,2020,221700.0,73100.0,148500.0,NHDRA,2020-01-01,2020
90-46,2022,210100.0,80800.0,118600.0,City Parcel Master,2022-01-01,2022
90-46,2020,210000.0,80700.0,118600.0,NHDRA,2020-01-01,2020
90-47,2022,199800.0,68800.0,119100.0,City Parcel Master,2022-01-01,2022
90-47,2020,199800.0,68800.0,119100.0,NHDRA,2020-01-01,2020
90-48,2022,234000.0,75500.0,158200.0,City Parcel Master,2022-01-01,2022
90-48,2020,169900.0,75400.0,92400.0,NHDRA,2020-01-01,2020
90-49,2022,242800.0,69800.0,172500.0,City Parcel Master,2022-01-01,2022
90-49,2020,242800.0,69800.0,172500.0,NHDRA,2020-01-01,2020
90-50,2022,258300.0,67800.0,190300.0,City Parcel Master,2022-01-01,2022
90-50,2020,258300.0,67800.0,190300.0,NHDRA,2020-01-01,2020
90-51,2022,271900.0,70800.0,200600.0,City Parcel Master,2022-01-01,2022
90-51,2020,271900.0,70800.0,200600.0,NHDRA,2020-01-01,2020
90-52,2022,107300.0,66800.0,35800.0,City Parcel Master,2022-01-01,2022
90-52,2020,107300.0,66800.0,35800.0,NHDRA,2020-01-01,2020
90-53,2022,242100.0,68800.0,172700.0,City Parcel Master,2022-01-01,2022
90-53,2020,242100.0,68800.0,172700.0,NHDRA,2020-01-01,2020
90-54,2022,245800.0,33400.0,212400.0,City Parcel Master,2022-01-01,2022
90-54,2020,245800.0,33400.0,212400.0,NHDRA,2020-01-01,2020
90-54-100,2022,258900.0,33400.0,224700.0,City Parcel Master,2022-01-01,2022
90-54-100,2020,258900.0,33400.0,224700.0,NHDRA,2020-01-01,2020
90-55,2022,260600.0,69300.0,191000.0,City Parcel Master,2022-01-01,2022
90-55,2020,260600.0,69300.0,191000.0,NHDRA,2020-01-01,2020
90-56,2022,244500.0,69300.0,169700.0,City Parcel Master,2022-01-01,2022
90-56,2020,171500.0,69300.0,95100.0,NHDRA,2020-01-01,2020
90-57,2022,264500.0,72400.0,191700.0,City Parcel Master,2022-01-01,2022
90-57,2020,264500.0,72400.0,191700.0,NHDRA,2020-01-01,2020
90-58,2022,354300.0,71700.0,282600.0,City Parcel Master,2022-01-01,2022
90-58,2020,354200.0,71600.0,282600.0,NHDRA,2020-01-01,2020
90-59,2022,34392300.0,3154500.0,30356700.0,City Parcel Master,2022-01-01,2022
90-59,2020,30479200.0,3169100.0,26430600.0,NHDRA,2020-01-01,2020
90-59-70300,2022,274900.0,274900.0,0.0,City Parcel Master,2022-01-01,2022
90-59-70300,2020,274900.0,274900.0,0.0,NHDRA,2020-01-01,2020
90-59-70400,2022,359000.0,0.0,353000.0,City Parcel Master,2022-01-01,2022
90-59-70400,2020,,,,NHDRA,2020-01-01,2020
90-60,2022,71400.0,71400.0,0.0,City Parcel Master,2022-01-01,2022
90-60,2020,71400.0,71400.0,0.0,NHDRA,2020-01-01,2020
91-1,2022,276900.0,78900.0,197300.0,City Parcel Master,2022-01-01,2022
91-1,2020,276900.0,78900.0,197300.0,NHDRA,2020-01-01,2020
91-2,2022,252200.0,66800.0,185400.0,City Parcel Master,2022-01-01,2022
91-2,2020,258600.0,66800.0,191800.0,NHDRA,2020-01-01,2020
91-3,2022,268300.0,68800.0,199500.0,City Parcel Master,2022-01-01,2022
91-3,2020,282400.0,68800.0,213600.0,NHDRA,2020-01-01,2020
91-4,2022,292300.0,70900.0,214300.0,City Parcel Master,2022-01-01,2022
91-4,2020,290400.0,70800.0,214300.0,NHDRA,2020-01-01,2020
91-5,2022,321900.0,67300.0,254600.0,City Parcel Master,2022-01-01,2022
91-5,2020,321900.0,67300.0,254600.0,NHDRA,2020-01-01,2020
91-6,2022,275900.0,97100.0,166900.0,City Parcel Master,2022-01-01,2022
91-6,2020,275800.0,97000.0,166900.0,NHDRA,2020-01-01,2020
91-7,2022,296700.0,92100.0,190700.0,City Parcel Master,2022-01-01,2022
91-7,2020,310100.0,92100.0,204100.0,NHDRA,2020-01-01,2020
91-8,2022,307200.0,96100.0,210600.0,City Parcel Master,2022-01-01,2022
91-8,2020,307100.0,96000.0,210600.0,NHDRA,2020-01-01,2020
91-9,2022,305000.0,97100.0,198400.0,City Parcel Master,2022-01-01,2022
91-9,2020,304900.0,97000.0,198400.0,NHDRA,2020-01-01,2020
91-10,2022,244400.0,99100.0,144800.0,City Parcel Master,2022-01-01,2022
91-10,2020,252900.0,99000.0,153400.0,NHDRA,2020-01-01,2020
91-11,2022,211200.0,85500.0,125300.0,City Parcel Master,2022-01-01,2022
91-11,2020,211200.0,85500.0,125300.0,NHDRA,2020-01-01,2020
91-12,2022,223000.0,85500.0,129500.0,City Parcel Master,2022-01-01,2022
91-12,2020,223000.0,85500.0,129500.0,NHDRA,2020-01-01,2020
91-13,2022,415100.0,100100.0,303600.0,City Parcel Master,2022-01-01,2022
91-13,2020,415100.0,100100.0,303600.0,NHDRA,2020-01-01,2020
91-14,2022,393800.0,95100.0,298700.0,City Parcel Master,2022-01-01,2022
91-14,2020,393800.0,95100.0,298700.0,NHDRA,2020-01-01,2020
91-15,2022,289600.0,100100.0,189000.0,City Parcel Master,2022-01-01,2022
91-15,2020,289700.0,100100.0,189100.0,NHDRA,2020-01-01,2020
91-16,2022,349700.0,102100.0,247600.0,City Parcel Master,2022-01-01,2022
91-16,2020,344900.0,102000.0,242900.0,NHDRA,2020-01-01,2020
91-17,2022,278200.0,105000.0,166500.0,City Parcel Master,2022-01-01,2022
91-17,2020,266200.0,105000.0,154900.0,NHDRA,2020-01-01,2020
91-18,2022,262400.0,90100.0,171000.0,City Parcel Master,2022-01-01,2022
91-18,2020,262500.0,90200.0,171000.0,NHDRA,2020-01-01,2020
91-19,2022,209200.0,91400.0,117000.0,City Parcel Master,2022-01-01,2022
91-19,2020,209200.0,91400.0,117000.0,NHDRA,2020-01-01,2020
91-20,2022,258800.0,89400.0,169400.0,City Parcel Master,2022-01-01,2022
91-20,2020,245100.0,89400.0,155700.0,NHDRA,2020-01-01,2020
91-21,2022,436000.0,91400.0,343200.0,City Parcel Master,2022-01-01,2022
91-21,2020,436000.0,91400.0,343200.0,NHDRA,2020-01-01,2020
91-22,2022,374600.0,102100.0,272000.0,City Parcel Master,2022-01-01,2022
91-22,2020,376400.0,102000.0,273900.0,NHDRA,2020-01-01,2020
91-23,2022,352800.0,109700.0,243100.0,City Parcel Master,2022-01-01,2022
91-23,2020,352900.0,109800.0,243100.0,NHDRA,2020-01-01,2020
91-24,2022,308100.0,104500.0,199000.0,City Parcel Master,2022-01-01,2022
91-24,2020,308000.0,104400.0,199000.0,NHDRA,2020-01-01,2020
91-25,2022,285600.0,89400.0,181700.0,City Parcel Master,2022-01-01,2022
91-25,2020,255700.0,89400.0,159200.0,NHDRA,2020-01-01,2020
91-26,2022,501200.0,115000.0,381400.0,City Parcel Master,2022-01-01,2022
91-26,2020,501200.0,115000.0,381400.0,NHDRA,2020-01-01,2020
91-27,2022,544700.0,118800.0,425100.0,City Parcel Master,2022-01-01,2022
91-27,2020,551200.0,118900.0,431500.0,NHDRA,2020-01-01,2020
91-28,2022,340100.0,114400.0,225700.0,City Parcel Master,2022-01-01,2022
91-28,2020,353800.0,114300.0,239500.0,NHDRA,2020-01-01,2020
91-29,2022,229000.0,91400.0,137200.0,City Parcel Master,2022-01-01,2022
91-29,2020,229000.0,91400.0,137200.0,NHDRA,2020-01-01,2020
91-30,2022,237600.0,98100.0,132400.0,City Parcel Master,2022-01-01,2022
91-30,2020,237500.0,98000.0,132400.0,NHDRA,2020-01-01,2020
91-31,2022,353300.0,88100.0,256400.0,City Parcel Master,2022-01-01,2022
91-31,2020,353300.0,88100.0,256400.0,NHDRA,2020-01-01,2020
91-32,2022,265300.0,88100.0,166300.0,City Parcel Master,2022-01-01,2022
91-32,2020,255500.0,88100.0,156500.0,NHDRA,2020-01-01,2020
91-33,2022,349900.0,88100.0,252400.0,City Parcel Master,2022-01-01,2022
91-33,2020,331600.0,88100.0,234100.0,NHDRA,2020-01-01,2020
91-34,2022,366700.0,95100.0,271100.0,City Parcel Master,2022-01-01,2022
91-34,2020,361000.0,95100.0,265400.0,NHDRA,2020-01-01,2020
91-35,2022,277700.0,95100.0,182100.0,City Parcel Master,2022-01-01,2022
91-35,2020,277700.0,95100.0,182100.0,NHDRA,2020-01-01,2020
91-36,2022,282000.0,92100.0,189900.0,City Parcel Master,2022-01-01,2022
91-36,2020,282000.0,92100.0,189900.0,NHDRA,2020-01-01,2020
91-37,2022,406900.0,103900.0,286800.0,City Parcel Master,2022-01-01,2022
91-37,2020,384200.0,103900.0,280000.0,NHDRA,2020-01-01,2020
91-38,2022,413200.0,90100.0,323100.0,City Parcel Master,2022-01-01,2022
91-38,2020,398200.0,90200.0,308000.0,NHDRA,2020-01-01,2020
91-39,2022,328500.0,103100.0,225400.0,City Parcel Master,2022-01-01,2022
91-39,2020,328600.0,103200.0,225400.0,NHDRA,2020-01-01,2020
91-40,2022,254900.0,88100.0,166800.0,City Parcel Master,2022-01-01,2022
91-40,2020,254900.0,88100.0,166800.0,NHDRA,2020-01-01,2020
91-41,2022,310000.0,90100.0,219900.0,City Parcel Master,2022-01-01,2022
91-41,2020,322000.0,90200.0,231800.0,NHDRA,2020-01-01,2020
91-42,2022,250000.0,93100.0,152900.0,City Parcel Master,2022-01-01,2022
91-42,2020,250000.0,93100.0,152900.0,NHDRA,2020-01-01,2020
91-43,2022,276100.0,88800.0,186600.0,City Parcel Master,2022-01-01,2022
91-43,2020,276100.0,88800.0,186600.0,NHDRA,2020-01-01,2020
91-44,2022,333900.0,107400.0,226000.0,City Parcel Master,2022-01-01,2022
91-44,2020,334000.0,107500.0,226000.0,NHDRA,2020-01-01,2020
91-45,2022,314700.0,101100.0,213600.0,City Parcel Master,2022-01-01,2022
91-45,2020,314700.0,101100.0,213600.0,NHDRA,2020-01-01,2020
91-45-100,2022,398800.0,95100.0,303400.0,City Parcel Master,2022-01-01,2022
91-45-100,2020,398800.0,95100.0,303400.0,NHDRA,2020-01-01,2020
91-46,2022,369600.0,92100.0,256300.0,City Parcel Master,2022-01-01,2022
91-46,2020,358200.0,92100.0,265600.0,NHDRA,2020-01-01,2020
91-47,2022,337400.0,96400.0,241000.0,City Parcel Master,2022-01-01,2022
91-47,2020,346200.0,96400.0,249800.0,NHDRA,2020-01-01,2020
91-48,2022,344900.0,99100.0,245800.0,City Parcel Master,2022-01-01,2022
91-48,2020,344800.0,99000.0,245800.0,NHDRA,2020-01-01,2020
91-49,2022,336800.0,99100.0,237100.0,City Parcel Master,2022-01-01,2022
91-49,2020,336700.0,99000.0,237100.0,NHDRA,2020-01-01,2020
91-50,2022,246700.0,81200.0,165500.0,City Parcel Master,2022-01-01,2022
91-50,2020,246700.0,81200.0,165500.0,NHDRA,2020-01-01,2020
91-51,2022,352600.0,105600.0,247000.0,City Parcel Master,2022-01-01,2022
91-51,2020,352700.0,105700.0,247000.0,NHDRA,2020-01-01,2020
91-52,2022,301000.0,104500.0,195900.0,City Parcel Master,2022-01-01,2022
91-52,2020,300900.0,104400.0,195900.0,NHDRA,2020-01-01,2020
91-53,2022,63300.0,63300.0,0.0,City Parcel Master,2022-01-01,2022
91-53,2020,63300.0,63300.0,0.0,NHDRA,2020-01-01,2020
91-54,2022,299700.0,102100.0,197000.0,City Parcel Master,2022-01-01,2022
91-54,2020,299600.0,102000.0,197000.0,NHDRA,2020-01-01,2020
91-55,2022,277200.0,91400.0,185800.0,City Parcel Master,2022-01-01,2022
91-55,2020,277200.0,91400.0,185800.0,NHDRA,2020-01-01,2020
91-56,2022,274700.0,87500.0,178700.0,City Parcel Master,2022-01-01,2022
91-56,2020,274600.0,87400.0,178700.0,NHDRA,2020-01-01,2020
91-57,2022,207800.0,87500.0,105600.0,City Parcel Master,2022-01-01,2022
91-57,2020,207700.0,87400.0,105600.0,NHDRA,2020-01-01,2020
91-58,2022,270400.0,84800.0,185300.0,City Parcel Master,2022-01-01,2022
91-58,2020,270500.0,84900.0,185300.0,NHDRA,2020-01-01,2020
91-59,2022,148600.0,84800.0,63800.0,City Parcel Master,2022-01-01,2022
91-59,2020,148700.0,84900.0,63800.0,NHDRA,2020-01-01,2020
91-60,2022,258100.0,85500.0,167500.0,City Parcel Master,2022-01-01,2022
91-60,2020,258100.0,85500.0,167500.0,NHDRA,2020-01-01,2020
91-61,2022,243600.0,84800.0,158800.0,City Parcel Master,2022-01-01,2022
91-61,2020,243700.0,84900.0,158800.0,NHDRA,2020-01-01,2020
91-62,2022,426000.0,87500.0,338500.0,City Parcel Master,2022-01-01,2022
91-62,2020,381100.0,87400.0,293700.0,NHDRA,2020-01-01,2020
91-63,2022,318700.0,98100.0,214300.0,City Parcel Master,2022-01-01,2022
91-63,2020,318600.0,98000.0,214300.0,NHDRA,2020-01-01,2020
91-64,2022,292900.0,83200.0,209700.0,City Parcel Master,2022-01-01,2022
91-64,2020,292900.0,83200.0,209700.0,NHDRA,2020-01-01,2020
91-65,2022,325400.0,87500.0,237900.0,City Parcel Master,2022-01-01,2022
91-65,2020,325300.0,87400.0,237900.0,NHDRA,2020-01-01,2020
91-66,2022,224200.0,88800.0,134900.0,City Parcel Master,2022-01-01,2022
91-66,2020,224200.0,88800.0,134900.0,NHDRA,2020-01-01,2020
91-67,2022,309800.0,84800.0,223700.0,City Parcel Master,2022-01-01,2022
91-67,2020,309900.0,84900.0,223700.0,NHDRA,2020-01-01,2020
91-68,2022,359600.0,86200.0,273400.0,City Parcel Master,2022-01-01,2022
91-68,2020,327200.0,86200.0,241000.0,NHDRA,2020-01-01,2020
91-69,2022,274700.0,87500.0,187200.0,City Parcel Master,2022-01-01,2022
91-69,2020,285800.0,87400.0,198400.0,NHDRA,2020-01-01,2020
91-70,2022,243400.0,85500.0,157900.0,City Parcel Master,2022-01-01,2022
91-70,2020,243400.0,85500.0,157900.0,NHDRA,2020-01-01,2020
91-71,2022,331300.0,84800.0,246500.0,City Parcel Master,2022-01-01,2022
91-71,2020,331400.0,84900.0,246500.0,NHDRA,2020-01-01,2020
91-72,2022,427600.0,99100.0,328500.0,City Parcel Master,2022-01-01,2022
91-72,2020,430800.0,99200.0,331600.0,NHDRA,2020-01-01,2020
91-73,2022,185200.0,73400.0,111800.0,City Parcel Master,2022-01-01,2022
91-73,2020,185200.0,73400.0,111800.0,NHDRA,2020-01-01,2020
91-74,2022,509400.0,84100.0,419700.0,City Parcel Master,2022-01-01,2022
91-74,2020,469100.0,84100.0,379400.0,NHDRA,2020-01-01,2020
91-75,2022,348300.0,84100.0,264200.0,City Parcel Master,2022-01-01,2022
91-75,2020,348300.0,84100.0,264200.0,NHDRA,2020-01-01,2020
91-76,2022,235100.0,84800.0,148600.0,City Parcel Master,2022-01-01,2022
91-76,2020,235200.0,84900.0,148600.0,NHDRA,2020-01-01,2020
91-77,2022,440000.0,97100.0,342900.0,City Parcel Master,2022-01-01,2022
91-77,2020,439900.0,97000.0,342900.0,NHDRA,2020-01-01,2020
91-78,2022,285100.0,85500.0,199600.0,City Parcel Master,2022-01-01,2022
91-78,2020,285100.0,85500.0,199600.0,NHDRA,2020-01-01,2020
91-79,2022,358700.0,87500.0,271200.0,City Parcel Master,2022-01-01,2022
91-79,2020,358600.0,87400.0,271200.0,NHDRA,2020-01-01,2020
91-80,2022,264000.0,92400.0,171200.0,City Parcel Master,2022-01-01,2022
91-80,2020,263700.0,92300.0,171000.0,NHDRA,2020-01-01,2020
91-80-1,2022,445000.0,87500.0,348000.0,City Parcel Master,2022-01-01,2022
91-80-1,2020,445000.0,87500.0,348000.0,NHDRA,2020-01-01,2020
91-81,2022,339900.0,109000.0,230900.0,City Parcel Master,2022-01-01,2022
91-81,2020,365500.0,108900.0,256600.0,NHDRA,2020-01-01,2020
91-82,2022,365100.0,96100.0,259500.0,City Parcel Master,2022-01-01,2022
91-82,2020,251800.0,96000.0,155800.0,NHDRA,2020-01-01,2020
91-83,2022,331900.0,100900.0,230500.0,City Parcel Master,2022-01-01,2022
91-83,2020,335700.0,100900.0,234300.0,NHDRA,2020-01-01,2020
91-84,2022,304400.0,94100.0,205900.0,City Parcel Master,2022-01-01,2022
91-84,2020,304400.0,94100.0,205900.0,NHDRA,2020-01-01,2020
91-85,2022,248400.0,98100.0,150000.0,City Parcel Master,2022-01-01,2022
91-85,2020,245000.0,98000.0,146700.0,NHDRA,2020-01-01,2020
91-86,2022,239300.0,97100.0,142200.0,City Parcel Master,2022-01-01,2022
91-86,2020,239200.0,97000.0,142200.0,NHDRA,2020-01-01,2020
91-87,2022,490900.0,98100.0,392800.0,City Parcel Master,2022-01-01,2022
91-87,2020,496700.0,98000.0,398700.0,NHDRA,2020-01-01,2020
91-88,2022,238100.0,82300.0,155800.0,City Parcel Master,2022-01-01,2022
91-88,2020,240900.0,82300.0,158600.0,NHDRA,2020-01-01,2020
91-89,2022,271800.0,90100.0,180400.0,City Parcel Master,2022-01-01,2022
91-89,2020,271900.0,90200.0,180400.0,NHDRA,2020-01-01,2020
91-90,2022,255200.0,88800.0,159700.0,City Parcel Master,2022-01-01,2022
91-90,2020,255200.0,88800.0,159700.0,NHDRA,2020-01-01,2020
91-91,2022,210200.0,88800.0,115700.0,City Parcel Master,2022-01-01,2022
91-91,2020,210200.0,88800.0,115700.0,NHDRA,2020-01-01,2020
91-92,2022,292000.0,85500.0,201600.0,City Parcel Master,2022-01-01,2022
91-92,2020,292600.0,85500.0,202200.0,NHDRA,2020-01-01,2020
91-93,2022,228800.0,89400.0,139400.0,City Parcel Master,2022-01-01,2022
91-93,2020,228800.0,89400.0,139400.0,NHDRA,2020-01-01,2020
91-94,2022,291600.0,95100.0,189400.0,City Parcel Master,2022-01-01,2022
91-94,2020,291600.0,95100.0,189400.0,NHDRA,2020-01-01,2020
91-95,2022,244200.0,109700.0,124100.0,City Parcel Master,2022-01-01,2022
91-95,2020,244300.0,109800.0,124100.0,NHDRA,2020-01-01,2020
91-96,2022,338000.0,89400.0,247700.0,City Parcel Master,2022-01-01,2022
91-96,2020,338000.0,89400.0,247700.0,NHDRA,2020-01-01,2020
91-97,2022,252000.0,84100.0,167100.0,City Parcel Master,2022-01-01,2022
91-97,2020,252000.0,84100.0,167100.0,NHDRA,2020-01-01,2020
91-98,2022,268900.0,67400.0,201100.0,City Parcel Master,2022-01-01,2022
91-98,2020,268900.0,67400.0,201100.0,NHDRA,2020-01-01,2020
91-99,2022,383200.0,112700.0,253000.0,City Parcel Master,2022-01-01,2022
91-99,2020,369400.0,112700.0,248500.0,NHDRA,2020-01-01,2020
91-100,2022,421400.0,97100.0,312800.0,City Parcel Master,2022-01-01,2022
91-100,2020,304000.0,97000.0,195500.0,NHDRA,2020-01-01,2020
91-101,2022,358600.0,93100.0,265500.0,City Parcel Master,2022-01-01,2022
91-101,2020,383100.0,93100.0,290000.0,NHDRA,2020-01-01,2020
91-102,2022,351900.0,89400.0,262500.0,City Parcel Master,2022-01-01,2022
91-102,2020,351900.0,89400.0,262500.0,NHDRA,2020-01-01,2020
91-103,2022,218800.0,90800.0,122000.0,City Parcel Master,2022-01-01,2022
91-103,2020,218700.0,90700.0,122000.0,NHDRA,2020-01-01,2020
91-104,2022,272200.0,89400.0,182200.0,City Parcel Master,2022-01-01,2022
91-104,2020,272200.0,89400.0,182200.0,NHDRA,2020-01-01,2020
91-105,2022,102100.0,88800.0,0.0,City Parcel Master,2022-01-01,2022
91-105,2020,102100.0,88800.0,0.0,NHDRA,2020-01-01,2020
91-106,2022,306100.0,98100.0,208000.0,City Parcel Master,2022-01-01,2022
91-106,2020,306000.0,98000.0,208000.0,NHDRA,2020-01-01,2020
91-107,2022,320900.0,89400.0,212600.0,City Parcel Master,2022-01-01,2022
91-107,2020,307600.0,89400.0,212600.0,NHDRA,2020-01-01,2020
91-108,2022,210700.0,63900.0,139400.0,City Parcel Master,2022-01-01,2022
91-108,2020,210700.0,63900.0,139400.0,NHDRA,2020-01-01,2020
91-109,2022,477500.0,75000.0,402500.0,City Parcel Master,2022-01-01,2022
91-109,2020,437000.0,75000.0,362000.0,NHDRA,2020-01-01,2020
91-110,2022,369200.0,67400.0,293800.0,City Parcel Master,2022-01-01,2022
91-110,2020,369200.0,67400.0,293800.0,NHDRA,2020-01-01,2020
91-111,2022,333400.0,72400.0,259800.0,City Parcel Master,2022-01-01,2022
91-111,2020,333400.0,72400.0,259800.0,NHDRA,2020-01-01,2020
91-112,2022,332100.0,73900.0,257800.0,City Parcel Master,2022-01-01,2022
91-112,2020,332100.0,73900.0,257800.0,NHDRA,2020-01-01,2020
91-113,2022,375000.0,68800.0,302100.0,City Parcel Master,2022-01-01,2022
91-113,2020,402800.0,68800.0,329900.0,NHDRA,2020-01-01,2020
91-114,2022,229700.0,78700.0,151000.0,City Parcel Master,2022-01-01,2022
91-114,2020,229500.0,78700.0,150800.0,NHDRA,2020-01-01,2020
91-115,2022,331300.0,96100.0,235200.0,City Parcel Master,2022-01-01,2022
91-115,2020,331200.0,96000.0,235200.0,NHDRA,2020-01-01,2020
91-116,2022,314600.0,81700.0,227500.0,City Parcel Master,2022-01-01,2022
91-116,2020,314600.0,81700.0,227500.0,NHDRA,2020-01-01,2020
91-117,2022,282600.0,85500.0,197100.0,City Parcel Master,2022-01-01,2022
91-117,2020,282600.0,85500.0,197100.0,NHDRA,2020-01-01,2020
91-118,2022,346700.0,93100.0,235000.0,City Parcel Master,2022-01-01,2022
91-118,2020,346700.0,93100.0,235000.0,NHDRA,2020-01-01,2020
91-119,2022,390000.0,90400.0,299600.0,City Parcel Master,2022-01-01,2022
91-119,2020,390100.0,90500.0,299600.0,NHDRA,2020-01-01,2020
91-120,2022,292900.0,66800.0,220400.0,City Parcel Master,2022-01-01,2022
91-120,2020,308400.0,66800.0,235900.0,NHDRA,2020-01-01,2020
91-121,2022,310700.0,66800.0,227300.0,City Parcel Master,2022-01-01,2022
91-121,2020,307100.0,66800.0,233300.0,NHDRA,2020-01-01,2020
91-122,2022,334400.0,87500.0,246900.0,City Parcel Master,2022-01-01,2022
91-122,2020,334300.0,87400.0,246900.0,NHDRA,2020-01-01,2020
91-123,2022,281000.0,85500.0,187400.0,City Parcel Master,2022-01-01,2022
91-123,2020,294200.0,85500.0,200600.0,NHDRA,2020-01-01,2020
91-124,2022,300400.0,84800.0,215600.0,City Parcel Master,2022-01-01,2022
91-124,2020,300500.0,84900.0,215600.0,NHDRA,2020-01-01,2020
91-125,2022,282200.0,87500.0,194100.0,City Parcel Master,2022-01-01,2022
91-125,2020,295700.0,87400.0,207800.0,NHDRA,2020-01-01,2020
91-126,2022,257800.0,87500.0,170300.0,City Parcel Master,2022-01-01,2022
91-126,2020,257700.0,87400.0,170300.0,NHDRA,2020-01-01,2020
91-127,2022,274800.0,99100.0,156300.0,City Parcel Master,2022-01-01,2022
91-127,2020,274700.0,99000.0,156300.0,NHDRA,2020-01-01,2020
91-128,2022,598400.0,71200.0,524400.0,City Parcel Master,2022-01-01,2022
91-128,2020,671300.0,80900.0,587600.0,NHDRA,2020-01-01,2020
91-129,2022,308000.0,90300.0,195100.0,City Parcel Master,2022-01-01,2022
91-129,2020,308000.0,90300.0,195100.0,NHDRA,2020-01-01,2020
91-130,2022,347300.0,105500.0,241800.0,City Parcel Master,2022-01-01,2022
91-130,2020,347400.0,105600.0,241800.0,NHDRA,2020-01-01,2020
91-131,2022,515300.0,98100.0,417200.0,City Parcel Master,2022-01-01,2022
91-131,2020,473900.0,98000.0,375900.0,NHDRA,2020-01-01,2020
91-132,2022,305800.0,104600.0,201200.0,City Parcel Master,2022-01-01,2022
91-132,2020,270200.0,104600.0,165600.0,NHDRA,2020-01-01,2020
91-133,2022,1025200.0,197600.0,827600.0,City Parcel Master,2022-01-01,2022
91-133,2020,1025200.0,197600.0,827600.0,NHDRA,2020-01-01,2020
91-134,2022,289500.0,69300.0,219400.0,City Parcel Master,2022-01-01,2022
91-134,2020,285600.0,69300.0,215500.0,NHDRA,2020-01-01,2020
91-135,2022,300400.0,82400.0,201500.0,City Parcel Master,2022-01-01,2022
91-135,2020,300400.0,82400.0,201500.0,NHDRA,2020-01-01,2020
91-136,2022,224200.0,72600.0,151600.0,City Parcel Master,2022-01-01,2022
91-136,2020,224200.0,72600.0,151600.0,NHDRA,2020-01-01,2020
91-137,2022,278200.0,74900.0,203300.0,City Parcel Master,2022-01-01,2022
91-137,2020,221200.0,74900.0,146300.0,NHDRA,2020-01-01,2020
91-138,2022,280400.0,74200.0,206200.0,City Parcel Master,2022-01-01,2022
91-138,2020,280400.0,74200.0,206200.0,NHDRA,2020-01-01,2020
91-139-101,2022,133400.0,0.0,133400.0,City Parcel Master,2022-01-01,2022
91-139-101,2020,133400.0,0.0,133400.0,NHDRA,2020-01-01,2020
91-139-201,2022,116700.0,0.0,116700.0,City Parcel Master,2022-01-01,2022
91-139-201,2020,116700.0,0.0,116700.0,NHDRA,2020-01-01,2020
91-139-301,2022,113400.0,0.0,113400.0,City Parcel Master,2022-01-01,2022
91-139-301,2020,113400.0,0.0,113400.0,NHDRA,2020-01-01,2020
91-139-401,2022,116200.0,0.0,116200.0,City Parcel Master,2022-01-01,2022
91-139-401,2020,115900.0,0.0,115900.0,NHDRA,2020-01-01,2020
91-140,2022,207000.0,87500.0,116900.0,City Parcel Master,2022-01-01,2022
91-140,2020,206900.0,87400.0,116900.0,NHDRA,2020-01-01,2020
91-141,2022,281200.0,84100.0,197100.0,City Parcel Master,2022-01-01,2022
91-141,2020,280300.0,84100.0,196200.0,NHDRA,2020-01-01,2020
91-142,2022,299200.0,91300.0,207900.0,City Parcel Master,2022-01-01,2022
91-142,2020,299100.0,91200.0,207900.0,NHDRA,2020-01-01,2020
91-143,2022,228800.0,86500.0,142300.0,City Parcel Master,2022-01-01,2022
91-143,2020,228700.0,86400.0,142300.0,NHDRA,2020-01-01,2020
91-144,2022,293600.0,91400.0,202200.0,City Parcel Master,2022-01-01,2022
91-144,2020,293600.0,91400.0,202200.0,NHDRA,2020-01-01,2020
91-145,2022,248800.0,87500.0,154100.0,City Parcel Master,2022-01-01,2022
91-145,2020,248700.0,87400.0,154100.0,NHDRA,2020-01-01,2020
91-146,2022,249800.0,86200.0,163600.0,City Parcel Master,2022-01-01,2022
91-146,2020,249800.0,86200.0,163600.0,NHDRA,2020-01-01,2020
91-147,2022,345600.0,86800.0,256400.0,City Parcel Master,2022-01-01,2022
91-147,2020,317200.0,86800.0,228000.0,NHDRA,2020-01-01,2020
91-148,2022,237500.0,80700.0,156800.0,City Parcel Master,2022-01-01,2022
91-148,2020,237500.0,80700.0,156800.0,NHDRA,2020-01-01,2020
91-149,2022,297900.0,80700.0,214600.0,City Parcel Master,2022-01-01,2022
91-149,2020,297900.0,80700.0,214600.0,NHDRA,2020-01-01,2020
91-150,2022,277300.0,80700.0,196600.0,City Parcel Master,2022-01-01,2022
91-150,2020,277300.0,80700.0,196600.0,NHDRA,2020-01-01,2020
91-151,2022,230500.0,80700.0,149800.0,City Parcel Master,2022-01-01,2022
91-151,2020,230500.0,80700.0,149800.0,NHDRA,2020-01-01,2020
91-154,2022,188100.0,188100.0,0.0,City Parcel Master,2022-01-01,2022
91-154,2020,188100.0,188100.0,0.0,NHDRA,2020-01-01,2020
91-155,2022,106400.0,83200.0,0.0,City Parcel Master,2022-01-01,2022
91-155,2020,106400.0,83200.0,0.0,NHDRA,2020-01-01,2020
91-156,2022,276200.0,83200.0,189300.0,City Parcel Master,2022-01-01,2022
91-156,2020,276200.0,83200.0,189300.0,NHDRA,2020-01-01,2020
91-157,2022,314800.0,88100.0,226700.0,City Parcel Master,2022-01-01,2022
91-157,2020,314800.0,88100.0,226700.0,NHDRA,2020-01-01,2020
91-158,2022,68800.0,41200.0,27600.0,City Parcel Master,2022-01-01,2022
91-158,2020,102300.0,65900.0,36400.0,NHDRA,2020-01-01,2020
91-159,2022,264600.0,84800.0,177200.0,City Parcel Master,2022-01-01,2022
91-159,2020,277100.0,84900.0,183300.0,NHDRA,2020-01-01,2020
91-160,2022,192400.0,84800.0,107600.0,City Parcel Master,2022-01-01,2022
91-160,2020,192500.0,84900.0,107600.0,NHDRA,2020-01-01,2020
91-161,2022,306400.0,90800.0,213700.0,City Parcel Master,2022-01-01,2022
91-161,2020,313500.0,90700.0,220900.0,NHDRA,2020-01-01,2020
91-162,2022,277400.0,89400.0,187500.0,City Parcel Master,2022-01-01,2022
91-162,2020,277300.0,89400.0,187500.0,NHDRA,2020-01-01,2020
91-163,2022,267800.0,99100.0,168700.0,City Parcel Master,2022-01-01,2022
91-163,2020,267900.0,99000.0,168900.0,NHDRA,2020-01-01,2020
91-164,2022,326700.0,85500.0,235200.0,City Parcel Master,2022-01-01,2022
91-164,2020,343300.0,85500.0,251800.0,NHDRA,2020-01-01,2020
91-165,2022,386900.0,91400.0,295500.0,City Parcel Master,2022-01-01,2022
91-165,2020,358000.0,91400.0,266600.0,NHDRA,2020-01-01,2020
91-166,2022,530800.0,88800.0,433500.0,City Parcel Master,2022-01-01,2022
91-166,2020,321000.0,88800.0,223700.0,NHDRA,2020-01-01,2020
91-167,2022,335500.0,105600.0,229900.0,City Parcel Master,2022-01-01,2022
91-167,2020,335600.0,105700.0,229900.0,NHDRA,2020-01-01,2020
91-168,2022,363800.0,94100.0,269300.0,City Parcel Master,2022-01-01,2022
91-168,2020,363800.0,94100.0,269300.0,NHDRA,2020-01-01,2020
91-170,2022,336100.0,97100.0,237000.0,City Parcel Master,2022-01-01,2022
91-170,2020,330500.0,97000.0,233000.0,NHDRA,2020-01-01,2020
91-171,2022,291600.0,98100.0,186400.0,City Parcel Master,2022-01-01,2022
91-171,2020,291500.0,98000.0,186400.0,NHDRA,2020-01-01,2020
91-172,2022,309400.0,86800.0,213700.0,City Parcel Master,2022-01-01,2022
91-172,2020,309400.0,86800.0,213700.0,NHDRA,2020-01-01,2020
91-173,2022,331300.0,87500.0,235700.0,City Parcel Master,2022-01-01,2022
91-173,2020,331200.0,87400.0,235700.0,NHDRA,2020-01-01,2020
91-174,2022,299000.0,88800.0,210200.0,City Parcel Master,2022-01-01,2022
91-174,2020,299000.0,88800.0,210200.0,NHDRA,2020-01-01,2020
91-175,2022,317900.0,92100.0,225800.0,City Parcel Master,2022-01-01,2022
91-175,2020,317900.0,92100.0,225800.0,NHDRA,2020-01-01,2020
91-176,2022,531200.0,342500.0,188200.0,City Parcel Master,2022-01-01,2022
91-176,2020,531300.0,342600.0,188200.0,NHDRA,2020-01-01,2020
91-177,2022,2987900.0,469200.0,2497700.0,City Parcel Master,2022-01-01,2022
91-177,2020,2744600.0,469200.0,2254400.0,NHDRA,2020-01-01,2020
91-178,2022,351500.0,87500.0,260300.0,City Parcel Master,2022-01-01,2022
91-178,2020,347600.0,87400.0,256500.0,NHDRA,2020-01-01,2020
91-179,2022,244200.0,93100.0,146700.0,City Parcel Master,2022-01-01,2022
91-179,2020,242200.0,93100.0,144700.0,NHDRA,2020-01-01,2020
91-181,2022,380200.0,105600.0,274600.0,City Parcel Master,2022-01-01,2022
91-181,2020,374400.0,105700.0,268700.0,NHDRA,2020-01-01,2020
91-182,2022,330300.0,88800.0,241500.0,City Parcel Master,2022-01-01,2022
91-182,2020,330300.0,88800.0,241500.0,NHDRA,2020-01-01,2020
91-183,2022,370400.0,88800.0,281600.0,City Parcel Master,2022-01-01,2022
91-183,2020,370400.0,88800.0,281600.0,NHDRA,2020-01-01,2020
91-184,2022,300200.0,88800.0,201600.0,City Parcel Master,2022-01-01,2022
91-184,2020,300200.0,88800.0,201600.0,NHDRA,2020-01-01,2020
91-185,2022,318700.0,88100.0,215300.0,City Parcel Master,2022-01-01,2022
91-185,2020,330300.0,88100.0,226900.0,NHDRA,2020-01-01,2020
91-186,2022,371000.0,88100.0,282500.0,City Parcel Master,2022-01-01,2022
91-186,2020,376500.0,88100.0,288000.0,NHDRA,2020-01-01,2020
91-187,2022,328900.0,88100.0,229800.0,City Parcel Master,2022-01-01,2022
91-187,2020,328900.0,88100.0,229800.0,NHDRA,2020-01-01,2020
91-188,2022,292900.0,94100.0,198800.0,City Parcel Master,2022-01-01,2022
91-188,2020,292900.0,94100.0,198800.0,NHDRA,2020-01-01,2020
91-189,2022,313200.0,83800.0,229400.0,City Parcel Master,2022-01-01,2022
91-189,2020,313200.0,83800.0,229400.0,NHDRA,2020-01-01,2020
91-190,2022,308400.0,88100.0,208500.0,City Parcel Master,2022-01-01,2022
91-190,2020,308400.0,88100.0,208500.0,NHDRA,2020-01-01,2020
91-191,2022,331800.0,88100.0,243700.0,City Parcel Master,2022-01-01,2022
91-191,2020,331800.0,88100.0,243700.0,NHDRA,2020-01-01,2020
91-192,2022,370300.0,86200.0,284100.0,City Parcel Master,2022-01-01,2022
91-192,2020,370300.0,86200.0,284100.0,NHDRA,2020-01-01,2020
91-193,2022,404000.0,81700.0,322000.0,City Parcel Master,2022-01-01,2022
91-193,2020,404000.0,81700.0,322000.0,NHDRA,2020-01-01,2020
91-194,2022,664900.0,236600.0,428300.0,City Parcel Master,2022-01-01,2022
91-194,2020,664900.0,236600.0,428300.0,NHDRA,2020-01-01,2020
91-195,2022,403300.0,100900.0,302400.0,City Parcel Master,2022-01-01,2022
91-195,2020,403300.0,100900.0,302400.0,NHDRA,2020-01-01,2020
91-196,2022,111100.0,111100.0,0.0,City Parcel Master,2022-01-01,2022
91-196,2020,111100.0,111100.0,0.0,NHDRA,2020-01-01,2020
91-197,2022,426400.0,220500.0,201200.0,City Parcel Master,2022-01-01,2022
91-197,2020,426400.0,220500.0,201200.0,NHDRA,2020-01-01,2020
91-198,2022,334700.0,112000.0,212200.0,City Parcel Master,2022-01-01,2022
91-198,2020,334700.0,112000.0,212200.0,NHDRA,2020-01-01,2020
91-199,2022,268900.0,97000.0,171900.0,City Parcel Master,2022-01-01,2022
91-199,2020,268900.0,97000.0,171900.0,NHDRA,2020-01-01,2020
91-200,2022,397300.0,124600.0,272700.0,City Parcel Master,2022-01-01,2022
91-200,2020,397200.0,124500.0,272700.0,NHDRA,2020-01-01,2020
91-201,2022,337200.0,89400.0,247800.0,City Parcel Master,2022-01-01,2022
91-201,2020,333300.0,89400.0,243900.0,NHDRA,2020-01-01,2020
91-202,2022,244000.0,80700.0,163000.0,City Parcel Master,2022-01-01,2022
91-202,2020,244000.0,80700.0,163000.0,NHDRA,2020-01-01,2020
91-203,2022,267600.0,82400.0,185200.0,City Parcel Master,2022-01-01,2022
91-203,2020,267600.0,82400.0,185200.0,NHDRA,2020-01-01,2020
91-204,2022,244200.0,88100.0,156100.0,City Parcel Master,2022-01-01,2022
91-204,2020,244200.0,88100.0,156100.0,NHDRA,2020-01-01,2020
91-205,2022,334600.0,88100.0,245600.0,City Parcel Master,2022-01-01,2022
91-205,2020,334600.0,88100.0,245600.0,NHDRA,2020-01-01,2020
91-206,2022,320900.0,88100.0,223900.0,City Parcel Master,2022-01-01,2022
91-206,2020,320900.0,88100.0,223900.0,NHDRA,2020-01-01,2020
91-207,2022,213400.0,62400.0,150800.0,City Parcel Master,2022-01-01,2022
91-207,2020,210300.0,62400.0,147700.0,NHDRA,2020-01-01,2020
91-208,2022,265700.0,84800.0,180900.0,City Parcel Master,2022-01-01,2022
91-208,2020,270400.0,84900.0,185500.0,NHDRA,2020-01-01,2020
91-209,2022,241100.0,88100.0,150700.0,City Parcel Master,2022-01-01,2022
91-209,2020,221600.0,88100.0,131200.0,NHDRA,2020-01-01,2020
91-210,2022,821600.0,284900.0,518900.0,City Parcel Master,2022-01-01,2022
91-210,2020,821600.0,284900.0,518900.0,NHDRA,2020-01-01,2020
91-211,2022,1382600.0,461900.0,666100.0,City Parcel Master,2022-01-01,2022
91-211,2020,1382600.0,461900.0,666100.0,NHDRA,2020-01-01,2020
91-212,2022,841400.0,304500.0,516800.0,City Parcel Master,2022-01-01,2022
91-212,2020,841300.0,304400.0,516800.0,NHDRA,2020-01-01,2020
91-213,2022,378300.0,142500.0,232400.0,City Parcel Master,2022-01-01,2022
91-213,2020,378500.0,142700.0,232400.0,NHDRA,2020-01-01,2020
91-214,2022,472700.0,109100.0,363600.0,City Parcel Master,2022-01-01,2022
91-214,2020,472600.0,109000.0,363600.0,NHDRA,2020-01-01,2020
91-215,2022,46600.0,46600.0,0.0,City Parcel Master,2022-01-01,2022
91-215,2020,46600.0,46600.0,0.0,NHDRA,2020-01-01,2020
91-216,2022,261300.0,91200.0,170100.0,City Parcel Master,2022-01-01,2022
91-216,2020,261300.0,91200.0,170100.0,NHDRA,2020-01-01,2020
91-217,2022,998200.0,106000.0,892200.0,City Parcel Master,2022-01-01,2022
91-217,2020,702000.0,106000.0,596000.0,NHDRA,2020-01-01,2020
91-218,2022,304700.0,218200.0,86500.0,City Parcel Master,2022-01-01,2022
91-218,2020,304700.0,218200.0,86500.0,NHDRA,2020-01-01,2020
91-219,2022,649200.0,263500.0,385700.0,City Parcel Master,2022-01-01,2022
91-219,2020,637900.0,263500.0,374400.0,NHDRA,2020-01-01,2020
91-220,2022,264500.0,145500.0,119000.0,City Parcel Master,2022-01-01,2022
91-220,2020,264500.0,145500.0,119000.0,NHDRA,2020-01-01,2020
91-221,2022,167400.0,116100.0,51300.0,City Parcel Master,2022-01-01,2022
91-221,2020,167400.0,116100.0,51300.0,NHDRA,2020-01-01,2020
91-222,2022,2319200.0,685500.0,1582800.0,City Parcel Master,2022-01-01,2022
91-222,2020,2319200.0,685500.0,1582800.0,NHDRA,2020-01-01,2020
91-223,2022,7100.0,7100.0,0.0,City Parcel Master,2022-01-01,2022
91-223,2020,7100.0,7100.0,0.0,NHDRA,2020-01-01,2020
91-225,2022,375500.0,143500.0,232000.0,City Parcel Master,2022-01-01,2022
91-225,2020,375500.0,143500.0,232000.0,NHDRA,2020-01-01,2020
91-226,2022,212000.0,149400.0,62600.0,City Parcel Master,2022-01-01,2022
91-226,2020,212000.0,149400.0,62600.0,NHDRA,2020-01-01,2020
91-227,2022,20800.0,20800.0,0.0,City Parcel Master,2022-01-01,2022
91-227,2020,20800.0,20800.0,0.0,NHDRA,2020-01-01,2020
91-228,2022,357500.0,204400.0,144800.0,City Parcel Master,2022-01-01,2022
91-228,2020,357500.0,204400.0,144800.0,NHDRA,2020-01-01,2020
91-229,2022,2300.0,2300.0,0.0,City Parcel Master,2022-01-01,2022
91-229,2020,2300.0,2300.0,0.0,NHDRA,2020-01-01,2020
91-230,2022,1452600.0,1242600.0,0.0,City Parcel Master,2022-01-01,2022
91-230,2020,1452600.0,1242600.0,0.0,NHDRA,2020-01-01,2020
91-232,2022,1556100.0,268700.0,855000.0,City Parcel Master,2022-01-01,2022
91-232,2020,1556100.0,268700.0,855000.0,NHDRA,2020-01-01,2020
91-233,2022,1438900.0,239500.0,1177900.0,City Parcel Master,2022-01-01,2022
91-233,2020,1438900.0,239500.0,1177900.0,NHDRA,2020-01-01,2020
91-235,2022,746000.0,228000.0,518000.0,City Parcel Master,2022-01-01,2022
91-235,2020,746000.0,228000.0,518000.0,NHDRA,2020-01-01,2020
91-236,2022,964700.0,219400.0,745300.0,City Parcel Master,2022-01-01,2022
91-236,2020,964600.0,219300.0,745300.0,NHDRA,2020-01-01,2020
91-237,2022,355700.0,313300.0,0.0,City Parcel Master,2022-01-01,2022
91-237,2020,355600.0,313200.0,0.0,NHDRA,2020-01-01,2020
91-238,2022,1127500.0,239500.0,881200.0,City Parcel Master,2022-01-01,2022
91-238,2020,875900.0,239500.0,629600.0,NHDRA,2020-01-01,2020
91-239-E,2022,711300.0,228000.0,483300.0,City Parcel Master,2022-01-01,2022
91-239-E,2020,833300.0,228000.0,605300.0,NHDRA,2020-01-01,2020
91-241,2022,678100.0,207900.0,455500.0,City Parcel Master,2022-01-01,2022
91-241,2020,678100.0,207900.0,455500.0,NHDRA,2020-01-01,2020
91-242,2022,1555500.0,239500.0,1316000.0,City Parcel Master,2022-01-01,2022
91-242,2020,1555500.0,239500.0,1316000.0,NHDRA,2020-01-01,2020
91-243,2022,1016000.0,205000.0,811000.0,City Parcel Master,2022-01-01,2022
91-243,2020,1016000.0,205000.0,811000.0,NHDRA,2020-01-01,2020
91-244,2022,3890600.0,236600.0,3654000.0,City Parcel Master,2022-01-01,2022
91-244,2020,3740400.0,236600.0,3503800.0,NHDRA,2020-01-01,2020
91-245,2022,471700.0,428700.0,0.0,City Parcel Master,2022-01-01,2022
91-245,2020,350600.0,307600.0,0.0,NHDRA,2020-01-01,2020
91-246,2022,4245500.0,300400.0,3897100.0,City Parcel Master,2022-01-01,2022
91-246,2020,3215200.0,300300.0,2874900.0,NHDRA,2020-01-01,2020
91-246-100,2022,232300.0,232300.0,0.0,City Parcel Master,2022-01-01,2022
91-246-100,2020,232300.0,232300.0,0.0,NHDRA,2020-01-01,2020
91-247,2022,2202700.0,228000.0,1860600.0,City Parcel Master,2022-01-01,2022
91-247,2020,2202700.0,228000.0,1860600.0,NHDRA,2020-01-01,2020
91-248,2022,736700.0,196400.0,540300.0,City Parcel Master,2022-01-01,2022
91-248,2020,736700.0,196400.0,540300.0,NHDRA,2020-01-01,2020
91-249,2022,1396700.0,306100.0,1084800.0,City Parcel Master,2022-01-01,2022
91-249,2020,1396900.0,306300.0,1084800.0,NHDRA,2020-01-01,2020
91-250-100,2022,174200.0,0.0,174200.0,City Parcel Master,2022-01-01,2022
91-250-100,2020,174200.0,0.0,174200.0,NHDRA,2020-01-01,2020
91-250-200,2022,174200.0,0.0,174200.0,City Parcel Master,2022-01-01,2022
91-250-200,2020,174200.0,0.0,174200.0,NHDRA,2020-01-01,2020
91-251-100,2022,198500.0,0.0,198500.0,City Parcel Master,2022-01-01,2022
91-251-100,2020,171600.0,0.0,171600.0,NHDRA,2020-01-01,2020
91-251-200,2022,181700.0,0.0,181700.0,City Parcel Master,2022-01-01,2022
91-251-200,2020,179100.0,0.0,179100.0,NHDRA,2020-01-01,2020
91-252,2022,443200.0,85200.0,356900.0,City Parcel Master,2022-01-01,2022
91-252,2020,327600.0,85200.0,242400.0,NHDRA,2020-01-01,2020
91-253,2022,398000.0,341400.0,56600.0,City Parcel Master,2022-01-01,2022
91-253,2020,1514900.0,357100.0,1131500.0,NHDRA,2020-01-01,2020
91-254,2022,1969600.0,692800.0,1176900.0,City Parcel Master,2022-01-01,2022
91-254,2020,2052800.0,659800.0,1293100.0,NHDRA,2020-01-01,2020
91-255,2022,199600.0,185600.0,0.0,City Parcel Master,2022-01-01,2022
91-255,2020,199600.0,185600.0,0.0,NHDRA,2020-01-01,2020
91-257,2022,395200.0,184400.0,209500.0,City Parcel Master,2022-01-01,2022
91-257,2020,305800.0,184400.0,120100.0,NHDRA,2020-01-01,2020
91-258,2022,1205900.0,351700.0,817500.0,City Parcel Master,2022-01-01,2022
91-258,2020,1205900.0,351700.0,817500.0,NHDRA,2020-01-01,2020
91-259,2022,2106500.0,290600.0,1785900.0,City Parcel Master,2022-01-01,2022
91-259,2020,2106500.0,290600.0,1785900.0,NHDRA,2020-01-01,2020
91-260,2022,199500.0,90100.0,109400.0,City Parcel Master,2022-01-01,2022
91-260,2020,199500.0,90100.0,109400.0,NHDRA,2020-01-01,2020
91-261,2022,244400.0,142600.0,99700.0,City Parcel Master,2022-01-01,2022
91-261,2020,321100.0,219300.0,99700.0,NHDRA,2020-01-01,2020
91-262,2022,28600.0,19800.0,0.0,City Parcel Master,2022-01-01,2022
91-262,2020,28600.0,19800.0,0.0,NHDRA,2020-01-01,2020
91-263,2022,975900.0,403600.0,568200.0,City Parcel Master,2022-01-01,2022
91-263,2020,1249300.0,384900.0,798500.0,NHDRA,2020-01-01,2020
91-264,2022,285900.0,185700.0,82300.0,City Parcel Master,2022-01-01,2022
91-264,2020,333100.0,239400.0,82300.0,NHDRA,2020-01-01,2020
91-265,2022,277500.0,88800.0,188700.0,City Parcel Master,2022-01-01,2022
91-265,2020,251800.0,63100.0,188700.0,NHDRA,2020-01-01,2020
91-266,2022,319700.0,88800.0,230900.0,City Parcel Master,2022-01-01,2022
91-266,2020,294000.0,63100.0,230900.0,NHDRA,2020-01-01,2020
91-269,2022,433200.0,304500.0,120300.0,City Parcel Master,2022-01-01,2022
91-269,2020,427600.0,219200.0,187400.0,NHDRA,2020-01-01,2020
91-270,2022,493400.0,80200.0,412000.0,City Parcel Master,2022-01-01,2022
91-270,2020,493400.0,80200.0,412000.0,NHDRA,2020-01-01,2020
91-271,2022,314500.0,59800.0,254700.0,City Parcel Master,2022-01-01,2022
91-271,2020,314500.0,59800.0,254700.0,NHDRA,2020-01-01,2020
91-272,2022,235700.0,55500.0,177800.0,City Parcel Master,2022-01-01,2022
91-272,2020,245400.0,55500.0,187500.0,NHDRA,2020-01-01,2020
91-273,2022,172500.0,50700.0,117800.0,City Parcel Master,2022-01-01,2022
91-273,2020,172700.0,50700.0,117800.0,NHDRA,2020-01-01,2020
91-274,2022,242200.0,59800.0,178100.0,City Parcel Master,2022-01-01,2022
91-274,2020,242200.0,59800.0,178100.0,NHDRA,2020-01-01,2020
91-275,2022,235200.0,58900.0,176300.0,City Parcel Master,2022-01-01,2022
91-275,2020,221000.0,58900.0,162100.0,NHDRA,2020-01-01,2020
91-276,2022,218300.0,56300.0,162000.0,City Parcel Master,2022-01-01,2022
91-276,2020,218300.0,56300.0,162000.0,NHDRA,2020-01-01,2020
91-277,2022,220600.0,59600.0,161000.0,City Parcel Master,2022-01-01,2022
91-277,2020,214300.0,53300.0,161000.0,NHDRA,2020-01-01,2020
91-278,2022,302900.0,57200.0,245700.0,City Parcel Master,2022-01-01,2022
91-278,2020,302900.0,57200.0,245700.0,NHDRA,2020-01-01,2020
91-279,2022,163100.0,55000.0,108100.0,City Parcel Master,2022-01-01,2022
91-279,2020,163100.0,55000.0,108100.0,NHDRA,2020-01-01,2020
91-280,2022,333300.0,69100.0,264200.0,City Parcel Master,2022-01-01,2022
91-280,2020,328400.0,69100.0,259300.0,NHDRA,2020-01-01,2020
91-281,2022,283800.0,193700.0,86400.0,City Parcel Master,2022-01-01,2022
91-281,2020,292100.0,202000.0,86400.0,NHDRA,2020-01-01,2020
91-282,2022,309400.0,55000.0,242400.0,City Parcel Master,2022-01-01,2022
91-282,2020,303300.0,55000.0,236300.0,NHDRA,2020-01-01,2020
91-283,2022,375300.0,54300.0,321000.0,City Parcel Master,2022-01-01,2022
91-283,2020,397900.0,54300.0,343600.0,NHDRA,2020-01-01,2020
91-284,2022,307900.0,73900.0,219900.0,City Parcel Master,2022-01-01,2022
91-284,2020,307900.0,73900.0,219900.0,NHDRA,2020-01-01,2020
91-285,2022,279600.0,67300.0,212000.0,City Parcel Master,2022-01-01,2022
91-285,2020,279600.0,67300.0,212000.0,NHDRA,2020-01-01,2020
91-286,2022,308300.0,66800.0,241500.0,City Parcel Master,2022-01-01,2022
91-286,2020,308300.0,66800.0,241500.0,NHDRA,2020-01-01,2020
91-287,2022,346100.0,88800.0,254700.0,City Parcel Master,2022-01-01,2022
91-287,2020,346000.0,88700.0,254700.0,NHDRA,2020-01-01,2020
91-288,2022,330500.0,73900.0,256600.0,City Parcel Master,2022-01-01,2022
91-288,2020,330500.0,73900.0,256600.0,NHDRA,2020-01-01,2020
91-289,2022,1326600.0,340600.0,949500.0,City Parcel Master,2022-01-01,2022
91-289,2020,1326700.0,340700.0,949500.0,NHDRA,2020-01-01,2020
92-1,2022,791800.0,791000.0,0.0,City Parcel Master,2022-01-01,2022
92-1,2020,791800.0,791000.0,0.0,NHDRA,2020-01-01,2020
92-2,2022,773500.0,316600.0,428700.0,City Parcel Master,2022-01-01,2022
92-2,2020,773600.0,316700.0,428700.0,NHDRA,2020-01-01,2020
92-3,2022,2081500.0,533200.0,1548300.0,City Parcel Master,2022-01-01,2022
92-3,2020,2081500.0,533200.0,1548300.0,NHDRA,2020-01-01,2020
92-4,2022,652500.0,124900.0,520300.0,City Parcel Master,2022-01-01,2022
92-4,2020,636700.0,125000.0,504400.0,NHDRA,2020-01-01,2020
92-5,2022,329900.0,83000.0,246900.0,City Parcel Master,2022-01-01,2022
92-5,2020,330000.0,83100.0,246900.0,NHDRA,2020-01-01,2020
92-6,2022,476300.0,95400.0,380900.0,City Parcel Master,2022-01-01,2022
92-6,2020,476300.0,95400.0,380900.0,NHDRA,2020-01-01,2020
92-7,2022,731100.0,252800.0,478300.0,City Parcel Master,2022-01-01,2022
92-7,2020,731000.0,252700.0,478300.0,NHDRA,2020-01-01,2020
92-8,2022,675800.0,310200.0,345200.0,City Parcel Master,2022-01-01,2022
92-8,2020,675800.0,310200.0,345200.0,NHDRA,2020-01-01,2020
92-9,2022,827600.0,284900.0,542700.0,City Parcel Master,2022-01-01,2022
92-9,2020,827700.0,285000.0,542700.0,NHDRA,2020-01-01,2020
92-10,2022,948600.0,298300.0,646800.0,City Parcel Master,2022-01-01,2022
92-10,2020,932900.0,298200.0,634700.0,NHDRA,2020-01-01,2020
92-11,2022,880600.0,872400.0,0.0,City Parcel Master,2022-01-01,2022
92-11,2020,880600.0,872400.0,0.0,NHDRA,2020-01-01,2020
92-12,2022,2624900.0,641900.0,1952600.0,City Parcel Master,2022-01-01,2022
92-12,2020,2624500.0,641500.0,1952600.0,NHDRA,2020-01-01,2020
92-13,2022,473900.0,202100.0,271800.0,City Parcel Master,2022-01-01,2022
92-13,2020,473900.0,202100.0,271800.0,NHDRA,2020-01-01,2020
92-14,2022,420800.0,250300.0,162300.0,City Parcel Master,2022-01-01,2022
92-14,2020,420700.0,250200.0,162300.0,NHDRA,2020-01-01,2020
92-15,2022,697300.0,219400.0,474400.0,City Parcel Master,2022-01-01,2022
92-15,2020,697200.0,219300.0,474400.0,NHDRA,2020-01-01,2020
92-19,2022,370000.0,106300.0,263500.0,City Parcel Master,2022-01-01,2022
92-19,2020,307800.0,106200.0,201600.0,NHDRA,2020-01-01,2020
92-20,2022,198000.0,46100.0,151700.0,City Parcel Master,2022-01-01,2022
92-20,2020,198000.0,46100.0,151700.0,NHDRA,2020-01-01,2020
92-21,2022,301000.0,44200.0,256800.0,City Parcel Master,2022-01-01,2022
92-21,2020,180300.0,44200.0,136100.0,NHDRA,2020-01-01,2020
92-22,2022,201900.0,187000.0,0.0,City Parcel Master,2022-01-01,2022
92-22,2020,201900.0,187000.0,0.0,NHDRA,2020-01-01,2020
92-23,2022,1516200.0,414200.0,1063900.0,City Parcel Master,2022-01-01,2022
92-23,2020,1572000.0,370200.0,1163900.0,NHDRA,2020-01-01,2020
92-25,2022,4643900.0,769200.0,3737000.0,City Parcel Master,2022-01-01,2022
92-25,2020,4643900.0,769200.0,3737000.0,NHDRA,2020-01-01,2020
92-28,2022,468800.0,89900.0,378900.0,City Parcel Master,2022-01-01,2022
92-28,2020,456500.0,89900.0,366600.0,NHDRA,2020-01-01,2020
92-29,2022,155800.0,42300.0,112900.0,City Parcel Master,2022-01-01,2022
92-29,2020,160500.0,47000.0,112900.0,NHDRA,2020-01-01,2020
92-30,2022,359700.0,336200.0,0.0,City Parcel Master,2022-01-01,2022
92-30,2020,358700.0,336200.0,0.0,NHDRA,2020-01-01,2020
92-31,2022,704500.0,704500.0,0.0,City Parcel Master,2022-01-01,2022
92-31,2020,704500.0,704500.0,0.0,NHDRA,2020-01-01,2020
92-33,2022,470200.0,263300.0,206900.0,City Parcel Master,2022-01-01,2022
92-33,2020,527100.0,263300.0,263800.0,NHDRA,2020-01-01,2020
92-34,2022,323368.0,99400.0,223968.0,City Parcel Master,2022-01-01,2022
92-34,2020,217101.0,99400.0,117701.0,NHDRA,2020-01-01,2020
92-36,2022,1087214.0,337700.0,729214.0,City Parcel Master,2022-01-01,2022
92-36,2020,814415.0,337400.0,456715.0,NHDRA,2020-01-01,2020
92-37,2022,379600.0,88800.0,290800.0,City Parcel Master,2022-01-01,2022
92-37,2020,379600.0,88800.0,290800.0,NHDRA,2020-01-01,2020
92-38,2022,473600.0,90100.0,383500.0,City Parcel Master,2022-01-01,2022
92-38,2020,447400.0,90200.0,357200.0,NHDRA,2020-01-01,2020
92-39,2022,366900.0,88100.0,274100.0,City Parcel Master,2022-01-01,2022
92-39,2020,367100.0,88100.0,274100.0,NHDRA,2020-01-01,2020
92-40,2022,351400.0,88800.0,244500.0,City Parcel Master,2022-01-01,2022
92-40,2020,344000.0,88800.0,244500.0,NHDRA,2020-01-01,2020
92-41,2022,330800.0,87500.0,232200.0,City Parcel Master,2022-01-01,2022
92-41,2020,260300.0,87400.0,161800.0,NHDRA,2020-01-01,2020
92-42,2022,305500.0,86800.0,209800.0,City Parcel Master,2022-01-01,2022
92-42,2020,305500.0,86800.0,209800.0,NHDRA,2020-01-01,2020
92-43,2022,396100.0,100100.0,291000.0,City Parcel Master,2022-01-01,2022
92-43,2020,396100.0,100100.0,291000.0,NHDRA,2020-01-01,2020
92-44,2022,394100.0,106800.0,285200.0,City Parcel Master,2022-01-01,2022
92-44,2020,426700.0,106900.0,319500.0,NHDRA,2020-01-01,2020
92-45,2022,389600.0,94100.0,289500.0,City Parcel Master,2022-01-01,2022
92-45,2020,389600.0,94100.0,289500.0,NHDRA,2020-01-01,2020
92-46,2022,354900.0,86200.0,258900.0,City Parcel Master,2022-01-01,2022
92-46,2020,354900.0,86200.0,258900.0,NHDRA,2020-01-01,2020
92-47,2022,413200.0,87500.0,322000.0,City Parcel Master,2022-01-01,2022
92-47,2020,413100.0,87400.0,322000.0,NHDRA,2020-01-01,2020
92-48,2022,414400.0,96200.0,315900.0,City Parcel Master,2022-01-01,2022
92-48,2020,436700.0,96200.0,338200.0,NHDRA,2020-01-01,2020
92-49,2022,427700.0,88800.0,325200.0,City Parcel Master,2022-01-01,2022
92-49,2020,447100.0,88800.0,344600.0,NHDRA,2020-01-01,2020
92-50,2022,380600.0,84100.0,277700.0,City Parcel Master,2022-01-01,2022
92-50,2020,361800.0,84100.0,277700.0,NHDRA,2020-01-01,2020
92-51,2022,292000.0,86200.0,197700.0,City Parcel Master,2022-01-01,2022
92-51,2020,300100.0,86200.0,197700.0,NHDRA,2020-01-01,2020
92-52,2022,232600.0,59000.0,173600.0,City Parcel Master,2022-01-01,2022
92-52,2020,232600.0,59000.0,173600.0,NHDRA,2020-01-01,2020
92-53,2022,237200.0,84100.0,153100.0,City Parcel Master,2022-01-01,2022
92-53,2020,235600.0,84100.0,151500.0,NHDRA,2020-01-01,2020
92-54,2022,248300.0,81500.0,159500.0,City Parcel Master,2022-01-01,2022
92-54,2020,254300.0,81500.0,166500.0,NHDRA,2020-01-01,2020
92-55,2022,330500.0,86800.0,227500.0,City Parcel Master,2022-01-01,2022
92-55,2020,330500.0,86800.0,227500.0,NHDRA,2020-01-01,2020
92-56,2022,402700.0,86800.0,315900.0,City Parcel Master,2022-01-01,2022
92-56,2020,402700.0,86800.0,315900.0,NHDRA,2020-01-01,2020
92-57-200,2022,203200.0,0.0,203200.0,City Parcel Master,2022-01-01,2022
92-57-200,2020,203100.0,0.0,203100.0,NHDRA,2020-01-01,2020
92-57-400,2022,203100.0,0.0,203100.0,City Parcel Master,2022-01-01,2022
92-57-400,2020,203100.0,0.0,203100.0,NHDRA,2020-01-01,2020
92-57-600,2022,218600.0,0.0,218600.0,City Parcel Master,2022-01-01,2022
92-57-600,2020,218600.0,0.0,218600.0,NHDRA,2020-01-01,2020
92-57-800,2022,218800.0,0.0,218800.0,City Parcel Master,2022-01-01,2022
92-57-800,2020,218800.0,0.0,218800.0,NHDRA,2020-01-01,2020
92-57-1000,2022,214000.0,0.0,214000.0,City Parcel Master,2022-01-01,2022
92-57-1000,2020,213900.0,0.0,213900.0,NHDRA,2020-01-01,2020
92-57-1200,2022,218200.0,0.0,218200.0,City Parcel Master,2022-01-01,2022
92-57-1200,2020,218200.0,0.0,218200.0,NHDRA,2020-01-01,2020
92-60,2022,347300.0,88800.0,258200.0,City Parcel Master,2022-01-01,2022
92-60,2020,347300.0,88800.0,258200.0,NHDRA,2020-01-01,2020
92-61,2022,354500.0,93100.0,253500.0,City Parcel Master,2022-01-01,2022
92-61,2020,354500.0,93100.0,253500.0,NHDRA,2020-01-01,2020
92-62,2022,841000.0,265700.0,575300.0,City Parcel Master,2022-01-01,2022
92-62,2020,723700.0,265700.0,458000.0,NHDRA,2020-01-01,2020
92-63,2022,848700.0,271100.0,577600.0,City Parcel Master,2022-01-01,2022
92-63,2020,812900.0,271100.0,541800.0,NHDRA,2020-01-01,2020
92-64,2022,894600.0,274900.0,613600.0,City Parcel Master,2022-01-01,2022
92-64,2020,882000.0,275000.0,601000.0,NHDRA,2020-01-01,2020
92-65,2022,914500.0,130700.0,783800.0,City Parcel Master,2022-01-01,2022
92-65,2020,914400.0,130600.0,783800.0,NHDRA,2020-01-01,2020
92-66,2022,1002500.0,290500.0,712000.0,City Parcel Master,2022-01-01,2022
92-66,2020,1002600.0,290600.0,712000.0,NHDRA,2020-01-01,2020
92-67,2022,319927.0,54327.0,265600.0,City Parcel Master,2022-01-01,2022
92-67,2020,319927.0,54327.0,265600.0,NHDRA,2020-01-01,2020
92-67-E,2022,2141073.0,363573.0,1714600.0,City Parcel Master,2022-01-01,2022
92-67-E,2020,2141073.0,363573.0,1714600.0,NHDRA,2020-01-01,2020
92-68,2022,347200.0,188100.0,159100.0,City Parcel Master,2022-01-01,2022
92-68,2020,346300.0,188100.0,158200.0,NHDRA,2020-01-01,2020
92-70,2022,698700.0,263400.0,433500.0,City Parcel Master,2022-01-01,2022
92-70,2020,684500.0,263500.0,421000.0,NHDRA,2020-01-01,2020
92-71,2022,693900.0,258200.0,435700.0,City Parcel Master,2022-01-01,2022
92-71,2020,693800.0,258100.0,435700.0,NHDRA,2020-01-01,2020
92-72,2022,544000.0,266100.0,277900.0,City Parcel Master,2022-01-01,2022
92-72,2020,543900.0,266000.0,277900.0,NHDRA,2020-01-01,2020
92-73,2022,723400.0,115500.0,595900.0,City Parcel Master,2022-01-01,2022
92-73,2020,526200.0,263500.0,250500.0,NHDRA,2020-01-01,2020
92-74,2022,399100.0,114300.0,278200.0,City Parcel Master,2022-01-01,2022
92-74,2020,327000.0,57100.0,263300.0,NHDRA,2020-01-01,2020
92-75,2022,401400.0,214000.0,187400.0,City Parcel Master,2022-01-01,2022
92-75,2020,464800.0,250200.0,214600.0,NHDRA,2020-01-01,2020
92-76,2022,398700.0,106000.0,278600.0,City Parcel Master,2022-01-01,2022
92-76,2020,337400.0,53000.0,270300.0,NHDRA,2020-01-01,2020
92-77,2022,501100.0,106000.0,395100.0,City Parcel Master,2022-01-01,2022
92-77,2020,448100.0,53000.0,395100.0,NHDRA,2020-01-01,2020
92-78,2022,3468100.0,1424100.0,1987700.0,City Parcel Master,2022-01-01,2022
92-78,2020,3471600.0,1426900.0,1987700.0,NHDRA,2020-01-01,2020
92-79,2022,639300.0,320900.0,318400.0,City Parcel Master,2022-01-01,2022
92-79,2020,613200.0,294800.0,318400.0,NHDRA,2020-01-01,2020
92-80,2022,341200.0,121300.0,211600.0,City Parcel Master,2022-01-01,2022
92-80,2020,280600.0,60700.0,211600.0,NHDRA,2020-01-01,2020
92-81,2022,409600.0,118800.0,280400.0,City Parcel Master,2022-01-01,2022
92-81,2020,350200.0,59400.0,280400.0,NHDRA,2020-01-01,2020
92-82,2022,398300.0,134100.0,257200.0,City Parcel Master,2022-01-01,2022
92-82,2020,319200.0,67000.0,245200.0,NHDRA,2020-01-01,2020
92-83,2022,426800.0,121900.0,284900.0,City Parcel Master,2022-01-01,2022
92-83,2020,335400.0,60900.0,256700.0,NHDRA,2020-01-01,2020
92-84,2022,520100.0,142500.0,377600.0,City Parcel Master,2022-01-01,2022
92-84,2020,449000.0,71400.0,377600.0,NHDRA,2020-01-01,2020
92-86,2022,245300.0,98400.0,146900.0,City Parcel Master,2022-01-01,2022
92-86,2020,196100.0,49200.0,146900.0,NHDRA,2020-01-01,2020
92-86-200,2022,312700.0,96700.0,201600.0,City Parcel Master,2022-01-01,2022
92-86-200,2020,298500.0,96700.0,201600.0,NHDRA,2020-01-01,2020
92-87,2022,416200.0,262900.0,143500.0,City Parcel Master,2022-01-01,2022
92-87,2020,284300.0,131400.0,144100.0,NHDRA,2020-01-01,2020
92-88,2022,254200.0,175300.0,78900.0,City Parcel Master,2022-01-01,2022
92-88,2020,184100.0,105200.0,78900.0,NHDRA,2020-01-01,2020
92-89,2022,461000.0,119000.0,330100.0,City Parcel Master,2022-01-01,2022
92-89,2020,461000.0,119000.0,330100.0,NHDRA,2020-01-01,2020
92-90,2022,742100.0,115200.0,601600.0,City Parcel Master,2022-01-01,2022
92-90,2020,909900.0,115200.0,769400.0,NHDRA,2020-01-01,2020
92-91,2022,794500.0,111300.0,657900.0,City Parcel Master,2022-01-01,2022
92-91,2020,794500.0,111300.0,657900.0,NHDRA,2020-01-01,2020
92-92,2022,575300.0,111200.0,444200.0,City Parcel Master,2022-01-01,2022
92-92,2020,575400.0,111300.0,444200.0,NHDRA,2020-01-01,2020
92-93,2022,409700.0,91000.0,318200.0,City Parcel Master,2022-01-01,2022
92-93,2020,406500.0,91000.0,315500.0,NHDRA,2020-01-01,2020
92-94,2022,356300.0,104500.0,251800.0,City Parcel Master,2022-01-01,2022
92-94,2020,356200.0,104400.0,251800.0,NHDRA,2020-01-01,2020
92-95,2022,328500.0,139800.0,188000.0,City Parcel Master,2022-01-01,2022
92-95,2020,328500.0,139800.0,188000.0,NHDRA,2020-01-01,2020
92-96,2022,256500.0,92300.0,164200.0,City Parcel Master,2022-01-01,2022
92-96,2020,256500.0,92300.0,164200.0,NHDRA,2020-01-01,2020
92-97,2022,487000.0,114400.0,371200.0,City Parcel Master,2022-01-01,2022
92-97,2020,486900.0,114300.0,371200.0,NHDRA,2020-01-01,2020
92-98,2022,302900.0,125400.0,177500.0,City Parcel Master,2022-01-01,2022
92-98,2020,302900.0,125400.0,177500.0,NHDRA,2020-01-01,2020
92-99,2022,295500.0,116500.0,177600.0,City Parcel Master,2022-01-01,2022
92-99,2020,306900.0,116500.0,189000.0,NHDRA,2020-01-01,2020
92-100,2022,299500.0,107500.0,192000.0,City Parcel Master,2022-01-01,2022
92-100,2020,300900.0,107600.0,193300.0,NHDRA,2020-01-01,2020
92-101,2022,260600.0,69400.0,191200.0,City Parcel Master,2022-01-01,2022
92-101,2020,260600.0,69400.0,191200.0,NHDRA,2020-01-01,2020
92-102,2022,286800.0,82500.0,204300.0,City Parcel Master,2022-01-01,2022
92-102,2020,286800.0,82500.0,204300.0,NHDRA,2020-01-01,2020
92-103,2022,341000.0,84600.0,256400.0,City Parcel Master,2022-01-01,2022
92-103,2020,60500.0,60500.0,0.0,NHDRA,2020-01-01,2020
92-104,2022,28500.0,17700.0,0.0,City Parcel Master,2022-01-01,2022
92-104,2020,28500.0,17700.0,0.0,NHDRA,2020-01-01,2020
92-105,2022,11300.0,3500.0,0.0,City Parcel Master,2022-01-01,2022
92-105,2020,11300.0,3500.0,0.0,NHDRA,2020-01-01,2020
92-106,2022,397000.0,114000.0,278900.0,City Parcel Master,2022-01-01,2022
92-106,2020,477000.0,289000.0,184100.0,NHDRA,2020-01-01,2020
92-107,2022,439600.0,137000.0,302600.0,City Parcel Master,2022-01-01,2022
92-107,2020,392400.0,102800.0,289600.0,NHDRA,2020-01-01,2020
92-108,2022,418700.0,136700.0,282000.0,City Parcel Master,2022-01-01,2022
92-108,2020,373200.0,91200.0,282000.0,NHDRA,2020-01-01,2020
92-109,2022,725900.0,121300.0,604600.0,City Parcel Master,2022-01-01,2022
92-109,2020,665300.0,60700.0,604600.0,NHDRA,2020-01-01,2020
92-110,2022,544900.0,134100.0,404800.0,City Parcel Master,2022-01-01,2022
92-110,2020,526600.0,133900.0,386700.0,NHDRA,2020-01-01,2020
92-111,2022,567200.0,295200.0,258800.0,City Parcel Master,2022-01-01,2022
92-111,2020,568600.0,295200.0,260200.0,NHDRA,2020-01-01,2020
92-112,2022,468400.0,233700.0,230500.0,City Parcel Master,2022-01-01,2022
92-112,2020,468500.0,233800.0,230500.0,NHDRA,2020-01-01,2020
92-113,2022,513300.0,101900.0,399100.0,City Parcel Master,2022-01-01,2022
92-113,2020,501200.0,50900.0,438000.0,NHDRA,2020-01-01,2020
92-114,2022,771200.0,124800.0,646100.0,City Parcel Master,2022-01-01,2022
92-114,2020,778300.0,62300.0,715700.0,NHDRA,2020-01-01,2020
92-115,2022,586800.0,130500.0,445600.0,City Parcel Master,2022-01-01,2022
92-115,2020,521400.0,65100.0,445600.0,NHDRA,2020-01-01,2020
92-116,2022,547500.0,248800.0,298700.0,City Parcel Master,2022-01-01,2022
92-116,2020,546300.0,248900.0,297400.0,NHDRA,2020-01-01,2020
92-117,2022,422100.0,129600.0,292500.0,City Parcel Master,2022-01-01,2022
92-117,2020,468800.0,129500.0,339300.0,NHDRA,2020-01-01,2020
92-118,2022,370800.0,168900.0,191200.0,City Parcel Master,2022-01-01,2022
92-118,2020,396600.0,169000.0,216900.0,NHDRA,2020-01-01,2020
92-119,2022,394000.0,117000.0,274800.0,City Parcel Master,2022-01-01,2022
92-119,2020,354900.0,58500.0,294200.0,NHDRA,2020-01-01,2020
92-120,2022,573700.0,263400.0,306800.0,City Parcel Master,2022-01-01,2022
92-120,2020,573800.0,263500.0,306800.0,NHDRA,2020-01-01,2020
92-121,2022,716200.0,276500.0,431800.0,City Parcel Master,2022-01-01,2022
92-121,2020,716300.0,276600.0,431800.0,NHDRA,2020-01-01,2020
92-122,2022,666400.0,252900.0,410500.0,City Parcel Master,2022-01-01,2022
92-122,2020,666500.0,253000.0,410500.0,NHDRA,2020-01-01,2020
92-122-P,2022,2680500.0,0.0,0.0,City Parcel Master,2022-01-01,2022
92-122-P,2020,2695100.0,0.0,0.0,NHDRA,2020-01-01,2020
92-123,2022,606600.0,276000.0,330600.0,City Parcel Master,2022-01-01,2022
92-123,2020,606700.0,276100.0,330600.0,NHDRA,2020-01-01,2020
92-124,2022,933500.0,222100.0,711400.0,City Parcel Master,2022-01-01,2022
92-124,2020,392500.0,94000.0,298500.0,NHDRA,2020-01-01,2020
92-126,2022,1845300.0,343400.0,1478500.0,City Parcel Master,2022-01-01,2022
92-126,2020,1845000.0,343100.0,1478500.0,NHDRA,2020-01-01,2020
92-127,2022,839000.0,276500.0,534500.0,City Parcel Master,2022-01-01,2022
92-127,2020,839100.0,276600.0,534500.0,NHDRA,2020-01-01,2020
92-128,2022,650300.0,266100.0,378900.0,City Parcel Master,2022-01-01,2022
92-128,2020,650200.0,266000.0,378900.0,NHDRA,2020-01-01,2020
92-129,2022,347800.0,95100.0,243600.0,City Parcel Master,2022-01-01,2022
92-129,2020,347800.0,95100.0,243600.0,NHDRA,2020-01-01,2020
92-130,2022,270200.0,96100.0,166100.0,City Parcel Master,2022-01-01,2022
92-130,2020,270100.0,96000.0,166100.0,NHDRA,2020-01-01,2020
92-131,2022,926800.0,235200.0,673500.0,City Parcel Master,2022-01-01,2022
92-131,2020,529300.0,235100.0,294200.0,NHDRA,2020-01-01,2020
92-132,2022,363800.0,92100.0,253000.0,City Parcel Master,2022-01-01,2022
92-132,2020,361300.0,92100.0,250500.0,NHDRA,2020-01-01,2020
92-133,2022,476100.0,103500.0,368600.0,City Parcel Master,2022-01-01,2022
92-133,2020,431100.0,103600.0,323500.0,NHDRA,2020-01-01,2020
92-134,2022,285000.0,90100.0,194900.0,City Parcel Master,2022-01-01,2022
92-134,2020,285100.0,90200.0,194900.0,NHDRA,2020-01-01,2020
92-135,2022,376000.0,91400.0,251600.0,City Parcel Master,2022-01-01,2022
92-135,2020,393300.0,91400.0,268900.0,NHDRA,2020-01-01,2020
92-136,2022,307500.0,89400.0,218100.0,City Parcel Master,2022-01-01,2022
92-136,2020,287600.0,89400.0,198200.0,NHDRA,2020-01-01,2020
92-137,2022,440400.0,99100.0,341300.0,City Parcel Master,2022-01-01,2022
92-137,2020,440300.0,99000.0,341300.0,NHDRA,2020-01-01,2020
92-138,2022,318800.0,92200.0,219600.0,City Parcel Master,2022-01-01,2022
92-138,2020,318800.0,92200.0,219600.0,NHDRA,2020-01-01,2020
92-139,2022,286000.0,79100.0,202900.0,City Parcel Master,2022-01-01,2022
92-139,2020,286000.0,79100.0,202900.0,NHDRA,2020-01-01,2020
92-140,2022,389200.0,93100.0,286100.0,City Parcel Master,2022-01-01,2022
92-140,2020,389200.0,93100.0,286100.0,NHDRA,2020-01-01,2020
92-141,2022,478100.0,104500.0,365800.0,City Parcel Master,2022-01-01,2022
92-141,2020,478000.0,104400.0,365800.0,NHDRA,2020-01-01,2020
92-142,2022,678500.0,128400.0,507800.0,City Parcel Master,2022-01-01,2022
92-142,2020,607700.0,128500.0,436800.0,NHDRA,2020-01-01,2020
92-143,2022,337600.0,96100.0,239200.0,City Parcel Master,2022-01-01,2022
92-143,2020,337500.0,96000.0,239200.0,NHDRA,2020-01-01,2020
92-144,2022,332700.0,90800.0,234100.0,City Parcel Master,2022-01-01,2022
92-144,2020,332600.0,90700.0,234100.0,NHDRA,2020-01-01,2020
92-145,2022,362600.0,94100.0,268500.0,City Parcel Master,2022-01-01,2022
92-145,2020,362600.0,94100.0,268500.0,NHDRA,2020-01-01,2020
92-146,2022,342600.0,84100.0,257800.0,City Parcel Master,2022-01-01,2022
92-146,2020,342600.0,84100.0,257800.0,NHDRA,2020-01-01,2020
92-147,2022,322000.0,84800.0,231300.0,City Parcel Master,2022-01-01,2022
92-147,2020,322100.0,84900.0,231300.0,NHDRA,2020-01-01,2020
92-148,2022,374700.0,86800.0,278900.0,City Parcel Master,2022-01-01,2022
92-148,2020,374700.0,86800.0,278900.0,NHDRA,2020-01-01,2020
92-149,2022,403000.0,86200.0,309000.0,City Parcel Master,2022-01-01,2022
92-149,2020,403000.0,86200.0,309000.0,NHDRA,2020-01-01,2020
92-150,2022,399800.0,88400.0,311400.0,City Parcel Master,2022-01-01,2022
92-150,2020,403700.0,88400.0,315300.0,NHDRA,2020-01-01,2020
92-151,2022,332500.0,114400.0,209200.0,City Parcel Master,2022-01-01,2022
92-151,2020,332400.0,114300.0,209200.0,NHDRA,2020-01-01,2020
92-152,2022,365500.0,110300.0,254000.0,City Parcel Master,2022-01-01,2022
92-152,2020,349700.0,110400.0,238800.0,NHDRA,2020-01-01,2020
92-153,2022,440100.0,99200.0,340900.0,City Parcel Master,2022-01-01,2022
92-153,2020,440100.0,99200.0,340900.0,NHDRA,2020-01-01,2020
92-154,2022,506500.0,100100.0,398500.0,City Parcel Master,2022-01-01,2022
92-154,2020,331700.0,100100.0,226100.0,NHDRA,2020-01-01,2020
92-155,2022,472900.0,115600.0,347300.0,City Parcel Master,2022-01-01,2022
92-155,2020,472800.0,115500.0,347300.0,NHDRA,2020-01-01,2020
92-156,2022,475400.0,129600.0,320600.0,City Parcel Master,2022-01-01,2022
92-156,2020,475400.0,129600.0,320600.0,NHDRA,2020-01-01,2020
92-157,2022,431700.0,117500.0,306700.0,City Parcel Master,2022-01-01,2022
92-157,2020,431800.0,117600.0,306700.0,NHDRA,2020-01-01,2020
92-158,2022,418100.0,116200.0,292900.0,City Parcel Master,2022-01-01,2022
92-158,2020,418000.0,116100.0,292900.0,NHDRA,2020-01-01,2020
92-159,2022,70600.0,70600.0,0.0,City Parcel Master,2022-01-01,2022
92-159,2020,70600.0,70600.0,0.0,NHDRA,2020-01-01,2020
92-160,2022,278600.0,92800.0,185800.0,City Parcel Master,2022-01-01,2022
92-160,2020,278700.0,92900.0,185800.0,NHDRA,2020-01-01,2020
92-161,2022,274200.0,95600.0,172900.0,City Parcel Master,2022-01-01,2022
92-161,2020,274200.0,95600.0,172900.0,NHDRA,2020-01-01,2020
92-162,2022,327600.0,110300.0,217000.0,City Parcel Master,2022-01-01,2022
92-162,2020,327700.0,110400.0,217000.0,NHDRA,2020-01-01,2020
92-163,2022,372500.0,127500.0,245000.0,City Parcel Master,2022-01-01,2022
92-163,2020,372400.0,127400.0,245000.0,NHDRA,2020-01-01,2020
92-164,2022,460400.0,109700.0,350700.0,City Parcel Master,2022-01-01,2022
92-164,2020,430600.0,109800.0,320800.0,NHDRA,2020-01-01,2020
92-166,2022,411300.0,95100.0,310300.0,City Parcel Master,2022-01-01,2022
92-166,2020,439900.0,95100.0,338900.0,NHDRA,2020-01-01,2020
92-167,2022,486400.0,80700.0,400800.0,City Parcel Master,2022-01-01,2022
92-167,2020,481000.0,80700.0,395400.0,NHDRA,2020-01-01,2020
92-168,2022,385600.0,161700.0,219000.0,City Parcel Master,2022-01-01,2022
92-168,2020,385600.0,161700.0,219000.0,NHDRA,2020-01-01,2020
92-169,2022,220100.0,83200.0,129800.0,City Parcel Master,2022-01-01,2022
92-169,2020,220100.0,83200.0,129800.0,NHDRA,2020-01-01,2020
92-170-101,2022,157000.0,0.0,146400.0,City Parcel Master,2022-01-01,2022
92-170-101,2020,157000.0,0.0,146400.0,NHDRA,2020-01-01,2020
92-170-201,2022,152500.0,0.0,141900.0,City Parcel Master,2022-01-01,2022
92-170-201,2020,152500.0,0.0,141900.0,NHDRA,2020-01-01,2020
92-170-301,2022,170000.0,0.0,170000.0,City Parcel Master,2022-01-01,2022
92-170-301,2020,170000.0,0.0,170000.0,NHDRA,2020-01-01,2020
92-171,2022,357500.0,95100.0,258400.0,City Parcel Master,2022-01-01,2022
92-171,2020,357500.0,95100.0,258400.0,NHDRA,2020-01-01,2020
92-172,2022,379000.0,95100.0,283900.0,City Parcel Master,2022-01-01,2022
92-172,2020,369800.0,95100.0,257700.0,NHDRA,2020-01-01,2020
92-173,2022,353800.0,88800.0,260300.0,City Parcel Master,2022-01-01,2022
92-173,2020,353800.0,88800.0,260300.0,NHDRA,2020-01-01,2020
92-174,2022,366000.0,89400.0,276600.0,City Parcel Master,2022-01-01,2022
92-174,2020,388400.0,89400.0,299000.0,NHDRA,2020-01-01,2020
92-175,2022,424900.0,104500.0,316700.0,City Parcel Master,2022-01-01,2022
92-175,2020,424800.0,104400.0,316700.0,NHDRA,2020-01-01,2020
92-176,2022,361500.0,94100.0,251300.0,City Parcel Master,2022-01-01,2022
92-176,2020,347800.0,94100.0,253700.0,NHDRA,2020-01-01,2020
92-177,2022,353800.0,100100.0,247700.0,City Parcel Master,2022-01-01,2022
92-177,2020,353800.0,100100.0,247700.0,NHDRA,2020-01-01,2020
92-178,2022,368500.0,95100.0,271100.0,City Parcel Master,2022-01-01,2022
92-178,2020,368500.0,95100.0,271100.0,NHDRA,2020-01-01,2020
92-179,2022,442300.0,82400.0,359600.0,City Parcel Master,2022-01-01,2022
92-179,2020,442300.0,82400.0,359600.0,NHDRA,2020-01-01,2020
92-180-101,2022,229900.0,0.0,229900.0,City Parcel Master,2022-01-01,2022
92-180-101,2020,229900.0,0.0,229900.0,NHDRA,2020-01-01,2020
92-180-201,2022,240000.0,0.0,240000.0,City Parcel Master,2022-01-01,2022
92-180-201,2020,236700.0,0.0,236700.0,NHDRA,2020-01-01,2020
92-180-301,2022,256800.0,0.0,256800.0,City Parcel Master,2022-01-01,2022
92-180-301,2020,256300.0,0.0,256300.0,NHDRA,2020-01-01,2020
92-180-401,2022,256800.0,0.0,256800.0,City Parcel Master,2022-01-01,2022
92-180-401,2020,256800.0,0.0,256800.0,NHDRA,2020-01-01,2020
92-181,2022,409700.0,124600.0,283300.0,City Parcel Master,2022-01-01,2022
92-181,2020,370000.0,124500.0,243700.0,NHDRA,2020-01-01,2020
92-182,2022,255300.0,95100.0,157200.0,City Parcel Master,2022-01-01,2022
92-182,2020,255300.0,95100.0,157200.0,NHDRA,2020-01-01,2020
92-183,2022,248600.0,84100.0,158500.0,City Parcel Master,2022-01-01,2022
92-183,2020,248600.0,84100.0,158500.0,NHDRA,2020-01-01,2020
92-184,2022,252100.0,86200.0,165900.0,City Parcel Master,2022-01-01,2022
92-184,2020,252100.0,86200.0,165900.0,NHDRA,2020-01-01,2020
92-185,2022,330400.0,86200.0,243400.0,City Parcel Master,2022-01-01,2022
92-185,2020,275000.0,86200.0,188000.0,NHDRA,2020-01-01,2020
92-186,2022,322400.0,91400.0,228600.0,City Parcel Master,2022-01-01,2022
92-186,2020,322400.0,91400.0,228600.0,NHDRA,2020-01-01,2020
92-187,2022,535800.0,126900.0,389400.0,City Parcel Master,2022-01-01,2022
92-187,2020,535700.0,126800.0,389400.0,NHDRA,2020-01-01,2020
92-188,2022,294500.0,98100.0,185300.0,City Parcel Master,2022-01-01,2022
92-188,2020,336200.0,98000.0,227100.0,NHDRA,2020-01-01,2020
92-189,2022,280000.0,90100.0,189900.0,City Parcel Master,2022-01-01,2022
92-189,2020,280100.0,90200.0,189900.0,NHDRA,2020-01-01,2020
92-190,2022,482800.0,104600.0,378200.0,City Parcel Master,2022-01-01,2022
92-190,2020,424300.0,104600.0,319700.0,NHDRA,2020-01-01,2020
92-191,2022,325800.0,87500.0,227200.0,City Parcel Master,2022-01-01,2022
92-191,2020,325700.0,87400.0,227200.0,NHDRA,2020-01-01,2020
92-192,2022,401200.0,98400.0,290400.0,City Parcel Master,2022-01-01,2022
92-192,2020,382300.0,98400.0,271500.0,NHDRA,2020-01-01,2020
92-193,2022,278200.0,86800.0,190600.0,City Parcel Master,2022-01-01,2022
92-193,2020,278200.0,86800.0,190600.0,NHDRA,2020-01-01,2020
92-194,2022,287300.0,88100.0,188100.0,City Parcel Master,2022-01-01,2022
92-194,2020,276600.0,88100.0,188100.0,NHDRA,2020-01-01,2020
92-195,2022,449900.0,106800.0,343100.0,City Parcel Master,2022-01-01,2022
92-195,2020,450000.0,106900.0,343100.0,NHDRA,2020-01-01,2020
92-196,2022,408700.0,109700.0,299000.0,City Parcel Master,2022-01-01,2022
92-196,2020,408800.0,109800.0,299000.0,NHDRA,2020-01-01,2020
92-197,2022,334200.0,88100.0,236800.0,City Parcel Master,2022-01-01,2022
92-197,2020,333500.0,88100.0,237600.0,NHDRA,2020-01-01,2020
92-198,2022,342400.0,157500.0,184900.0,City Parcel Master,2022-01-01,2022
92-198,2020,342500.0,157600.0,184900.0,NHDRA,2020-01-01,2020
92-199,2022,501900.0,128200.0,364900.0,City Parcel Master,2022-01-01,2022
92-199,2020,449700.0,128200.0,312700.0,NHDRA,2020-01-01,2020
92-200,2022,390500.0,97100.0,292700.0,City Parcel Master,2022-01-01,2022
92-200,2020,427100.0,97000.0,329700.0,NHDRA,2020-01-01,2020
92-201,2022,395900.0,95100.0,298200.0,City Parcel Master,2022-01-01,2022
92-201,2020,395900.0,95100.0,298200.0,NHDRA,2020-01-01,2020
92-202,2022,481900.0,125200.0,353200.0,City Parcel Master,2022-01-01,2022
92-202,2020,452900.0,125400.0,324000.0,NHDRA,2020-01-01,2020
92-203,2022,481800.0,187600.0,294200.0,City Parcel Master,2022-01-01,2022
92-203,2020,481900.0,187700.0,294200.0,NHDRA,2020-01-01,2020
92-204,2022,359400.0,94100.0,254200.0,City Parcel Master,2022-01-01,2022
92-204,2020,355600.0,94100.0,250400.0,NHDRA,2020-01-01,2020
92-205,2022,396600.0,94100.0,300600.0,City Parcel Master,2022-01-01,2022
92-205,2020,415400.0,94100.0,319400.0,NHDRA,2020-01-01,2020
92-206,2022,381000.0,96100.0,284900.0,City Parcel Master,2022-01-01,2022
92-206,2020,400900.0,96000.0,304900.0,NHDRA,2020-01-01,2020
92-207,2022,277700.0,72100.0,205600.0,City Parcel Master,2022-01-01,2022
92-207,2020,277700.0,72100.0,205600.0,NHDRA,2020-01-01,2020
92-208,2022,253600.0,84100.0,167300.0,City Parcel Master,2022-01-01,2022
92-208,2020,253600.0,84100.0,167300.0,NHDRA,2020-01-01,2020
92-209,2022,431900.0,83100.0,348800.0,City Parcel Master,2022-01-01,2022
92-209,2020,403100.0,83100.0,320000.0,NHDRA,2020-01-01,2020
92-210,2022,391900.0,85500.0,306100.0,City Parcel Master,2022-01-01,2022
92-210,2020,391900.0,85500.0,306100.0,NHDRA,2020-01-01,2020
92-211,2022,376800.0,103100.0,266800.0,City Parcel Master,2022-01-01,2022
92-211,2020,376900.0,103200.0,266800.0,NHDRA,2020-01-01,2020
92-212,2022,354400.0,97100.0,256200.0,City Parcel Master,2022-01-01,2022
92-212,2020,354300.0,97000.0,256200.0,NHDRA,2020-01-01,2020
92-213,2022,381600.0,91400.0,289800.0,City Parcel Master,2022-01-01,2022
92-213,2020,381600.0,91400.0,289800.0,NHDRA,2020-01-01,2020
92-214,2022,353700.0,90100.0,263600.0,City Parcel Master,2022-01-01,2022
92-214,2020,353800.0,90200.0,263600.0,NHDRA,2020-01-01,2020
92-215,2022,301000.0,86200.0,198600.0,City Parcel Master,2022-01-01,2022
92-215,2020,301000.0,86200.0,198600.0,NHDRA,2020-01-01,2020
92-216,2022,325000.0,84800.0,240200.0,City Parcel Master,2022-01-01,2022
92-216,2020,347200.0,84900.0,262300.0,NHDRA,2020-01-01,2020
92-217,2022,1913500.0,444500.0,1469000.0,City Parcel Master,2022-01-01,2022
92-217,2020,1491800.0,444500.0,1047300.0,NHDRA,2020-01-01,2020
92-218,2022,366400.0,85200.0,281200.0,City Parcel Master,2022-01-01,2022
92-218,2020,418700.0,115000.0,303700.0,NHDRA,2020-01-01,2020
92-219,2022,502600.0,219200.0,275300.0,City Parcel Master,2022-01-01,2022
92-219,2020,488000.0,219300.0,258400.0,NHDRA,2020-01-01,2020
92-220,2022,859600.0,190700.0,660400.0,City Parcel Master,2022-01-01,2022
92-220,2020,827600.0,190500.0,628600.0,NHDRA,2020-01-01,2020
92-221,2022,379700.0,82300.0,289000.0,City Parcel Master,2022-01-01,2022
92-221,2020,379700.0,82300.0,289000.0,NHDRA,2020-01-01,2020
92-222,2022,989600.0,294900.0,694700.0,City Parcel Master,2022-01-01,2022
92-222,2020,989800.0,295100.0,694700.0,NHDRA,2020-01-01,2020
92-223,2022,2458100.0,403500.0,2035300.0,City Parcel Master,2022-01-01,2022
92-223,2020,2383300.0,403500.0,1960500.0,NHDRA,2020-01-01,2020
92-224,2022,489400.0,89400.0,391500.0,City Parcel Master,2022-01-01,2022
92-224,2020,489400.0,89400.0,391500.0,NHDRA,2020-01-01,2020
93-1,2022,221800.0,75500.0,134400.0,City Parcel Master,2022-01-01,2022
93-1,2020,221900.0,75600.0,134400.0,NHDRA,2020-01-01,2020
93-2,2022,19900.0,19900.0,0.0,City Parcel Master,2022-01-01,2022
93-2,2020,19900.0,19900.0,0.0,NHDRA,2020-01-01,2020
93-3,2022,265300.0,79800.0,185500.0,City Parcel Master,2022-01-01,2022
93-3,2020,265300.0,79800.0,185500.0,NHDRA,2020-01-01,2020
93-4,2022,14400.0,14400.0,0.0,City Parcel Master,2022-01-01,2022
93-4,2020,14400.0,14400.0,0.0,NHDRA,2020-01-01,2020
93-5,2022,1080.0,1080.0,0.0,City Parcel Master,2022-01-01,2022
93-5,2020,960.0,960.0,0.0,NHDRA,2020-01-01,2020
93-6,2022,303100.0,117700.0,185400.0,City Parcel Master,2022-01-01,2022
93-6,2020,303100.0,117700.0,185400.0,NHDRA,2020-01-01,2020
93-7,2022,398700.0,131400.0,262600.0,City Parcel Master,2022-01-01,2022
93-7,2020,398700.0,131400.0,262600.0,NHDRA,2020-01-01,2020
93-8,2022,491100.0,118600.0,355100.0,City Parcel Master,2022-01-01,2022
93-8,2020,491100.0,118600.0,355100.0,NHDRA,2020-01-01,2020
93-9,2022,92697.0,26697.0,66000.0,City Parcel Master,2022-01-01,2022
93-9,2020,92697.0,26697.0,66000.0,NHDRA,2020-01-01,2020
93-9-E,2022,221103.0,54203.0,166900.0,City Parcel Master,2022-01-01,2022
93-9-E,2020,188203.0,54203.0,134000.0,NHDRA,2020-01-01,2020
93-10,2022,380300.0,82500.0,286600.0,City Parcel Master,2022-01-01,2022
93-10,2020,375200.0,77400.0,286600.0,NHDRA,2020-01-01,2020
93-11,2022,288100.0,112800.0,171500.0,City Parcel Master,2022-01-01,2022
93-11,2020,305200.0,125300.0,176100.0,NHDRA,2020-01-01,2020
93-12,2022,324400.0,93500.0,229300.0,City Parcel Master,2022-01-01,2022
93-12,2020,334800.0,103900.0,229300.0,NHDRA,2020-01-01,2020
93-13,2022,335200.0,95600.0,238600.0,City Parcel Master,2022-01-01,2022
93-13,2020,330000.0,106200.0,222800.0,NHDRA,2020-01-01,2020
93-14,2022,291200.0,95600.0,195600.0,City Parcel Master,2022-01-01,2022
93-14,2020,301800.0,106200.0,195600.0,NHDRA,2020-01-01,2020
93-15,2022,322700.0,89100.0,218000.0,City Parcel Master,2022-01-01,2022
93-15,2020,317000.0,99000.0,218000.0,NHDRA,2020-01-01,2020
93-16,2022,261600.0,89700.0,156000.0,City Parcel Master,2022-01-01,2022
93-16,2020,271600.0,99700.0,156000.0,NHDRA,2020-01-01,2020
93-17,2022,365700.0,93500.0,233400.0,City Parcel Master,2022-01-01,2022
93-17,2020,345400.0,103900.0,233400.0,NHDRA,2020-01-01,2020
93-18,2022,262600.0,81600.0,172100.0,City Parcel Master,2022-01-01,2022
93-18,2020,271700.0,90700.0,172100.0,NHDRA,2020-01-01,2020
93-19,2022,316400.0,86500.0,224200.0,City Parcel Master,2022-01-01,2022
93-19,2020,326000.0,96100.0,224200.0,NHDRA,2020-01-01,2020
93-20,2022,316600.0,78200.0,222700.0,City Parcel Master,2022-01-01,2022
93-20,2020,325300.0,86900.0,222700.0,NHDRA,2020-01-01,2020
93-21,2022,222700.0,83000.0,132500.0,City Parcel Master,2022-01-01,2022
93-21,2020,231900.0,92200.0,132500.0,NHDRA,2020-01-01,2020
93-22,2022,268300.0,78100.0,190200.0,City Parcel Master,2022-01-01,2022
93-22,2020,277000.0,86800.0,190200.0,NHDRA,2020-01-01,2020
93-23,2022,293200.0,91800.0,190100.0,City Parcel Master,2022-01-01,2022
93-23,2020,303400.0,102000.0,190100.0,NHDRA,2020-01-01,2020
93-24,2022,258700.0,81200.0,171600.0,City Parcel Master,2022-01-01,2022
93-24,2020,267700.0,90200.0,171600.0,NHDRA,2020-01-01,2020
93-25,2022,294000.0,81400.0,212600.0,City Parcel Master,2022-01-01,2022
93-25,2020,314500.0,90400.0,224100.0,NHDRA,2020-01-01,2020
93-26,2022,340800.0,108000.0,230300.0,City Parcel Master,2022-01-01,2022
93-26,2020,353300.0,108000.0,242800.0,NHDRA,2020-01-01,2020
93-27,2022,282600.0,87300.0,194100.0,City Parcel Master,2022-01-01,2022
93-27,2020,291800.0,97000.0,194100.0,NHDRA,2020-01-01,2020
93-28,2022,247200.0,83200.0,161400.0,City Parcel Master,2022-01-01,2022
93-28,2020,245400.0,83100.0,161400.0,NHDRA,2020-01-01,2020
93-29,2022,264500.0,85500.0,167900.0,City Parcel Master,2022-01-01,2022
93-29,2020,263600.0,85400.0,167100.0,NHDRA,2020-01-01,2020
93-30,2022,251600.0,88600.0,152300.0,City Parcel Master,2022-01-01,2022
93-30,2020,248600.0,88400.0,149500.0,NHDRA,2020-01-01,2020
93-31,2022,228800.0,85100.0,142900.0,City Parcel Master,2022-01-01,2022
93-31,2020,228900.0,85200.0,142900.0,NHDRA,2020-01-01,2020
93-32,2022,274900.0,90400.0,184000.0,City Parcel Master,2022-01-01,2022
93-32,2020,275100.0,90600.0,184000.0,NHDRA,2020-01-01,2020
93-33,2022,309500.0,85400.0,222200.0,City Parcel Master,2022-01-01,2022
93-33,2020,309700.0,85600.0,222200.0,NHDRA,2020-01-01,2020
93-34,2022,275000.0,80800.0,188100.0,City Parcel Master,2022-01-01,2022
93-34,2020,287200.0,105700.0,172900.0,NHDRA,2020-01-01,2020
93-35,2022,245500.0,87300.0,157800.0,City Parcel Master,2022-01-01,2022
93-35,2020,255200.0,97000.0,157800.0,NHDRA,2020-01-01,2020
93-36,2022,259800.0,90100.0,166700.0,City Parcel Master,2022-01-01,2022
93-36,2020,269800.0,100100.0,166700.0,NHDRA,2020-01-01,2020
93-37,2022,271800.0,103500.0,168300.0,City Parcel Master,2022-01-01,2022
93-37,2020,283300.0,115000.0,168300.0,NHDRA,2020-01-01,2020
93-38,2022,103500.0,66600.0,35000.0,City Parcel Master,2022-01-01,2022
93-38,2020,102200.0,65300.0,35000.0,NHDRA,2020-01-01,2020
93-39,2022,235400.0,77000.0,153100.0,City Parcel Master,2022-01-01,2022
93-39,2020,243900.0,85500.0,153100.0,NHDRA,2020-01-01,2020
93-40,2022,263200.0,77600.0,185000.0,City Parcel Master,2022-01-01,2022
93-40,2020,262800.0,86200.0,176000.0,NHDRA,2020-01-01,2020
93-41,2022,256400.0,78100.0,178000.0,City Parcel Master,2022-01-01,2022
93-41,2020,265100.0,86800.0,178000.0,NHDRA,2020-01-01,2020
93-42,2022,260000.0,73100.0,186600.0,City Parcel Master,2022-01-01,2022
93-42,2020,268100.0,81200.0,186600.0,NHDRA,2020-01-01,2020
93-43,2022,219500.0,73100.0,146100.0,City Parcel Master,2022-01-01,2022
93-43,2020,227600.0,81200.0,146100.0,NHDRA,2020-01-01,2020
93-44,2022,209500.0,72500.0,137000.0,City Parcel Master,2022-01-01,2022
93-44,2020,217600.0,80600.0,137000.0,NHDRA,2020-01-01,2020
93-45,2022,325300.0,78800.0,234200.0,City Parcel Master,2022-01-01,2022
93-45,2020,321700.0,87500.0,234200.0,NHDRA,2020-01-01,2020
93-46,2022,351600.0,88400.0,263000.0,City Parcel Master,2022-01-01,2022
93-46,2020,351600.0,88400.0,263000.0,NHDRA,2020-01-01,2020
93-47,2022,229600.0,69500.0,159800.0,City Parcel Master,2022-01-01,2022
93-47,2020,235100.0,69400.0,165400.0,NHDRA,2020-01-01,2020
93-48,2022,155200.0,62400.0,87900.0,City Parcel Master,2022-01-01,2022
93-48,2020,155200.0,62400.0,87900.0,NHDRA,2020-01-01,2020
93-49,2022,289400.0,98000.0,178400.0,City Parcel Master,2022-01-01,2022
93-49,2020,289400.0,98000.0,178400.0,NHDRA,2020-01-01,2020
93-50,2022,186000.0,90300.0,95400.0,City Parcel Master,2022-01-01,2022
93-50,2020,190100.0,90400.0,99400.0,NHDRA,2020-01-01,2020
93-51,2022,321400.0,122800.0,197800.0,City Parcel Master,2022-01-01,2022
93-51,2020,320700.0,122900.0,197800.0,NHDRA,2020-01-01,2020
93-52,2022,317100.0,99800.0,201900.0,City Parcel Master,2022-01-01,2022
93-52,2020,315700.0,99700.0,200600.0,NHDRA,2020-01-01,2020
93-53,2022,391900.0,91300.0,300600.0,City Parcel Master,2022-01-01,2022
93-53,2020,391100.0,91200.0,299900.0,NHDRA,2020-01-01,2020
93-54,2022,415900.0,126000.0,261100.0,City Parcel Master,2022-01-01,2022
93-54,2020,399300.0,126000.0,244500.0,NHDRA,2020-01-01,2020
93-55,2022,293200.0,90300.0,202900.0,City Parcel Master,2022-01-01,2022
93-55,2020,293300.0,90400.0,202900.0,NHDRA,2020-01-01,2020
93-56,2022,249400.0,93200.0,156200.0,City Parcel Master,2022-01-01,2022
93-56,2020,249300.0,93100.0,156200.0,NHDRA,2020-01-01,2020
93-57,2022,255200.0,99800.0,154500.0,City Parcel Master,2022-01-01,2022
93-57,2020,255100.0,99700.0,154500.0,NHDRA,2020-01-01,2020
93-58,2022,258700.0,104800.0,153900.0,City Parcel Master,2022-01-01,2022
93-58,2020,258800.0,104900.0,153900.0,NHDRA,2020-01-01,2020
93-59,2022,278300.0,106500.0,171100.0,City Parcel Master,2022-01-01,2022
93-59,2020,278300.0,106500.0,171100.0,NHDRA,2020-01-01,2020
93-60,2022,265200.0,104300.0,157600.0,City Parcel Master,2022-01-01,2022
93-60,2020,256400.0,104300.0,148800.0,NHDRA,2020-01-01,2020
93-61,2022,5300.0,5300.0,0.0,City Parcel Master,2022-01-01,2022
93-61,2020,5300.0,5300.0,0.0,NHDRA,2020-01-01,2020
93-62,2022,215100.0,104800.0,105600.0,City Parcel Master,2022-01-01,2022
93-62,2020,215100.0,104800.0,105600.0,NHDRA,2020-01-01,2020
93-63,2022,331400.0,98700.0,232700.0,City Parcel Master,2022-01-01,2022
93-63,2020,331400.0,98700.0,232700.0,NHDRA,2020-01-01,2020
93-64,2022,280900.0,101500.0,176400.0,City Parcel Master,2022-01-01,2022
93-64,2020,281000.0,101600.0,176400.0,NHDRA,2020-01-01,2020
93-65,2022,254700.0,102600.0,152100.0,City Parcel Master,2022-01-01,2022
93-65,2020,249800.0,102600.0,147200.0,NHDRA,2020-01-01,2020
93-66,2022,249300.0,103100.0,140000.0,City Parcel Master,2022-01-01,2022
93-66,2020,249400.0,103200.0,140000.0,NHDRA,2020-01-01,2020
93-67,2022,657700.0,303100.0,354600.0,City Parcel Master,2022-01-01,2022
93-67,2020,673900.0,319000.0,354900.0,NHDRA,2020-01-01,2020
93-68,2022,285600.0,93200.0,191900.0,City Parcel Master,2022-01-01,2022
93-68,2020,285500.0,93100.0,191900.0,NHDRA,2020-01-01,2020
93-69,2022,276800.0,97100.0,179700.0,City Parcel Master,2022-01-01,2022
93-69,2020,276700.0,97000.0,179700.0,NHDRA,2020-01-01,2020
93-70,2022,293500.0,102100.0,191400.0,City Parcel Master,2022-01-01,2022
93-70,2020,293400.0,102000.0,191400.0,NHDRA,2020-01-01,2020
93-71,2022,315800.0,104500.0,210500.0,City Parcel Master,2022-01-01,2022
93-71,2020,315700.0,104400.0,210500.0,NHDRA,2020-01-01,2020
93-72,2022,294500.0,100100.0,178900.0,City Parcel Master,2022-01-01,2022
93-72,2020,294500.0,100100.0,178900.0,NHDRA,2020-01-01,2020
93-73,2022,287700.0,91300.0,185700.0,City Parcel Master,2022-01-01,2022
93-73,2020,287600.0,91200.0,185700.0,NHDRA,2020-01-01,2020
93-74,2022,291000.0,91300.0,199400.0,City Parcel Master,2022-01-01,2022
93-74,2020,290900.0,91200.0,199400.0,NHDRA,2020-01-01,2020
93-75,2022,288800.0,93200.0,189700.0,City Parcel Master,2022-01-01,2022
93-75,2020,288700.0,93100.0,189700.0,NHDRA,2020-01-01,2020
93-76,2022,277600.0,101100.0,169700.0,City Parcel Master,2022-01-01,2022
93-76,2020,277600.0,101100.0,169700.0,NHDRA,2020-01-01,2020
93-77,2022,324400.0,101100.0,214500.0,City Parcel Master,2022-01-01,2022
93-77,2020,324400.0,101100.0,214500.0,NHDRA,2020-01-01,2020
93-78,2022,265600.0,100100.0,165100.0,City Parcel Master,2022-01-01,2022
93-78,2020,265600.0,100100.0,165100.0,NHDRA,2020-01-01,2020
93-79,2022,261400.0,98100.0,161100.0,City Parcel Master,2022-01-01,2022
93-79,2020,261300.0,98000.0,161100.0,NHDRA,2020-01-01,2020
93-80,2022,303500.0,106800.0,186000.0,City Parcel Master,2022-01-01,2022
93-80,2020,303600.0,106900.0,186000.0,NHDRA,2020-01-01,2020
93-81,2022,346400.0,100100.0,234700.0,City Parcel Master,2022-01-01,2022
93-81,2020,344900.0,100100.0,234700.0,NHDRA,2020-01-01,2020
93-82,2022,266300.0,93200.0,173100.0,City Parcel Master,2022-01-01,2022
93-82,2020,266200.0,93100.0,173100.0,NHDRA,2020-01-01,2020
93-83,2022,377100.0,91300.0,269600.0,City Parcel Master,2022-01-01,2022
93-83,2020,345500.0,91200.0,254000.0,NHDRA,2020-01-01,2020
93-84,2022,319600.0,96200.0,223400.0,City Parcel Master,2022-01-01,2022
93-84,2020,319800.0,96400.0,223400.0,NHDRA,2020-01-01,2020
93-85,2022,274700.0,101500.0,172700.0,City Parcel Master,2022-01-01,2022
93-85,2020,274800.0,101600.0,172700.0,NHDRA,2020-01-01,2020
93-86,2022,396700.0,118100.0,277200.0,City Parcel Master,2022-01-01,2022
93-86,2020,396700.0,118100.0,277200.0,NHDRA,2020-01-01,2020
93-87,2022,253800.0,95100.0,158000.0,City Parcel Master,2022-01-01,2022
93-87,2020,253600.0,95100.0,158500.0,NHDRA,2020-01-01,2020
93-88,2022,306600.0,121900.0,164800.0,City Parcel Master,2022-01-01,2022
93-88,2020,306500.0,121800.0,164800.0,NHDRA,2020-01-01,2020
93-89-100,2022,184400.0,64000.0,120300.0,City Parcel Master,2022-01-01,2022
93-89-100,2020,184400.0,64000.0,120300.0,NHDRA,2020-01-01,2020
93-89-200,2022,175100.0,64000.0,111100.0,City Parcel Master,2022-01-01,2022
93-89-200,2020,175100.0,64000.0,111100.0,NHDRA,2020-01-01,2020
93-89-300,2022,246100.0,57600.0,188200.0,City Parcel Master,2022-01-01,2022
93-89-300,2020,246100.0,57600.0,188200.0,NHDRA,2020-01-01,2020
93-89-400,2022,59000.0,59000.0,0.0,City Parcel Master,2022-01-01,2022
93-89-400,2020,59000.0,59000.0,0.0,NHDRA,2020-01-01,2020
93-90,2022,230600.0,80400.0,148900.0,City Parcel Master,2022-01-01,2022
93-90,2020,229300.0,79100.0,148900.0,NHDRA,2020-01-01,2020
93-91,2022,135900.0,62500.0,72700.0,City Parcel Master,2022-01-01,2022
93-91,2020,135900.0,62500.0,72700.0,NHDRA,2020-01-01,2020
93-92,2022,168500.0,59300.0,109200.0,City Parcel Master,2022-01-01,2022
93-92,2020,175100.0,65900.0,109200.0,NHDRA,2020-01-01,2020
93-93,2022,285300.0,70000.0,204600.0,City Parcel Master,2022-01-01,2022
93-93,2020,271700.0,77800.0,183200.0,NHDRA,2020-01-01,2020
93-94,2022,255800.0,60200.0,182600.0,City Parcel Master,2022-01-01,2022
93-94,2020,262500.0,66900.0,182600.0,NHDRA,2020-01-01,2020
93-94-100,2022,295500.0,43600.0,251900.0,City Parcel Master,2022-01-01,2022
93-94-100,2020,157200.0,41200.0,116000.0,NHDRA,2020-01-01,2020
93-95,2022,3300.0,3300.0,0.0,City Parcel Master,2022-01-01,2022
93-95,2020,3300.0,3300.0,0.0,NHDRA,2020-01-01,2020
93-96,2022,170500.0,60600.0,109800.0,City Parcel Master,2022-01-01,2022
93-96,2020,177200.0,67300.0,109800.0,NHDRA,2020-01-01,2020
93-97,2022,170900.0,57100.0,113800.0,City Parcel Master,2022-01-01,2022
93-97,2020,177200.0,63400.0,113800.0,NHDRA,2020-01-01,2020
93-98,2022,107700.0,59700.0,48000.0,City Parcel Master,2022-01-01,2022
93-98,2020,114400.0,66300.0,48100.0,NHDRA,2020-01-01,2020
93-99,2022,208200.0,64400.0,143800.0,City Parcel Master,2022-01-01,2022
93-99,2020,215400.0,71600.0,143800.0,NHDRA,2020-01-01,2020
93-100,2022,389400.0,67900.0,310800.0,City Parcel Master,2022-01-01,2022
93-100,2020,396900.0,75400.0,310800.0,NHDRA,2020-01-01,2020
93-101,2022,336300.0,319500.0,0.0,City Parcel Master,2022-01-01,2022
93-101,2020,308600.0,292300.0,0.0,NHDRA,2020-01-01,2020
93-102,2022,1100.0,1100.0,0.0,City Parcel Master,2022-01-01,2022
93-102,2020,1100.0,1100.0,0.0,NHDRA,2020-01-01,2020
93-103,2022,3300.0,3300.0,0.0,City Parcel Master,2022-01-01,2022
93-103,2020,3300.0,3300.0,0.0,NHDRA,2020-01-01,2020
93-104,2022,3300.0,3300.0,0.0,City Parcel Master,2022-01-01,2022
93-104,2020,3300.0,3300.0,0.0,NHDRA,2020-01-01,2020
93-105,2022,3900.0,3900.0,0.0,City Parcel Master,2022-01-01,2022
93-105,2020,3900.0,3900.0,0.0,NHDRA,2020-01-01,2020
93-106,2022,3300.0,3300.0,0.0,City Parcel Master,2022-01-01,2022
93-106,2020,3300.0,3300.0,0.0,NHDRA,2020-01-01,2020
93-107,2022,6600.0,6600.0,0.0,City Parcel Master,2022-01-01,2022
93-107,2020,6600.0,6600.0,0.0,NHDRA,2020-01-01,2020
93-108,2022,7000.0,7000.0,0.0,City Parcel Master,2022-01-01,2022
93-108,2020,7000.0,7000.0,0.0,NHDRA,2020-01-01,2020
93-109,2022,48700.0,48700.0,0.0,City Parcel Master,2022-01-01,2022
93-109,2020,48600.0,48600.0,0.0,NHDRA,2020-01-01,2020
93-110,2022,39000.0,39000.0,0.0,City Parcel Master,2022-01-01,2022
93-110,2020,39000.0,39000.0,0.0,NHDRA,2020-01-01,2020
93-111,2022,5800.0,5800.0,0.0,City Parcel Master,2022-01-01,2022
93-111,2020,5800.0,5800.0,0.0,NHDRA,2020-01-01,2020
93-112,2022,204200.0,204200.0,0.0,City Parcel Master,2022-01-01,2022
93-112,2020,204300.0,204300.0,0.0,NHDRA,2020-01-01,2020
93-113,2022,200500.0,72400.0,115700.0,City Parcel Master,2022-01-01,2022
93-113,2020,219600.0,80400.0,126800.0,NHDRA,2020-01-01,2020
93-114,2022,167000.0,69800.0,97200.0,City Parcel Master,2022-01-01,2022
93-114,2020,174800.0,77600.0,97200.0,NHDRA,2020-01-01,2020
93-115,2022,199100.0,75300.0,123200.0,City Parcel Master,2022-01-01,2022
93-115,2020,207300.0,83700.0,123000.0,NHDRA,2020-01-01,2020
93-116,2022,236400.0,58000.0,178200.0,City Parcel Master,2022-01-01,2022
93-116,2020,236400.0,58000.0,178200.0,NHDRA,2020-01-01,2020
93-117,2022,169800.0,67000.0,102800.0,City Parcel Master,2022-01-01,2022
93-117,2020,176400.0,74400.0,102000.0,NHDRA,2020-01-01,2020
93-118,2022,284200.0,71900.0,210800.0,City Parcel Master,2022-01-01,2022
93-118,2020,286100.0,79900.0,206200.0,NHDRA,2020-01-01,2020
93-119,2022,187900.0,65800.0,113800.0,City Parcel Master,2022-01-01,2022
93-119,2020,187900.0,65800.0,113800.0,NHDRA,2020-01-01,2020
93-120,2022,232200.0,34700.0,197300.0,City Parcel Master,2022-01-01,2022
93-120,2020,192500.0,34600.0,156800.0,NHDRA,2020-01-01,2020
93-122,2022,3500.0,3500.0,0.0,City Parcel Master,2022-01-01,2022
93-122,2020,3500.0,3500.0,0.0,NHDRA,2020-01-01,2020
93-123,2022,33600.0,33600.0,0.0,City Parcel Master,2022-01-01,2022
93-123,2020,33600.0,33600.0,0.0,NHDRA,2020-01-01,2020
93-124,2022,10200.0,10200.0,0.0,City Parcel Master,2022-01-01,2022
93-124,2020,10200.0,10200.0,0.0,NHDRA,2020-01-01,2020
93-125,2022,124200.0,124200.0,0.0,City Parcel Master,2022-01-01,2022
93-125,2020,124200.0,124200.0,0.0,NHDRA,2020-01-01,2020
93-126,2022,349400.0,97000.0,252400.0,City Parcel Master,2022-01-01,2022
93-126,2020,349300.0,96900.0,252400.0,NHDRA,2020-01-01,2020
94-1,2022,556700.0,170700.0,374600.0,City Parcel Master,2022-01-01,2022
94-1,2020,530800.0,67300.0,452100.0,NHDRA,2020-01-01,2020
94-2,2022,201000.0,91100.0,109600.0,City Parcel Master,2022-01-01,2022
94-2,2020,201000.0,91100.0,109600.0,NHDRA,2020-01-01,2020
94-2-100,2022,260800.0,94100.0,165400.0,City Parcel Master,2022-01-01,2022
94-2-100,2020,260800.0,94100.0,165400.0,NHDRA,2020-01-01,2020
94-3,2022,370300.0,95700.0,267900.0,City Parcel Master,2022-01-01,2022
94-3,2020,370300.0,95700.0,267900.0,NHDRA,2020-01-01,2020
94-4,2022,303300.0,95100.0,205100.0,City Parcel Master,2022-01-01,2022
94-4,2020,303500.0,95300.0,205100.0,NHDRA,2020-01-01,2020
94-5,2022,323400.0,95600.0,198000.0,City Parcel Master,2022-01-01,2022
94-5,2020,323400.0,95600.0,198000.0,NHDRA,2020-01-01,2020
94-6,2022,453800.0,115700.0,337900.0,City Parcel Master,2022-01-01,2022
94-6,2020,466900.0,116000.0,350700.0,NHDRA,2020-01-01,2020
94-7,2022,296000.0,111900.0,183600.0,City Parcel Master,2022-01-01,2022
94-7,2020,295700.0,111700.0,183600.0,NHDRA,2020-01-01,2020
94-8,2022,310300.0,97500.0,203500.0,City Parcel Master,2022-01-01,2022
94-8,2020,319200.0,97500.0,212700.0,NHDRA,2020-01-01,2020
94-9,2022,400.0,400.0,0.0,City Parcel Master,2022-01-01,2022
94-9,2020,400.0,400.0,0.0,NHDRA,2020-01-01,2020
94-10,2022,390700.0,118800.0,271600.0,City Parcel Master,2022-01-01,2022
94-10,2020,391200.0,119300.0,271600.0,NHDRA,2020-01-01,2020
94-11,2022,216100.0,100400.0,115700.0,City Parcel Master,2022-01-01,2022
94-11,2020,216100.0,100400.0,115700.0,NHDRA,2020-01-01,2020
94-12,2022,274600.0,93100.0,170000.0,City Parcel Master,2022-01-01,2022
94-12,2020,274600.0,93100.0,170000.0,NHDRA,2020-01-01,2020
94-13,2022,322400.0,90100.0,231300.0,City Parcel Master,2022-01-01,2022
94-13,2020,327300.0,90200.0,236100.0,NHDRA,2020-01-01,2020
94-14,2022,288100.0,100900.0,187200.0,City Parcel Master,2022-01-01,2022
94-14,2020,288100.0,100900.0,187200.0,NHDRA,2020-01-01,2020
94-15,2022,266600.0,90300.0,175900.0,City Parcel Master,2022-01-01,2022
94-15,2020,266700.0,90400.0,175900.0,NHDRA,2020-01-01,2020
94-16,2022,223000.0,102000.0,109900.0,City Parcel Master,2022-01-01,2022
94-16,2020,223100.0,102100.0,109900.0,NHDRA,2020-01-01,2020
94-17,2022,529500.0,124900.0,400200.0,City Parcel Master,2022-01-01,2022
94-17,2020,395600.0,125000.0,268600.0,NHDRA,2020-01-01,2020
94-18,2022,285800.0,129900.0,122700.0,City Parcel Master,2022-01-01,2022
94-18,2020,282400.0,129900.0,132900.0,NHDRA,2020-01-01,2020
94-19,2022,341000.0,81500.0,259500.0,City Parcel Master,2022-01-01,2022
94-19,2020,341000.0,81500.0,259500.0,NHDRA,2020-01-01,2020
94-20,2022,332600.0,94000.0,237700.0,City Parcel Master,2022-01-01,2022
94-20,2020,332600.0,94000.0,237700.0,NHDRA,2020-01-01,2020
94-21,2022,276600.0,95000.0,175700.0,City Parcel Master,2022-01-01,2022
94-21,2020,276700.0,95100.0,175700.0,NHDRA,2020-01-01,2020
94-22,2022,322000.0,88600.0,233100.0,City Parcel Master,2022-01-01,2022
94-22,2020,321900.0,88500.0,233100.0,NHDRA,2020-01-01,2020
94-23,2022,345900.0,83200.0,262300.0,City Parcel Master,2022-01-01,2022
94-23,2020,346000.0,83300.0,262300.0,NHDRA,2020-01-01,2020
94-24,2022,335100.0,81500.0,250400.0,City Parcel Master,2022-01-01,2022
94-24,2020,335100.0,81500.0,250400.0,NHDRA,2020-01-01,2020
94-25,2022,357400.0,84100.0,265100.0,City Parcel Master,2022-01-01,2022
94-25,2020,357400.0,84100.0,265100.0,NHDRA,2020-01-01,2020
94-26,2022,327500.0,84100.0,243400.0,City Parcel Master,2022-01-01,2022
94-26,2020,327500.0,84100.0,243400.0,NHDRA,2020-01-01,2020
94-27,2022,325400.0,85000.0,240400.0,City Parcel Master,2022-01-01,2022
94-27,2020,325300.0,84900.0,240400.0,NHDRA,2020-01-01,2020
97-1,2022,3500.0,3500.0,0.0,City Parcel Master,2022-01-01,2022
97-1,2020,3500.0,3500.0,0.0,NHDRA,2020-01-01,2020
97-2,2022,4600.0,4600.0,0.0,City Parcel Master,2022-01-01,2022
97-2,2020,4600.0,4600.0,0.0,NHDRA,2020-01-01,2020
97-3,2022,4900.0,4900.0,0.0,City Parcel Master,2022-01-01,2022
97-3,2020,4900.0,4900.0,0.0,NHDRA,2020-01-01,2020
97-4,2022,24700.0,24700.0,0.0,City Parcel Master,2022-01-01,2022
97-4,2020,24700.0,24700.0,0.0,NHDRA,2020-01-01,2020
97-5,2022,326100.0,105400.0,210000.0,City Parcel Master,2022-01-01,2022
97-5,2020,326300.0,105600.0,210000.0,NHDRA,2020-01-01,2020
97-6,2022,442000.0,106300.0,334700.0,City Parcel Master,2022-01-01,2022
97-6,2020,432300.0,106300.0,325900.0,NHDRA,2020-01-01,2020
97-7,2022,362300.0,98100.0,246900.0,City Parcel Master,2022-01-01,2022
97-7,2020,362300.0,98100.0,246900.0,NHDRA,2020-01-01,2020
97-8,2022,1480.0,1480.0,0.0,City Parcel Master,2022-01-01,2022
97-8,2020,1480.0,1480.0,0.0,NHDRA,2020-01-01,2020
97-9,2022,1500.0,1500.0,0.0,City Parcel Master,2022-01-01,2022
97-9,2020,1500.0,1500.0,0.0,NHDRA,2020-01-01,2020
97-10,2022,835.0,835.0,0.0,City Parcel Master,2022-01-01,2022
97-10,2020,835.0,835.0,0.0,NHDRA,2020-01-01,2020
97-11,2022,850.0,850.0,0.0,City Parcel Master,2022-01-01,2022
97-11,2020,850.0,850.0,0.0,NHDRA,2020-01-01,2020
97-12,2022,870.0,870.0,0.0,City Parcel Master,2022-01-01,2022
97-12,2020,870.0,870.0,0.0,NHDRA,2020-01-01,2020
97-13,2022,870.0,870.0,0.0,City Parcel Master,2022-01-01,2022
97-13,2020,870.0,870.0,0.0,NHDRA,2020-01-01,2020
97-14,2022,144300.0,144300.0,0.0,City Parcel Master,2022-01-01,2022
97-14,2020,144300.0,144300.0,0.0,NHDRA,2020-01-01,2020
98-1,2022,388100.0,106100.0,266200.0,City Parcel Master,2022-01-01,2022
98-1,2020,388100.0,106100.0,266200.0,NHDRA,2020-01-01,2020
98-2,2022,338100.0,106300.0,231800.0,City Parcel Master,2022-01-01,2022
98-2,2020,336600.0,106300.0,230300.0,NHDRA,2020-01-01,2020
98-3,2022,377700.0,106100.0,258600.0,City Parcel Master,2022-01-01,2022
98-3,2020,365200.0,106100.0,258600.0,NHDRA,2020-01-01,2020
98-4,2022,322900.0,106300.0,215500.0,City Parcel Master,2022-01-01,2022
98-4,2020,326700.0,106300.0,219400.0,NHDRA,2020-01-01,2020
98-5,2022,371600.0,121700.0,249800.0,City Parcel Master,2022-01-01,2022
98-5,2020,377500.0,127600.0,249800.0,NHDRA,2020-01-01,2020
98-6,2022,815300.0,201500.0,572300.0,City Parcel Master,2022-01-01,2022
98-6,2020,817100.0,197600.0,580700.0,NHDRA,2020-01-01,2020
98-7,2022,442700.0,275200.0,167500.0,City Parcel Master,2022-01-01,2022
98-7,2020,442600.0,275100.0,167500.0,NHDRA,2020-01-01,2020
98-8,2022,213000.0,213000.0,0.0,City Parcel Master,2022-01-01,2022
98-8,2020,210300.0,210300.0,0.0,NHDRA,2020-01-01,2020
98-9,2022,599200.0,110200.0,489000.0,City Parcel Master,2022-01-01,2022
98-9,2020,614600.0,111700.0,502900.0,NHDRA,2020-01-01,2020
98-10,2022,334700.0,88900.0,245800.0,City Parcel Master,2022-01-01,2022
98-10,2020,337600.0,87900.0,249700.0,NHDRA,2020-01-01,2020
98-11,2022,359800.0,85600.0,274200.0,City Parcel Master,2022-01-01,2022
98-11,2020,359400.0,85800.0,273600.0,NHDRA,2020-01-01,2020
98-12,2022,85600.0,85600.0,0.0,City Parcel Master,2022-01-01,2022
98-12,2020,85800.0,85800.0,0.0,NHDRA,2020-01-01,2020
98-13,2022,343500.0,108200.0,235300.0,City Parcel Master,2022-01-01,2022
98-13,2020,344400.0,109100.0,235300.0,NHDRA,2020-01-01,2020
98-14,2022,332100.0,91000.0,231000.0,City Parcel Master,2022-01-01,2022
98-14,2020,314800.0,91900.0,222700.0,NHDRA,2020-01-01,2020
98-15,2022,335500.0,108600.0,226900.0,City Parcel Master,2022-01-01,2022
98-15,2020,337800.0,112100.0,225700.0,NHDRA,2020-01-01,2020
98-16,2022,54300.0,54300.0,0.0,City Parcel Master,2022-01-01,2022
98-16,2020,59400.0,59400.0,0.0,NHDRA,2020-01-01,2020
98-17,2022,411100.0,88200.0,322900.0,City Parcel Master,2022-01-01,2022
98-17,2020,420200.0,95800.0,324400.0,NHDRA,2020-01-01,2020
98-18,2022,184800.0,87500.0,96600.0,City Parcel Master,2022-01-01,2022
98-18,2020,184200.0,87600.0,96600.0,NHDRA,2020-01-01,2020
98-19,2022,887900.0,310800.0,576100.0,City Parcel Master,2022-01-01,2022
98-19,2020,731500.0,318800.0,412700.0,NHDRA,2020-01-01,2020
98-20,2022,777000.0,90200.0,663100.0,City Parcel Master,2022-01-01,2022
98-20,2020,777000.0,90200.0,663100.0,NHDRA,2020-01-01,2020
98-21,2022,116800.0,116800.0,0.0,City Parcel Master,2022-01-01,2022
98-21,2020,116800.0,116800.0,0.0,NHDRA,2020-01-01,2020
98-22,2022,813400.0,113100.0,0.0,City Parcel Master,2022-01-01,2022
98-22,2020,813400.0,113100.0,0.0,NHDRA,2020-01-01,2020
98-22-200,2022,48300.0,0.0,48200.0,City Parcel Master,2022-01-01,2022
98-22-200,2020,48000.0,0.0,47900.0,NHDRA,2020-01-01,2020
98-22-300,2022,32600.0,0.0,32400.0,City Parcel Master,2022-01-01,2022
98-22-300,2020,32600.0,0.0,32400.0,NHDRA,2020-01-01,2020
98-22-400,2022,22400.0,0.0,22400.0,City Parcel Master,2022-01-01,2022
98-22-400,2020,22400.0,0.0,22400.0,NHDRA,2020-01-01,2020
98-22-500,2022,46700.0,0.0,46400.0,City Parcel Master,2022-01-01,2022
98-22-500,2020,46700.0,0.0,46400.0,NHDRA,2020-01-01,2020
98-22-600,2022,37200.0,0.0,36900.0,City Parcel Master,2022-01-01,2022
98-22-600,2020,37200.0,0.0,36900.0,NHDRA,2020-01-01,2020
98-22-700,2022,32800.0,0.0,32800.0,City Parcel Master,2022-01-01,2022
98-22-700,2020,34000.0,0.0,34000.0,NHDRA,2020-01-01,2020
98-22-800,2022,27500.0,0.0,27200.0,City Parcel Master,2022-01-01,2022
98-22-800,2020,32600.0,0.0,32400.0,NHDRA,2020-01-01,2020
98-22-900,2022,46900.0,0.0,46900.0,City Parcel Master,2022-01-01,2022
98-22-900,2020,46900.0,0.0,46900.0,NHDRA,2020-01-01,2020
98-22-1000,2022,25100.0,0.0,24700.0,City Parcel Master,2022-01-01,2022
98-22-1000,2020,26300.0,0.0,25900.0,NHDRA,2020-01-01,2020
98-22-1100,2022,45800.0,0.0,45500.0,City Parcel Master,2022-01-01,2022
98-22-1100,2020,45800.0,0.0,45500.0,NHDRA,2020-01-01,2020
98-22-1200,2022,30700.0,0.0,30600.0,City Parcel Master,2022-01-01,2022
98-22-1200,2020,30700.0,0.0,30600.0,NHDRA,2020-01-01,2020
98-22-1300,2022,33300.0,0.0,33100.0,City Parcel Master,2022-01-01,2022
98-22-1300,2020,33300.0,0.0,33100.0,NHDRA,2020-01-01,2020
98-22-1400,2022,64800.0,0.0,64500.0,City Parcel Master,2022-01-01,2022
98-22-1400,2020,64800.0,0.0,64500.0,NHDRA,2020-01-01,2020
98-22-1500,2022,34800.0,0.0,34800.0,City Parcel Master,2022-01-01,2022
98-22-1500,2020,34800.0,0.0,34800.0,NHDRA,2020-01-01,2020
98-22-1600,2022,37400.0,0.0,37000.0,City Parcel Master,2022-01-01,2022
98-22-1600,2020,37400.0,0.0,37000.0,NHDRA,2020-01-01,2020
98-22-1700,2022,40300.0,0.0,40000.0,City Parcel Master,2022-01-01,2022
98-22-1700,2020,40300.0,0.0,40000.0,NHDRA,2020-01-01,2020
98-22-1800,2022,37200.0,0.0,36900.0,City Parcel Master,2022-01-01,2022
98-22-1800,2020,37200.0,0.0,36900.0,NHDRA,2020-01-01,2020
98-22-1900,2022,38600.0,0.0,38600.0,City Parcel Master,2022-01-01,2022
98-22-1900,2020,38600.0,0.0,38600.0,NHDRA,2020-01-01,2020
98-22-2000,2022,51600.0,0.0,51100.0,City Parcel Master,2022-01-01,2022
98-22-2000,2020,51600.0,0.0,51100.0,NHDRA,2020-01-01,2020
98-22-2100,2022,26800.0,0.0,26500.0,City Parcel Master,2022-01-01,2022
98-22-2100,2020,26800.0,0.0,26500.0,NHDRA,2020-01-01,2020
98-22-2200,2022,39300.0,0.0,38900.0,City Parcel Master,2022-01-01,2022
98-22-2200,2020,39300.0,0.0,38900.0,NHDRA,2020-01-01,2020
98-22-2300,2022,34500.0,0.0,34200.0,City Parcel Master,2022-01-01,2022
98-22-2300,2020,34500.0,0.0,34200.0,NHDRA,2020-01-01,2020
98-22-2400,2022,46600.0,0.0,46300.0,City Parcel Master,2022-01-01,2022
98-22-2400,2020,46600.0,0.0,46300.0,NHDRA,2020-01-01,2020
98-22-2500,2022,49000.0,0.0,48600.0,City Parcel Master,2022-01-01,2022
98-22-2500,2020,49000.0,0.0,48600.0,NHDRA,2020-01-01,2020
98-22-2600,2022,45800.0,0.0,45400.0,City Parcel Master,2022-01-01,2022
98-22-2600,2020,46200.0,0.0,45800.0,NHDRA,2020-01-01,2020
98-22-2700,2022,46800.0,0.0,46400.0,City Parcel Master,2022-01-01,2022
98-22-2700,2020,46800.0,0.0,46400.0,NHDRA,2020-01-01,2020
98-22-2800,2022,43800.0,0.0,41300.0,City Parcel Master,2022-01-01,2022
98-22-2800,2020,43800.0,0.0,41300.0,NHDRA,2020-01-01,2020
98-22-2900,2022,36400.0,0.0,36200.0,City Parcel Master,2022-01-01,2022
98-22-2900,2020,36400.0,0.0,36200.0,NHDRA,2020-01-01,2020
98-22-3000,2022,39900.0,0.0,39600.0,City Parcel Master,2022-01-01,2022
98-22-3000,2020,39900.0,0.0,39600.0,NHDRA,2020-01-01,2020
98-22-3200,2022,49000.0,0.0,48600.0,City Parcel Master,2022-01-01,2022
98-22-3200,2020,49000.0,0.0,48600.0,NHDRA,2020-01-01,2020
98-22-3500,2022,38700.0,0.0,38400.0,City Parcel Master,2022-01-01,2022
98-22-3500,2020,38700.0,0.0,38400.0,NHDRA,2020-01-01,2020
98-22-3600,2022,54100.0,0.0,54100.0,City Parcel Master,2022-01-01,2022
98-22-3600,2020,0.0,0.0,0.0,NHDRA,2020-01-01,2020
98-22-3700,2022,35700.0,0.0,35400.0,City Parcel Master,2022-01-01,2022
98-22-3700,2020,35700.0,0.0,35400.0,NHDRA,2020-01-01,2020
98-22-3800,2022,45900.0,0.0,45600.0,City Parcel Master,2022-01-01,2022
98-22-3800,2020,45900.0,0.0,45600.0,NHDRA,2020-01-01,2020
98-22-4000,2022,50300.0,0.0,50300.0,City Parcel Master,2022-01-01,2022
98-22-4000,2020,47400.0,0.0,47400.0,NHDRA,2020-01-01,2020
98-22-4100,2022,46200.0,0.0,45900.0,City Parcel Master,2022-01-01,2022
98-22-4100,2020,46200.0,0.0,45900.0,NHDRA,2020-01-01,2020
98-22-4200,2022,27000.0,0.0,26800.0,City Parcel Master,2022-01-01,2022
98-22-4200,2020,27000.0,0.0,26800.0,NHDRA,2020-01-01,2020
98-23-100,2022,295900.0,125900.0,167600.0,City Parcel Master,2022-01-01,2022
98-23-100,2020,328200.0,126000.0,199800.0,NHDRA,2020-01-01,2020
98-23-200,2022,128400.0,128400.0,0.0,City Parcel Master,2022-01-01,2022
98-23-200,2020,128400.0,128400.0,0.0,NHDRA,2020-01-01,2020
98-24,2022,348200.0,65300.0,281800.0,City Parcel Master,2022-01-01,2022
98-24,2020,65400.0,65400.0,0.0,NHDRA,2020-01-01,2020
98-25,2022,353900.0,106300.0,235800.0,City Parcel Master,2022-01-01,2022
98-25,2020,364500.0,106300.0,246400.0,NHDRA,2020-01-01,2020
98-26,2022,11800.0,10500.0,0.0,City Parcel Master,2022-01-01,2022
98-26,2020,11800.0,10500.0,0.0,NHDRA,2020-01-01,2020
98-27,2022,485300.0,104500.0,370100.0,City Parcel Master,2022-01-01,2022
98-27,2020,485300.0,104500.0,370100.0,NHDRA,2020-01-01,2020
98-28,2022,364700.0,131300.0,232700.0,City Parcel Master,2022-01-01,2022
98-28,2020,359600.0,130800.0,228000.0,NHDRA,2020-01-01,2020
99-1,2022,178700.0,178700.0,0.0,City Parcel Master,2022-01-01,2022
99-1,2020,178700.0,178700.0,0.0,NHDRA,2020-01-01,2020
99-2,2022,784100.0,254400.0,355200.0,City Parcel Master,2022-01-01,2022
99-2,2020,784100.0,254400.0,355200.0,NHDRA,2020-01-01,2020
99-3,2022,388585.0,103085.0,248100.0,City Parcel Master,2022-01-01,2022
99-3,2020,362315.0,102015.0,242700.0,NHDRA,2020-01-01,2020
99-3-100,2022,267900.0,101800.0,155000.0,City Parcel Master,2022-01-01,2022
99-3-100,2020,250000.0,101800.0,137100.0,NHDRA,2020-01-01,2020
99-4,2022,483685.0,104385.0,378100.0,City Parcel Master,2022-01-01,2022
99-4,2020,502885.0,129585.0,369500.0,NHDRA,2020-01-01,2020
99-5,2022,246500.0,85100.0,161400.0,City Parcel Master,2022-01-01,2022
99-5,2020,250700.0,84800.0,165900.0,NHDRA,2020-01-01,2020
99-6,2022,303500.0,88400.0,209500.0,City Parcel Master,2022-01-01,2022
99-6,2020,303500.0,88400.0,209500.0,NHDRA,2020-01-01,2020
99-7,2022,273500.0,92200.0,180100.0,City Parcel Master,2022-01-01,2022
99-7,2020,273500.0,92200.0,180100.0,NHDRA,2020-01-01,2020
99-7-100,2022,4400.0,4400.0,0.0,City Parcel Master,2022-01-01,2022
99-7-100,2020,4400.0,4400.0,0.0,NHDRA,2020-01-01,2020
99-8,2022,683615.0,385615.0,0.0,City Parcel Master,2022-01-01,2022
99-8,2020,683615.0,385615.0,0.0,NHDRA,2020-01-01,2020
99-8-100,2022,73600.0,0.0,73600.0,City Parcel Master,2022-01-01,2022
99-8-100,2020,,,,NHDRA,2020-01-01,2020
99-8-200,2022,66800.0,0.0,66200.0,City Parcel Master,2022-01-01,2022
99-8-200,2020,63900.0,0.0,63900.0,NHDRA,2020-01-01,2020
99-8-300,2022,93300.0,0.0,92900.0,City Parcel Master,2022-01-01,2022
99-8-300,2020,93400.0,0.0,93000.0,NHDRA,2020-01-01,2020
99-8-400,2022,62200.0,0.0,61800.0,City Parcel Master,2022-01-01,2022
99-8-400,2020,62200.0,0.0,61800.0,NHDRA,2020-01-01,2020
99-8-500,2022,64400.0,0.0,64100.0,City Parcel Master,2022-01-01,2022
99-8-500,2020,65000.0,0.0,64700.0,NHDRA,2020-01-01,2020
99-8-600,2022,28800.0,0.0,27800.0,City Parcel Master,2022-01-01,2022
99-8-600,2020,28800.0,0.0,27800.0,NHDRA,2020-01-01,2020
99-8-700,2022,55700.0,0.0,55400.0,City Parcel Master,2022-01-01,2022
99-8-700,2020,55700.0,0.0,55400.0,NHDRA,2020-01-01,2020
99-8-800,2022,75900.0,0.0,75900.0,City Parcel Master,2022-01-01,2022
99-8-800,2020,,,,NHDRA,2020-01-01,2020
99-8-900,2022,66200.0,0.0,66200.0,City Parcel Master,2022-01-01,2022
99-8-900,2020,0.0,0.0,0.0,NHDRA,2020-01-01,2020
99-8-1000,2022,62800.0,0.0,62300.0,City Parcel Master,2022-01-01,2022
99-8-1000,2020,62800.0,0.0,62300.0,NHDRA,2020-01-01,2020
99-8-1100,2022,30900.0,0.0,30900.0,City Parcel Master,2022-01-01,2022
99-8-1100,2020,30900.0,0.0,30900.0,NHDRA,2020-01-01,2020
99-8-1200,2022,31900.0,0.0,31800.0,City Parcel Master,2022-01-01,2022
99-8-1200,2020,33500.0,0.0,33400.0,NHDRA,2020-01-01,2020
99-8-1300,2022,60500.0,0.0,60100.0,City Parcel Master,2022-01-01,2022
99-8-1300,2020,60500.0,0.0,60100.0,NHDRA,2020-01-01,2020
99-8-1400,2022,38200.0,0.0,38200.0,City Parcel Master,2022-01-01,2022
99-8-1400,2020,38200.0,0.0,38200.0,NHDRA,2020-01-01,2020
99-8-1600,2022,67400.0,0.0,67400.0,City Parcel Master,2022-01-01,2022
99-8-1600,2020,60400.0,0.0,60400.0,NHDRA,2020-01-01,2020
99-8-1700,2022,65300.0,0.0,65300.0,City Parcel Master,2022-01-01,2022
99-8-1700,2020,30800.0,0.0,30600.0,NHDRA,2020-01-01,2020
99-8-1800,2022,19800.0,0.0,19500.0,City Parcel Master,2022-01-01,2022
99-8-1800,2020,19800.0,0.0,19500.0,NHDRA,2020-01-01,2020
99-8-1900,2022,61400.0,0.0,61400.0,City Parcel Master,2022-01-01,2022
99-8-1900,2020,61400.0,0.0,61400.0,NHDRA,2020-01-01,2020
99-8-2000,2022,43300.0,0.0,43300.0,City Parcel Master,2022-01-01,2022
99-8-2000,2020,45800.0,0.0,45400.0,NHDRA,2020-01-01,2020
101-1,2022,10522400.0,6992900.0,3333000.0,City Parcel Master,2022-01-01,2022
101-1,2020,10515700.0,6992900.0,3326300.0,NHDRA,2020-01-01,2020
101-2,2022,17730100.0,9109400.0,3191100.0,City Parcel Master,2022-01-01,2022
101-2,2020,17832900.0,9109400.0,3293900.0,NHDRA,2020-01-01,2020
101-2-100,2022,430600.0,0.0,0.0,City Parcel Master,2022-01-01,2022
101-2-100,2020,430600.0,0.0,0.0,NHDRA,2020-01-01,2020
101-5,2022,502600.0,233700.0,254900.0,City Parcel Master,2022-01-01,2022
101-5,2020,502700.0,233800.0,254900.0,NHDRA,2020-01-01,2020
101-9,2022,330200.0,80300.0,242100.0,City Parcel Master,2022-01-01,2022
101-9,2020,330300.0,80400.0,242100.0,NHDRA,2020-01-01,2020
101-10,2022,241200.0,71500.0,166900.0,City Parcel Master,2022-01-01,2022
101-10,2020,241200.0,71500.0,166900.0,NHDRA,2020-01-01,2020
101-11,2022,268300.0,84100.0,170900.0,City Parcel Master,2022-01-01,2022
101-11,2020,268300.0,84100.0,170900.0,NHDRA,2020-01-01,2020
101-12,2022,313000.0,105700.0,199400.0,City Parcel Master,2022-01-01,2022
101-12,2020,313000.0,105700.0,199400.0,NHDRA,2020-01-01,2020
101-13,2022,458200.0,103500.0,291800.0,City Parcel Master,2022-01-01,2022
101-13,2020,438200.0,103500.0,291800.0,NHDRA,2020-01-01,2020
101-14,2022,307600.0,103600.0,196600.0,City Parcel Master,2022-01-01,2022
101-14,2020,307600.0,103600.0,196600.0,NHDRA,2020-01-01,2020
101-15,2022,262000.0,85000.0,176500.0,City Parcel Master,2022-01-01,2022
101-15,2020,261900.0,84900.0,176500.0,NHDRA,2020-01-01,2020
101-16,2022,436500.0,90300.0,345600.0,City Parcel Master,2022-01-01,2022
101-16,2020,429400.0,90300.0,338900.0,NHDRA,2020-01-01,2020
101-17,2022,249200.0,114300.0,119100.0,City Parcel Master,2022-01-01,2022
101-17,2020,249100.0,114200.0,119100.0,NHDRA,2020-01-01,2020
101-18-100,2022,334500.0,76800.0,239300.0,City Parcel Master,2022-01-01,2022
101-18-100,2020,318100.0,76800.0,232400.0,NHDRA,2020-01-01,2020
101-18-200,2022,323200.0,71300.0,251900.0,City Parcel Master,2022-01-01,2022
101-18-200,2020,323300.0,71400.0,251900.0,NHDRA,2020-01-01,2020
101-19,2022,302600.0,70500.0,221700.0,City Parcel Master,2022-01-01,2022
101-19,2020,302600.0,70500.0,221700.0,NHDRA,2020-01-01,2020
101-20,2022,5596100.0,3376100.0,2124900.0,City Parcel Master,2022-01-01,2022
101-20,2020,5596100.0,3376100.0,2124900.0,NHDRA,2020-01-01,2020
101-20-200,2022,1368155.0,0.0,1368155.0,City Parcel Master,2022-01-01,2022
101-20-200,2020,731707.0,0.0,727507.0,NHDRA,2020-01-01,2020
101-21,2022,248100.0,74700.0,173400.0,City Parcel Master,2022-01-01,2022
101-21,2020,256400.0,83000.0,173400.0,NHDRA,2020-01-01,2020
101-22,2022,245300.0,67300.0,177200.0,City Parcel Master,2022-01-01,2022
101-22,2020,245200.0,67200.0,177200.0,NHDRA,2020-01-01,2020
101-23,2022,241600.0,66800.0,174800.0,City Parcel Master,2022-01-01,2022
101-23,2020,227500.0,66800.0,160700.0,NHDRA,2020-01-01,2020
101-25,2022,249400.0,76800.0,172600.0,City Parcel Master,2022-01-01,2022
101-25,2020,249300.0,76700.0,172600.0,NHDRA,2020-01-01,2020
101-26,2022,87400.0,87400.0,0.0,City Parcel Master,2022-01-01,2022
101-26,2020,87300.0,87300.0,0.0,NHDRA,2020-01-01,2020
101-27,2022,547200.0,231100.0,310300.0,City Parcel Master,2022-01-01,2022
101-27,2020,790900.0,462000.0,323100.0,NHDRA,2020-01-01,2020
101-28,2022,926200.0,281200.0,627100.0,City Parcel Master,2022-01-01,2022
101-28,2020,926200.0,281200.0,627100.0,NHDRA,2020-01-01,2020
101-29,2022,295900.0,88800.0,205100.0,City Parcel Master,2022-01-01,2022
101-29,2020,291800.0,88700.0,201100.0,NHDRA,2020-01-01,2020
101-30,2022,281600.0,111800.0,162600.0,City Parcel Master,2022-01-01,2022
101-30,2020,281700.0,111900.0,162600.0,NHDRA,2020-01-01,2020
101-31,2022,647400.0,267400.0,366000.0,City Parcel Master,2022-01-01,2022
101-31,2020,647500.0,267500.0,366000.0,NHDRA,2020-01-01,2020
101-33,2022,311100.0,311100.0,0.0,City Parcel Master,2022-01-01,2022
101-33,2020,311100.0,311100.0,0.0,NHDRA,2020-01-01,2020
101-36,2022,1462500.0,405000.0,764500.0,City Parcel Master,2022-01-01,2022
101-36,2020,1462500.0,405000.0,764500.0,NHDRA,2020-01-01,2020
101-37,2022,5607400.0,2396100.0,3099400.0,City Parcel Master,2022-01-01,2022
101-37,2020,5607400.0,2396100.0,3099400.0,NHDRA,2020-01-01,2020
101-38,2022,682300.0,145200.0,521800.0,City Parcel Master,2022-01-01,2022
101-38,2020,682400.0,145300.0,521800.0,NHDRA,2020-01-01,2020
102-1,2022,196100.0,81300.0,114500.0,City Parcel Master,2022-01-01,2022
102-1,2020,196000.0,81200.0,114500.0,NHDRA,2020-01-01,2020
102-2,2022,206900.0,103200.0,99000.0,City Parcel Master,2022-01-01,2022
102-2,2020,198500.0,103000.0,90800.0,NHDRA,2020-01-01,2020
102-3,2022,175700.0,61300.0,114400.0,City Parcel Master,2022-01-01,2022
102-3,2020,175700.0,61300.0,114400.0,NHDRA,2020-01-01,2020
102-4,2022,495500.0,327400.0,168100.0,City Parcel Master,2022-01-01,2022
102-4,2020,575600.0,384900.0,190700.0,NHDRA,2020-01-01,2020
102-5,2022,1552200.0,983600.0,556100.0,City Parcel Master,2022-01-01,2022
102-5,2020,1732500.0,984400.0,735600.0,NHDRA,2020-01-01,2020
102-6,2022,258900.0,80800.0,167400.0,City Parcel Master,2022-01-01,2022
102-6,2020,256800.0,80800.0,165300.0,NHDRA,2020-01-01,2020
102-8,2022,303700.0,108300.0,194900.0,City Parcel Master,2022-01-01,2022
102-8,2020,296600.0,108300.0,187800.0,NHDRA,2020-01-01,2020
102-9,2022,277800.0,86900.0,190900.0,City Parcel Master,2022-01-01,2022
102-9,2020,277800.0,86900.0,190900.0,NHDRA,2020-01-01,2020
102-10,2022,213000.0,74500.0,138100.0,City Parcel Master,2022-01-01,2022
102-10,2020,213000.0,74500.0,138100.0,NHDRA,2020-01-01,2020
102-11,2022,230300.0,69200.0,150400.0,City Parcel Master,2022-01-01,2022
102-11,2020,230300.0,69200.0,150400.0,NHDRA,2020-01-01,2020
102-12-1,2022,239100.0,0.0,239100.0,City Parcel Master,2022-01-01,2022
102-12-1,2020,239100.0,0.0,239100.0,NHDRA,2020-01-01,2020
102-12-2,2022,238000.0,0.0,238000.0,City Parcel Master,2022-01-01,2022
102-12-2,2020,238000.0,0.0,238000.0,NHDRA,2020-01-01,2020
102-12-3,2022,241400.0,0.0,241400.0,City Parcel Master,2022-01-01,2022
102-12-3,2020,241400.0,0.0,241400.0,NHDRA,2020-01-01,2020
102-12-4,2022,15000.0,15000.0,0.0,City Parcel Master,2022-01-01,2022
102-12-4,2020,15000.0,0.0,0.0,NHDRA,2020-01-01,2020
102-12-5,2022,187500.0,0.0,187500.0,City Parcel Master,2022-01-01,2022
102-12-5,2020,187500.0,0.0,187500.0,NHDRA,2020-01-01,2020
102-12-6,2022,187500.0,0.0,187500.0,City Parcel Master,2022-01-01,2022
102-12-6,2020,187500.0,0.0,187500.0,NHDRA,2020-01-01,2020
102-12-7,2022,186600.0,0.0,186600.0,City Parcel Master,2022-01-01,2022
102-12-7,2020,186600.0,0.0,186600.0,NHDRA,2020-01-01,2020
102-12-8,2022,185100.0,0.0,185100.0,City Parcel Master,2022-01-01,2022
102-12-8,2020,185100.0,0.0,185100.0,NHDRA,2020-01-01,2020
102-12-9,2022,200000.0,0.0,200000.0,City Parcel Master,2022-01-01,2022
102-12-9,2020,200000.0,0.0,200000.0,NHDRA,2020-01-01,2020
102-12-10,2022,229100.0,0.0,229100.0,City Parcel Master,2022-01-01,2022
102-12-10,2020,229100.0,0.0,229100.0,NHDRA,2020-01-01,2020
102-12-11,2022,15000.0,15000.0,0.0,City Parcel Master,2022-01-01,2022
102-12-11,2020,15000.0,0.0,0.0,NHDRA,2020-01-01,2020
102-12-12,2022,233800.0,0.0,233800.0,City Parcel Master,2022-01-01,2022
102-12-12,2020,233800.0,0.0,233800.0,NHDRA,2020-01-01,2020
102-12-13,2022,212800.0,0.0,212800.0,City Parcel Master,2022-01-01,2022
102-12-13,2020,212800.0,0.0,212800.0,NHDRA,2020-01-01,2020
102-12-14,2022,208200.0,0.0,208200.0,City Parcel Master,2022-01-01,2022
102-12-14,2020,208200.0,0.0,208200.0,NHDRA,2020-01-01,2020
102-12-15,2022,256400.0,0.0,241400.0,City Parcel Master,2022-01-01,2022
102-12-15,2020,241400.0,0.0,241400.0,NHDRA,2020-01-01,2020
102-12-16,2022,15000.0,15000.0,0.0,City Parcel Master,2022-01-01,2022
102-12-16,2020,15000.0,0.0,0.0,NHDRA,2020-01-01,2020
102-12-17,2022,15000.0,15000.0,0.0,City Parcel Master,2022-01-01,2022
102-12-17,2020,15000.0,0.0,0.0,NHDRA,2020-01-01,2020
102-12-18,2022,15000.0,15000.0,0.0,City Parcel Master,2022-01-01,2022
102-12-18,2020,15000.0,0.0,0.0,NHDRA,2020-01-01,2020
102-12-19,2022,15000.0,15000.0,0.0,City Parcel Master,2022-01-01,2022
102-12-19,2020,15000.0,0.0,0.0,NHDRA,2020-01-01,2020
102-12-20,2022,15000.0,15000.0,0.0,City Parcel Master,2022-01-01,2022
102-12-20,2020,15000.0,0.0,0.0,NHDRA,2020-01-01,2020
102-12-21,2022,15000.0,15000.0,0.0,City Parcel Master,2022-01-01,2022
102-12-21,2020,15000.0,0.0,0.0,NHDRA,2020-01-01,2020
102-12-22,2022,15000.0,0.0,0.0,City Parcel Master,2022-01-01,2022
102-12-22,2020,15000.0,0.0,0.0,NHDRA,2020-01-01,2020
102-12-23,2022,15000.0,15000.0,0.0,City Parcel Master,2022-01-01,2022
102-12-23,2020,15000.0,0.0,0.0,NHDRA,2020-01-01,2020
102-12-24,2022,15000.0,15000.0,0.0,City Parcel Master,2022-01-01,2022
102-12-24,2020,15000.0,0.0,0.0,NHDRA,2020-01-01,2020
102-12-25,2022,15000.0,15000.0,0.0,City Parcel Master,2022-01-01,2022
102-12-25,2020,15000.0,0.0,0.0,NHDRA,2020-01-01,2020
102-12-26,2022,15000.0,15000.0,0.0,City Parcel Master,2022-01-01,2022
102-12-26,2020,15000.0,0.0,0.0,NHDRA,2020-01-01,2020
102-12-27,2022,15000.0,15000.0,0.0,City Parcel Master,2022-01-01,2022
102-12-27,2020,15000.0,0.0,0.0,NHDRA,2020-01-01,2020
102-12-28,2022,15000.0,15000.0,0.0,City Parcel Master,2022-01-01,2022
102-12-28,2020,15000.0,0.0,0.0,NHDRA,2020-01-01,2020
102-12-29,2022,15000.0,15000.0,0.0,City Parcel Master,2022-01-01,2022
102-12-29,2020,15000.0,0.0,0.0,NHDRA,2020-01-01,2020
102-12-30,2022,195300.0,0.0,195300.0,City Parcel Master,2022-01-01,2022
102-12-30,2020,195300.0,0.0,195300.0,NHDRA,2020-01-01,2020
102-12-31,2022,195700.0,0.0,195700.0,City Parcel Master,2022-01-01,2022
102-12-31,2020,195700.0,0.0,195700.0,NHDRA,2020-01-01,2020
102-12-32,2022,244200.0,0.0,244200.0,City Parcel Master,2022-01-01,2022
102-12-32,2020,244200.0,0.0,244200.0,NHDRA,2020-01-01,2020
102-12-33,2022,188700.0,0.0,158000.0,City Parcel Master,2022-01-01,2022
102-12-33,2020,179300.0,0.0,158000.0,NHDRA,2020-01-01,2020
102-13,2022,473100.0,263100.0,195900.0,City Parcel Master,2022-01-01,2022
102-13,2020,473100.0,263100.0,195900.0,NHDRA,2020-01-01,2020
102-14,2022,243100.0,87700.0,155000.0,City Parcel Master,2022-01-01,2022
102-14,2020,243000.0,87600.0,155000.0,NHDRA,2020-01-01,2020
102-15,2022,262600.0,87700.0,174900.0,City Parcel Master,2022-01-01,2022
102-15,2020,262500.0,87600.0,174900.0,NHDRA,2020-01-01,2020
102-16,2022,295900.0,88600.0,207000.0,City Parcel Master,2022-01-01,2022
102-16,2020,295800.0,88500.0,207000.0,NHDRA,2020-01-01,2020
102-17,2022,409100.0,104500.0,296800.0,City Parcel Master,2022-01-01,2022
102-17,2020,412400.0,104300.0,300300.0,NHDRA,2020-01-01,2020
102-19,2022,295800.0,108100.0,187700.0,City Parcel Master,2022-01-01,2022
102-19,2020,295800.0,108100.0,187700.0,NHDRA,2020-01-01,2020
102-20,2022,460800.0,114700.0,346100.0,City Parcel Master,2022-01-01,2022
102-20,2020,461000.0,114900.0,346100.0,NHDRA,2020-01-01,2020
102-21,2022,307000.0,102800.0,196600.0,City Parcel Master,2022-01-01,2022
102-21,2020,306900.0,102700.0,196600.0,NHDRA,2020-01-01,2020
102-22,2022,267900.0,88600.0,169100.0,City Parcel Master,2022-01-01,2022
102-22,2020,267800.0,88500.0,169100.0,NHDRA,2020-01-01,2020
102-23,2022,333600.0,88600.0,244500.0,City Parcel Master,2022-01-01,2022
102-23,2020,328400.0,88500.0,239400.0,NHDRA,2020-01-01,2020
102-24,2022,289100.0,89400.0,199300.0,City Parcel Master,2022-01-01,2022
102-24,2020,288200.0,89400.0,198400.0,NHDRA,2020-01-01,2020
102-25,2022,273700.0,91700.0,181100.0,City Parcel Master,2022-01-01,2022
102-25,2020,273700.0,91700.0,181100.0,NHDRA,2020-01-01,2020
102-25-100,2022,482500.0,81500.0,399600.0,City Parcel Master,2022-01-01,2022
102-25-100,2020,482500.0,81500.0,399600.0,NHDRA,2020-01-01,2020
102-26,2022,363100.0,93400.0,268000.0,City Parcel Master,2022-01-01,2022
102-26,2020,363200.0,93500.0,268000.0,NHDRA,2020-01-01,2020
102-27,2022,330000.0,94000.0,235400.0,City Parcel Master,2022-01-01,2022
102-27,2020,330000.0,94000.0,235400.0,NHDRA,2020-01-01,2020
102-28,2022,335700.0,112100.0,223200.0,City Parcel Master,2022-01-01,2022
102-28,2020,334800.0,112300.0,222100.0,NHDRA,2020-01-01,2020
102-29,2022,296100.0,91200.0,204400.0,City Parcel Master,2022-01-01,2022
102-29,2020,296200.0,91300.0,204400.0,NHDRA,2020-01-01,2020
102-30,2022,311300.0,86800.0,224500.0,City Parcel Master,2022-01-01,2022
102-30,2020,311200.0,86700.0,224500.0,NHDRA,2020-01-01,2020
102-31,2022,318600.0,85000.0,232500.0,City Parcel Master,2022-01-01,2022
102-31,2020,318500.0,84900.0,232500.0,NHDRA,2020-01-01,2020
102-32,2022,346900.0,91200.0,254800.0,City Parcel Master,2022-01-01,2022
102-32,2020,381000.0,91300.0,288900.0,NHDRA,2020-01-01,2020
102-33,2022,298100.0,85000.0,213100.0,City Parcel Master,2022-01-01,2022
102-33,2020,298000.0,84900.0,213100.0,NHDRA,2020-01-01,2020
102-34,2022,309200.0,78100.0,231100.0,City Parcel Master,2022-01-01,2022
102-34,2020,306300.0,78100.0,228200.0,NHDRA,2020-01-01,2020
102-35,2022,379300.0,88600.0,272600.0,City Parcel Master,2022-01-01,2022
102-35,2020,379200.0,88500.0,272600.0,NHDRA,2020-01-01,2020
102-36,2022,295900.0,81500.0,214000.0,City Parcel Master,2022-01-01,2022
102-36,2020,295900.0,81500.0,214000.0,NHDRA,2020-01-01,2020
102-37,2022,286900.0,69200.0,207500.0,City Parcel Master,2022-01-01,2022
102-37,2020,286900.0,69200.0,207500.0,NHDRA,2020-01-01,2020
102-38,2022,306100.0,70000.0,236100.0,City Parcel Master,2022-01-01,2022
102-38,2020,304500.0,70000.0,234500.0,NHDRA,2020-01-01,2020
102-39,2022,2290600.0,563800.0,1700200.0,City Parcel Master,2022-01-01,2022
102-39,2020,2290600.0,563800.0,1700200.0,NHDRA,2020-01-01,2020
102-40,2022,398000.0,69200.0,328500.0,City Parcel Master,2022-01-01,2022
102-40,2020,398000.0,69200.0,328500.0,NHDRA,2020-01-01,2020
102-41,2022,352900.0,81500.0,271400.0,City Parcel Master,2022-01-01,2022
102-41,2020,352900.0,81500.0,271400.0,NHDRA,2020-01-01,2020
102-42,2022,287900.0,83200.0,204700.0,City Parcel Master,2022-01-01,2022
102-42,2020,288000.0,83300.0,204700.0,NHDRA,2020-01-01,2020
102-44,2022,290400.0,81500.0,208900.0,City Parcel Master,2022-01-01,2022
102-44,2020,278400.0,81500.0,196900.0,NHDRA,2020-01-01,2020
102-45,2022,305000.0,82300.0,222000.0,City Parcel Master,2022-01-01,2022
102-45,2020,305100.0,82400.0,222000.0,NHDRA,2020-01-01,2020
102-46,2022,306700.0,83200.0,219100.0,City Parcel Master,2022-01-01,2022
102-46,2020,299500.0,83300.0,211800.0,NHDRA,2020-01-01,2020
102-47,2022,315600.0,83200.0,232400.0,City Parcel Master,2022-01-01,2022
102-47,2020,315700.0,83300.0,232400.0,NHDRA,2020-01-01,2020
102-48,2022,289600.0,81500.0,208100.0,City Parcel Master,2022-01-01,2022
102-48,2020,284500.0,81500.0,203000.0,NHDRA,2020-01-01,2020
102-49,2022,316500.0,69200.0,247300.0,City Parcel Master,2022-01-01,2022
102-49,2020,316500.0,69200.0,247300.0,NHDRA,2020-01-01,2020
102-50,2022,372400.0,123200.0,244100.0,City Parcel Master,2022-01-01,2022
102-50,2020,372400.0,123200.0,244100.0,NHDRA,2020-01-01,2020
102-53,2022,562100.0,99800.0,462000.0,City Parcel Master,2022-01-01,2022
102-53,2020,562100.0,99800.0,462000.0,NHDRA,2020-01-01,2020
102-54,2022,309900.0,100500.0,208700.0,City Parcel Master,2022-01-01,2022
102-54,2020,298000.0,100500.0,196800.0,NHDRA,2020-01-01,2020
102-54-200,2022,688000.0,144400.0,543600.0,City Parcel Master,2022-01-01,2022
102-54-200,2020,700600.0,144400.0,556200.0,NHDRA,2020-01-01,2020
102-55,2022,485400.0,122300.0,325900.0,City Parcel Master,2022-01-01,2022
102-55,2020,485400.0,122300.0,325900.0,NHDRA,2020-01-01,2020
102-57,2022,707300.0,105300.0,568300.0,City Parcel Master,2022-01-01,2022
102-57,2020,707300.0,105300.0,568300.0,NHDRA,2020-01-01,2020
102-58,2022,29700.0,29700.0,0.0,City Parcel Master,2022-01-01,2022
102-58,2020,29700.0,29700.0,0.0,NHDRA,2020-01-01,2020
102-59,2022,26400.0,26400.0,0.0,City Parcel Master,2022-01-01,2022
102-59,2020,26400.0,26400.0,0.0,NHDRA,2020-01-01,2020
102-60,2022,2408300.0,287000.0,0.0,City Parcel Master,2022-01-01,2022
102-60,2020,325700.0,287000.0,0.0,NHDRA,2020-01-01,2020
102-61,2022,5700.0,5700.0,0.0,City Parcel Master,2022-01-01,2022
102-61,2020,5700.0,5700.0,0.0,NHDRA,2020-01-01,2020
102-62,2022,3500.0,3500.0,0.0,City Parcel Master,2022-01-01,2022
102-62,2020,3500.0,3500.0,0.0,NHDRA,2020-01-01,2020
103-1,2022,139800.0,120500.0,0.0,City Parcel Master,2022-01-01,2022
103-1,2020,139800.0,120500.0,0.0,NHDRA,2020-01-01,2020
103-2,2022,1114900.0,830900.0,181800.0,City Parcel Master,2022-01-01,2022
103-2,2020,1114900.0,830900.0,181800.0,NHDRA,2020-01-01,2020
103-3,2022,4566700.0,1695900.0,2768100.0,City Parcel Master,2022-01-01,2022
103-3,2020,4566700.0,1695900.0,2768100.0,NHDRA,2020-01-01,2020
103-4,2022,1053900.0,694500.0,338400.0,City Parcel Master,2022-01-01,2022
103-4,2020,1054300.0,694900.0,338400.0,NHDRA,2020-01-01,2020
103-6,2022,10067900.0,4773900.0,4779600.0,City Parcel Master,2022-01-01,2022
103-6,2020,10067900.0,4773900.0,4779600.0,NHDRA,2020-01-01,2020
103-8,2022,4114800.0,2553400.0,1374900.0,City Parcel Master,2022-01-01,2022
103-8,2020,5285400.0,2553400.0,2545500.0,NHDRA,2020-01-01,2020
103-8-100,2022,751400.0,457300.0,175300.0,City Parcel Master,2022-01-01,2022
103-8-100,2020,751600.0,457500.0,175300.0,NHDRA,2020-01-01,2020
103-9,2022,2524700.0,1212100.0,1197000.0,City Parcel Master,2022-01-01,2022
103-9,2020,2524700.0,1212100.0,1197000.0,NHDRA,2020-01-01,2020
103-10,2022,772700.0,399800.0,212400.0,City Parcel Master,2022-01-01,2022
103-10,2020,772900.0,400000.0,212400.0,NHDRA,2020-01-01,2020
103-11,2022,4252900.0,1652000.0,2555400.0,City Parcel Master,2022-01-01,2022
103-11,2020,3896800.0,1652000.0,2126700.0,NHDRA,2020-01-01,2020
103-12,2022,937900.0,456600.0,456800.0,City Parcel Master,2022-01-01,2022
103-12,2020,937800.0,456500.0,456800.0,NHDRA,2020-01-01,2020
103-13,2022,2077000.0,826000.0,1212800.0,City Parcel Master,2022-01-01,2022
103-13,2020,2077000.0,826000.0,1212800.0,NHDRA,2020-01-01,2020
103-14,2022,41521700.0,1837700.0,820600.0,City Parcel Master,2022-01-01,2022
103-14,2020,45780200.0,1837700.0,918000.0,NHDRA,2020-01-01,2020
103-15,2022,3943200.0,1715500.0,2097300.0,City Parcel Master,2022-01-01,2022
103-15,2020,3344700.0,1715500.0,1498500.0,NHDRA,2020-01-01,2020
103-16,2022,861700.0,391800.0,439300.0,City Parcel Master,2022-01-01,2022
103-16,2020,865700.0,391800.0,443300.0,NHDRA,2020-01-01,2020
104-1,2022,761200.0,466200.0,244800.0,City Parcel Master,2022-01-01,2022
104-1,2020,761000.0,466000.0,244800.0,NHDRA,2020-01-01,2020
104-2,2022,10694700.0,5234700.0,4944200.0,City Parcel Master,2022-01-01,2022
104-2,2020,10640200.0,5234700.0,4889700.0,NHDRA,2020-01-01,2020
104-5,2022,2392400.0,808200.0,1344100.0,City Parcel Master,2022-01-01,2022
104-5,2020,2358700.0,792400.0,1326200.0,NHDRA,2020-01-01,2020
104-6,2022,503800.0,352600.0,120700.0,City Parcel Master,2022-01-01,2022
104-6,2020,503600.0,352400.0,120700.0,NHDRA,2020-01-01,2020
104-7,2022,482800.0,315200.0,163900.0,City Parcel Master,2022-01-01,2022
104-7,2020,482900.0,315300.0,163900.0,NHDRA,2020-01-01,2020
104-8,2022,329900.0,266100.0,52400.0,City Parcel Master,2022-01-01,2022
104-8,2020,329800.0,266000.0,52400.0,NHDRA,2020-01-01,2020
104-9,2022,608600.0,379400.0,218400.0,City Parcel Master,2022-01-01,2022
104-9,2020,608600.0,379400.0,218400.0,NHDRA,2020-01-01,2020
104-10,2022,436200.0,118700.0,317100.0,City Parcel Master,2022-01-01,2022
104-10,2020,436200.0,118700.0,317100.0,NHDRA,2020-01-01,2020
104-11,2022,346400.0,118700.0,227200.0,City Parcel Master,2022-01-01,2022
104-11,2020,346600.0,118900.0,227200.0,NHDRA,2020-01-01,2020
105-1,2022,464900.0,125400.0,339500.0,City Parcel Master,2022-01-01,2022
105-1,2020,465100.0,125600.0,339500.0,NHDRA,2020-01-01,2020
105-2,2022,599200.0,126600.0,449100.0,City Parcel Master,2022-01-01,2022
105-2,2020,577200.0,126600.0,449100.0,NHDRA,2020-01-01,2020
105-3,2022,1387900.0,300500.0,1013300.0,City Parcel Master,2022-01-01,2022
105-3,2020,1603000.0,300500.0,1228400.0,NHDRA,2020-01-01,2020
105-4,2022,645200.0,275000.0,350900.0,City Parcel Master,2022-01-01,2022
105-4,2020,645200.0,275000.0,350900.0,NHDRA,2020-01-01,2020
105-5,2022,1809800.0,1054700.0,618100.0,City Parcel Master,2022-01-01,2022
105-5,2020,1809800.0,1054700.0,618100.0,NHDRA,2020-01-01,2020
105-6,2022,288000.0,74400.0,204700.0,City Parcel Master,2022-01-01,2022
105-6,2020,288100.0,74500.0,204700.0,NHDRA,2020-01-01,2020
105-7,2022,617200.0,88500.0,521500.0,City Parcel Master,2022-01-01,2022
105-7,2020,465100.0,88500.0,369400.0,NHDRA,2020-01-01,2020
105-8,2022,431300.0,72500.0,349800.0,City Parcel Master,2022-01-01,2022
105-8,2020,431400.0,72600.0,349800.0,NHDRA,2020-01-01,2020
105-9-101,2022,167500.0,0.0,167500.0,City Parcel Master,2022-01-01,2022
105-9-101,2020,167500.0,0.0,167500.0,NHDRA,2020-01-01,2020
105-9-201,2022,157200.0,0.0,157200.0,City Parcel Master,2022-01-01,2022
105-9-201,2020,157200.0,0.0,157200.0,NHDRA,2020-01-01,2020
105-9-301,2022,144200.0,0.0,144200.0,City Parcel Master,2022-01-01,2022
105-9-301,2020,144200.0,0.0,144200.0,NHDRA,2020-01-01,2020
105-9-401,2022,148900.0,0.0,148900.0,City Parcel Master,2022-01-01,2022
105-9-401,2020,148900.0,0.0,148900.0,NHDRA,2020-01-01,2020
105-9-501,2022,146900.0,0.0,146900.0,City Parcel Master,2022-01-01,2022
105-9-501,2020,146900.0,0.0,146900.0,NHDRA,2020-01-01,2020
105-9-601,2022,144200.0,0.0,144200.0,City Parcel Master,2022-01-01,2022
105-9-601,2020,144200.0,0.0,144200.0,NHDRA,2020-01-01,2020
105-9-701,2022,158600.0,0.0,158600.0,City Parcel Master,2022-01-01,2022
105-9-701,2020,158600.0,0.0,158600.0,NHDRA,2020-01-01,2020
105-9-801,2022,157200.0,0.0,157200.0,City Parcel Master,2022-01-01,2022
105-9-801,2020,157200.0,0.0,157200.0,NHDRA,2020-01-01,2020
105-9-902,2022,164500.0,0.0,164500.0,City Parcel Master,2022-01-01,2022
105-9-902,2020,164500.0,0.0,164500.0,NHDRA,2020-01-01,2020
105-9-1002,2022,160100.0,0.0,160100.0,City Parcel Master,2022-01-01,2022
105-9-1002,2020,160100.0,0.0,160100.0,NHDRA,2020-01-01,2020
105-9-1102,2022,145500.0,0.0,145500.0,City Parcel Master,2022-01-01,2022
105-9-1102,2020,144200.0,0.0,144200.0,NHDRA,2020-01-01,2020
105-9-1202,2022,144200.0,0.0,144200.0,City Parcel Master,2022-01-01,2022
105-9-1202,2020,144200.0,0.0,144200.0,NHDRA,2020-01-01,2020
105-9-1302,2022,144200.0,0.0,144200.0,City Parcel Master,2022-01-01,2022
105-9-1302,2020,144200.0,0.0,144200.0,NHDRA,2020-01-01,2020
105-9-1402,2022,145500.0,0.0,145500.0,City Parcel Master,2022-01-01,2022
105-9-1402,2020,145500.0,0.0,145500.0,NHDRA,2020-01-01,2020
105-9-1502,2022,170800.0,0.0,170800.0,City Parcel Master,2022-01-01,2022
105-9-1502,2020,170800.0,0.0,170800.0,NHDRA,2020-01-01,2020
105-9-1602,2022,157200.0,0.0,157200.0,City Parcel Master,2022-01-01,2022
105-9-1602,2020,157200.0,0.0,157200.0,NHDRA,2020-01-01,2020
105-9-1703,2022,157200.0,0.0,157200.0,City Parcel Master,2022-01-01,2022
105-9-1703,2020,157200.0,0.0,157200.0,NHDRA,2020-01-01,2020
105-9-1803,2022,162500.0,0.0,162500.0,City Parcel Master,2022-01-01,2022
105-9-1803,2020,162500.0,0.0,162500.0,NHDRA,2020-01-01,2020
105-9-1903,2022,144200.0,0.0,144200.0,City Parcel Master,2022-01-01,2022
105-9-1903,2020,144200.0,0.0,144200.0,NHDRA,2020-01-01,2020
105-9-2003,2022,144200.0,0.0,144200.0,City Parcel Master,2022-01-01,2022
105-9-2003,2020,144200.0,0.0,144200.0,NHDRA,2020-01-01,2020
105-9-2103,2022,144200.0,0.0,144200.0,City Parcel Master,2022-01-01,2022
105-9-2103,2020,144200.0,0.0,144200.0,NHDRA,2020-01-01,2020
105-9-2203,2022,145500.0,0.0,145500.0,City Parcel Master,2022-01-01,2022
105-9-2203,2020,145500.0,0.0,145500.0,NHDRA,2020-01-01,2020
105-9-2303,2022,170800.0,0.0,170800.0,City Parcel Master,2022-01-01,2022
105-9-2303,2020,170800.0,0.0,170800.0,NHDRA,2020-01-01,2020
105-9-2403,2022,158600.0,0.0,158600.0,City Parcel Master,2022-01-01,2022
105-9-2403,2020,158600.0,0.0,158600.0,NHDRA,2020-01-01,2020
105-9-2504,2022,160100.0,0.0,160100.0,City Parcel Master,2022-01-01,2022
105-9-2504,2020,160100.0,0.0,160100.0,NHDRA,2020-01-01,2020
105-9-2604,2022,157200.0,0.0,157200.0,City Parcel Master,2022-01-01,2022
105-9-2604,2020,157200.0,0.0,157200.0,NHDRA,2020-01-01,2020
105-9-2704,2022,144200.0,0.0,144200.0,City Parcel Master,2022-01-01,2022
105-9-2704,2020,144200.0,0.0,144200.0,NHDRA,2020-01-01,2020
105-9-2804,2022,144200.0,0.0,144200.0,City Parcel Master,2022-01-01,2022
105-9-2804,2020,144200.0,0.0,144200.0,NHDRA,2020-01-01,2020
105-9-2904,2022,144200.0,0.0,144200.0,City Parcel Master,2022-01-01,2022
105-9-2904,2020,144200.0,0.0,144200.0,NHDRA,2020-01-01,2020
105-9-3004,2022,144200.0,0.0,144200.0,City Parcel Master,2022-01-01,2022
105-9-3004,2020,144200.0,0.0,144200.0,NHDRA,2020-01-01,2020
105-9-3104,2022,158600.0,0.0,158600.0,City Parcel Master,2022-01-01,2022
105-9-3104,2020,158600.0,0.0,158600.0,NHDRA,2020-01-01,2020
105-9-3204,2022,160100.0,0.0,160100.0,City Parcel Master,2022-01-01,2022
105-9-3204,2020,160100.0,0.0,160100.0,NHDRA,2020-01-01,2020
105-9-3305,2022,157200.0,0.0,157200.0,City Parcel Master,2022-01-01,2022
105-9-3305,2020,157200.0,0.0,157200.0,NHDRA,2020-01-01,2020
105-9-3405,2022,160100.0,0.0,160100.0,City Parcel Master,2022-01-01,2022
105-9-3405,2020,160100.0,0.0,160100.0,NHDRA,2020-01-01,2020
105-9-3505,2022,146900.0,0.0,146900.0,City Parcel Master,2022-01-01,2022
105-9-3505,2020,146900.0,0.0,146900.0,NHDRA,2020-01-01,2020
105-9-3605,2022,144200.0,0.0,144200.0,City Parcel Master,2022-01-01,2022
105-9-3605,2020,144200.0,0.0,144200.0,NHDRA,2020-01-01,2020
105-9-3705,2022,144200.0,0.0,144200.0,City Parcel Master,2022-01-01,2022
105-9-3705,2020,144200.0,0.0,144200.0,NHDRA,2020-01-01,2020
105-9-3805,2022,145500.0,0.0,145500.0,City Parcel Master,2022-01-01,2022
105-9-3805,2020,145500.0,0.0,145500.0,NHDRA,2020-01-01,2020
105-9-3905,2022,157200.0,0.0,157200.0,City Parcel Master,2022-01-01,2022
105-9-3905,2020,157200.0,0.0,157200.0,NHDRA,2020-01-01,2020
105-9-4005,2022,161100.0,0.0,161100.0,City Parcel Master,2022-01-01,2022
105-9-4005,2020,161100.0,0.0,161100.0,NHDRA,2020-01-01,2020
105-10,2022,292700.0,72500.0,220200.0,City Parcel Master,2022-01-01,2022
105-10,2020,292800.0,72600.0,220200.0,NHDRA,2020-01-01,2020
105-11,2022,331700.0,85500.0,240300.0,City Parcel Master,2022-01-01,2022
105-11,2020,312400.0,85500.0,221000.0,NHDRA,2020-01-01,2020
105-12,2022,1254800.0,739900.0,510900.0,City Parcel Master,2022-01-01,2022
105-12,2020,1245500.0,739900.0,502100.0,NHDRA,2020-01-01,2020
105-13,2022,524500.0,82900.0,417400.0,City Parcel Master,2022-01-01,2022
105-13,2020,508600.0,83000.0,401400.0,NHDRA,2020-01-01,2020
105-14,2022,261200.0,68300.0,186800.0,City Parcel Master,2022-01-01,2022
105-14,2020,245200.0,68200.0,170900.0,NHDRA,2020-01-01,2020
105-15,2022,16200.0,16200.0,0.0,City Parcel Master,2022-01-01,2022
105-15,2020,16200.0,16200.0,0.0,NHDRA,2020-01-01,2020
105-16,2022,322800.0,97100.0,209000.0,City Parcel Master,2022-01-01,2022
105-16,2020,322800.0,97100.0,209000.0,NHDRA,2020-01-01,2020
105-17,2022,463700.0,99900.0,300500.0,City Parcel Master,2022-01-01,2022
105-17,2020,412000.0,99900.0,292600.0,NHDRA,2020-01-01,2020
105-22,2022,274400.0,68800.0,201600.0,City Parcel Master,2022-01-01,2022
105-22,2020,274400.0,68800.0,201600.0,NHDRA,2020-01-01,2020
105-23,2022,57800.0,57800.0,0.0,City Parcel Master,2022-01-01,2022
105-23,2020,57800.0,57800.0,0.0,NHDRA,2020-01-01,2020
105-26,2022,2200.0,2200.0,0.0,City Parcel Master,2022-01-01,2022
105-26,2020,2200.0,2200.0,0.0,NHDRA,2020-01-01,2020
105-27,2022,320100.0,129300.0,185500.0,City Parcel Master,2022-01-01,2022
105-27,2020,514000.0,323200.0,185500.0,NHDRA,2020-01-01,2020
105-28,2022,7100.0,7100.0,0.0,City Parcel Master,2022-01-01,2022
105-28,2020,7100.0,7100.0,0.0,NHDRA,2020-01-01,2020
105-29,2022,1164100.0,477900.0,581600.0,City Parcel Master,2022-01-01,2022
105-29,2020,1162500.0,477900.0,577900.0,NHDRA,2020-01-01,2020
105-31,2022,424600.0,278000.0,146600.0,City Parcel Master,2022-01-01,2022
105-31,2020,424400.0,278100.0,146300.0,NHDRA,2020-01-01,2020
105-32,2022,563700.0,285800.0,267400.0,City Parcel Master,2022-01-01,2022
105-32,2020,482700.0,285700.0,186500.0,NHDRA,2020-01-01,2020
105-33,2022,298000.0,66200.0,219300.0,City Parcel Master,2022-01-01,2022
105-33,2020,298100.0,66300.0,219300.0,NHDRA,2020-01-01,2020
105-34,2022,439900.0,72900.0,352900.0,City Parcel Master,2022-01-01,2022
105-34,2020,439900.0,72900.0,352900.0,NHDRA,2020-01-01,2020
105-35,2022,378800.0,69100.0,309700.0,City Parcel Master,2022-01-01,2022
105-35,2020,378700.0,69000.0,309700.0,NHDRA,2020-01-01,2020
105-36,2022,249900.0,69100.0,180800.0,City Parcel Master,2022-01-01,2022
105-36,2020,249800.0,69000.0,180800.0,NHDRA,2020-01-01,2020
105-37,2022,174400.0,61700.0,112100.0,City Parcel Master,2022-01-01,2022
105-37,2020,181300.0,68600.0,112100.0,NHDRA,2020-01-01,2020
105-38,2022,304100.0,61500.0,242400.0,City Parcel Master,2022-01-01,2022
105-38,2020,310900.0,68300.0,242400.0,NHDRA,2020-01-01,2020
105-39,2022,282400.0,61700.0,218100.0,City Parcel Master,2022-01-01,2022
105-39,2020,289300.0,68600.0,218100.0,NHDRA,2020-01-01,2020
105-40,2022,293100.0,64300.0,222800.0,City Parcel Master,2022-01-01,2022
105-40,2020,297800.0,71400.0,220400.0,NHDRA,2020-01-01,2020
105-45,2022,354500.0,66400.0,288100.0,City Parcel Master,2022-01-01,2022
105-45,2020,365600.0,66400.0,299200.0,NHDRA,2020-01-01,2020
105-46,2022,307400.0,71800.0,235300.0,City Parcel Master,2022-01-01,2022
105-46,2020,307400.0,71800.0,235300.0,NHDRA,2020-01-01,2020
105-48,2022,136100.0,136100.0,0.0,City Parcel Master,2022-01-01,2022
105-48,2020,137200.0,137200.0,0.0,NHDRA,2020-01-01,2020
105-93,2022,4100.0,4100.0,0.0,City Parcel Master,2022-01-01,2022
105-93,2020,4100.0,4100.0,0.0,NHDRA,2020-01-01,2020
105-94,2022,884400.0,120100.0,745200.0,City Parcel Master,2022-01-01,2022
105-94,2020,884400.0,120100.0,745200.0,NHDRA,2020-01-01,2020
105-95,2022,4100.0,4100.0,0.0,City Parcel Master,2022-01-01,2022
105-95,2020,4100.0,4100.0,0.0,NHDRA,2020-01-01,2020
105-98,2022,4100.0,4100.0,0.0,City Parcel Master,2022-01-01,2022
105-98,2020,4100.0,4100.0,0.0,NHDRA,2020-01-01,2020
105-99,2022,360300.0,101500.0,258800.0,City Parcel Master,2022-01-01,2022
105-99,2020,381300.0,101600.0,279700.0,NHDRA,2020-01-01,2020
105-100,2022,458400.0,102800.0,355600.0,City Parcel Master,2022-01-01,2022
105-100,2020,458400.0,102800.0,355600.0,NHDRA,2020-01-01,2020
105-101,2022,1368155.0,847680.0,434475.0,City Parcel Master,2022-01-01,2022
105-101,2020,973291.0,847680.0,39611.0,NHDRA,2020-01-01,2020
105-102,2022,421000.0,104500.0,299600.0,City Parcel Master,2022-01-01,2022
105-102,2020,396000.0,104300.0,274800.0,NHDRA,2020-01-01,2020
105-103,2022,260900.0,80300.0,178700.0,City Parcel Master,2022-01-01,2022
105-103,2020,260900.0,80300.0,178700.0,NHDRA,2020-01-01,2020
105-104,2022,271100.0,87100.0,179300.0,City Parcel Master,2022-01-01,2022
105-104,2020,260800.0,87100.0,169000.0,NHDRA,2020-01-01,2020
105-105,2022,152100.0,150700.0,0.0,City Parcel Master,2022-01-01,2022
105-105,2020,152100.0,150700.0,0.0,NHDRA,2020-01-01,2020
105-106,2022,707500.0,313300.0,394200.0,City Parcel Master,2022-01-01,2022
105-106,2020,724800.0,313200.0,411600.0,NHDRA,2020-01-01,2020
105-107,2022,421000.0,284300.0,136700.0,City Parcel Master,2022-01-01,2022
105-107,2020,421000.0,284300.0,136700.0,NHDRA,2020-01-01,2020
105-108,2022,493600.0,183400.0,296600.0,City Parcel Master,2022-01-01,2022
105-108,2020,498900.0,183400.0,301900.0,NHDRA,2020-01-01,2020
105-110,2022,1889400.0,640000.0,1231000.0,City Parcel Master,2022-01-01,2022
105-110,2020,1889400.0,640000.0,1231000.0,NHDRA,2020-01-01,2020
105-111,2022,284500.0,90300.0,194200.0,City Parcel Master,2022-01-01,2022
105-111,2020,284500.0,90300.0,194200.0,NHDRA,2020-01-01,2020
105-112,2022,633100.0,253700.0,373800.0,City Parcel Master,2022-01-01,2022
105-112,2020,633200.0,253800.0,373800.0,NHDRA,2020-01-01,2020
105-113,2022,935300.0,331000.0,572900.0,City Parcel Master,2022-01-01,2022
105-113,2020,1020600.0,330800.0,658400.0,NHDRA,2020-01-01,2020
105-114,2022,3952700.0,725800.0,3156900.0,City Parcel Master,2022-01-01,2022
105-114,2020,3884600.0,725800.0,3158800.0,NHDRA,2020-01-01,2020
105-115,2022,599000.0,524500.0,74500.0,City Parcel Master,2022-01-01,2022
105-115,2020,599000.0,524500.0,74500.0,NHDRA,2020-01-01,2020
105-116,2022,1537000.0,549800.0,945500.0,City Parcel Master,2022-01-01,2022
105-116,2020,1537000.0,549800.0,945500.0,NHDRA,2020-01-01,2020
105-117,2022,4177900.0,1638500.0,2472400.0,City Parcel Master,2022-01-01,2022
105-117,2020,4177900.0,1638500.0,2472400.0,NHDRA,2020-01-01,2020
105-118,2022,1557900.0,851000.0,677400.0,City Parcel Master,2022-01-01,2022
105-118,2020,1559400.0,852500.0,677400.0,NHDRA,2020-01-01,2020
105-119,2022,2511800.0,421500.0,1808600.0,City Parcel Master,2022-01-01,2022
105-119,2020,2511800.0,421500.0,1808600.0,NHDRA,2020-01-01,2020
106-14,2022,276000.0,64600.0,211400.0,City Parcel Master,2022-01-01,2022
106-14,2020,283200.0,71800.0,211400.0,NHDRA,2020-01-01,2020
106-15,2022,290600.0,61500.0,223300.0,City Parcel Master,2022-01-01,2022
106-15,2020,297400.0,68300.0,223300.0,NHDRA,2020-01-01,2020
106-16,2022,285200.0,61700.0,223000.0,City Parcel Master,2022-01-01,2022
106-16,2020,292000.0,68500.0,223000.0,NHDRA,2020-01-01,2020
106-17,2022,268900.0,62600.0,206300.0,City Parcel Master,2022-01-01,2022
106-17,2020,275800.0,69500.0,206300.0,NHDRA,2020-01-01,2020
106-18,2022,277500.0,52700.0,224800.0,City Parcel Master,2022-01-01,2022
106-18,2020,283300.0,58500.0,224800.0,NHDRA,2020-01-01,2020
106-20,2022,327800.0,102500.0,191200.0,City Parcel Master,2022-01-01,2022
106-20,2020,327800.0,102500.0,191200.0,NHDRA,2020-01-01,2020
106-21,2022,312300.0,84000.0,228300.0,City Parcel Master,2022-01-01,2022
106-21,2020,312300.0,84000.0,228300.0,NHDRA,2020-01-01,2020
106-22,2022,274100.0,79900.0,180300.0,City Parcel Master,2022-01-01,2022
106-22,2020,272300.0,79900.0,178500.0,NHDRA,2020-01-01,2020
106-23,2022,254900.0,80800.0,173700.0,City Parcel Master,2022-01-01,2022
106-23,2020,254800.0,80700.0,173700.0,NHDRA,2020-01-01,2020
106-24,2022,309400.0,88500.0,220500.0,City Parcel Master,2022-01-01,2022
106-24,2020,309000.0,88400.0,220200.0,NHDRA,2020-01-01,2020
106-25,2022,360400.0,89800.0,243700.0,City Parcel Master,2022-01-01,2022
106-25,2020,360400.0,89800.0,243700.0,NHDRA,2020-01-01,2020
106-26,2022,268600.0,70700.0,187000.0,City Parcel Master,2022-01-01,2022
106-26,2020,268600.0,70700.0,187000.0,NHDRA,2020-01-01,2020
106-27,2022,238000.0,66300.0,171700.0,City Parcel Master,2022-01-01,2022
106-27,2020,238000.0,66300.0,171700.0,NHDRA,2020-01-01,2020
106-28,2022,347000.0,79900.0,259600.0,City Parcel Master,2022-01-01,2022
106-28,2020,348200.0,79900.0,260800.0,NHDRA,2020-01-01,2020
106-29,2022,274100.0,78100.0,196000.0,City Parcel Master,2022-01-01,2022
106-29,2020,274100.0,78100.0,196000.0,NHDRA,2020-01-01,2020
106-30,2022,410200.0,394000.0,0.0,City Parcel Master,2022-01-01,2022
106-30,2020,410200.0,394000.0,0.0,NHDRA,2020-01-01,2020
106-31,2022,13100.0,13100.0,0.0,City Parcel Master,2022-01-01,2022
106-31,2020,13100.0,13100.0,0.0,NHDRA,2020-01-01,2020
106-32,2022,16700.0,16700.0,0.0,City Parcel Master,2022-01-01,2022
106-32,2020,16700.0,16700.0,0.0,NHDRA,2020-01-01,2020
106-33,2022,9500.0,9500.0,0.0,City Parcel Master,2022-01-01,2022
106-33,2020,47300.0,47300.0,0.0,NHDRA,2020-01-01,2020
106-34,2022,357500.0,111700.0,245800.0,City Parcel Master,2022-01-01,2022
106-34,2020,331900.0,89500.0,242400.0,NHDRA,2020-01-01,2020
106-36,2022,278400.0,274900.0,0.0,City Parcel Master,2022-01-01,2022
106-36,2020,278500.0,275000.0,0.0,NHDRA,2020-01-01,2020
106-37,2022,279300.0,51600.0,227500.0,City Parcel Master,2022-01-01,2022
106-37,2020,269800.0,51600.0,218200.0,NHDRA,2020-01-01,2020
106-38,2022,243900.0,52000.0,184500.0,City Parcel Master,2022-01-01,2022
106-38,2020,243900.0,52000.0,184500.0,NHDRA,2020-01-01,2020
106-39,2022,241400.0,47500.0,187900.0,City Parcel Master,2022-01-01,2022
106-39,2020,235400.0,47500.0,187900.0,NHDRA,2020-01-01,2020
106-40,2022,185200.0,46100.0,138800.0,City Parcel Master,2022-01-01,2022
106-40,2020,185200.0,46100.0,138800.0,NHDRA,2020-01-01,2020
106-41,2022,177600.0,48500.0,121600.0,City Parcel Master,2022-01-01,2022
106-41,2020,177600.0,48500.0,121600.0,NHDRA,2020-01-01,2020
106-42,2022,312300.0,55400.0,236000.0,City Parcel Master,2022-01-01,2022
106-42,2020,256100.0,55400.0,200700.0,NHDRA,2020-01-01,2020
106-43,2022,429900.0,107400.0,322500.0,City Parcel Master,2022-01-01,2022
106-43,2020,429900.0,107400.0,322500.0,NHDRA,2020-01-01,2020
106-44,2022,200900.0,76200.0,124700.0,City Parcel Master,2022-01-01,2022
106-44,2020,200900.0,76200.0,124700.0,NHDRA,2020-01-01,2020
106-45,2022,414900.0,0.0,301700.0,City Parcel Master,2022-01-01,2022
106-45,2020,414900.0,0.0,301700.0,NHDRA,2020-01-01,2020
106-46,2022,2897400.0,0.0,2588300.0,City Parcel Master,2022-01-01,2022
106-46,2020,2927000.0,0.0,2615900.0,NHDRA,2020-01-01,2020
106-46-A,2022,174000.0,0.0,174000.0,City Parcel Master,2022-01-01,2022
106-46-A,2020,174000.0,0.0,174000.0,NHDRA,2020-01-01,2020
106-46-907,2022,467500.0,0.0,467500.0,City Parcel Master,2022-01-01,2022
106-46-907,2020,467500.0,0.0,467500.0,NHDRA,2020-01-01,2020
106-47,2022,1187800.0,689500.0,403000.0,City Parcel Master,2022-01-01,2022
106-47,2020,1187800.0,689500.0,403000.0,NHDRA,2020-01-01,2020
106-48,2022,466600.0,312700.0,131900.0,City Parcel Master,2022-01-01,2022
106-48,2020,466600.0,312700.0,131900.0,NHDRA,2020-01-01,2020
106-49,2022,173000.0,173000.0,0.0,City Parcel Master,2022-01-01,2022
106-49,2020,173000.0,173000.0,0.0,NHDRA,2020-01-01,2020
106-50,2022,6500.0,6500.0,0.0,City Parcel Master,2022-01-01,2022
106-50,2020,6500.0,6500.0,0.0,NHDRA,2020-01-01,2020
106-51,2022,290900.0,60500.0,230400.0,City Parcel Master,2022-01-01,2022
106-51,2020,290900.0,60500.0,230400.0,NHDRA,2020-01-01,2020
106-52,2022,243300.0,57600.0,185700.0,City Parcel Master,2022-01-01,2022
106-52,2020,243300.0,57600.0,185700.0,NHDRA,2020-01-01,2020
106-52-100,2022,265800.0,57200.0,208600.0,City Parcel Master,2022-01-01,2022
106-52-100,2020,265800.0,57200.0,208600.0,NHDRA,2020-01-01,2020
106-53,2022,297700.0,51500.0,246200.0,City Parcel Master,2022-01-01,2022
106-53,2020,297700.0,51500.0,246200.0,NHDRA,2020-01-01,2020
106-54,2022,186900.0,49500.0,137400.0,City Parcel Master,2022-01-01,2022
106-54,2020,186900.0,49500.0,137400.0,NHDRA,2020-01-01,2020
106-55,2022,259600.0,56300.0,195600.0,City Parcel Master,2022-01-01,2022
106-55,2020,265200.0,56300.0,201200.0,NHDRA,2020-01-01,2020
106-56,2022,256700.0,54300.0,202400.0,City Parcel Master,2022-01-01,2022
106-56,2020,258900.0,54300.0,204600.0,NHDRA,2020-01-01,2020
106-57,2022,416700.0,68300.0,346300.0,City Parcel Master,2022-01-01,2022
106-57,2020,388000.0,68200.0,317700.0,NHDRA,2020-01-01,2020
106-58,2022,304000.0,57600.0,245700.0,City Parcel Master,2022-01-01,2022
106-58,2020,283700.0,57600.0,225400.0,NHDRA,2020-01-01,2020
106-59,2022,278000.0,70600.0,199400.0,City Parcel Master,2022-01-01,2022
106-59,2020,277900.0,70500.0,199400.0,NHDRA,2020-01-01,2020
106-60,2022,365000.0,58100.0,306900.0,City Parcel Master,2022-01-01,2022
106-60,2020,364900.0,58000.0,306900.0,NHDRA,2020-01-01,2020
106-61,2022,305100.0,62200.0,229000.0,City Parcel Master,2022-01-01,2022
106-61,2020,305100.0,62200.0,229000.0,NHDRA,2020-01-01,2020
106-62,2022,303500.0,61500.0,242000.0,City Parcel Master,2022-01-01,2022
106-62,2020,303600.0,61600.0,242000.0,NHDRA,2020-01-01,2020
106-63,2022,592600.0,89200.0,503400.0,City Parcel Master,2022-01-01,2022
106-63,2020,592600.0,89200.0,503400.0,NHDRA,2020-01-01,2020
106-64,2022,262500.0,71000.0,191500.0,City Parcel Master,2022-01-01,2022
106-64,2020,262400.0,70900.0,191500.0,NHDRA,2020-01-01,2020
106-65,2022,311900.0,78900.0,233000.0,City Parcel Master,2022-01-01,2022
106-65,2020,311900.0,78900.0,233000.0,NHDRA,2020-01-01,2020
106-66,2022,384400.0,84900.0,294800.0,City Parcel Master,2022-01-01,2022
106-66,2020,384300.0,84800.0,294800.0,NHDRA,2020-01-01,2020
106-67,2022,324700.0,69000.0,248700.0,City Parcel Master,2022-01-01,2022
106-67,2020,324800.0,69100.0,248700.0,NHDRA,2020-01-01,2020
106-67-100,2022,342600.0,78200.0,264400.0,City Parcel Master,2022-01-01,2022
106-67-100,2020,342600.0,78200.0,264400.0,NHDRA,2020-01-01,2020
106-68,2022,388700.0,64700.0,324000.0,City Parcel Master,2022-01-01,2022
106-68,2020,388700.0,64700.0,324000.0,NHDRA,2020-01-01,2020
106-69,2022,255500.0,66300.0,183400.0,City Parcel Master,2022-01-01,2022
106-69,2020,248800.0,66300.0,176700.0,NHDRA,2020-01-01,2020
106-70,2022,417800.0,74600.0,343200.0,City Parcel Master,2022-01-01,2022
106-70,2020,417800.0,74600.0,343200.0,NHDRA,2020-01-01,2020
106-71,2022,278300.0,77200.0,194200.0,City Parcel Master,2022-01-01,2022
106-71,2020,262700.0,77200.0,178600.0,NHDRA,2020-01-01,2020
106-72,2022,266900.0,71700.0,190900.0,City Parcel Master,2022-01-01,2022
106-72,2020,266800.0,71600.0,190900.0,NHDRA,2020-01-01,2020
106-73,2022,539200.0,99800.0,439400.0,City Parcel Master,2022-01-01,2022
106-73,2020,539400.0,100000.0,439400.0,NHDRA,2020-01-01,2020
106-74,2022,271600.0,64900.0,206300.0,City Parcel Master,2022-01-01,2022
106-74,2020,271600.0,64900.0,206300.0,NHDRA,2020-01-01,2020
106-75,2022,221600.0,74600.0,147000.0,City Parcel Master,2022-01-01,2022
106-75,2020,221600.0,74600.0,147000.0,NHDRA,2020-01-01,2020
106-76,2022,293300.0,72400.0,213500.0,City Parcel Master,2022-01-01,2022
106-76,2020,276100.0,72400.0,196300.0,NHDRA,2020-01-01,2020
106-77,2022,337900.0,68800.0,268500.0,City Parcel Master,2022-01-01,2022
106-77,2020,337900.0,68800.0,268500.0,NHDRA,2020-01-01,2020
106-78,2022,289600.0,71000.0,218600.0,City Parcel Master,2022-01-01,2022
106-78,2020,289500.0,70900.0,218600.0,NHDRA,2020-01-01,2020
106-80,2022,519300.0,95700.0,409600.0,City Parcel Master,2022-01-01,2022
106-80,2020,485500.0,95700.0,375800.0,NHDRA,2020-01-01,2020
106-81,2022,323600.0,90800.0,232800.0,City Parcel Master,2022-01-01,2022
106-81,2020,323700.0,90900.0,232800.0,NHDRA,2020-01-01,2020
106-82,2022,324000.0,77200.0,241400.0,City Parcel Master,2022-01-01,2022
106-82,2020,324000.0,77200.0,241400.0,NHDRA,2020-01-01,2020
106-83,2022,228100.0,86800.0,141300.0,City Parcel Master,2022-01-01,2022
106-83,2020,225800.0,86900.0,138900.0,NHDRA,2020-01-01,2020
106-84,2022,400500.0,78900.0,321600.0,City Parcel Master,2022-01-01,2022
106-84,2020,374000.0,78900.0,295100.0,NHDRA,2020-01-01,2020
106-85,2022,384400.0,78900.0,305500.0,City Parcel Master,2022-01-01,2022
106-85,2020,359100.0,78900.0,280200.0,NHDRA,2020-01-01,2020
106-86,2022,378300.0,84000.0,294300.0,City Parcel Master,2022-01-01,2022
106-86,2020,378200.0,83900.0,294300.0,NHDRA,2020-01-01,2020
106-87,2022,264300.0,65800.0,191800.0,City Parcel Master,2022-01-01,2022
106-87,2020,248500.0,65800.0,176000.0,NHDRA,2020-01-01,2020
106-87-100,2022,266400.0,62000.0,192600.0,City Parcel Master,2022-01-01,2022
106-87-100,2020,273300.0,68900.0,192600.0,NHDRA,2020-01-01,2020
106-88,2022,239000.0,72600.0,150000.0,City Parcel Master,2022-01-01,2022
106-88,2020,247100.0,80700.0,150000.0,NHDRA,2020-01-01,2020
106-89,2022,246800.0,62400.0,184000.0,City Parcel Master,2022-01-01,2022
106-89,2020,253600.0,69300.0,183900.0,NHDRA,2020-01-01,2020
106-90,2022,314800.0,65200.0,249600.0,City Parcel Master,2022-01-01,2022
106-90,2020,322000.0,72400.0,249600.0,NHDRA,2020-01-01,2020
106-91,2022,339600.0,71600.0,267700.0,City Parcel Master,2022-01-01,2022
106-91,2020,339600.0,71600.0,267700.0,NHDRA,2020-01-01,2020
106-92,2022,292500.0,64000.0,228500.0,City Parcel Master,2022-01-01,2022
106-92,2020,292500.0,64000.0,228500.0,NHDRA,2020-01-01,2020
106-93,2022,227600.0,64000.0,163600.0,City Parcel Master,2022-01-01,2022
106-93,2020,227600.0,64000.0,163600.0,NHDRA,2020-01-01,2020
106-94,2022,246200.0,69800.0,165200.0,City Parcel Master,2022-01-01,2022
106-94,2020,242800.0,69800.0,165200.0,NHDRA,2020-01-01,2020
106-95,2022,285900.0,72400.0,208700.0,City Parcel Master,2022-01-01,2022
106-95,2020,285900.0,72400.0,208700.0,NHDRA,2020-01-01,2020
106-96,2022,385800.0,76200.0,291300.0,City Parcel Master,2022-01-01,2022
106-96,2020,371100.0,76200.0,289300.0,NHDRA,2020-01-01,2020
106-97,2022,301200.0,61500.0,224600.0,City Parcel Master,2022-01-01,2022
106-97,2020,297600.0,61500.0,224600.0,NHDRA,2020-01-01,2020
106-98,2022,298100.0,75900.0,221800.0,City Parcel Master,2022-01-01,2022
106-98,2020,298100.0,75900.0,221800.0,NHDRA,2020-01-01,2020
106-99,2022,304500.0,61500.0,243000.0,City Parcel Master,2022-01-01,2022
106-99,2020,304500.0,61500.0,243000.0,NHDRA,2020-01-01,2020
106-100,2022,278000.0,71600.0,206400.0,City Parcel Master,2022-01-01,2022
106-100,2020,278000.0,71600.0,206400.0,NHDRA,2020-01-01,2020
106-101,2022,282600.0,70300.0,198200.0,City Parcel Master,2022-01-01,2022
106-101,2020,282600.0,70300.0,198200.0,NHDRA,2020-01-01,2020
106-102,2022,359200.0,65300.0,293400.0,City Parcel Master,2022-01-01,2022
106-102,2020,359200.0,65300.0,293400.0,NHDRA,2020-01-01,2020
106-103,2022,281900.0,67800.0,214100.0,City Parcel Master,2022-01-01,2022
106-103,2020,281900.0,67800.0,214100.0,NHDRA,2020-01-01,2020
106-104,2022,429500.0,79600.0,349900.0,City Parcel Master,2022-01-01,2022
106-104,2020,429600.0,79700.0,349900.0,NHDRA,2020-01-01,2020
106-105,2022,334100.0,73900.0,259900.0,City Parcel Master,2022-01-01,2022
106-105,2020,334100.0,73900.0,259900.0,NHDRA,2020-01-01,2020
106-106,2022,328500.0,69800.0,258700.0,City Parcel Master,2022-01-01,2022
106-106,2020,328500.0,69800.0,258700.0,NHDRA,2020-01-01,2020
106-107,2022,259000.0,68300.0,186500.0,City Parcel Master,2022-01-01,2022
106-107,2020,259000.0,68300.0,186500.0,NHDRA,2020-01-01,2020
106-108,2022,233400.0,68800.0,164600.0,City Parcel Master,2022-01-01,2022
106-108,2020,233400.0,68800.0,164600.0,NHDRA,2020-01-01,2020
106-109,2022,200200.0,62700.0,137500.0,City Parcel Master,2022-01-01,2022
106-109,2020,189100.0,62700.0,126400.0,NHDRA,2020-01-01,2020
106-110,2022,323900.0,63800.0,260100.0,City Parcel Master,2022-01-01,2022
106-110,2020,323800.0,63700.0,260100.0,NHDRA,2020-01-01,2020
106-111,2022,226200.0,64700.0,161500.0,City Parcel Master,2022-01-01,2022
106-111,2020,210600.0,64700.0,145900.0,NHDRA,2020-01-01,2020
106-112,2022,301600.0,87000.0,209400.0,City Parcel Master,2022-01-01,2022
106-112,2020,301400.0,86800.0,209400.0,NHDRA,2020-01-01,2020
106-113,2022,286700.0,69900.0,216800.0,City Parcel Master,2022-01-01,2022
106-113,2020,162200.0,69900.0,92300.0,NHDRA,2020-01-01,2020
106-114,2022,274800.0,77600.0,197200.0,City Parcel Master,2022-01-01,2022
106-114,2020,274800.0,77600.0,197200.0,NHDRA,2020-01-01,2020
106-115,2022,222300.0,222300.0,0.0,City Parcel Master,2022-01-01,2022
106-115,2020,222300.0,222300.0,0.0,NHDRA,2020-01-01,2020
106-116,2022,214100.0,214100.0,0.0,City Parcel Master,2022-01-01,2022
106-116,2020,214200.0,214200.0,0.0,NHDRA,2020-01-01,2020
106-117,2022,285300.0,68300.0,217000.0,City Parcel Master,2022-01-01,2022
106-117,2020,285300.0,68300.0,217000.0,NHDRA,2020-01-01,2020
106-118,2022,295000.0,50200.0,244800.0,City Parcel Master,2022-01-01,2022
106-118,2020,292300.0,50200.0,242100.0,NHDRA,2020-01-01,2020
106-119,2022,272900.0,59300.0,213600.0,City Parcel Master,2022-01-01,2022
106-119,2020,272900.0,59300.0,213600.0,NHDRA,2020-01-01,2020
106-120,2022,303000.0,51300.0,251700.0,City Parcel Master,2022-01-01,2022
106-120,2020,233300.0,51400.0,181900.0,NHDRA,2020-01-01,2020
106-133,2022,284600.0,58700.0,214300.0,City Parcel Master,2022-01-01,2022
106-133,2020,284600.0,58700.0,214300.0,NHDRA,2020-01-01,2020
107-1,2022,251300.0,61400.0,189900.0,City Parcel Master,2022-01-01,2022
107-1,2020,251400.0,61500.0,189900.0,NHDRA,2020-01-01,2020
107-2,2022,274300.0,69400.0,204900.0,City Parcel Master,2022-01-01,2022
107-2,2020,274300.0,69400.0,204900.0,NHDRA,2020-01-01,2020
107-3,2022,205600.0,71600.0,133700.0,City Parcel Master,2022-01-01,2022
107-3,2020,205700.0,71700.0,133700.0,NHDRA,2020-01-01,2020
107-4,2022,922700.0,245700.0,677000.0,City Parcel Master,2022-01-01,2022
107-4,2020,866800.0,245700.0,621100.0,NHDRA,2020-01-01,2020
107-5,2022,346900.0,80900.0,260100.0,City Parcel Master,2022-01-01,2022
107-5,2020,346900.0,80900.0,260100.0,NHDRA,2020-01-01,2020
107-6,2022,351000.0,74800.0,276200.0,City Parcel Master,2022-01-01,2022
107-6,2020,351000.0,74800.0,276200.0,NHDRA,2020-01-01,2020
107-7,2022,259200.0,58200.0,197500.0,City Parcel Master,2022-01-01,2022
107-7,2020,244400.0,58200.0,182700.0,NHDRA,2020-01-01,2020
107-8-100,2022,308500.0,79900.0,222100.0,City Parcel Master,2022-01-01,2022
107-8-100,2020,305100.0,79900.0,218700.0,NHDRA,2020-01-01,2020
107-8-200,2022,302500.0,71600.0,230900.0,City Parcel Master,2022-01-01,2022
107-8-200,2020,302500.0,71600.0,230900.0,NHDRA,2020-01-01,2020
107-8-300,2022,350200.0,70800.0,276700.0,City Parcel Master,2022-01-01,2022
107-8-300,2020,344300.0,70800.0,273300.0,NHDRA,2020-01-01,2020
107-9,2022,309900.0,71900.0,238000.0,City Parcel Master,2022-01-01,2022
107-9,2020,306900.0,71900.0,234800.0,NHDRA,2020-01-01,2020
107-10,2022,10600.0,10600.0,0.0,City Parcel Master,2022-01-01,2022
107-10,2020,10600.0,10600.0,0.0,NHDRA,2020-01-01,2020
107-11,2022,191200.0,67300.0,123800.0,City Parcel Master,2022-01-01,2022
107-11,2020,191200.0,67300.0,123800.0,NHDRA,2020-01-01,2020
107-12,2022,235200.0,66300.0,162800.0,City Parcel Master,2022-01-01,2022
107-12,2020,234800.0,66300.0,162500.0,NHDRA,2020-01-01,2020
107-13,2022,300100.0,65800.0,234300.0,City Parcel Master,2022-01-01,2022
107-13,2020,300000.0,65700.0,234300.0,NHDRA,2020-01-01,2020
107-14,2022,273100.0,65800.0,201700.0,City Parcel Master,2022-01-01,2022
107-14,2020,273000.0,65700.0,201700.0,NHDRA,2020-01-01,2020
107-15,2022,358500.0,81000.0,277200.0,City Parcel Master,2022-01-01,2022
107-15,2020,358500.0,81000.0,277200.0,NHDRA,2020-01-01,2020
107-16,2022,364600.0,79900.0,284200.0,City Parcel Master,2022-01-01,2022
107-16,2020,364600.0,79900.0,284200.0,NHDRA,2020-01-01,2020
107-17,2022,335200.0,79900.0,254300.0,City Parcel Master,2022-01-01,2022
107-17,2020,335200.0,79900.0,254300.0,NHDRA,2020-01-01,2020
107-18,2022,2081200.0,522600.0,1533600.0,City Parcel Master,2022-01-01,2022
107-18,2020,2081200.0,522600.0,1533600.0,NHDRA,2020-01-01,2020
107-19,2022,265300.0,90800.0,172300.0,City Parcel Master,2022-01-01,2022
107-19,2020,275500.0,90700.0,182600.0,NHDRA,2020-01-01,2020
107-20,2022,3400.0,3400.0,0.0,City Parcel Master,2022-01-01,2022
107-20,2020,3400.0,3400.0,0.0,NHDRA,2020-01-01,2020
107-21,2022,237600.0,100100.0,136100.0,City Parcel Master,2022-01-01,2022
107-21,2020,237600.0,100100.0,136100.0,NHDRA,2020-01-01,2020
107-22,2022,8700.0,8700.0,0.0,City Parcel Master,2022-01-01,2022
107-22,2020,8700.0,8700.0,0.0,NHDRA,2020-01-01,2020
107-23,2022,332600.0,84100.0,237700.0,City Parcel Master,2022-01-01,2022
107-23,2020,324300.0,84100.0,229400.0,NHDRA,2020-01-01,2020
107-24,2022,353300.0,89600.0,252300.0,City Parcel Master,2022-01-01,2022
107-24,2020,353400.0,89700.0,252300.0,NHDRA,2020-01-01,2020
107-25,2022,297000.0,72400.0,224600.0,City Parcel Master,2022-01-01,2022
107-25,2020,297000.0,72400.0,224600.0,NHDRA,2020-01-01,2020
107-26,2022,231200.0,67300.0,160700.0,City Parcel Master,2022-01-01,2022
107-26,2020,231200.0,67300.0,160700.0,NHDRA,2020-01-01,2020
107-27,2022,336800.0,70800.0,254900.0,City Parcel Master,2022-01-01,2022
107-27,2020,336800.0,70800.0,254900.0,NHDRA,2020-01-01,2020
107-28,2022,284400.0,85300.0,198800.0,City Parcel Master,2022-01-01,2022
107-28,2020,284500.0,85400.0,198800.0,NHDRA,2020-01-01,2020
107-29,2022,308000.0,67300.0,240700.0,City Parcel Master,2022-01-01,2022
107-29,2020,308000.0,67300.0,240700.0,NHDRA,2020-01-01,2020
107-30,2022,389200.0,71600.0,317600.0,City Parcel Master,2022-01-01,2022
107-30,2020,389200.0,71600.0,317600.0,NHDRA,2020-01-01,2020
107-31,2022,252700.0,67300.0,185400.0,City Parcel Master,2022-01-01,2022
107-31,2020,242200.0,67300.0,174900.0,NHDRA,2020-01-01,2020
107-32,2022,329500.0,70800.0,258700.0,City Parcel Master,2022-01-01,2022
107-32,2020,296700.0,70800.0,225900.0,NHDRA,2020-01-01,2020
107-33,2022,350500.0,71600.0,278500.0,City Parcel Master,2022-01-01,2022
107-33,2020,349000.0,71600.0,277000.0,NHDRA,2020-01-01,2020
107-34,2022,352900.0,76200.0,268400.0,City Parcel Master,2022-01-01,2022
107-34,2020,355400.0,76200.0,270900.0,NHDRA,2020-01-01,2020
107-35,2022,253100.0,62800.0,190300.0,City Parcel Master,2022-01-01,2022
107-35,2020,253100.0,62800.0,190300.0,NHDRA,2020-01-01,2020
107-36,2022,477600.0,97300.0,380300.0,City Parcel Master,2022-01-01,2022
107-36,2020,477600.0,97300.0,380300.0,NHDRA,2020-01-01,2020
107-37,2022,265000.0,71000.0,193500.0,City Parcel Master,2022-01-01,2022
107-37,2020,264900.0,70900.0,193500.0,NHDRA,2020-01-01,2020
107-38,2022,262900.0,66300.0,186000.0,City Parcel Master,2022-01-01,2022
107-38,2020,247900.0,66300.0,171000.0,NHDRA,2020-01-01,2020
107-39,2022,350200.0,67300.0,282900.0,City Parcel Master,2022-01-01,2022
107-39,2020,340200.0,67300.0,272900.0,NHDRA,2020-01-01,2020
107-40,2022,294900.0,63900.0,224400.0,City Parcel Master,2022-01-01,2022
107-40,2020,294900.0,63900.0,224400.0,NHDRA,2020-01-01,2020
107-42,2022,215400.0,62100.0,153300.0,City Parcel Master,2022-01-01,2022
107-42,2020,215400.0,62100.0,153300.0,NHDRA,2020-01-01,2020
107-43,2022,246900.0,63200.0,183700.0,City Parcel Master,2022-01-01,2022
107-43,2020,241400.0,62700.0,178700.0,NHDRA,2020-01-01,2020
107-44,2022,272900.0,75900.0,182200.0,City Parcel Master,2022-01-01,2022
107-44,2020,349100.0,75900.0,254700.0,NHDRA,2020-01-01,2020
107-45,2022,181200.0,65800.0,102900.0,City Parcel Master,2022-01-01,2022
107-45,2020,181300.0,65900.0,102900.0,NHDRA,2020-01-01,2020
107-46,2022,303200.0,67300.0,235900.0,City Parcel Master,2022-01-01,2022
107-46,2020,299000.0,67300.0,231700.0,NHDRA,2020-01-01,2020
107-47,2022,227400.0,66300.0,147900.0,City Parcel Master,2022-01-01,2022
107-47,2020,225100.0,66300.0,145600.0,NHDRA,2020-01-01,2020
107-48,2022,293800.0,67400.0,219300.0,City Parcel Master,2022-01-01,2022
107-48,2020,293700.0,67300.0,219300.0,NHDRA,2020-01-01,2020
107-49,2022,288700.0,70300.0,206900.0,City Parcel Master,2022-01-01,2022
107-49,2020,288700.0,70300.0,206900.0,NHDRA,2020-01-01,2020
107-50,2022,293100.0,70300.0,212000.0,City Parcel Master,2022-01-01,2022
107-50,2020,293100.0,70300.0,212000.0,NHDRA,2020-01-01,2020
107-51,2022,213500.0,70300.0,142700.0,City Parcel Master,2022-01-01,2022
107-51,2020,213500.0,70300.0,142700.0,NHDRA,2020-01-01,2020
107-52,2022,196900.0,64700.0,131900.0,City Parcel Master,2022-01-01,2022
107-52,2020,196700.0,64700.0,131700.0,NHDRA,2020-01-01,2020
107-53,2022,236600.0,61500.0,164400.0,City Parcel Master,2022-01-01,2022
107-53,2020,236600.0,61500.0,164400.0,NHDRA,2020-01-01,2020
107-54,2022,327500.0,63300.0,258000.0,City Parcel Master,2022-01-01,2022
107-54,2020,327500.0,63300.0,258000.0,NHDRA,2020-01-01,2020
107-55,2022,223100.0,70300.0,146000.0,City Parcel Master,2022-01-01,2022
107-55,2020,223100.0,70300.0,146000.0,NHDRA,2020-01-01,2020
107-56,2022,293300.0,70300.0,223000.0,City Parcel Master,2022-01-01,2022
107-56,2020,274700.0,70300.0,204400.0,NHDRA,2020-01-01,2020
107-57,2022,281200.0,70300.0,209400.0,City Parcel Master,2022-01-01,2022
107-57,2020,296000.0,70300.0,224200.0,NHDRA,2020-01-01,2020
107-58,2022,178900.0,63000.0,106400.0,City Parcel Master,2022-01-01,2022
107-58,2020,178900.0,63000.0,106400.0,NHDRA,2020-01-01,2020
107-59,2022,250600.0,63900.0,181900.0,City Parcel Master,2022-01-01,2022
107-59,2020,250600.0,63900.0,181900.0,NHDRA,2020-01-01,2020
107-60,2022,275900.0,66300.0,209100.0,City Parcel Master,2022-01-01,2022
107-60,2020,276400.0,66300.0,209600.0,NHDRA,2020-01-01,2020
107-61,2022,340700.0,71700.0,262400.0,City Parcel Master,2022-01-01,2022
107-61,2020,340600.0,71600.0,262400.0,NHDRA,2020-01-01,2020
107-62,2022,407100.0,60200.0,337900.0,City Parcel Master,2022-01-01,2022
107-62,2020,407100.0,60200.0,337900.0,NHDRA,2020-01-01,2020
107-63,2022,293200.0,62400.0,222700.0,City Parcel Master,2022-01-01,2022
107-63,2020,293100.0,62300.0,222700.0,NHDRA,2020-01-01,2020
107-64,2022,190500.0,74700.0,105100.0,City Parcel Master,2022-01-01,2022
107-64,2020,177900.0,74700.0,92500.0,NHDRA,2020-01-01,2020
107-65,2022,180900.0,67200.0,113200.0,City Parcel Master,2022-01-01,2022
107-65,2020,180900.0,67200.0,113200.0,NHDRA,2020-01-01,2020
107-66,2022,220600.0,70300.0,150300.0,City Parcel Master,2022-01-01,2022
107-66,2020,220600.0,70300.0,150300.0,NHDRA,2020-01-01,2020
107-67,2022,213700.0,70300.0,143400.0,City Parcel Master,2022-01-01,2022
107-67,2020,213700.0,70300.0,143400.0,NHDRA,2020-01-01,2020
107-68,2022,255600.0,70300.0,179200.0,City Parcel Master,2022-01-01,2022
107-68,2020,255600.0,70300.0,179200.0,NHDRA,2020-01-01,2020
107-69,2022,283500.0,70300.0,213200.0,City Parcel Master,2022-01-01,2022
107-69,2020,283500.0,70300.0,213200.0,NHDRA,2020-01-01,2020
107-70,2022,248300.0,70300.0,178000.0,City Parcel Master,2022-01-01,2022
107-70,2020,233900.0,70300.0,163600.0,NHDRA,2020-01-01,2020
107-71,2022,261400.0,81700.0,179300.0,City Parcel Master,2022-01-01,2022
107-71,2020,261400.0,81700.0,179300.0,NHDRA,2020-01-01,2020
107-72,2022,210200.0,76000.0,134200.0,City Parcel Master,2022-01-01,2022
107-72,2020,210200.0,76000.0,134200.0,NHDRA,2020-01-01,2020
107-73,2022,288700.0,81800.0,206600.0,City Parcel Master,2022-01-01,2022
107-73,2020,288600.0,81700.0,206600.0,NHDRA,2020-01-01,2020
107-74,2022,312000.0,70300.0,232700.0,City Parcel Master,2022-01-01,2022
107-74,2020,312000.0,70300.0,232700.0,NHDRA,2020-01-01,2020
107-75,2022,308300.0,84900.0,223100.0,City Parcel Master,2022-01-01,2022
107-75,2020,309800.0,85000.0,224500.0,NHDRA,2020-01-01,2020
107-76,2022,143500.0,143500.0,0.0,City Parcel Master,2022-01-01,2022
107-76,2020,143500.0,143500.0,0.0,NHDRA,2020-01-01,2020
107-77,2022,210900.0,70000.0,140900.0,City Parcel Master,2022-01-01,2022
107-77,2020,217400.0,70000.0,147400.0,NHDRA,2020-01-01,2020
107-78,2022,469100.0,78000.0,375700.0,City Parcel Master,2022-01-01,2022
107-78,2020,457800.0,78000.0,364900.0,NHDRA,2020-01-01,2020
107-79,2022,313700.0,72400.0,241300.0,City Parcel Master,2022-01-01,2022
107-79,2020,313700.0,72400.0,241300.0,NHDRA,2020-01-01,2020
107-80,2022,304900.0,73900.0,226100.0,City Parcel Master,2022-01-01,2022
107-80,2020,304900.0,73900.0,226100.0,NHDRA,2020-01-01,2020
107-81,2022,277500.0,60600.0,211700.0,City Parcel Master,2022-01-01,2022
107-81,2020,277400.0,60500.0,211700.0,NHDRA,2020-01-01,2020
107-82,2022,225900.0,45400.0,180500.0,City Parcel Master,2022-01-01,2022
107-82,2020,221700.0,45400.0,176300.0,NHDRA,2020-01-01,2020
107-83,2022,202900.0,70000.0,121000.0,City Parcel Master,2022-01-01,2022
107-83,2020,202900.0,70000.0,121000.0,NHDRA,2020-01-01,2020
107-84,2022,461100.0,97700.0,363200.0,City Parcel Master,2022-01-01,2022
107-84,2020,435100.0,97700.0,337200.0,NHDRA,2020-01-01,2020
107-85,2022,454900.0,94500.0,360400.0,City Parcel Master,2022-01-01,2022
107-85,2020,454900.0,94500.0,360400.0,NHDRA,2020-01-01,2020
107-86,2022,514400.0,90800.0,423600.0,City Parcel Master,2022-01-01,2022
107-86,2020,518200.0,90700.0,427500.0,NHDRA,2020-01-01,2020
107-87,2022,424600.0,106200.0,313600.0,City Parcel Master,2022-01-01,2022
107-87,2020,401200.0,106200.0,290200.0,NHDRA,2020-01-01,2020
107-88,2022,321300.0,95100.0,221800.0,City Parcel Master,2022-01-01,2022
107-88,2020,317800.0,95100.0,218300.0,NHDRA,2020-01-01,2020
107-89,2022,682300.0,110900.0,569900.0,City Parcel Master,2022-01-01,2022
107-89,2020,682400.0,111000.0,569900.0,NHDRA,2020-01-01,2020
107-90,2022,450900.0,114400.0,336500.0,City Parcel Master,2022-01-01,2022
107-90,2020,450800.0,114300.0,336500.0,NHDRA,2020-01-01,2020
107-91,2022,357000.0,88800.0,268200.0,City Parcel Master,2022-01-01,2022
107-91,2020,357000.0,88800.0,268200.0,NHDRA,2020-01-01,2020
107-92,2022,349800.0,65400.0,278400.0,City Parcel Master,2022-01-01,2022
107-92,2020,349700.0,65300.0,278400.0,NHDRA,2020-01-01,2020
107-93,2022,471400.0,66300.0,405100.0,City Parcel Master,2022-01-01,2022
107-93,2020,471400.0,66300.0,405100.0,NHDRA,2020-01-01,2020
107-94,2022,318200.0,67300.0,250900.0,City Parcel Master,2022-01-01,2022
107-94,2020,324500.0,67300.0,250700.0,NHDRA,2020-01-01,2020
107-95,2022,380000.0,71000.0,298200.0,City Parcel Master,2022-01-01,2022
107-95,2020,379900.0,70900.0,298200.0,NHDRA,2020-01-01,2020
107-96,2022,537500.0,77000.0,460500.0,City Parcel Master,2022-01-01,2022
107-96,2020,520400.0,77000.0,443400.0,NHDRA,2020-01-01,2020
107-97,2022,239600.0,62800.0,175900.0,City Parcel Master,2022-01-01,2022
107-97,2020,239600.0,62800.0,175900.0,NHDRA,2020-01-01,2020
107-98,2022,252800.0,62800.0,190000.0,City Parcel Master,2022-01-01,2022
107-98,2020,252800.0,62800.0,190000.0,NHDRA,2020-01-01,2020
107-99,2022,593800.0,118200.0,468600.0,City Parcel Master,2022-01-01,2022
107-99,2020,570300.0,118200.0,445100.0,NHDRA,2020-01-01,2020
107-100,2022,1212800.0,512300.0,670300.0,City Parcel Master,2022-01-01,2022
107-100,2020,1216000.0,512500.0,673300.0,NHDRA,2020-01-01,2020
107-101,2022,561800.0,105000.0,447700.0,City Parcel Master,2022-01-01,2022
107-101,2020,561800.0,105000.0,447700.0,NHDRA,2020-01-01,2020
107-102,2022,463500.0,97700.0,359200.0,City Parcel Master,2022-01-01,2022
107-102,2020,443300.0,97700.0,339000.0,NHDRA,2020-01-01,2020
107-103,2022,644500.0,284900.0,333000.0,City Parcel Master,2022-01-01,2022
107-103,2020,637700.0,285000.0,326100.0,NHDRA,2020-01-01,2020
107-104,2022,319100.0,85500.0,220200.0,City Parcel Master,2022-01-01,2022
107-104,2020,298900.0,85500.0,210800.0,NHDRA,2020-01-01,2020
107-105,2022,316100.0,91400.0,224300.0,City Parcel Master,2022-01-01,2022
107-105,2020,316100.0,91400.0,224300.0,NHDRA,2020-01-01,2020
107-106,2022,227400.0,86800.0,140600.0,City Parcel Master,2022-01-01,2022
107-106,2020,227400.0,86800.0,140600.0,NHDRA,2020-01-01,2020
107-107,2022,525900.0,111800.0,414100.0,City Parcel Master,2022-01-01,2022
107-107,2020,534500.0,111900.0,422600.0,NHDRA,2020-01-01,2020
107-108,2022,295600.0,111800.0,178600.0,City Parcel Master,2022-01-01,2022
107-108,2020,295700.0,111900.0,178600.0,NHDRA,2020-01-01,2020
107-109,2022,353600.0,79300.0,261900.0,City Parcel Master,2022-01-01,2022
107-109,2020,353600.0,79300.0,261900.0,NHDRA,2020-01-01,2020
107-110,2022,328100.0,88800.0,239300.0,City Parcel Master,2022-01-01,2022
107-110,2020,328100.0,88800.0,239300.0,NHDRA,2020-01-01,2020
107-111,2022,529400.0,83800.0,445600.0,City Parcel Master,2022-01-01,2022
107-111,2020,529400.0,83800.0,445600.0,NHDRA,2020-01-01,2020
107-112,2022,390200.0,105700.0,284500.0,City Parcel Master,2022-01-01,2022
107-112,2020,390000.0,105500.0,284500.0,NHDRA,2020-01-01,2020
107-113,2022,406400.0,88800.0,317600.0,City Parcel Master,2022-01-01,2022
107-113,2020,406400.0,88800.0,317600.0,NHDRA,2020-01-01,2020
107-114,2022,312100.0,103100.0,208800.0,City Parcel Master,2022-01-01,2022
107-114,2020,394500.0,206400.0,187900.0,NHDRA,2020-01-01,2020
107-115,2022,511500.0,96700.0,405000.0,City Parcel Master,2022-01-01,2022
107-115,2020,511500.0,96700.0,405000.0,NHDRA,2020-01-01,2020
107-116,2022,155700.0,116400.0,36500.0,City Parcel Master,2022-01-01,2022
107-116,2020,155700.0,116400.0,36500.0,NHDRA,2020-01-01,2020
107-117,2022,169600.0,97100.0,62500.0,City Parcel Master,2022-01-01,2022
107-117,2020,243200.0,97000.0,136200.0,NHDRA,2020-01-01,2020
107-118,2022,361100.0,97100.0,253300.0,City Parcel Master,2022-01-01,2022
107-118,2020,361000.0,97000.0,253300.0,NHDRA,2020-01-01,2020
107-119,2022,300800.0,92100.0,208700.0,City Parcel Master,2022-01-01,2022
107-119,2020,300800.0,92100.0,208700.0,NHDRA,2020-01-01,2020
107-120,2022,65400.0,56400.0,0.0,City Parcel Master,2022-01-01,2022
107-120,2020,65400.0,56400.0,0.0,NHDRA,2020-01-01,2020
107-121,2022,350100.0,106200.0,232100.0,City Parcel Master,2022-01-01,2022
107-121,2020,350100.0,106200.0,232100.0,NHDRA,2020-01-01,2020
107-122,2022,329500.0,93100.0,236100.0,City Parcel Master,2022-01-01,2022
107-122,2020,343600.0,93100.0,250200.0,NHDRA,2020-01-01,2020
107-123,2022,361500.0,92100.0,234800.0,City Parcel Master,2022-01-01,2022
107-123,2020,358500.0,92100.0,231800.0,NHDRA,2020-01-01,2020
107-124,2022,310600.0,86800.0,221900.0,City Parcel Master,2022-01-01,2022
107-124,2020,310600.0,86800.0,221900.0,NHDRA,2020-01-01,2020
107-125,2022,552200.0,110500.0,441700.0,City Parcel Master,2022-01-01,2022
107-125,2020,537300.0,110500.0,426800.0,NHDRA,2020-01-01,2020
107-126,2022,473500.0,106200.0,366800.0,City Parcel Master,2022-01-01,2022
107-126,2020,490800.0,106200.0,384200.0,NHDRA,2020-01-01,2020
107-127,2022,367700.0,103300.0,257900.0,City Parcel Master,2022-01-01,2022
107-127,2020,367700.0,103300.0,257900.0,NHDRA,2020-01-01,2020
107-128,2022,295400.0,102100.0,192900.0,City Parcel Master,2022-01-01,2022
107-128,2020,295300.0,102000.0,192900.0,NHDRA,2020-01-01,2020
107-129,2022,582600.0,93100.0,489000.0,City Parcel Master,2022-01-01,2022
107-129,2020,411800.0,93100.0,318700.0,NHDRA,2020-01-01,2020
107-130,2022,349600.0,95100.0,237900.0,City Parcel Master,2022-01-01,2022
107-130,2020,345900.0,95100.0,234200.0,NHDRA,2020-01-01,2020
107-131,2022,443200.0,105700.0,334100.0,City Parcel Master,2022-01-01,2022
107-131,2020,437600.0,105600.0,328600.0,NHDRA,2020-01-01,2020
107-132,2022,303400.0,93100.0,196500.0,City Parcel Master,2022-01-01,2022
107-132,2020,303400.0,93100.0,196500.0,NHDRA,2020-01-01,2020
107-133,2022,297600.0,92100.0,197000.0,City Parcel Master,2022-01-01,2022
107-133,2020,286100.0,92100.0,185900.0,NHDRA,2020-01-01,2020
107-134,2022,389500.0,96100.0,279800.0,City Parcel Master,2022-01-01,2022
107-134,2020,375800.0,96000.0,279800.0,NHDRA,2020-01-01,2020
107-135,2022,312600.0,83200.0,229400.0,City Parcel Master,2022-01-01,2022
107-135,2020,323300.0,83200.0,240100.0,NHDRA,2020-01-01,2020
107-136,2022,293300.0,113800.0,164000.0,City Parcel Master,2022-01-01,2022
107-136,2020,293500.0,114000.0,164000.0,NHDRA,2020-01-01,2020
107-137,2022,255700.0,87500.0,167100.0,City Parcel Master,2022-01-01,2022
107-137,2020,255700.0,87400.0,167000.0,NHDRA,2020-01-01,2020
107-138,2022,372000.0,109700.0,261900.0,City Parcel Master,2022-01-01,2022
107-138,2020,350400.0,109800.0,240200.0,NHDRA,2020-01-01,2020
107-139,2022,280000.0,75700.0,203900.0,City Parcel Master,2022-01-01,2022
107-139,2020,280000.0,75700.0,203900.0,NHDRA,2020-01-01,2020
107-140,2022,257400.0,79300.0,178100.0,City Parcel Master,2022-01-01,2022
107-140,2020,257400.0,79300.0,178100.0,NHDRA,2020-01-01,2020
107-141,2022,77800.0,77800.0,0.0,City Parcel Master,2022-01-01,2022
107-141,2020,77700.0,77700.0,0.0,NHDRA,2020-01-01,2020
107-142,2022,528400.0,108600.0,409600.0,City Parcel Master,2022-01-01,2022
107-142,2020,528400.0,108600.0,409600.0,NHDRA,2020-01-01,2020
107-143,2022,513200.0,142700.0,370500.0,City Parcel Master,2022-01-01,2022
107-143,2020,513200.0,142700.0,370500.0,NHDRA,2020-01-01,2020
107-144,2022,289200.0,106200.0,181200.0,City Parcel Master,2022-01-01,2022
107-144,2020,281800.0,100900.0,177300.0,NHDRA,2020-01-01,2020
107-145,2022,329100.0,105400.0,223700.0,City Parcel Master,2022-01-01,2022
107-145,2020,329100.0,105400.0,223700.0,NHDRA,2020-01-01,2020
107-146,2022,227700.0,90100.0,137600.0,City Parcel Master,2022-01-01,2022
107-146,2020,227700.0,90100.0,137600.0,NHDRA,2020-01-01,2020
107-147,2022,341700.0,100100.0,241600.0,City Parcel Master,2022-01-01,2022
107-147,2020,341700.0,100100.0,241600.0,NHDRA,2020-01-01,2020
107-148,2022,353700.0,110300.0,243400.0,City Parcel Master,2022-01-01,2022
107-148,2020,338800.0,110200.0,228600.0,NHDRA,2020-01-01,2020
107-149,2022,411300.0,93100.0,317600.0,City Parcel Master,2022-01-01,2022
107-149,2020,411300.0,93100.0,317600.0,NHDRA,2020-01-01,2020
107-150,2022,440000.0,129600.0,306300.0,City Parcel Master,2022-01-01,2022
107-150,2020,411800.0,106400.0,301900.0,NHDRA,2020-01-01,2020
107-151,2022,305800.0,92100.0,213600.0,City Parcel Master,2022-01-01,2022
107-151,2020,316800.0,92100.0,224600.0,NHDRA,2020-01-01,2020
107-152,2022,429000.0,110300.0,308300.0,City Parcel Master,2022-01-01,2022
107-152,2020,429100.0,110400.0,308300.0,NHDRA,2020-01-01,2020
107-153,2022,601800.0,152400.0,438400.0,City Parcel Master,2022-01-01,2022
107-153,2020,580600.0,152600.0,417000.0,NHDRA,2020-01-01,2020
107-154,2022,413100.0,137200.0,274800.0,City Parcel Master,2022-01-01,2022
107-154,2020,452100.0,176200.0,274800.0,NHDRA,2020-01-01,2020
107-156,2022,300400.0,134400.0,157600.0,City Parcel Master,2022-01-01,2022
107-156,2020,287700.0,134400.0,144900.0,NHDRA,2020-01-01,2020
107-157,2022,369500.0,100100.0,255500.0,City Parcel Master,2022-01-01,2022
107-157,2020,368800.0,100100.0,255500.0,NHDRA,2020-01-01,2020
107-158,2022,356300.0,133600.0,197600.0,City Parcel Master,2022-01-01,2022
107-158,2020,356300.0,133600.0,197600.0,NHDRA,2020-01-01,2020
107-159,2022,396700.0,130700.0,251000.0,City Parcel Master,2022-01-01,2022
107-159,2020,396700.0,130700.0,251000.0,NHDRA,2020-01-01,2020
107-160,2022,416000.0,136100.0,264000.0,City Parcel Master,2022-01-01,2022
107-160,2020,416000.0,136100.0,264000.0,NHDRA,2020-01-01,2020
107-161,2022,407800.0,131300.0,266600.0,City Parcel Master,2022-01-01,2022
107-161,2020,407800.0,131300.0,266600.0,NHDRA,2020-01-01,2020
107-162,2022,346200.0,115300.0,210700.0,City Parcel Master,2022-01-01,2022
107-162,2020,374000.0,115300.0,258700.0,NHDRA,2020-01-01,2020
107-162-100,2022,448100.0,126500.0,321600.0,City Parcel Master,2022-01-01,2022
107-162-100,2020,446400.0,126500.0,319900.0,NHDRA,2020-01-01,2020
107-163,2022,354700.0,132100.0,221400.0,City Parcel Master,2022-01-01,2022
107-163,2020,360900.0,132100.0,227600.0,NHDRA,2020-01-01,2020
107-164,2022,671300.0,107400.0,540100.0,City Parcel Master,2022-01-01,2022
107-164,2020,662900.0,107500.0,540100.0,NHDRA,2020-01-01,2020
107-165,2022,356600.0,100100.0,256500.0,City Parcel Master,2022-01-01,2022
107-165,2020,344600.0,100100.0,244500.0,NHDRA,2020-01-01,2020
107-166,2022,330900.0,104600.0,213400.0,City Parcel Master,2022-01-01,2022
107-166,2020,330800.0,104500.0,213400.0,NHDRA,2020-01-01,2020
107-167,2022,386400.0,107200.0,276100.0,City Parcel Master,2022-01-01,2022
107-167,2020,403100.0,107300.0,292600.0,NHDRA,2020-01-01,2020
107-168,2022,285200.0,95100.0,190100.0,City Parcel Master,2022-01-01,2022
107-168,2020,285200.0,95100.0,190100.0,NHDRA,2020-01-01,2020
107-169,2022,240000.0,83100.0,156900.0,City Parcel Master,2022-01-01,2022
107-169,2020,240000.0,83100.0,156900.0,NHDRA,2020-01-01,2020
107-170,2022,324200.0,123200.0,201000.0,City Parcel Master,2022-01-01,2022
107-170,2020,316100.0,123000.0,193100.0,NHDRA,2020-01-01,2020
107-171,2022,324300.0,87500.0,236400.0,City Parcel Master,2022-01-01,2022
107-171,2020,205200.0,87500.0,117700.0,NHDRA,2020-01-01,2020
107-172,2022,350200.0,110400.0,239300.0,City Parcel Master,2022-01-01,2022
107-172,2020,350100.0,110300.0,239300.0,NHDRA,2020-01-01,2020
107-173,2022,289400.0,100300.0,182700.0,City Parcel Master,2022-01-01,2022
107-173,2020,274700.0,100300.0,168000.0,NHDRA,2020-01-01,2020
107-174,2022,431300.0,106200.0,323500.0,City Parcel Master,2022-01-01,2022
107-174,2020,421400.0,106200.0,314800.0,NHDRA,2020-01-01,2020
107-175,2022,382000.0,105600.0,276400.0,City Parcel Master,2022-01-01,2022
107-175,2020,382100.0,105700.0,276400.0,NHDRA,2020-01-01,2020
107-176,2022,318000.0,107400.0,210300.0,City Parcel Master,2022-01-01,2022
107-176,2020,318100.0,107500.0,210300.0,NHDRA,2020-01-01,2020
107-177,2022,383200.0,107400.0,275800.0,City Parcel Master,2022-01-01,2022
107-177,2020,367800.0,107500.0,260300.0,NHDRA,2020-01-01,2020
107-178,2022,339800.0,108600.0,227500.0,City Parcel Master,2022-01-01,2022
107-178,2020,328000.0,108600.0,215700.0,NHDRA,2020-01-01,2020
107-179,2022,362200.0,91400.0,265500.0,City Parcel Master,2022-01-01,2022
107-179,2020,396700.0,91400.0,300000.0,NHDRA,2020-01-01,2020
107-180,2022,274600.0,96100.0,174200.0,City Parcel Master,2022-01-01,2022
107-180,2020,274400.0,96000.0,174100.0,NHDRA,2020-01-01,2020
107-181,2022,268300.0,91400.0,176100.0,City Parcel Master,2022-01-01,2022
107-181,2020,268300.0,91400.0,176100.0,NHDRA,2020-01-01,2020
107-182,2022,424300.0,110300.0,289700.0,City Parcel Master,2022-01-01,2022
107-182,2020,407400.0,110400.0,289700.0,NHDRA,2020-01-01,2020
107-183,2022,311500.0,101100.0,205200.0,City Parcel Master,2022-01-01,2022
107-183,2020,311400.0,101000.0,205200.0,NHDRA,2020-01-01,2020
107-184,2022,528500.0,125200.0,403300.0,City Parcel Master,2022-01-01,2022
107-184,2020,498600.0,137800.0,360800.0,NHDRA,2020-01-01,2020
107-185,2022,307100.0,91400.0,209300.0,City Parcel Master,2022-01-01,2022
107-185,2020,307100.0,91400.0,209300.0,NHDRA,2020-01-01,2020
107-186,2022,445600.0,123900.0,317900.0,City Parcel Master,2022-01-01,2022
107-186,2020,445700.0,124000.0,317900.0,NHDRA,2020-01-01,2020
107-187,2022,263700.0,109700.0,153500.0,City Parcel Master,2022-01-01,2022
107-187,2020,263800.0,109800.0,153500.0,NHDRA,2020-01-01,2020
107-188,2022,250800.0,96100.0,147300.0,City Parcel Master,2022-01-01,2022
107-188,2020,250700.0,96000.0,147300.0,NHDRA,2020-01-01,2020
107-189,2022,287000.0,92100.0,194900.0,City Parcel Master,2022-01-01,2022
107-189,2020,92100.0,92100.0,0.0,NHDRA,2020-01-01,2020
107-190,2022,370100.0,100200.0,269900.0,City Parcel Master,2022-01-01,2022
107-190,2020,330700.0,100300.0,230400.0,NHDRA,2020-01-01,2020
107-191,2022,454500.0,109200.0,333900.0,City Parcel Master,2022-01-01,2022
107-191,2020,431900.0,109100.0,311600.0,NHDRA,2020-01-01,2020
107-192,2022,355700.0,109700.0,246000.0,City Parcel Master,2022-01-01,2022
107-192,2020,355800.0,109800.0,246000.0,NHDRA,2020-01-01,2020
107-193,2022,343200.0,121500.0,221400.0,City Parcel Master,2022-01-01,2022
107-193,2020,342800.0,121400.0,221400.0,NHDRA,2020-01-01,2020
107-194,2022,234400.0,87500.0,142900.0,City Parcel Master,2022-01-01,2022
107-194,2020,234300.0,87400.0,142900.0,NHDRA,2020-01-01,2020
107-195,2022,292200.0,88800.0,201500.0,City Parcel Master,2022-01-01,2022
107-195,2020,239100.0,88800.0,150300.0,NHDRA,2020-01-01,2020
107-196,2022,264900.0,90100.0,173000.0,City Parcel Master,2022-01-01,2022
107-196,2020,265000.0,90200.0,173000.0,NHDRA,2020-01-01,2020
107-197,2022,414000.0,92100.0,303900.0,City Parcel Master,2022-01-01,2022
107-197,2020,414000.0,92100.0,303900.0,NHDRA,2020-01-01,2020
107-198,2022,419300.0,103600.0,315700.0,City Parcel Master,2022-01-01,2022
107-198,2020,419300.0,103600.0,315700.0,NHDRA,2020-01-01,2020
107-199,2022,290600.0,101600.0,180500.0,City Parcel Master,2022-01-01,2022
107-199,2020,290500.0,101500.0,180500.0,NHDRA,2020-01-01,2020
107-200,2022,374600.0,88300.0,271100.0,City Parcel Master,2022-01-01,2022
107-200,2020,310500.0,79400.0,218400.0,NHDRA,2020-01-01,2020
107-201,2022,350000.0,96700.0,243100.0,City Parcel Master,2022-01-01,2022
107-201,2020,350000.0,96700.0,243100.0,NHDRA,2020-01-01,2020
107-202,2022,382200.0,83500.0,291300.0,City Parcel Master,2022-01-01,2022
107-202,2020,382200.0,83500.0,291300.0,NHDRA,2020-01-01,2020
107-203,2022,253300.0,63000.0,190300.0,City Parcel Master,2022-01-01,2022
107-203,2020,256500.0,78700.0,177800.0,NHDRA,2020-01-01,2020
107-204,2022,221200.0,75900.0,144800.0,City Parcel Master,2022-01-01,2022
107-204,2020,221200.0,75900.0,144800.0,NHDRA,2020-01-01,2020
107-205,2022,309200.0,83800.0,208300.0,City Parcel Master,2022-01-01,2022
107-205,2020,319100.0,83800.0,218200.0,NHDRA,2020-01-01,2020
107-206,2022,377800.0,88300.0,289000.0,City Parcel Master,2022-01-01,2022
107-206,2020,377700.0,88200.0,289000.0,NHDRA,2020-01-01,2020
107-207,2022,269400.0,75700.0,193700.0,City Parcel Master,2022-01-01,2022
107-207,2020,255000.0,75700.0,179300.0,NHDRA,2020-01-01,2020
107-208,2022,270600.0,82300.0,184400.0,City Parcel Master,2022-01-01,2022
107-208,2020,270600.0,82300.0,184400.0,NHDRA,2020-01-01,2020
107-209,2022,326800.0,121400.0,201200.0,City Parcel Master,2022-01-01,2022
107-209,2020,324400.0,121400.0,198800.0,NHDRA,2020-01-01,2020
107-210,2022,389500.0,97000.0,291500.0,City Parcel Master,2022-01-01,2022
107-210,2020,394800.0,108600.0,285200.0,NHDRA,2020-01-01,2020
107-211,2022,316500.0,103300.0,213200.0,City Parcel Master,2022-01-01,2022
107-211,2020,316600.0,103400.0,213200.0,NHDRA,2020-01-01,2020
107-212,2022,298400.0,83000.0,215400.0,City Parcel Master,2022-01-01,2022
107-212,2020,298400.0,83000.0,215400.0,NHDRA,2020-01-01,2020
107-213,2022,486500.0,80900.0,373400.0,City Parcel Master,2022-01-01,2022
107-213,2020,455100.0,80900.0,362400.0,NHDRA,2020-01-01,2020
107-214,2022,1520.0,1520.0,0.0,City Parcel Master,2022-01-01,2022
107-214,2020,216945.0,216945.0,0.0,NHDRA,2020-01-01,2020
108-1,2022,306800.0,80800.0,218600.0,City Parcel Master,2022-01-01,2022
108-1,2020,306700.0,80700.0,218600.0,NHDRA,2020-01-01,2020
108-2-55,2022,14000.0,14000.0,0.0,City Parcel Master,2022-01-01,2022
108-2-55,2020,15000.0,0.0,0.0,NHDRA,2020-01-01,2020
108-2-56,2022,14000.0,14000.0,0.0,City Parcel Master,2022-01-01,2022
108-2-56,2020,15000.0,15000.0,0.0,NHDRA,2020-01-01,2020
108-2-57,2022,14000.0,14000.0,0.0,City Parcel Master,2022-01-01,2022
108-2-57,2020,,,,NHDRA,2020-01-01,2020
108-2-58,2022,14000.0,14000.0,0.0,City Parcel Master,2022-01-01,2022
108-2-58,2020,15000.0,15000.0,0.0,NHDRA,2020-01-01,2020
108-2-59,2022,14000.0,14000.0,0.0,City Parcel Master,2022-01-01,2022
108-2-59,2020,15000.0,15000.0,0.0,NHDRA,2020-01-01,2020
108-2-60,2022,14000.0,14000.0,0.0,City Parcel Master,2022-01-01,2022
108-2-60,2020,15000.0,15000.0,0.0,NHDRA,2020-01-01,2020
108-2-61,2022,14000.0,14000.0,0.0,City Parcel Master,2022-01-01,2022
108-2-61,2020,15000.0,15000.0,0.0,NHDRA,2020-01-01,2020
108-2-62,2022,14000.0,14000.0,0.0,City Parcel Master,2022-01-01,2022
108-2-62,2020,15000.0,15000.0,0.0,NHDRA,2020-01-01,2020
108-2-63,2022,14000.0,14000.0,0.0,City Parcel Master,2022-01-01,2022
108-2-63,2020,15000.0,15000.0,0.0,NHDRA,2020-01-01,2020
108-2-64,2022,14000.0,14000.0,0.0,City Parcel Master,2022-01-01,2022
108-2-64,2020,15000.0,15000.0,0.0,NHDRA,2020-01-01,2020
108-2-65,2022,14000.0,14000.0,0.0,City Parcel Master,2022-01-01,2022
108-2-65,2020,15000.0,15000.0,0.0,NHDRA,2020-01-01,2020
108-2-66,2022,14000.0,14000.0,0.0,City Parcel Master,2022-01-01,2022
108-2-66,2020,15000.0,15000.0,0.0,NHDRA,2020-01-01,2020
108-2-67,2022,14000.0,14000.0,0.0,City Parcel Master,2022-01-01,2022
108-2-67,2020,15000.0,15000.0,0.0,NHDRA,2020-01-01,2020
108-2-68,2022,14000.0,14000.0,0.0,City Parcel Master,2022-01-01,2022
108-2-68,2020,15000.0,15000.0,0.0,NHDRA,2020-01-01,2020
108-2-69,2022,14000.0,14000.0,0.0,City Parcel Master,2022-01-01,2022
108-2-69,2020,15000.0,15000.0,0.0,NHDRA,2020-01-01,2020
108-2-70,2022,14000.0,14000.0,0.0,City Parcel Master,2022-01-01,2022
108-2-70,2020,15000.0,15000.0,0.0,NHDRA,2020-01-01,2020
108-2-71,2022,14000.0,14000.0,0.0,City Parcel Master,2022-01-01,2022
108-2-71,2020,15000.0,15000.0,0.0,NHDRA,2020-01-01,2020
108-2-72,2022,14000.0,14000.0,0.0,City Parcel Master,2022-01-01,2022
108-2-72,2020,15000.0,15000.0,0.0,NHDRA,2020-01-01,2020
108-2-73,2022,14000.0,14000.0,0.0,City Parcel Master,2022-01-01,2022
108-2-73,2020,15000.0,15000.0,0.0,NHDRA,2020-01-01,2020
108-2-74,2022,14000.0,14000.0,0.0,City Parcel Master,2022-01-01,2022
108-2-74,2020,15000.0,15000.0,0.0,NHDRA,2020-01-01,2020
108-2-75,2022,14000.0,14000.0,0.0,City Parcel Master,2022-01-01,2022
108-2-75,2020,15000.0,15000.0,0.0,NHDRA,2020-01-01,2020
108-2-76,2022,14000.0,14000.0,0.0,City Parcel Master,2022-01-01,2022
108-2-76,2020,15000.0,15000.0,0.0,NHDRA,2020-01-01,2020
108-2-77,2022,14000.0,14000.0,0.0,City Parcel Master,2022-01-01,2022
108-2-77,2020,15000.0,15000.0,0.0,NHDRA,2020-01-01,2020
108-2-78,2022,14000.0,14000.0,0.0,City Parcel Master,2022-01-01,2022
108-2-78,2020,15000.0,15000.0,0.0,NHDRA,2020-01-01,2020
108-2-79,2022,14000.0,14000.0,0.0,City Parcel Master,2022-01-01,2022
108-2-79,2020,15000.0,15000.0,0.0,NHDRA,2020-01-01,2020
108-2-80,2022,14000.0,14000.0,0.0,City Parcel Master,2022-01-01,2022
108-2-80,2020,15000.0,15000.0,0.0,NHDRA,2020-01-01,2020
108-2-81,2022,14000.0,14000.0,0.0,City Parcel Master,2022-01-01,2022
108-2-81,2020,15000.0,15000.0,0.0,NHDRA,2020-01-01,2020
108-2-82,2022,14000.0,14000.0,0.0,City Parcel Master,2022-01-01,2022
108-2-82,2020,15000.0,15000.0,0.0,NHDRA,2020-01-01,2020
108-2-83,2022,14000.0,14000.0,0.0,City Parcel Master,2022-01-01,2022
108-2-83,2020,15000.0,15000.0,0.0,NHDRA,2020-01-01,2020
108-2-84,2022,14000.0,14000.0,0.0,City Parcel Master,2022-01-01,2022
108-2-84,2020,15000.0,15000.0,0.0,NHDRA,2020-01-01,2020
108-2-85,2022,14000.0,14000.0,0.0,City Parcel Master,2022-01-01,2022
108-2-85,2020,15000.0,15000.0,0.0,NHDRA,2020-01-01,2020
108-2-86,2022,14000.0,14000.0,0.0,City Parcel Master,2022-01-01,2022
108-2-86,2020,15000.0,15000.0,0.0,NHDRA,2020-01-01,2020
108-2-87,2022,14000.0,14000.0,0.0,City Parcel Master,2022-01-01,2022
108-2-87,2020,15000.0,15000.0,0.0,NHDRA,2020-01-01,2020
108-2-88,2022,14000.0,14000.0,0.0,City Parcel Master,2022-01-01,2022
108-2-88,2020,15000.0,15000.0,0.0,NHDRA,2020-01-01,2020
108-2-89,2022,14000.0,14000.0,0.0,City Parcel Master,2022-01-01,2022
108-2-89,2020,15000.0,15000.0,0.0,NHDRA,2020-01-01,2020
108-2-90,2022,14000.0,14000.0,0.0,City Parcel Master,2022-01-01,2022
108-2-90,2020,15000.0,15000.0,0.0,NHDRA,2020-01-01,2020
108-2-91,2022,14000.0,14000.0,0.0,City Parcel Master,2022-01-01,2022
108-2-91,2020,15000.0,15000.0,0.0,NHDRA,2020-01-01,2020
108-2-92,2022,14000.0,14000.0,0.0,City Parcel Master,2022-01-01,2022
108-2-92,2020,15000.0,15000.0,0.0,NHDRA,2020-01-01,2020
108-2-93,2022,14000.0,14000.0,0.0,City Parcel Master,2022-01-01,2022
108-2-93,2020,15000.0,15000.0,0.0,NHDRA,2020-01-01,2020
108-2-94,2022,14000.0,14000.0,0.0,City Parcel Master,2022-01-01,2022
108-2-94,2020,15000.0,15000.0,0.0,NHDRA,2020-01-01,2020
108-2-95,2022,14000.0,14000.0,0.0,City Parcel Master,2022-01-01,2022
108-2-95,2020,15000.0,15000.0,0.0,NHDRA,2020-01-01,2020
108-2-96,2022,14000.0,14000.0,0.0,City Parcel Master,2022-01-01,2022
108-2-96,2020,15000.0,15000.0,0.0,NHDRA,2020-01-01,2020
108-2-97,2022,14000.0,14000.0,0.0,City Parcel Master,2022-01-01,2022
108-2-97,2020,15000.0,15000.0,0.0,NHDRA,2020-01-01,2020
108-2-98,2022,14000.0,14000.0,0.0,City Parcel Master,2022-01-01,2022
108-2-98,2020,15000.0,15000.0,0.0,NHDRA,2020-01-01,2020
108-2-99,2022,14000.0,14000.0,0.0,City Parcel Master,2022-01-01,2022
108-2-99,2020,15000.0,15000.0,0.0,NHDRA,2020-01-01,2020
108-2-100,2022,14000.0,14000.0,0.0,City Parcel Master,2022-01-01,2022
108-2-100,2020,15000.0,15000.0,0.0,NHDRA,2020-01-01,2020
108-2-101,2022,14000.0,14000.0,0.0,City Parcel Master,2022-01-01,2022
108-2-101,2020,15000.0,15000.0,0.0,NHDRA,2020-01-01,2020
108-2-102,2022,14000.0,14000.0,0.0,City Parcel Master,2022-01-01,2022
108-2-102,2020,15000.0,15000.0,0.0,NHDRA,2020-01-01,2020
108-2-103,2022,14000.0,14000.0,0.0,City Parcel Master,2022-01-01,2022
108-2-103,2020,15000.0,15000.0,0.0,NHDRA,2020-01-01,2020
108-2-104,2022,14000.0,14000.0,0.0,City Parcel Master,2022-01-01,2022
108-2-104,2020,15000.0,15000.0,0.0,NHDRA,2020-01-01,2020
108-2-105,2022,14000.0,14000.0,0.0,City Parcel Master,2022-01-01,2022
108-2-105,2020,15000.0,15000.0,0.0,NHDRA,2020-01-01,2020
108-2-106,2022,14000.0,14000.0,0.0,City Parcel Master,2022-01-01,2022
108-2-106,2020,15000.0,15000.0,0.0,NHDRA,2020-01-01,2020
108-2-107,2022,14000.0,14000.0,0.0,City Parcel Master,2022-01-01,2022
108-2-107,2020,15000.0,15000.0,0.0,NHDRA,2020-01-01,2020
108-2-108,2022,14000.0,14000.0,0.0,City Parcel Master,2022-01-01,2022
108-2-108,2020,15000.0,15000.0,0.0,NHDRA,2020-01-01,2020
108-2-109,2022,14000.0,14000.0,0.0,City Parcel Master,2022-01-01,2022
108-2-109,2020,15000.0,15000.0,0.0,NHDRA,2020-01-01,2020
108-2-110,2022,14000.0,14000.0,0.0,City Parcel Master,2022-01-01,2022
108-2-110,2020,15000.0,15000.0,0.0,NHDRA,2020-01-01,2020
108-2-111,2022,14000.0,14000.0,0.0,City Parcel Master,2022-01-01,2022
108-2-111,2020,15000.0,15000.0,0.0,NHDRA,2020-01-01,2020
108-2-112,2022,14000.0,14000.0,0.0,City Parcel Master,2022-01-01,2022
108-2-112,2020,15000.0,15000.0,0.0,NHDRA,2020-01-01,2020
108-2-113,2022,14000.0,14000.0,0.0,City Parcel Master,2022-01-01,2022
108-2-113,2020,15000.0,15000.0,0.0,NHDRA,2020-01-01,2020
108-2-114,2022,14000.0,14000.0,0.0,City Parcel Master,2022-01-01,2022
108-2-114,2020,15000.0,15000.0,0.0,NHDRA,2020-01-01,2020
108-2-115,2022,14000.0,14000.0,0.0,City Parcel Master,2022-01-01,2022
108-2-115,2020,15000.0,15000.0,0.0,NHDRA,2020-01-01,2020
108-2-116,2022,14000.0,14000.0,0.0,City Parcel Master,2022-01-01,2022
108-2-116,2020,15000.0,15000.0,0.0,NHDRA,2020-01-01,2020
108-2-117,2022,14000.0,14000.0,0.0,City Parcel Master,2022-01-01,2022
108-2-117,2020,15000.0,15000.0,0.0,NHDRA,2020-01-01,2020
108-2-118,2022,14000.0,14000.0,0.0,City Parcel Master,2022-01-01,2022
108-2-118,2020,15000.0,15000.0,0.0,NHDRA,2020-01-01,2020
108-2-119,2022,14000.0,14000.0,0.0,City Parcel Master,2022-01-01,2022
108-2-119,2020,15000.0,15000.0,0.0,NHDRA,2020-01-01,2020
108-2-120,2022,14000.0,14000.0,0.0,City Parcel Master,2022-01-01,2022
108-2-120,2020,15000.0,15000.0,0.0,NHDRA,2020-01-01,2020
108-2-121,2022,14000.0,14000.0,0.0,City Parcel Master,2022-01-01,2022
108-2-121,2020,15000.0,15000.0,0.0,NHDRA,2020-01-01,2020
108-2-122,2022,14000.0,14000.0,0.0,City Parcel Master,2022-01-01,2022
108-2-122,2020,15000.0,15000.0,0.0,NHDRA,2020-01-01,2020
108-2-123,2022,14000.0,14000.0,0.0,City Parcel Master,2022-01-01,2022
108-2-123,2020,15000.0,15000.0,0.0,NHDRA,2020-01-01,2020
108-2-124,2022,14000.0,14000.0,0.0,City Parcel Master,2022-01-01,2022
108-2-124,2020,15000.0,15000.0,0.0,NHDRA,2020-01-01,2020
108-2-125,2022,14000.0,14000.0,0.0,City Parcel Master,2022-01-01,2022
108-2-125,2020,15000.0,15000.0,0.0,NHDRA,2020-01-01,2020
108-2-126,2022,14000.0,14000.0,0.0,City Parcel Master,2022-01-01,2022
108-2-126,2020,15000.0,15000.0,0.0,NHDRA,2020-01-01,2020
108-2-127,2022,14000.0,14000.0,0.0,City Parcel Master,2022-01-01,2022
108-2-127,2020,15000.0,15000.0,0.0,NHDRA,2020-01-01,2020
108-2-128,2022,14000.0,14000.0,0.0,City Parcel Master,2022-01-01,2022
108-2-128,2020,15000.0,15000.0,0.0,NHDRA,2020-01-01,2020
108-2-129,2022,273100.0,0.0,272700.0,City Parcel Master,2022-01-01,2022
108-2-129,2020,15000.0,15000.0,0.0,NHDRA,2020-01-01,2020
108-2-130,2022,273100.0,0.0,272700.0,City Parcel Master,2022-01-01,2022
108-2-130,2020,15000.0,15000.0,0.0,NHDRA,2020-01-01,2020
108-2-131,2022,14000.0,14000.0,0.0,City Parcel Master,2022-01-01,2022
108-2-131,2020,15000.0,15000.0,0.0,NHDRA,2020-01-01,2020
108-2-132,2022,14000.0,14000.0,0.0,City Parcel Master,2022-01-01,2022
108-2-132,2020,15000.0,15000.0,0.0,NHDRA,2020-01-01,2020
108-2-133,2022,14000.0,14000.0,0.0,City Parcel Master,2022-01-01,2022
108-2-133,2020,15000.0,15000.0,0.0,NHDRA,2020-01-01,2020
108-2-134,2022,14000.0,14000.0,0.0,City Parcel Master,2022-01-01,2022
108-2-134,2020,15000.0,15000.0,0.0,NHDRA,2020-01-01,2020
108-2-135,2022,14000.0,14000.0,0.0,City Parcel Master,2022-01-01,2022
108-2-135,2020,15000.0,15000.0,0.0,NHDRA,2020-01-01,2020
108-2-136,2022,14000.0,14000.0,0.0,City Parcel Master,2022-01-01,2022
108-2-136,2020,15000.0,15000.0,0.0,NHDRA,2020-01-01,2020
108-2-137,2022,14000.0,14000.0,0.0,City Parcel Master,2022-01-01,2022
108-2-137,2020,15000.0,15000.0,0.0,NHDRA,2020-01-01,2020
108-2-138,2022,14000.0,14000.0,0.0,City Parcel Master,2022-01-01,2022
108-2-138,2020,15000.0,15000.0,0.0,NHDRA,2020-01-01,2020
108-2-139,2022,14000.0,14000.0,0.0,City Parcel Master,2022-01-01,2022
108-2-139,2020,,,,NHDRA,2020-01-01,2020
108-2-140,2022,14000.0,14000.0,0.0,City Parcel Master,2022-01-01,2022
108-2-140,2020,15000.0,15000.0,0.0,NHDRA,2020-01-01,2020
108-2-141,2022,14000.0,14000.0,0.0,City Parcel Master,2022-01-01,2022
108-2-141,2020,15000.0,15000.0,0.0,NHDRA,2020-01-01,2020
108-2-142,2022,14000.0,14000.0,0.0,City Parcel Master,2022-01-01,2022
108-2-142,2020,15000.0,15000.0,0.0,NHDRA,2020-01-01,2020
108-2-143,2022,14000.0,14000.0,0.0,City Parcel Master,2022-01-01,2022
108-2-143,2020,15000.0,15000.0,0.0,NHDRA,2020-01-01,2020
108-2-144,2022,14000.0,14000.0,0.0,City Parcel Master,2022-01-01,2022
108-2-144,2020,1500.0,1500.0,0.0,NHDRA,2020-01-01,2020
108-2-145,2022,14000.0,14000.0,0.0,City Parcel Master,2022-01-01,2022
108-2-145,2020,15000.0,15000.0,0.0,NHDRA,2020-01-01,2020
108-2-146,2022,14000.0,14000.0,0.0,City Parcel Master,2022-01-01,2022
108-2-146,2020,15000.0,15000.0,0.0,NHDRA,2020-01-01,2020
108-2-147,2022,14000.0,14000.0,0.0,City Parcel Master,2022-01-01,2022
108-2-147,2020,15000.0,15000.0,0.0,NHDRA,2020-01-01,2020
108-2-148,2022,14000.0,14000.0,0.0,City Parcel Master,2022-01-01,2022
108-2-148,2020,15000.0,15000.0,0.0,NHDRA,2020-01-01,2020
108-2-149,2022,14000.0,14000.0,0.0,City Parcel Master,2022-01-01,2022
108-2-149,2020,15000.0,15000.0,0.0,NHDRA,2020-01-01,2020
108-2-150,2022,273100.0,0.0,272700.0,City Parcel Master,2022-01-01,2022
108-2-150,2020,15000.0,15000.0,0.0,NHDRA,2020-01-01,2020
108-2-151,2022,14000.0,14000.0,0.0,City Parcel Master,2022-01-01,2022
108-2-151,2020,15000.0,15000.0,0.0,NHDRA,2020-01-01,2020
108-2-152,2022,14000.0,14000.0,0.0,City Parcel Master,2022-01-01,2022
108-2-152,2020,15000.0,15000.0,0.0,NHDRA,2020-01-01,2020
108-2-153,2022,14000.0,14000.0,0.0,City Parcel Master,2022-01-01,2022
108-2-153,2020,15000.0,15000.0,0.0,NHDRA,2020-01-01,2020
108-2-154,2022,14000.0,14000.0,0.0,City Parcel Master,2022-01-01,2022
108-2-154,2020,15000.0,15000.0,0.0,NHDRA,2020-01-01,2020
108-2-155,2022,14000.0,14000.0,0.0,City Parcel Master,2022-01-01,2022
108-2-155,2020,15000.0,15000.0,0.0,NHDRA,2020-01-01,2020
108-2-156,2022,14000.0,14000.0,0.0,City Parcel Master,2022-01-01,2022
108-2-156,2020,15000.0,15000.0,0.0,NHDRA,2020-01-01,2020
108-2-157,2022,14000.0,14000.0,0.0,City Parcel Master,2022-01-01,2022
108-2-157,2020,15000.0,15000.0,0.0,NHDRA,2020-01-01,2020
108-2-158,2022,14000.0,14000.0,0.0,City Parcel Master,2022-01-01,2022
108-2-158,2020,15000.0,15000.0,0.0,NHDRA,2020-01-01,2020
108-2-159,2022,273100.0,0.0,272700.0,City Parcel Master,2022-01-01,2022
108-2-159,2020,15000.0,15000.0,0.0,NHDRA,2020-01-01,2020
108-2-160,2022,273100.0,0.0,272700.0,City Parcel Master,2022-01-01,2022
108-2-160,2020,15000.0,15000.0,0.0,NHDRA,2020-01-01,2020
108-2-161,2022,273100.0,0.0,272700.0,City Parcel Master,2022-01-01,2022
108-2-161,2020,15000.0,15000.0,0.0,NHDRA,2020-01-01,2020
108-2-162,2022,273100.0,0.0,272700.0,City Parcel Master,2022-01-01,2022
108-2-162,2020,15000.0,15000.0,0.0,NHDRA,2020-01-01,2020
108-2-163,2022,273100.0,0.0,272700.0,City Parcel Master,2022-01-01,2022
108-2-163,2020,15000.0,15000.0,0.0,NHDRA,2020-01-01,2020
108-2-164,2022,266700.0,0.0,266700.0,City Parcel Master,2022-01-01,2022
108-2-164,2020,15000.0,15000.0,0.0,NHDRA,2020-01-01,2020
108-2-165,2022,273100.0,0.0,272700.0,City Parcel Master,2022-01-01,2022
108-2-165,2020,15000.0,15000.0,0.0,NHDRA,2020-01-01,2020
108-2-166,2022,273100.0,0.0,272700.0,City Parcel Master,2022-01-01,2022
108-2-166,2020,15000.0,15000.0,0.0,NHDRA,2020-01-01,2020
108-2-167,2022,273100.0,0.0,272700.0,City Parcel Master,2022-01-01,2022
108-2-167,2020,15000.0,15000.0,0.0,NHDRA,2020-01-01,2020
108-2-168,2022,273100.0,0.0,272700.0,City Parcel Master,2022-01-01,2022
108-2-168,2020,15000.0,15000.0,0.0,NHDRA,2020-01-01,2020
108-2-169,2022,266700.0,0.0,266700.0,City Parcel Master,2022-01-01,2022
108-2-169,2020,15000.0,15000.0,0.0,NHDRA,2020-01-01,2020
108-2-170,2022,273100.0,0.0,272700.0,City Parcel Master,2022-01-01,2022
108-2-170,2020,15000.0,15000.0,0.0,NHDRA,2020-01-01,2020
108-2-171,2022,273100.0,0.0,272700.0,City Parcel Master,2022-01-01,2022
108-2-171,2020,15000.0,15000.0,0.0,NHDRA,2020-01-01,2020
108-3,2022,265595.0,102295.0,159300.0,City Parcel Master,2022-01-01,2022
108-3,2020,265595.0,102295.0,159300.0,NHDRA,2020-01-01,2020
108-3-100,2022,459300.0,110100.0,331600.0,City Parcel Master,2022-01-01,2022
108-3-100,2020,438000.0,110100.0,310700.0,NHDRA,2020-01-01,2020
108-4,2022,326900.0,95400.0,212700.0,City Parcel Master,2022-01-01,2022
108-4,2020,314800.0,95400.0,212000.0,NHDRA,2020-01-01,2020
108-5,2022,385200.0,102000.0,267900.0,City Parcel Master,2022-01-01,2022
108-5,2020,385200.0,102000.0,267900.0,NHDRA,2020-01-01,2020
108-6,2022,323100.0,102200.0,220900.0,City Parcel Master,2022-01-01,2022
108-6,2020,323100.0,102200.0,220900.0,NHDRA,2020-01-01,2020
108-7,2022,386100.0,131700.0,241700.0,City Parcel Master,2022-01-01,2022
108-7,2020,386100.0,131700.0,241700.0,NHDRA,2020-01-01,2020
108-8,2022,383300.0,138100.0,226300.0,City Parcel Master,2022-01-01,2022
108-8,2020,383300.0,138100.0,226300.0,NHDRA,2020-01-01,2020
108-10,2022,446600.0,102400.0,313200.0,City Parcel Master,2022-01-01,2022
108-10,2020,424300.0,102400.0,311000.0,NHDRA,2020-01-01,2020
108-11,2022,359200.0,98700.0,260500.0,City Parcel Master,2022-01-01,2022
108-11,2020,354800.0,98900.0,255900.0,NHDRA,2020-01-01,2020
108-12,2022,326100.0,97200.0,228500.0,City Parcel Master,2022-01-01,2022
108-12,2020,326200.0,97300.0,228500.0,NHDRA,2020-01-01,2020
108-13,2022,377000.0,122400.0,240200.0,City Parcel Master,2022-01-01,2022
108-13,2020,370800.0,118600.0,237800.0,NHDRA,2020-01-01,2020
108-14-1,2022,243500.0,0.0,243000.0,City Parcel Master,2022-01-01,2022
108-14-1,2020,243500.0,0.0,243000.0,NHDRA,2020-01-01,2020
108-14-2,2022,243500.0,0.0,243000.0,City Parcel Master,2022-01-01,2022
108-14-2,2020,243500.0,0.0,243000.0,NHDRA,2020-01-01,2020
108-14-3,2022,260600.0,0.0,260100.0,City Parcel Master,2022-01-01,2022
108-14-3,2020,260600.0,0.0,260100.0,NHDRA,2020-01-01,2020
108-14-4,2022,260600.0,0.0,260100.0,City Parcel Master,2022-01-01,2022
108-14-4,2020,260600.0,0.0,260100.0,NHDRA,2020-01-01,2020
108-14-5,2022,260500.0,0.0,260100.0,City Parcel Master,2022-01-01,2022
108-14-5,2020,260500.0,0.0,260100.0,NHDRA,2020-01-01,2020
108-14-6,2022,260600.0,0.0,260100.0,City Parcel Master,2022-01-01,2022
108-14-6,2020,260600.0,0.0,260100.0,NHDRA,2020-01-01,2020
108-14-7,2022,260600.0,0.0,260100.0,City Parcel Master,2022-01-01,2022
108-14-7,2020,260600.0,0.0,260100.0,NHDRA,2020-01-01,2020
108-14-8,2022,260200.0,0.0,260100.0,City Parcel Master,2022-01-01,2022
108-14-8,2020,260200.0,0.0,260100.0,NHDRA,2020-01-01,2020
108-14-9,2022,260500.0,0.0,260100.0,City Parcel Master,2022-01-01,2022
108-14-9,2020,260500.0,0.0,260100.0,NHDRA,2020-01-01,2020
108-14-10,2022,260600.0,0.0,260100.0,City Parcel Master,2022-01-01,2022
108-14-10,2020,260600.0,0.0,260100.0,NHDRA,2020-01-01,2020
108-14-11,2022,334800.0,0.0,334300.0,City Parcel Master,2022-01-01,2022
108-14-11,2020,334800.0,0.0,334300.0,NHDRA,2020-01-01,2020
108-14-12,2022,334800.0,0.0,334300.0,City Parcel Master,2022-01-01,2022
108-14-12,2020,334800.0,0.0,334300.0,NHDRA,2020-01-01,2020
108-14-13,2022,334800.0,0.0,334300.0,City Parcel Master,2022-01-01,2022
108-14-13,2020,334800.0,0.0,334300.0,NHDRA,2020-01-01,2020
108-14-14,2022,334800.0,0.0,334300.0,City Parcel Master,2022-01-01,2022
108-14-14,2020,334800.0,0.0,334300.0,NHDRA,2020-01-01,2020
108-14-15,2022,334700.0,0.0,334300.0,City Parcel Master,2022-01-01,2022
108-14-15,2020,334700.0,0.0,334300.0,NHDRA,2020-01-01,2020
108-14-16,2022,334700.0,0.0,334300.0,City Parcel Master,2022-01-01,2022
108-14-16,2020,334700.0,0.0,334300.0,NHDRA,2020-01-01,2020
108-14-17,2022,334800.0,0.0,334300.0,City Parcel Master,2022-01-01,2022
108-14-17,2020,334800.0,0.0,334300.0,NHDRA,2020-01-01,2020
108-14-18,2022,334700.0,0.0,334300.0,City Parcel Master,2022-01-01,2022
108-14-18,2020,334700.0,0.0,334300.0,NHDRA,2020-01-01,2020
108-14-19,2022,357200.0,0.0,356700.0,City Parcel Master,2022-01-01,2022
108-14-19,2020,357200.0,0.0,356700.0,NHDRA,2020-01-01,2020
108-14-20,2022,357200.0,0.0,356700.0,City Parcel Master,2022-01-01,2022
108-14-20,2020,357200.0,0.0,356700.0,NHDRA,2020-01-01,2020
108-14-21,2022,357200.0,0.0,356700.0,City Parcel Master,2022-01-01,2022
108-14-21,2020,357200.0,0.0,356700.0,NHDRA,2020-01-01,2020
108-14-22,2022,357200.0,0.0,356700.0,City Parcel Master,2022-01-01,2022
108-14-22,2020,357200.0,0.0,356700.0,NHDRA,2020-01-01,2020
108-14-23,2022,357200.0,0.0,356700.0,City Parcel Master,2022-01-01,2022
108-14-23,2020,357200.0,0.0,356700.0,NHDRA,2020-01-01,2020
108-14-24,2022,357200.0,0.0,356700.0,City Parcel Master,2022-01-01,2022
108-14-24,2020,357200.0,0.0,356700.0,NHDRA,2020-01-01,2020
108-14-25,2022,357200.0,0.0,356700.0,City Parcel Master,2022-01-01,2022
108-14-25,2020,357200.0,0.0,356700.0,NHDRA,2020-01-01,2020
108-14-26,2022,357200.0,0.0,356700.0,City Parcel Master,2022-01-01,2022
108-14-26,2020,357200.0,0.0,356700.0,NHDRA,2020-01-01,2020
108-14-27,2022,424800.0,0.0,424800.0,City Parcel Master,2022-01-01,2022
108-14-27,2020,424800.0,0.0,424800.0,NHDRA,2020-01-01,2020
108-14-28,2022,431800.0,0.0,430800.0,City Parcel Master,2022-01-01,2022
108-14-28,2020,431800.0,0.0,430800.0,NHDRA,2020-01-01,2020
108-14-29,2022,350600.0,0.0,350600.0,City Parcel Master,2022-01-01,2022
108-14-29,2020,350600.0,0.0,350600.0,NHDRA,2020-01-01,2020
108-14-30,2022,351000.0,0.0,349600.0,City Parcel Master,2022-01-01,2022
108-14-30,2020,351000.0,0.0,349600.0,NHDRA,2020-01-01,2020
108-14-31,2022,352500.0,0.0,352500.0,City Parcel Master,2022-01-01,2022
108-14-31,2020,351900.0,0.0,351900.0,NHDRA,2020-01-01,2020
108-14-32,2022,350500.0,0.0,349600.0,City Parcel Master,2022-01-01,2022
108-14-32,2020,350500.0,0.0,349600.0,NHDRA,2020-01-01,2020
108-14-33,2022,370000.0,0.0,370000.0,City Parcel Master,2022-01-01,2022
108-14-33,2020,370000.0,0.0,370000.0,NHDRA,2020-01-01,2020
108-14-34,2022,420100.0,0.0,420100.0,City Parcel Master,2022-01-01,2022
108-14-34,2020,420100.0,0.0,420100.0,NHDRA,2020-01-01,2020
108-14-35,2022,442700.0,0.0,442700.0,City Parcel Master,2022-01-01,2022
108-14-35,2020,442700.0,0.0,442700.0,NHDRA,2020-01-01,2020
108-14-36,2022,418600.0,0.0,418600.0,City Parcel Master,2022-01-01,2022
108-14-36,2020,418600.0,0.0,418600.0,NHDRA,2020-01-01,2020
108-14-37,2022,462900.0,0.0,439000.0,City Parcel Master,2022-01-01,2022
108-14-37,2020,439000.0,0.0,439000.0,NHDRA,2020-01-01,2020
108-14-38,2022,441700.0,0.0,441200.0,City Parcel Master,2022-01-01,2022
108-14-38,2020,441700.0,0.0,441200.0,NHDRA,2020-01-01,2020
108-14-39,2022,458900.0,0.0,458900.0,City Parcel Master,2022-01-01,2022
108-14-39,2020,458900.0,0.0,458900.0,NHDRA,2020-01-01,2020
108-14-40,2022,622400.0,0.0,622400.0,City Parcel Master,2022-01-01,2022
108-14-40,2020,635900.0,0.0,635900.0,NHDRA,2020-01-01,2020
108-14-41,2022,445600.0,0.0,445600.0,City Parcel Master,2022-01-01,2022
108-14-41,2020,445600.0,0.0,445600.0,NHDRA,2020-01-01,2020
108-14-42,2022,511600.0,0.0,511600.0,City Parcel Master,2022-01-01,2022
108-14-42,2020,511600.0,0.0,511600.0,NHDRA,2020-01-01,2020
108-14-43,2022,349900.0,0.0,349900.0,City Parcel Master,2022-01-01,2022
108-14-43,2020,349900.0,0.0,349900.0,NHDRA,2020-01-01,2020
108-14-44,2022,452000.0,0.0,452000.0,City Parcel Master,2022-01-01,2022
108-14-44,2020,452000.0,0.0,452000.0,NHDRA,2020-01-01,2020
108-14-45,2022,420500.0,0.0,420500.0,City Parcel Master,2022-01-01,2022
108-14-45,2020,420500.0,0.0,420500.0,NHDRA,2020-01-01,2020
108-14-46,2022,423200.0,0.0,423200.0,City Parcel Master,2022-01-01,2022
108-14-46,2020,423200.0,0.0,423200.0,NHDRA,2020-01-01,2020
108-14-47,2022,427600.0,0.0,427600.0,City Parcel Master,2022-01-01,2022
108-14-47,2020,427600.0,0.0,427600.0,NHDRA,2020-01-01,2020
108-14-48,2022,450900.0,0.0,450900.0,City Parcel Master,2022-01-01,2022
108-14-48,2020,450900.0,0.0,450900.0,NHDRA,2020-01-01,2020
108-14-49,2022,394900.0,0.0,378600.0,City Parcel Master,2022-01-01,2022
108-14-49,2020,394900.0,0.0,378600.0,NHDRA,2020-01-01,2020
108-14-50,2022,442700.0,0.0,442700.0,City Parcel Master,2022-01-01,2022
108-14-50,2020,442700.0,0.0,442700.0,NHDRA,2020-01-01,2020
108-14-51,2022,492500.0,0.0,492500.0,City Parcel Master,2022-01-01,2022
108-14-51,2020,492500.0,0.0,492500.0,NHDRA,2020-01-01,2020
108-14-52,2022,361300.0,0.0,361300.0,City Parcel Master,2022-01-01,2022
108-14-52,2020,361300.0,0.0,361300.0,NHDRA,2020-01-01,2020
108-14-53,2022,491100.0,0.0,470900.0,City Parcel Master,2022-01-01,2022
108-14-53,2020,501900.0,0.0,481200.0,NHDRA,2020-01-01,2020
108-14-54,2022,508500.0,0.0,508500.0,City Parcel Master,2022-01-01,2022
108-14-54,2020,508500.0,0.0,508500.0,NHDRA,2020-01-01,2020
108-15,2022,604600.0,126100.0,440300.0,City Parcel Master,2022-01-01,2022
108-15,2020,410100.0,126100.0,253200.0,NHDRA,2020-01-01,2020
108-17,2022,918600.0,578700.0,309400.0,City Parcel Master,2022-01-01,2022
108-17,2020,918900.0,579000.0,309400.0,NHDRA,2020-01-01,2020
108-19,2022,306500.0,90000.0,198600.0,City Parcel Master,2022-01-01,2022
108-19,2020,306500.0,90000.0,198600.0,NHDRA,2020-01-01,2020
108-20,2022,179300.0,89900.0,86300.0,City Parcel Master,2022-01-01,2022
108-20,2020,179300.0,89900.0,86300.0,NHDRA,2020-01-01,2020
108-21,2022,214000.0,61700.0,151900.0,City Parcel Master,2022-01-01,2022
108-21,2020,215700.0,61700.0,153600.0,NHDRA,2020-01-01,2020
108-22,2022,383800.0,320700.0,22100.0,City Parcel Master,2022-01-01,2022
108-22,2020,383800.0,320700.0,22100.0,NHDRA,2020-01-01,2020
108-23,2022,8180700.0,4909600.0,2905600.0,City Parcel Master,2022-01-01,2022
108-23,2020,8180700.0,4909600.0,2905600.0,NHDRA,2020-01-01,2020
108-23-100,2022,520000.0,0.0,0.0,City Parcel Master,2022-01-01,2022
108-23-100,2020,520000.0,0.0,0.0,NHDRA,2020-01-01,2020
108-24,2022,11500.0,11500.0,0.0,City Parcel Master,2022-01-01,2022
108-24,2020,11500.0,11500.0,0.0,NHDRA,2020-01-01,2020
108-25,2022,309300.0,99500.0,209400.0,City Parcel Master,2022-01-01,2022
108-25,2020,309500.0,99700.0,209400.0,NHDRA,2020-01-01,2020
108-26,2022,408800.0,97800.0,311000.0,City Parcel Master,2022-01-01,2022
108-26,2020,408800.0,97800.0,311000.0,NHDRA,2020-01-01,2020
108-27,2022,356700.0,98400.0,257800.0,City Parcel Master,2022-01-01,2022
108-27,2020,366400.0,98300.0,267600.0,NHDRA,2020-01-01,2020
108-28,2022,410900.0,95000.0,315000.0,City Parcel Master,2022-01-01,2022
108-28,2020,423000.0,95100.0,327000.0,NHDRA,2020-01-01,2020
108-29,2022,370700.0,120800.0,249500.0,City Parcel Master,2022-01-01,2022
108-29,2020,370500.0,120600.0,249500.0,NHDRA,2020-01-01,2020
108-30,2022,411000.0,120400.0,290600.0,City Parcel Master,2022-01-01,2022
108-30,2020,411000.0,120400.0,290600.0,NHDRA,2020-01-01,2020
109-1,2022,30800.0,30800.0,0.0,City Parcel Master,2022-01-01,2022
109-1,2020,30800.0,30800.0,0.0,NHDRA,2020-01-01,2020
109-2,2022,327800.0,99600.0,215400.0,City Parcel Master,2022-01-01,2022
109-2,2020,346400.0,99500.0,234100.0,NHDRA,2020-01-01,2020
109-3,2022,348900.0,99700.0,241600.0,City Parcel Master,2022-01-01,2022
109-3,2020,348900.0,99700.0,241600.0,NHDRA,2020-01-01,2020
109-4,2022,428500.0,99800.0,328700.0,City Parcel Master,2022-01-01,2022
109-4,2020,428500.0,99800.0,328700.0,NHDRA,2020-01-01,2020
109-5,2022,381200.0,99900.0,273300.0,City Parcel Master,2022-01-01,2022
109-5,2020,381200.0,99900.0,273300.0,NHDRA,2020-01-01,2020
109-6,2022,407700.0,99400.0,307600.0,City Parcel Master,2022-01-01,2022
109-6,2020,408800.0,99500.0,309300.0,NHDRA,2020-01-01,2020
109-7,2022,315900.0,97800.0,218100.0,City Parcel Master,2022-01-01,2022
109-7,2020,315800.0,97700.0,218100.0,NHDRA,2020-01-01,2020
109-8,2022,336100.0,96300.0,239300.0,City Parcel Master,2022-01-01,2022
109-8,2020,336200.0,96400.0,239300.0,NHDRA,2020-01-01,2020
109-9,2022,358000.0,96000.0,262000.0,City Parcel Master,2022-01-01,2022
109-9,2020,358200.0,96200.0,262000.0,NHDRA,2020-01-01,2020
109-10,2022,476000.0,140200.0,319500.0,City Parcel Master,2022-01-01,2022
109-10,2020,475800.0,140000.0,319500.0,NHDRA,2020-01-01,2020
109-11,2022,353200.0,148100.0,194400.0,City Parcel Master,2022-01-01,2022
109-11,2020,353400.0,148300.0,194400.0,NHDRA,2020-01-01,2020
109-12,2022,435900.0,148500.0,287400.0,City Parcel Master,2022-01-01,2022
109-12,2020,436100.0,148700.0,287400.0,NHDRA,2020-01-01,2020
109-13,2022,559000.0,148500.0,392500.0,City Parcel Master,2022-01-01,2022
109-13,2020,541200.0,148700.0,392500.0,NHDRA,2020-01-01,2020
109-14,2022,421500.0,148100.0,265500.0,City Parcel Master,2022-01-01,2022
109-14,2020,421700.0,148300.0,265500.0,NHDRA,2020-01-01,2020
109-15,2022,475900.0,148500.0,315400.0,City Parcel Master,2022-01-01,2022
109-15,2020,462100.0,148700.0,313400.0,NHDRA,2020-01-01,2020
109-16,2022,396200.0,148100.0,247700.0,City Parcel Master,2022-01-01,2022
109-16,2020,396400.0,148300.0,247700.0,NHDRA,2020-01-01,2020
109-17,2022,518800.0,123800.0,392700.0,City Parcel Master,2022-01-01,2022
109-17,2020,518900.0,123900.0,392700.0,NHDRA,2020-01-01,2020
109-18,2022,406500.0,149400.0,257100.0,City Parcel Master,2022-01-01,2022
109-18,2020,406800.0,149700.0,257100.0,NHDRA,2020-01-01,2020
109-19,2022,477700.0,149500.0,327800.0,City Parcel Master,2022-01-01,2022
109-19,2020,477400.0,149600.0,327800.0,NHDRA,2020-01-01,2020
109-20,2022,437900.0,149400.0,288500.0,City Parcel Master,2022-01-01,2022
109-20,2020,445100.0,149400.0,295700.0,NHDRA,2020-01-01,2020
109-21,2022,11200.0,11200.0,0.0,City Parcel Master,2022-01-01,2022
109-21,2020,11200.0,11200.0,0.0,NHDRA,2020-01-01,2020
109-22,2022,11200.0,11200.0,0.0,City Parcel Master,2022-01-01,2022
109-22,2020,11200.0,11200.0,0.0,NHDRA,2020-01-01,2020
109-23,2022,11200.0,11200.0,0.0,City Parcel Master,2022-01-01,2022
109-23,2020,11200.0,11200.0,0.0,NHDRA,2020-01-01,2020
109-24,2022,11200.0,11200.0,0.0,City Parcel Master,2022-01-01,2022
109-24,2020,11200.0,11200.0,0.0,NHDRA,2020-01-01,2020
109-25,2022,11200.0,11200.0,0.0,City Parcel Master,2022-01-01,2022
109-25,2020,11200.0,11200.0,0.0,NHDRA,2020-01-01,2020
109-26,2022,11200.0,11200.0,0.0,City Parcel Master,2022-01-01,2022
109-26,2020,11200.0,11200.0,0.0,NHDRA,2020-01-01,2020
109-27,2022,11200.0,11200.0,0.0,City Parcel Master,2022-01-01,2022
109-27,2020,11200.0,11200.0,0.0,NHDRA,2020-01-01,2020
109-28,2022,11200.0,11200.0,0.0,City Parcel Master,2022-01-01,2022
109-28,2020,11200.0,11200.0,0.0,NHDRA,2020-01-01,2020
109-29,2022,11500.0,11500.0,0.0,City Parcel Master,2022-01-01,2022
109-29,2020,11500.0,11500.0,0.0,NHDRA,2020-01-01,2020
109-30,2022,26440200.0,774200.0,25056400.0,City Parcel Master,2022-01-01,2022
109-30,2020,26510200.0,844200.0,25056400.0,NHDRA,2020-01-01,2020
109-30-100,2022,651200.0,100400.0,546200.0,City Parcel Master,2022-01-01,2022
109-30-100,2020,651200.0,100400.0,546200.0,NHDRA,2020-01-01,2020
109-30-200,2022,617300.0,100500.0,516400.0,City Parcel Master,2022-01-01,2022
109-30-200,2020,617300.0,100500.0,516400.0,NHDRA,2020-01-01,2020
109-30-300,2022,535000.0,102200.0,432800.0,City Parcel Master,2022-01-01,2022
109-30-300,2020,535000.0,102200.0,432800.0,NHDRA,2020-01-01,2020
109-31,2022,294000.0,90400.0,195900.0,City Parcel Master,2022-01-01,2022
109-31,2020,294000.0,90400.0,195900.0,NHDRA,2020-01-01,2020
109-32,2022,120700.0,120700.0,0.0,City Parcel Master,2022-01-01,2022
109-32,2020,120600.0,120600.0,0.0,NHDRA,2020-01-01,2020
109-33,2022,494800.0,89600.0,390700.0,City Parcel Master,2022-01-01,2022
109-33,2020,495000.0,89800.0,390700.0,NHDRA,2020-01-01,2020
109-34,2022,387800.0,90800.0,280200.0,City Parcel Master,2022-01-01,2022
109-34,2020,387800.0,90800.0,280200.0,NHDRA,2020-01-01,2020
109-36,2022,412100.0,93500.0,314200.0,City Parcel Master,2022-01-01,2022
109-36,2020,400700.0,93500.0,306700.0,NHDRA,2020-01-01,2020
109-37,2022,30.0,30.0,0.0,City Parcel Master,2022-01-01,2022
109-37,2020,30.0,30.0,0.0,NHDRA,2020-01-01,2020
109-38,2022,9900.0,9900.0,0.0,City Parcel Master,2022-01-01,2022
109-38,2020,9900.0,9900.0,0.0,NHDRA,2020-01-01,2020
109-39,2022,197500.0,197500.0,0.0,City Parcel Master,2022-01-01,2022
109-39,2020,197500.0,197500.0,0.0,NHDRA,2020-01-01,2020
109-40,2022,302000.0,93500.0,208100.0,City Parcel Master,2022-01-01,2022
109-40,2020,302000.0,93500.0,208100.0,NHDRA,2020-01-01,2020
109-41,2022,242000.0,112400.0,113000.0,City Parcel Master,2022-01-01,2022
109-41,2020,242000.0,112400.0,113000.0,NHDRA,2020-01-01,2020
109-42,2022,402400.0,245000.0,154800.0,City Parcel Master,2022-01-01,2022
109-42,2020,402300.0,244900.0,154800.0,NHDRA,2020-01-01,2020
109-43,2022,131900.0,67900.0,64000.0,City Parcel Master,2022-01-01,2022
109-43,2020,131900.0,67900.0,64000.0,NHDRA,2020-01-01,2020
109-44,2022,462600.0,135500.0,320100.0,City Parcel Master,2022-01-01,2022
109-44,2020,462600.0,135500.0,320100.0,NHDRA,2020-01-01,2020
109-44-100,2022,1900.0,1900.0,0.0,City Parcel Master,2022-01-01,2022
109-44-100,2020,1900.0,1900.0,0.0,NHDRA,2020-01-01,2020
109-44-70100,2022,600.0,0.0,0.0,City Parcel Master,2022-01-01,2022
109-44-70100,2020,600.0,0.0,0.0,NHDRA,2020-01-01,2020
109-45,2022,376000.0,85000.0,281800.0,City Parcel Master,2022-01-01,2022
109-45,2020,375900.0,84900.0,281800.0,NHDRA,2020-01-01,2020
109-46,2022,437600.0,82300.0,354600.0,City Parcel Master,2022-01-01,2022
109-46,2020,437700.0,82400.0,354600.0,NHDRA,2020-01-01,2020
109-47,2022,380100.0,85000.0,295100.0,City Parcel Master,2022-01-01,2022
109-47,2020,380000.0,84900.0,295100.0,NHDRA,2020-01-01,2020
109-48,2022,384800.0,85900.0,287800.0,City Parcel Master,2022-01-01,2022
109-48,2020,376200.0,85800.0,287800.0,NHDRA,2020-01-01,2020
109-49,2022,439600.0,84100.0,355200.0,City Parcel Master,2022-01-01,2022
109-49,2020,439600.0,84100.0,355200.0,NHDRA,2020-01-01,2020
109-50,2022,357400.0,85900.0,271500.0,City Parcel Master,2022-01-01,2022
109-50,2020,357300.0,85800.0,271500.0,NHDRA,2020-01-01,2020
109-51,2022,312200.0,86800.0,225400.0,City Parcel Master,2022-01-01,2022
109-51,2020,312100.0,86700.0,225400.0,NHDRA,2020-01-01,2020
109-52,2022,463000.0,113600.0,349400.0,City Parcel Master,2022-01-01,2022
109-52,2020,462900.0,113500.0,349400.0,NHDRA,2020-01-01,2020
109-53,2022,414800.0,101700.0,312500.0,City Parcel Master,2022-01-01,2022
109-53,2020,414800.0,101700.0,312500.0,NHDRA,2020-01-01,2020
109-54,2022,510300.0,90300.0,419700.0,City Parcel Master,2022-01-01,2022
109-54,2020,537800.0,90300.0,447200.0,NHDRA,2020-01-01,2020
109-55,2022,404900.0,84100.0,320300.0,City Parcel Master,2022-01-01,2022
109-55,2020,404900.0,84100.0,320300.0,NHDRA,2020-01-01,2020
109-56,2022,372600.0,85000.0,287600.0,City Parcel Master,2022-01-01,2022
109-56,2020,372500.0,84900.0,287600.0,NHDRA,2020-01-01,2020
109-57,2022,318600.0,93400.0,225200.0,City Parcel Master,2022-01-01,2022
109-57,2020,316100.0,93500.0,222600.0,NHDRA,2020-01-01,2020
109-58,2022,447400.0,100400.0,346500.0,City Parcel Master,2022-01-01,2022
109-58,2020,447400.0,100400.0,346500.0,NHDRA,2020-01-01,2020
109-58-100,2022,397000.0,91300.0,305700.0,City Parcel Master,2022-01-01,2022
109-58-100,2020,407100.0,101400.0,305700.0,NHDRA,2020-01-01,2020
109-58-200,2022,486500.0,101800.0,357500.0,City Parcel Master,2022-01-01,2022
109-58-200,2020,464600.0,101900.0,362700.0,NHDRA,2020-01-01,2020
109-58-300,2022,421500.0,87700.0,333800.0,City Parcel Master,2022-01-01,2022
109-58-300,2020,421500.0,87700.0,333800.0,NHDRA,2020-01-01,2020
109-59,2022,261000.0,261000.0,0.0,City Parcel Master,2022-01-01,2022
109-59,2020,261000.0,261000.0,0.0,NHDRA,2020-01-01,2020
109-61,2022,305700.0,86300.0,207900.0,City Parcel Master,2022-01-01,2022
109-61,2020,305700.0,86300.0,207900.0,NHDRA,2020-01-01,2020
109-62,2022,303700.0,86100.0,209100.0,City Parcel Master,2022-01-01,2022
109-62,2020,303700.0,86100.0,209100.0,NHDRA,2020-01-01,2020
109-63,2022,657800.0,89500.0,563500.0,City Parcel Master,2022-01-01,2022
109-63,2020,657800.0,89500.0,563500.0,NHDRA,2020-01-01,2020
109-64,2022,259700.0,175300.0,82200.0,City Parcel Master,2022-01-01,2022
109-64,2020,259700.0,175300.0,82200.0,NHDRA,2020-01-01,2020
109-65,2022,527800.0,199500.0,317500.0,City Parcel Master,2022-01-01,2022
109-65,2020,526300.0,199500.0,316000.0,NHDRA,2020-01-01,2020
109-67,2022,129300.0,52100.0,77200.0,City Parcel Master,2022-01-01,2022
109-67,2020,129300.0,52100.0,77200.0,NHDRA,2020-01-01,2020
109-68,2022,320200.0,69300.0,206200.0,City Parcel Master,2022-01-01,2022
109-68,2020,301300.0,69300.0,206200.0,NHDRA,2020-01-01,2020
109-69,2022,296500.0,99900.0,171600.0,City Parcel Master,2022-01-01,2022
109-69,2020,296500.0,99900.0,171600.0,NHDRA,2020-01-01,2020
109-70,2022,293600.0,101700.0,191800.0,City Parcel Master,2022-01-01,2022
109-70,2020,293600.0,101700.0,191800.0,NHDRA,2020-01-01,2020
109-71,2022,283000.0,104600.0,178400.0,City Parcel Master,2022-01-01,2022
109-71,2020,283000.0,104600.0,178400.0,NHDRA,2020-01-01,2020
109-72,2022,417700.0,89300.0,328400.0,City Parcel Master,2022-01-01,2022
109-72,2020,89300.0,89300.0,0.0,NHDRA,2020-01-01,2020
109-73,2022,452600.0,93400.0,359200.0,City Parcel Master,2022-01-01,2022
109-73,2020,452600.0,93400.0,359200.0,NHDRA,2020-01-01,2020
109-74,2022,86700.0,86700.0,0.0,City Parcel Master,2022-01-01,2022
109-74,2020,86700.0,86700.0,0.0,NHDRA,2020-01-01,2020
110-1,2022,1500.0,1500.0,0.0,City Parcel Master,2022-01-01,2022
110-1,2020,1500.0,1500.0,0.0,NHDRA,2020-01-01,2020
110-2,2022,114900.0,63100.0,51800.0,City Parcel Master,2022-01-01,2022
110-2,2020,114800.0,63000.0,51800.0,NHDRA,2020-01-01,2020
110-3,2022,238400.0,137900.0,99300.0,City Parcel Master,2022-01-01,2022
110-3,2020,238400.0,137900.0,99300.0,NHDRA,2020-01-01,2020
110-5,2022,2566900.0,1173000.0,1288100.0,City Parcel Master,2022-01-01,2022
110-5,2020,2566900.0,1173000.0,1288100.0,NHDRA,2020-01-01,2020
110-7,2022,202200.0,49800.0,149700.0,City Parcel Master,2022-01-01,2022
110-7,2020,202200.0,49800.0,149700.0,NHDRA,2020-01-01,2020
110-8,2022,493200.0,352100.0,139100.0,City Parcel Master,2022-01-01,2022
110-8,2020,493200.0,352100.0,139100.0,NHDRA,2020-01-01,2020
110-9,2022,257000.0,76700.0,179900.0,City Parcel Master,2022-01-01,2022
110-9,2020,265500.0,85200.0,179900.0,NHDRA,2020-01-01,2020
110-10,2022,13100.0,13100.0,0.0,City Parcel Master,2022-01-01,2022
110-10,2020,13100.0,13100.0,0.0,NHDRA,2020-01-01,2020
110-11,2022,33100.0,33100.0,0.0,City Parcel Master,2022-01-01,2022
110-11,2020,33100.0,33100.0,0.0,NHDRA,2020-01-01,2020
110-12,2022,436900.0,215600.0,198000.0,City Parcel Master,2022-01-01,2022
110-12,2020,436900.0,215600.0,198000.0,NHDRA,2020-01-01,2020
110-13,2022,277900.0,82100.0,171500.0,City Parcel Master,2022-01-01,2022
110-13,2020,287000.0,91200.0,171500.0,NHDRA,2020-01-01,2020
110-14,2022,263300.0,86900.0,169200.0,City Parcel Master,2022-01-01,2022
110-14,2020,299100.0,96300.0,195600.0,NHDRA,2020-01-01,2020
110-17,2022,269300.0,68600.0,200200.0,City Parcel Master,2022-01-01,2022
110-17,2020,276900.0,76200.0,200200.0,NHDRA,2020-01-01,2020
110-18,2022,170500.0,58600.0,111600.0,City Parcel Master,2022-01-01,2022
110-18,2020,177000.0,65100.0,111600.0,NHDRA,2020-01-01,2020
110-19,2022,197100.0,136800.0,60300.0,City Parcel Master,2022-01-01,2022
110-19,2020,197100.0,136800.0,60300.0,NHDRA,2020-01-01,2020
110-20,2022,713900.0,275400.0,429600.0,City Parcel Master,2022-01-01,2022
110-20,2020,709600.0,275400.0,429600.0,NHDRA,2020-01-01,2020
110-21,2022,881100.0,594000.0,271300.0,City Parcel Master,2022-01-01,2022
110-21,2020,881100.0,594000.0,271300.0,NHDRA,2020-01-01,2020
110-22,2022,82300.0,82300.0,0.0,City Parcel Master,2022-01-01,2022
110-22,2020,82300.0,82300.0,0.0,NHDRA,2020-01-01,2020
111-2,2022,58900.0,58900.0,0.0,City Parcel Master,2022-01-01,2022
111-2,2020,58900.0,58900.0,0.0,NHDRA,2020-01-01,2020
111-3,2022,235300.0,89600.0,129200.0,City Parcel Master,2022-01-01,2022
111-3,2020,240800.0,89700.0,134600.0,NHDRA,2020-01-01,2020
111-4,2022,294200.0,91400.0,161900.0,City Parcel Master,2022-01-01,2022
111-4,2020,284100.0,91400.0,161100.0,NHDRA,2020-01-01,2020
111-5,2022,287200.0,83900.0,192000.0,City Parcel Master,2022-01-01,2022
111-5,2020,287200.0,83900.0,192000.0,NHDRA,2020-01-01,2020
111-6,2022,389890.0,86290.0,296700.0,City Parcel Master,2022-01-01,2022
111-6,2020,389570.0,85970.0,296700.0,NHDRA,2020-01-01,2020
111-7,2022,373500.0,373500.0,0.0,City Parcel Master,2022-01-01,2022
111-7,2020,373500.0,373500.0,0.0,NHDRA,2020-01-01,2020
111-8,2022,226600.0,84800.0,141500.0,City Parcel Master,2022-01-01,2022
111-8,2020,226600.0,84800.0,141500.0,NHDRA,2020-01-01,2020
111-9,2022,90900.0,77800.0,0.0,City Parcel Master,2022-01-01,2022
111-9,2020,91100.0,77800.0,0.0,NHDRA,2020-01-01,2020
111-10,2022,330800.0,76600.0,239700.0,City Parcel Master,2022-01-01,2022
111-10,2020,331000.0,76800.0,239700.0,NHDRA,2020-01-01,2020
111-11,2022,761300.0,135200.0,0.0,City Parcel Master,2022-01-01,2022
111-11,2020,807000.0,135300.0,0.0,NHDRA,2020-01-01,2020
111-12,2022,302805.0,79405.0,223200.0,City Parcel Master,2022-01-01,2022
111-12,2020,305905.0,79405.0,226300.0,NHDRA,2020-01-01,2020
111-13,2022,227300.0,79900.0,147400.0,City Parcel Master,2022-01-01,2022
111-13,2020,227300.0,79900.0,147400.0,NHDRA,2020-01-01,2020
111-14,2022,237800.0,80300.0,157400.0,City Parcel Master,2022-01-01,2022
111-14,2020,237800.0,80300.0,157400.0,NHDRA,2020-01-01,2020
111-15,2022,293400.0,64200.0,228900.0,City Parcel Master,2022-01-01,2022
111-15,2020,293400.0,64200.0,228900.0,NHDRA,2020-01-01,2020
111-16,2022,2232200.0,1077600.0,1100800.0,City Parcel Master,2022-01-01,2022
111-16,2020,67800.0,67800.0,0.0,NHDRA,2020-01-01,2020
112-1,2022,374400.0,84600.0,274300.0,City Parcel Master,2022-01-01,2022
112-1,2020,358900.0,84600.0,274300.0,NHDRA,2020-01-01,2020
112-1-100,2022,99100.0,99100.0,0.0,City Parcel Master,2022-01-01,2022
112-1-100,2020,99100.0,99100.0,0.0,NHDRA,2020-01-01,2020
112-2,2022,166600.0,85600.0,49600.0,City Parcel Master,2022-01-01,2022
112-2,2020,166800.0,85800.0,49600.0,NHDRA,2020-01-01,2020
112-3,2022,273900.0,66500.0,193300.0,City Parcel Master,2022-01-01,2022
112-3,2020,273900.0,66500.0,193300.0,NHDRA,2020-01-01,2020
112-4,2022,905.0,905.0,0.0,City Parcel Master,2022-01-01,2022
112-4,2020,905.0,905.0,0.0,NHDRA,2020-01-01,2020
112-5,2022,359900.0,86600.0,272400.0,City Parcel Master,2022-01-01,2022
112-5,2020,359900.0,86600.0,272400.0,NHDRA,2020-01-01,2020
112-6,2022,437400.0,94600.0,317600.0,City Parcel Master,2022-01-01,2022
112-6,2020,417300.0,102800.0,314500.0,NHDRA,2020-01-01,2020
112-7,2022,300400.0,71300.0,228600.0,City Parcel Master,2022-01-01,2022
112-7,2020,300400.0,71300.0,228600.0,NHDRA,2020-01-01,2020
112-9,2022,359250.0,109750.0,239900.0,City Parcel Master,2022-01-01,2022
112-9,2020,359250.0,109750.0,239900.0,NHDRA,2020-01-01,2020
112-10,2022,569900.0,91100.0,440000.0,City Parcel Master,2022-01-01,2022
112-10,2020,565900.0,91100.0,436000.0,NHDRA,2020-01-01,2020
112-12,2022,515300.0,86700.0,427300.0,City Parcel Master,2022-01-01,2022
112-12,2020,515300.0,86700.0,427300.0,NHDRA,2020-01-01,2020
112-13,2022,335100.0,86600.0,222900.0,City Parcel Master,2022-01-01,2022
112-13,2020,335100.0,86600.0,222900.0,NHDRA,2020-01-01,2020
112-14,2022,78800.0,78800.0,0.0,City Parcel Master,2022-01-01,2022
112-14,2020,78800.0,78800.0,0.0,NHDRA,2020-01-01,2020
112-15,2022,416500.0,79700.0,331600.0,City Parcel Master,2022-01-01,2022
112-15,2020,416300.0,79500.0,331600.0,NHDRA,2020-01-01,2020
112-16,2022,256300.0,76200.0,180100.0,City Parcel Master,2022-01-01,2022
112-16,2020,256400.0,76300.0,180100.0,NHDRA,2020-01-01,2020
112-17-100,2022,361200.0,75900.0,261800.0,City Parcel Master,2022-01-01,2022
112-17-100,2020,361200.0,75900.0,261800.0,NHDRA,2020-01-01,2020
112-17-200,2022,365490.0,102190.0,254000.0,City Parcel Master,2022-01-01,2022
112-17-200,2020,346790.0,102190.0,235300.0,NHDRA,2020-01-01,2020
112-17-300,2022,348000.0,70500.0,277000.0,City Parcel Master,2022-01-01,2022
112-17-300,2020,348000.0,70500.0,277000.0,NHDRA,2020-01-01,2020
114-1,2022,53364500.0,19321600.0,32183500.0,City Parcel Master,2022-01-01,2022
114-1,2020,53364500.0,19321600.0,32183500.0,NHDRA,2020-01-01,2020
114-1-70100,2022,31300.0,0.0,0.0,City Parcel Master,2022-01-01,2022
114-1-70100,2020,31300.0,0.0,0.0,NHDRA,2020-01-01,2020
114-2,2022,10900.0,10900.0,0.0,City Parcel Master,2022-01-01,2022
114-2,2020,10900.0,10900.0,0.0,NHDRA,2020-01-01,2020
114-3,2022,21700.0,21700.0,0.0,City Parcel Master,2022-01-01,2022
114-3,2020,21700.0,21700.0,0.0,NHDRA,2020-01-01,2020
114-5,2022,29866200.0,9860700.0,19230000.0,City Parcel Master,2022-01-01,2022
114-5,2020,30033600.0,9860700.0,19397400.0,NHDRA,2020-01-01,2020
114-6,2022,2638700.0,1070400.0,1452600.0,City Parcel Master,2022-01-01,2022
114-6,2020,2638700.0,1070400.0,1452600.0,NHDRA,2020-01-01,2020
114-8,2022,6303100.0,3202200.0,2718500.0,City Parcel Master,2022-01-01,2022
114-8,2020,6304300.0,3202200.0,2719700.0,NHDRA,2020-01-01,2020
114-8-70100,2022,25100.0,0.0,25100.0,City Parcel Master,2022-01-01,2022
114-8-70100,2020,25100.0,0.0,25100.0,NHDRA,2020-01-01,2020
114-8-70200,2022,4600.0,4600.0,0.0,City Parcel Master,2022-01-01,2022
114-8-70200,2020,4600.0,4600.0,0.0,NHDRA,2020-01-01,2020
114-9,2022,2330100.0,1417900.0,843600.0,City Parcel Master,2022-01-01,2022
114-9,2020,2940800.0,1418400.0,1436400.0,NHDRA,2020-01-01,2020
114-10,2022,564000.0,351200.0,183000.0,City Parcel Master,2022-01-01,2022
114-10,2020,564200.0,351400.0,183000.0,NHDRA,2020-01-01,2020
115-1,2022,1361900.0,1361900.0,0.0,City Parcel Master,2022-01-01,2022
115-1,2020,1412000.0,1360900.0,50200.0,NHDRA,2020-01-01,2020
115-3,2022,2171700.0,1230600.0,906300.0,City Parcel Master,2022-01-01,2022
115-3,2020,2171600.0,1230500.0,906300.0,NHDRA,2020-01-01,2020
115-4,2022,1887100.0,1369800.0,479300.0,City Parcel Master,2022-01-01,2022
115-4,2020,1886800.0,1369500.0,479300.0,NHDRA,2020-01-01,2020
115-5,2022,1085700.0,774600.0,286600.0,City Parcel Master,2022-01-01,2022
115-5,2020,1085700.0,774600.0,286600.0,NHDRA,2020-01-01,2020
115-7,2022,944600.0,135700.0,718800.0,City Parcel Master,2022-01-01,2022
115-7,2020,944500.0,135600.0,718800.0,NHDRA,2020-01-01,2020
115-8,2022,418800.0,289100.0,129600.0,City Parcel Master,2022-01-01,2022
115-8,2020,420300.0,290600.0,129600.0,NHDRA,2020-01-01,2020
115-9,2022,234600.0,84700.0,141400.0,City Parcel Master,2022-01-01,2022
115-9,2020,236600.0,86700.0,141400.0,NHDRA,2020-01-01,2020
115-11,2022,11601000.0,4271500.0,7028600.0,City Parcel Master,2022-01-01,2022
115-11,2020,11617900.0,4271500.0,7045500.0,NHDRA,2020-01-01,2020
115-12,2022,93100.0,93100.0,0.0,City Parcel Master,2022-01-01,2022
115-12,2020,79200.0,79200.0,0.0,NHDRA,2020-01-01,2020
115-12-100,2022,24900.0,24900.0,0.0,City Parcel Master,2022-01-01,2022
115-12-100,2020,24900.0,24900.0,0.0,NHDRA,2020-01-01,2020
115-13,2022,5823900.0,2260700.0,3273700.0,City Parcel Master,2022-01-01,2022
115-13,2020,7632500.0,2690100.0,4617000.0,NHDRA,2020-01-01,2020
115-14,2022,4153200.0,2214300.0,1809000.0,City Parcel Master,2022-01-01,2022
115-14,2020,4124900.0,2214300.0,1780800.0,NHDRA,2020-01-01,2020
115-16,2022,1591800.0,1200300.0,341500.0,City Parcel Master,2022-01-01,2022
115-16,2020,1592100.0,1200600.0,341500.0,NHDRA,2020-01-01,2020
115-17,2022,1685000.0,1224300.0,420900.0,City Parcel Master,2022-01-01,2022
115-17,2020,1684300.0,1223600.0,420900.0,NHDRA,2020-01-01,2020
115-18,2022,1887700.0,1473600.0,216800.0,City Parcel Master,2022-01-01,2022
115-18,2020,1887700.0,1473600.0,216800.0,NHDRA,2020-01-01,2020
115-19,2022,13453400.0,5417700.0,7536300.0,City Parcel Master,2022-01-01,2022
115-19,2020,13002600.0,5417700.0,7093000.0,NHDRA,2020-01-01,2020
115-20,2022,4762600.0,1147400.0,3328700.0,City Parcel Master,2022-01-01,2022
115-20,2020,4762600.0,1147400.0,3328700.0,NHDRA,2020-01-01,2020
115-21,2022,543900.0,266700.0,250000.0,City Parcel Master,2022-01-01,2022
115-21,2020,549900.0,266700.0,256000.0,NHDRA,2020-01-01,2020
115-22,2022,2820900.0,395200.0,2339700.0,City Parcel Master,2022-01-01,2022
115-22,2020,2820900.0,395200.0,2339700.0,NHDRA,2020-01-01,2020
115-23,2022,218100.0,114500.0,103600.0,City Parcel Master,2022-01-01,2022
115-23,2020,218100.0,114500.0,103600.0,NHDRA,2020-01-01,2020
116-1,2022,1259500.0,488700.0,403200.0,City Parcel Master,2022-01-01,2022
116-1,2020,1259500.0,488700.0,403200.0,NHDRA,2020-01-01,2020
116-2,2022,3675600.0,2492500.0,951400.0,City Parcel Master,2022-01-01,2022
116-2,2020,3675600.0,2492500.0,951400.0,NHDRA,2020-01-01,2020
116-2-70100,2022,155900.0,0.0,155900.0,City Parcel Master,2022-01-01,2022
116-2-70100,2020,155900.0,0.0,155900.0,NHDRA,2020-01-01,2020
116-2-70300,2022,210400.0,0.0,196900.0,City Parcel Master,2022-01-01,2022
116-2-70300,2020,210400.0,0.0,196900.0,NHDRA,2020-01-01,2020
116-3,2022,262000.0,262000.0,0.0,City Parcel Master,2022-01-01,2022
116-3,2020,262000.0,262000.0,0.0,NHDRA,2020-01-01,2020
116-3-100,2022,323100.0,116000.0,206100.0,City Parcel Master,2022-01-01,2022
116-3-100,2020,328000.0,116000.0,211000.0,NHDRA,2020-01-01,2020
116-4,2022,5200.0,5200.0,0.0,City Parcel Master,2022-01-01,2022
116-4,2020,5200.0,5200.0,0.0,NHDRA,2020-01-01,2020
116-5,2022,45900.0,45900.0,0.0,City Parcel Master,2022-01-01,2022
116-5,2020,45900.0,45900.0,0.0,NHDRA,2020-01-01,2020
116-6,2022,185500.0,160300.0,0.0,City Parcel Master,2022-01-01,2022
116-6,2020,185500.0,160300.0,0.0,NHDRA,2020-01-01,2020
117-1,2022,2882400.0,761300.0,1985900.0,City Parcel Master,2022-01-01,2022
117-1,2020,2989800.0,761300.0,2169600.0,NHDRA,2020-01-01,2020
117-1-100,2022,85800.0,0.0,0.0,City Parcel Master,2022-01-01,2022
117-1-100,2020,85800.0,0.0,0.0,NHDRA,2020-01-01,2020
117-2,2022,200400.0,46500.0,153700.0,City Parcel Master,2022-01-01,2022
117-2,2020,200400.0,46500.0,153700.0,NHDRA,2020-01-01,2020
117-3,2022,269600.0,80600.0,173300.0,City Parcel Master,2022-01-01,2022
117-3,2020,269600.0,80600.0,173300.0,NHDRA,2020-01-01,2020
117-4,2022,292500.0,292300.0,0.0,City Parcel Master,2022-01-01,2022
117-4,2020,292500.0,292300.0,0.0,NHDRA,2020-01-01,2020
117-6,2022,26511200.0,247700.0,0.0,City Parcel Master,2022-01-01,2022
117-6,2020,29422800.0,247700.0,0.0,NHDRA,2020-01-01,2020
117-7,2022,302000.0,127500.0,174500.0,City Parcel Master,2022-01-01,2022
117-7,2020,302000.0,127500.0,174500.0,NHDRA,2020-01-01,2020
117-8,2022,407100.0,123100.0,272700.0,City Parcel Master,2022-01-01,2022
117-8,2020,407100.0,123100.0,272700.0,NHDRA,2020-01-01,2020
117-9,2022,294000.0,99400.0,194600.0,City Parcel Master,2022-01-01,2022
117-9,2020,294000.0,99400.0,194600.0,NHDRA,2020-01-01,2020
117-10,2022,117270.0,117270.0,0.0,City Parcel Master,2022-01-01,2022
117-10,2020,117270.0,117270.0,0.0,NHDRA,2020-01-01,2020
117-10-100,2022,375700.0,116300.0,244700.0,City Parcel Master,2022-01-01,2022
117-10-100,2020,375700.0,116300.0,244700.0,NHDRA,2020-01-01,2020
117-11,2022,299300.0,299300.0,0.0,City Parcel Master,2022-01-01,2022
117-11,2020,299300.0,299300.0,0.0,NHDRA,2020-01-01,2020
117-12,2022,63600.0,63600.0,0.0,City Parcel Master,2022-01-01,2022
117-12,2020,63800.0,63800.0,0.0,NHDRA,2020-01-01,2020
117-13,2022,245400.0,87200.0,141200.0,City Parcel Master,2022-01-01,2022
117-13,2020,240500.0,86900.0,137800.0,NHDRA,2020-01-01,2020
117-14,2022,352400.0,78700.0,259100.0,City Parcel Master,2022-01-01,2022
117-14,2020,352300.0,78600.0,259100.0,NHDRA,2020-01-01,2020
117-15,2022,74300.0,74300.0,0.0,City Parcel Master,2022-01-01,2022
117-15,2020,74300.0,74300.0,0.0,NHDRA,2020-01-01,2020
117-16,2022,300400.0,111800.0,188300.0,City Parcel Master,2022-01-01,2022
117-16,2020,300400.0,111800.0,188300.0,NHDRA,2020-01-01,2020
117-17,2022,84600.0,84600.0,0.0,City Parcel Master,2022-01-01,2022
117-17,2020,84600.0,84600.0,0.0,NHDRA,2020-01-01,2020
118-1,2022,442800.0,105300.0,337500.0,City Parcel Master,2022-01-01,2022
118-1,2020,442700.0,105200.0,337500.0,NHDRA,2020-01-01,2020
118-2,2022,460400.0,107500.0,352900.0,City Parcel Master,2022-01-01,2022
118-2,2020,460200.0,107300.0,352900.0,NHDRA,2020-01-01,2020
118-3,2022,437100.0,110600.0,326100.0,City Parcel Master,2022-01-01,2022
118-3,2020,437200.0,110700.0,326100.0,NHDRA,2020-01-01,2020
118-4,2022,454500.0,113100.0,341400.0,City Parcel Master,2022-01-01,2022
118-4,2020,454600.0,113200.0,341400.0,NHDRA,2020-01-01,2020
118-5,2022,477800.0,115000.0,362800.0,City Parcel Master,2022-01-01,2022
118-5,2020,477600.0,114800.0,362800.0,NHDRA,2020-01-01,2020
118-6,2022,468900.0,117100.0,351800.0,City Parcel Master,2022-01-01,2022
118-6,2020,468700.0,116900.0,351800.0,NHDRA,2020-01-01,2020
118-7,2022,364400.0,125500.0,238900.0,City Parcel Master,2022-01-01,2022
118-7,2020,355700.0,125400.0,230300.0,NHDRA,2020-01-01,2020
118-8,2022,424100.0,125400.0,287300.0,City Parcel Master,2022-01-01,2022
118-8,2020,433200.0,125600.0,296200.0,NHDRA,2020-01-01,2020
118-9,2022,323300.0,105600.0,217700.0,City Parcel Master,2022-01-01,2022
118-9,2020,323300.0,105600.0,217700.0,NHDRA,2020-01-01,2020
118-10,2022,293400.0,100200.0,193200.0,City Parcel Master,2022-01-01,2022
118-10,2020,284900.0,100300.0,184600.0,NHDRA,2020-01-01,2020
118-11,2022,356400.0,104600.0,251800.0,City Parcel Master,2022-01-01,2022
118-11,2020,356300.0,104500.0,251800.0,NHDRA,2020-01-01,2020
118-12,2022,326400.0,115000.0,211100.0,City Parcel Master,2022-01-01,2022
118-12,2020,326500.0,115100.0,211100.0,NHDRA,2020-01-01,2020
118-13,2022,457600.0,115000.0,342200.0,City Parcel Master,2022-01-01,2022
118-13,2020,457700.0,115100.0,342200.0,NHDRA,2020-01-01,2020
118-14,2022,505600.0,121300.0,384300.0,City Parcel Master,2022-01-01,2022
118-14,2020,505700.0,121400.0,384300.0,NHDRA,2020-01-01,2020
118-15,2022,346700.0,122600.0,224100.0,City Parcel Master,2022-01-01,2022
118-15,2020,346800.0,122700.0,224100.0,NHDRA,2020-01-01,2020
118-16,2022,344500.0,117500.0,214100.0,City Parcel Master,2022-01-01,2022
118-16,2020,344500.0,117500.0,214100.0,NHDRA,2020-01-01,2020
118-17,2022,391000.0,116300.0,274700.0,City Parcel Master,2022-01-01,2022
118-17,2020,391000.0,116300.0,274700.0,NHDRA,2020-01-01,2020
118-18,2022,437200.0,127100.0,309400.0,City Parcel Master,2022-01-01,2022
118-18,2020,431500.0,127200.0,303600.0,NHDRA,2020-01-01,2020
118-19,2022,474800.0,125100.0,349700.0,City Parcel Master,2022-01-01,2022
118-19,2020,474700.0,125000.0,349700.0,NHDRA,2020-01-01,2020
118-20,2022,408800.0,117100.0,291300.0,City Parcel Master,2022-01-01,2022
118-20,2020,408700.0,117000.0,291300.0,NHDRA,2020-01-01,2020
118-21,2022,473900.0,125100.0,348500.0,City Parcel Master,2022-01-01,2022
118-21,2020,473800.0,125000.0,348500.0,NHDRA,2020-01-01,2020
118-22,2022,447000.0,128600.0,318100.0,City Parcel Master,2022-01-01,2022
118-22,2020,447100.0,128700.0,318100.0,NHDRA,2020-01-01,2020
118-23,2022,350600.0,130100.0,219200.0,City Parcel Master,2022-01-01,2022
118-23,2020,349400.0,130200.0,219200.0,NHDRA,2020-01-01,2020
118-24,2022,515500.0,120100.0,395400.0,City Parcel Master,2022-01-01,2022
118-24,2020,506400.0,120000.0,386400.0,NHDRA,2020-01-01,2020
118-25,2022,399400.0,120100.0,279300.0,City Parcel Master,2022-01-01,2022
118-25,2020,399300.0,120000.0,279300.0,NHDRA,2020-01-01,2020
118-26,2022,506300.0,120100.0,386200.0,City Parcel Master,2022-01-01,2022
118-26,2020,506200.0,120000.0,386200.0,NHDRA,2020-01-01,2020
118-27,2022,539100.0,117500.0,421600.0,City Parcel Master,2022-01-01,2022
118-27,2020,558200.0,117500.0,440700.0,NHDRA,2020-01-01,2020
118-28,2022,432300.0,114700.0,317600.0,City Parcel Master,2022-01-01,2022
118-28,2020,432300.0,114700.0,317600.0,NHDRA,2020-01-01,2020
118-29,2022,534700.0,115000.0,419700.0,City Parcel Master,2022-01-01,2022
118-29,2020,526900.0,115100.0,411800.0,NHDRA,2020-01-01,2020
118-30,2022,473700.0,118800.0,354900.0,City Parcel Master,2022-01-01,2022
118-30,2020,479100.0,118900.0,360200.0,NHDRA,2020-01-01,2020
118-31,2022,455000.0,116300.0,338700.0,City Parcel Master,2022-01-01,2022
118-31,2020,455000.0,116300.0,338700.0,NHDRA,2020-01-01,2020
118-32,2022,620600.0,116900.0,503700.0,City Parcel Master,2022-01-01,2022
118-32,2020,620700.0,117000.0,503700.0,NHDRA,2020-01-01,2020
118-33,2022,512100.0,99900.0,411900.0,City Parcel Master,2022-01-01,2022
118-33,2020,507600.0,99900.0,407400.0,NHDRA,2020-01-01,2020
118-34,2022,652200.0,156900.0,489400.0,City Parcel Master,2022-01-01,2022
118-34,2020,652000.0,156700.0,489400.0,NHDRA,2020-01-01,2020
118-36,2022,526400.0,122600.0,403800.0,City Parcel Master,2022-01-01,2022
118-36,2020,526500.0,122700.0,403800.0,NHDRA,2020-01-01,2020
118-37,2022,103100.0,103100.0,0.0,City Parcel Master,2022-01-01,2022
118-37,2020,103200.0,103200.0,0.0,NHDRA,2020-01-01,2020
118-38,2022,555000.0,116300.0,438700.0,City Parcel Master,2022-01-01,2022
118-38,2020,555000.0,116300.0,438700.0,NHDRA,2020-01-01,2020
118-39,2022,489500.0,123900.0,365600.0,City Parcel Master,2022-01-01,2022
118-39,2020,489400.0,123800.0,365600.0,NHDRA,2020-01-01,2020
118-40,2022,533600.0,123900.0,409700.0,City Parcel Master,2022-01-01,2022
118-40,2020,533500.0,123800.0,409700.0,NHDRA,2020-01-01,2020
118-41,2022,478400.0,127200.0,351200.0,City Parcel Master,2022-01-01,2022
118-41,2020,478200.0,127000.0,351200.0,NHDRA,2020-01-01,2020
118-42,2022,542400.0,129400.0,413000.0,City Parcel Master,2022-01-01,2022
118-42,2020,542300.0,129300.0,413000.0,NHDRA,2020-01-01,2020
118-43,2022,541100.0,127200.0,413900.0,City Parcel Master,2022-01-01,2022
118-43,2020,540900.0,127000.0,413900.0,NHDRA,2020-01-01,2020
118-44,2022,556200.0,127900.0,428300.0,City Parcel Master,2022-01-01,2022
118-44,2020,556400.0,128100.0,428300.0,NHDRA,2020-01-01,2020
118-45,2022,535100.0,123900.0,411200.0,City Parcel Master,2022-01-01,2022
118-45,2020,535000.0,123800.0,411200.0,NHDRA,2020-01-01,2020
118-46,2022,570500.0,123900.0,446600.0,City Parcel Master,2022-01-01,2022
118-46,2020,570400.0,123800.0,446600.0,NHDRA,2020-01-01,2020
118-47,2022,504500.0,123900.0,379600.0,City Parcel Master,2022-01-01,2022
118-47,2020,504400.0,123800.0,379600.0,NHDRA,2020-01-01,2020
118-48,2022,561500.0,123900.0,437600.0,City Parcel Master,2022-01-01,2022
118-48,2020,555400.0,123800.0,431600.0,NHDRA,2020-01-01,2020
118-49,2022,594800.0,125100.0,469400.0,City Parcel Master,2022-01-01,2022
118-49,2020,594700.0,125000.0,469400.0,NHDRA,2020-01-01,2020
118-50,2022,731600.0,127100.0,604500.0,City Parcel Master,2022-01-01,2022
118-50,2020,731600.0,127100.0,604500.0,NHDRA,2020-01-01,2020
119-1-100,2022,547000.0,145800.0,401200.0,City Parcel Master,2022-01-01,2022
119-1-100,2020,547000.0,145800.0,401200.0,NHDRA,2020-01-01,2020
119-1-200,2022,494845.0,120545.0,374100.0,City Parcel Master,2022-01-01,2022
119-1-200,2020,494845.0,120545.0,374100.0,NHDRA,2020-01-01,2020
119-1-300,2022,610.0,610.0,0.0,City Parcel Master,2022-01-01,2022
119-1-300,2020,610.0,610.0,0.0,NHDRA,2020-01-01,2020
119-2,2022,369400.0,120100.0,248800.0,City Parcel Master,2022-01-01,2022
119-2,2020,369300.0,120000.0,248800.0,NHDRA,2020-01-01,2020
119-3,2022,431800.0,125800.0,305600.0,City Parcel Master,2022-01-01,2022
119-3,2020,442400.0,125800.0,316200.0,NHDRA,2020-01-01,2020
119-4,2022,522700.0,139200.0,383500.0,City Parcel Master,2022-01-01,2022
119-4,2020,522500.0,139000.0,383500.0,NHDRA,2020-01-01,2020
119-5,2022,505900.0,130100.0,375200.0,City Parcel Master,2022-01-01,2022
119-5,2020,483400.0,130200.0,352600.0,NHDRA,2020-01-01,2020
119-6,2022,436500.0,118500.0,318000.0,City Parcel Master,2022-01-01,2022
119-6,2020,436500.0,118500.0,318000.0,NHDRA,2020-01-01,2020
119-8,2022,435300.0,115000.0,320300.0,City Parcel Master,2022-01-01,2022
119-8,2020,435400.0,115100.0,320300.0,NHDRA,2020-01-01,2020
119-9,2022,573700.0,123200.0,450500.0,City Parcel Master,2022-01-01,2022
119-9,2020,583900.0,123100.0,460800.0,NHDRA,2020-01-01,2020
119-10,2022,390400.0,139700.0,250700.0,City Parcel Master,2022-01-01,2022
119-10,2020,390400.0,139700.0,250700.0,NHDRA,2020-01-01,2020
119-11,2022,531200.0,137400.0,393800.0,City Parcel Master,2022-01-01,2022
119-11,2020,531000.0,137200.0,393800.0,NHDRA,2020-01-01,2020
119-12,2022,484100.0,120700.0,363400.0,City Parcel Master,2022-01-01,2022
119-12,2020,484100.0,120700.0,363400.0,NHDRA,2020-01-01,2020
119-13,2022,523900.0,117500.0,406400.0,City Parcel Master,2022-01-01,2022
119-13,2020,523900.0,117500.0,406400.0,NHDRA,2020-01-01,2020
119-14,2022,403300.0,125100.0,277900.0,City Parcel Master,2022-01-01,2022
119-14,2020,403200.0,125000.0,277900.0,NHDRA,2020-01-01,2020
119-15,2022,479400.0,133200.0,345600.0,City Parcel Master,2022-01-01,2022
119-15,2020,479400.0,133200.0,345600.0,NHDRA,2020-01-01,2020
119-16,2022,592200.0,123200.0,467200.0,City Parcel Master,2022-01-01,2022
119-16,2020,592100.0,123100.0,467200.0,NHDRA,2020-01-01,2020
119-17,2022,519500.0,115000.0,404500.0,City Parcel Master,2022-01-01,2022
119-17,2020,518900.0,115100.0,403800.0,NHDRA,2020-01-01,2020
119-18,2022,464000.0,115000.0,347900.0,City Parcel Master,2022-01-01,2022
119-18,2020,464100.0,115100.0,347900.0,NHDRA,2020-01-01,2020
119-19,2022,500100.0,115000.0,385100.0,City Parcel Master,2022-01-01,2022
119-19,2020,500200.0,115100.0,385100.0,NHDRA,2020-01-01,2020
119-20,2022,437800.0,116900.0,320700.0,City Parcel Master,2022-01-01,2022
119-20,2020,445200.0,117000.0,328000.0,NHDRA,2020-01-01,2020
119-21,2022,495700.0,112500.0,383200.0,City Parcel Master,2022-01-01,2022
119-21,2020,495600.0,112400.0,383200.0,NHDRA,2020-01-01,2020
119-22,2022,421400.0,116300.0,305100.0,City Parcel Master,2022-01-01,2022
119-22,2020,421400.0,116300.0,305100.0,NHDRA,2020-01-01,2020
119-23,2022,456100.0,115000.0,340700.0,City Parcel Master,2022-01-01,2022
119-23,2020,456200.0,115100.0,340700.0,NHDRA,2020-01-01,2020
119-24,2022,336500.0,105600.0,230900.0,City Parcel Master,2022-01-01,2022
119-24,2020,336500.0,105600.0,230900.0,NHDRA,2020-01-01,2020
119-25,2022,378700.0,103500.0,274800.0,City Parcel Master,2022-01-01,2022
119-25,2020,378600.0,103400.0,274800.0,NHDRA,2020-01-01,2020
119-26,2022,404700.0,102400.0,301300.0,City Parcel Master,2022-01-01,2022
119-26,2020,387600.0,102400.0,284600.0,NHDRA,2020-01-01,2020
119-27,2022,417600.0,110000.0,307600.0,City Parcel Master,2022-01-01,2022
119-27,2020,417500.0,109900.0,307600.0,NHDRA,2020-01-01,2020
119-28,2022,422000.0,106700.0,315300.0,City Parcel Master,2022-01-01,2022
119-28,2020,422000.0,106700.0,315300.0,NHDRA,2020-01-01,2020
119-29,2022,277500.0,106700.0,170800.0,City Parcel Master,2022-01-01,2022
119-29,2020,277500.0,106700.0,170800.0,NHDRA,2020-01-01,2020
119-35,2022,742100.0,119100.0,599000.0,City Parcel Master,2022-01-01,2022
119-35,2020,741800.0,119100.0,598700.0,NHDRA,2020-01-01,2020
119-36,2022,316700.0,113500.0,192500.0,City Parcel Master,2022-01-01,2022
119-36,2020,316900.0,113700.0,192500.0,NHDRA,2020-01-01,2020
119-37,2022,287800.0,91200.0,196600.0,City Parcel Master,2022-01-01,2022
119-37,2020,298000.0,91300.0,206700.0,NHDRA,2020-01-01,2020
119-38,2022,266100.0,102300.0,160800.0,City Parcel Master,2022-01-01,2022
119-38,2020,266000.0,102200.0,160800.0,NHDRA,2020-01-01,2020
119-39,2022,281100.0,96000.0,184100.0,City Parcel Master,2022-01-01,2022
119-39,2020,277500.0,96100.0,181400.0,NHDRA,2020-01-01,2020
119-40,2022,271900.0,96000.0,175900.0,City Parcel Master,2022-01-01,2022
119-40,2020,272000.0,96100.0,175900.0,NHDRA,2020-01-01,2020
119-41,2022,261200.0,98600.0,162100.0,City Parcel Master,2022-01-01,2022
119-41,2020,261200.0,98600.0,162100.0,NHDRA,2020-01-01,2020
119-42,2022,504000.0,114700.0,387100.0,City Parcel Master,2022-01-01,2022
119-42,2020,517900.0,114700.0,401000.0,NHDRA,2020-01-01,2020
119-43,2022,775.0,775.0,0.0,City Parcel Master,2022-01-01,2022
119-43,2020,775.0,775.0,0.0,NHDRA,2020-01-01,2020
119-44,2022,323400.0,115200.0,206100.0,City Parcel Master,2022-01-01,2022
119-44,2020,323400.0,115200.0,206100.0,NHDRA,2020-01-01,2020
119-45,2022,223000.0,117100.0,104200.0,City Parcel Master,2022-01-01,2022
119-45,2020,179600.0,117100.0,60800.0,NHDRA,2020-01-01,2020
119-46,2022,394200.0,115500.0,278700.0,City Parcel Master,2022-01-01,2022
119-46,2020,394200.0,115500.0,278700.0,NHDRA,2020-01-01,2020
119-47,2022,540100.0,100300.0,439800.0,City Parcel Master,2022-01-01,2022
119-47,2020,540100.0,100300.0,439800.0,NHDRA,2020-01-01,2020
119-48,2022,527300.0,125100.0,375800.0,City Parcel Master,2022-01-01,2022
119-48,2020,501200.0,125000.0,375800.0,NHDRA,2020-01-01,2020
119-49,2022,560800.0,123200.0,437600.0,City Parcel Master,2022-01-01,2022
119-49,2020,560700.0,123100.0,437600.0,NHDRA,2020-01-01,2020
119-50,2022,839900.0,164300.0,648100.0,City Parcel Master,2022-01-01,2022
119-50,2020,839900.0,164300.0,648100.0,NHDRA,2020-01-01,2020
119-51,2022,727400.0,132400.0,595000.0,City Parcel Master,2022-01-01,2022
119-51,2020,727600.0,132600.0,595000.0,NHDRA,2020-01-01,2020
119-52,2022,594300.0,139400.0,454900.0,City Parcel Master,2022-01-01,2022
119-52,2020,594400.0,139500.0,454900.0,NHDRA,2020-01-01,2020
119-53,2022,715800.0,118600.0,597200.0,City Parcel Master,2022-01-01,2022
119-53,2020,715900.0,118700.0,597200.0,NHDRA,2020-01-01,2020
119-54,2022,667600.0,123900.0,535200.0,City Parcel Master,2022-01-01,2022
119-54,2020,659000.0,123800.0,535200.0,NHDRA,2020-01-01,2020
119-55,2022,4800.0,4800.0,0.0,City Parcel Master,2022-01-01,2022
119-55,2020,4800.0,4800.0,0.0,NHDRA,2020-01-01,2020
120-2,2022,562900.0,401100.0,107300.0,City Parcel Master,2022-01-01,2022
120-2,2020,518800.0,401100.0,64000.0,NHDRA,2020-01-01,2020
120-3,2022,2840.0,2840.0,0.0,City Parcel Master,2022-01-01,2022
120-3,2020,2840.0,2840.0,0.0,NHDRA,2020-01-01,2020
120-4,2022,800945.0,171445.0,597000.0,City Parcel Master,2022-01-01,2022
120-4,2020,637245.0,171445.0,439000.0,NHDRA,2020-01-01,2020
120-5,2022,268700.0,268700.0,0.0,City Parcel Master,2022-01-01,2022
120-5,2020,268700.0,268700.0,0.0,NHDRA,2020-01-01,2020
120-6,2022,249600.0,249600.0,0.0,City Parcel Master,2022-01-01,2022
120-6,2020,249600.0,249600.0,0.0,NHDRA,2020-01-01,2020
120-7,2022,3475.0,3475.0,0.0,City Parcel Master,2022-01-01,2022
120-7,2020,3475.0,3475.0,0.0,NHDRA,2020-01-01,2020
121-1,2022,458200.0,98300.0,322700.0,City Parcel Master,2022-01-01,2022
121-1,2020,458200.0,98300.0,322700.0,NHDRA,2020-01-01,2020
121-1-100,2022,600600.0,600600.0,0.0,City Parcel Master,2022-01-01,2022
121-1-100,2020,600600.0,600600.0,0.0,NHDRA,2020-01-01,2020
121-2,2022,296200.0,84900.0,205700.0,City Parcel Master,2022-01-01,2022
121-2,2020,296100.0,84800.0,205700.0,NHDRA,2020-01-01,2020
121-3,2022,99900.0,99900.0,0.0,City Parcel Master,2022-01-01,2022
121-3,2020,109300.0,109300.0,0.0,NHDRA,2020-01-01,2020
121-4,2022,321100.0,85200.0,219000.0,City Parcel Master,2022-01-01,2022
121-4,2020,305800.0,85200.0,219100.0,NHDRA,2020-01-01,2020
121-5,2022,32000.0,32000.0,0.0,City Parcel Master,2022-01-01,2022
121-5,2020,80100.0,80100.0,0.0,NHDRA,2020-01-01,2020
121-6,2022,256600.0,70000.0,186600.0,City Parcel Master,2022-01-01,2022
121-6,2020,258400.0,71800.0,186600.0,NHDRA,2020-01-01,2020
121-8,2022,275400.0,68300.0,207100.0,City Parcel Master,2022-01-01,2022
121-8,2020,289900.0,75900.0,214000.0,NHDRA,2020-01-01,2020
121-8-100,2022,266800.0,72500.0,194300.0,City Parcel Master,2022-01-01,2022
121-8-100,2020,266800.0,72500.0,194300.0,NHDRA,2020-01-01,2020
121-9,2022,312900.0,87300.0,225600.0,City Parcel Master,2022-01-01,2022
121-9,2020,312900.0,87300.0,225600.0,NHDRA,2020-01-01,2020
121-10,2022,319900.0,96900.0,222400.0,City Parcel Master,2022-01-01,2022
121-10,2020,319900.0,96900.0,222400.0,NHDRA,2020-01-01,2020
121-11,2022,250500.0,81900.0,168600.0,City Parcel Master,2022-01-01,2022
121-11,2020,250500.0,81900.0,168600.0,NHDRA,2020-01-01,2020
122-1,2022,287800.0,83200.0,204600.0,City Parcel Master,2022-01-01,2022
122-1,2020,287900.0,83300.0,204600.0,NHDRA,2020-01-01,2020
122-2,2022,279800.0,75900.0,203500.0,City Parcel Master,2022-01-01,2022
122-2,2020,279800.0,75900.0,203500.0,NHDRA,2020-01-01,2020
122-3,2022,58205.0,58205.0,0.0,City Parcel Master,2022-01-01,2022
122-3,2020,58400.0,58400.0,0.0,NHDRA,2020-01-01,2020
122-4,2022,5200.0,5200.0,0.0,City Parcel Master,2022-01-01,2022
122-4,2020,5200.0,5200.0,0.0,NHDRA,2020-01-01,2020
122-5,2022,310900.0,95100.0,215800.0,City Parcel Master,2022-01-01,2022
122-5,2020,310900.0,95100.0,215800.0,NHDRA,2020-01-01,2020
122-6,2022,327800.0,82300.0,223000.0,City Parcel Master,2022-01-01,2022
122-6,2020,337900.0,82400.0,233000.0,NHDRA,2020-01-01,2020
122-7,2022,270800.0,84500.0,185800.0,City Parcel Master,2022-01-01,2022
122-7,2020,270700.0,84400.0,185800.0,NHDRA,2020-01-01,2020
122-8,2022,267900.0,95400.0,164400.0,City Parcel Master,2022-01-01,2022
122-8,2020,267900.0,95400.0,164400.0,NHDRA,2020-01-01,2020
122-9,2022,273300.0,81100.0,184300.0,City Parcel Master,2022-01-01,2022
122-9,2020,273300.0,81100.0,184300.0,NHDRA,2020-01-01,2020
122-10,2022,255500.0,94700.0,160500.0,City Parcel Master,2022-01-01,2022
122-10,2020,255500.0,94700.0,160500.0,NHDRA,2020-01-01,2020
122-11,2022,469955.0,95855.0,352400.0,City Parcel Master,2022-01-01,2022
122-11,2020,470225.0,96125.0,352400.0,NHDRA,2020-01-01,2020
122-12,2022,439300.0,92500.0,346800.0,City Parcel Master,2022-01-01,2022
122-12,2020,431500.0,92400.0,339100.0,NHDRA,2020-01-01,2020
122-13,2022,338000.0,94600.0,243400.0,City Parcel Master,2022-01-01,2022
122-13,2020,338000.0,94600.0,243400.0,NHDRA,2020-01-01,2020
122-14,2022,307200.0,84900.0,207900.0,City Parcel Master,2022-01-01,2022
122-14,2020,306600.0,84800.0,207400.0,NHDRA,2020-01-01,2020
122-15,2022,281900.0,85800.0,195300.0,City Parcel Master,2022-01-01,2022
122-15,2020,281800.0,85700.0,195300.0,NHDRA,2020-01-01,2020
122-16,2022,421100.0,96500.0,315600.0,City Parcel Master,2022-01-01,2022
122-16,2020,421100.0,96500.0,315600.0,NHDRA,2020-01-01,2020
122-17,2022,259500.0,84900.0,174100.0,City Parcel Master,2022-01-01,2022
122-17,2020,259600.0,85000.0,174100.0,NHDRA,2020-01-01,2020
122-18,2022,528600.0,98400.0,429300.0,City Parcel Master,2022-01-01,2022
122-18,2020,528500.0,98300.0,429300.0,NHDRA,2020-01-01,2020
122-19,2022,648940.0,96640.0,552300.0,City Parcel Master,2022-01-01,2022
122-19,2020,648820.0,96520.0,552300.0,NHDRA,2020-01-01,2020
122-19-100,2022,808000.0,103100.0,704900.0,City Parcel Master,2022-01-01,2022
122-19-100,2020,808000.0,103100.0,704900.0,NHDRA,2020-01-01,2020
122-19-200,2022,844100.0,100200.0,743900.0,City Parcel Master,2022-01-01,2022
122-19-200,2020,844100.0,100200.0,743900.0,NHDRA,2020-01-01,2020
122-21,2022,282000.0,91400.0,190600.0,City Parcel Master,2022-01-01,2022
122-21,2020,282100.0,91500.0,190600.0,NHDRA,2020-01-01,2020
122-22,2022,379600.0,100400.0,278300.0,City Parcel Master,2022-01-01,2022
122-22,2020,379600.0,100400.0,278300.0,NHDRA,2020-01-01,2020
122-23,2022,409300.0,92400.0,286300.0,City Parcel Master,2022-01-01,2022
122-23,2020,409300.0,92400.0,286300.0,NHDRA,2020-01-01,2020
122-24,2022,361000.0,88000.0,257500.0,City Parcel Master,2022-01-01,2022
122-24,2020,354200.0,88000.0,250700.0,NHDRA,2020-01-01,2020
122-25,2022,314700.0,94500.0,219400.0,City Parcel Master,2022-01-01,2022
122-25,2020,314800.0,94600.0,219400.0,NHDRA,2020-01-01,2020
122-26,2022,285700.0,90300.0,194900.0,City Parcel Master,2022-01-01,2022
122-26,2020,285600.0,90200.0,194900.0,NHDRA,2020-01-01,2020
122-27,2022,413800.0,86700.0,327100.0,City Parcel Master,2022-01-01,2022
122-27,2020,413800.0,86700.0,327100.0,NHDRA,2020-01-01,2020
122-28,2022,400500.0,87600.0,310900.0,City Parcel Master,2022-01-01,2022
122-28,2020,400800.0,87700.0,311100.0,NHDRA,2020-01-01,2020
122-29,2022,374400.0,96000.0,278000.0,City Parcel Master,2022-01-01,2022
122-29,2020,374600.0,96200.0,278000.0,NHDRA,2020-01-01,2020
122-30,2022,478900.0,97200.0,381700.0,City Parcel Master,2022-01-01,2022
122-30,2020,479000.0,97300.0,381700.0,NHDRA,2020-01-01,2020
122-31,2022,371900.0,91400.0,261400.0,City Parcel Master,2022-01-01,2022
122-31,2020,372000.0,91500.0,261400.0,NHDRA,2020-01-01,2020
122-31-100,2022,433300.0,101000.0,331800.0,City Parcel Master,2022-01-01,2022
122-31-100,2020,433300.0,101000.0,331800.0,NHDRA,2020-01-01,2020
122-34,2022,288300.0,81500.0,206800.0,City Parcel Master,2022-01-01,2022
122-34,2020,288200.0,81400.0,206800.0,NHDRA,2020-01-01,2020
122-35,2022,496000.0,98100.0,396600.0,City Parcel Master,2022-01-01,2022
122-35,2020,504500.0,98000.0,405200.0,NHDRA,2020-01-01,2020
122-36,2022,332400.0,96600.0,235800.0,City Parcel Master,2022-01-01,2022
122-36,2020,332300.0,96500.0,235800.0,NHDRA,2020-01-01,2020
122-37,2022,483000.0,94000.0,368500.0,City Parcel Master,2022-01-01,2022
122-37,2020,483000.0,94000.0,368500.0,NHDRA,2020-01-01,2020
123-2,2022,388700.0,100200.0,288300.0,City Parcel Master,2022-01-01,2022
123-2,2020,390000.0,100200.0,289600.0,NHDRA,2020-01-01,2020
123-3,2022,638200.0,126200.0,501600.0,City Parcel Master,2022-01-01,2022
123-3,2020,638200.0,126200.0,501600.0,NHDRA,2020-01-01,2020
123-4,2022,428200.0,100100.0,326900.0,City Parcel Master,2022-01-01,2022
123-4,2020,436700.0,100100.0,335700.0,NHDRA,2020-01-01,2020
123-5,2022,420400.0,99400.0,320700.0,City Parcel Master,2022-01-01,2022
123-5,2020,420400.0,99400.0,320700.0,NHDRA,2020-01-01,2020
123-6,2022,476700.0,99400.0,377300.0,City Parcel Master,2022-01-01,2022
123-6,2020,476800.0,99500.0,377300.0,NHDRA,2020-01-01,2020
123-7,2022,392300.0,96000.0,295700.0,City Parcel Master,2022-01-01,2022
123-7,2020,392500.0,96200.0,295700.0,NHDRA,2020-01-01,2020
123-8,2022,396500.0,118100.0,277900.0,City Parcel Master,2022-01-01,2022
123-8,2020,396600.0,118200.0,277900.0,NHDRA,2020-01-01,2020
123-9,2022,382300.0,94000.0,287700.0,City Parcel Master,2022-01-01,2022
123-9,2020,382300.0,94000.0,287700.0,NHDRA,2020-01-01,2020
123-10,2022,44500.0,44500.0,0.0,City Parcel Master,2022-01-01,2022
123-10,2020,44500.0,44500.0,0.0,NHDRA,2020-01-01,2020
123-11,2022,553400.0,99900.0,453500.0,City Parcel Master,2022-01-01,2022
123-11,2020,553400.0,99900.0,453500.0,NHDRA,2020-01-01,2020
123-12,2022,407700.0,99700.0,307000.0,City Parcel Master,2022-01-01,2022
123-12,2020,400000.0,99600.0,300400.0,NHDRA,2020-01-01,2020
123-13,2022,517200.0,100800.0,412500.0,City Parcel Master,2022-01-01,2022
123-13,2020,517200.0,100800.0,412500.0,NHDRA,2020-01-01,2020
123-14,2022,502800.0,99800.0,403000.0,City Parcel Master,2022-01-01,2022
123-14,2020,502800.0,99800.0,403000.0,NHDRA,2020-01-01,2020
123-15,2022,1026885.0,102585.0,847800.0,City Parcel Master,2022-01-01,2022
123-15,2020,1026885.0,102585.0,847800.0,NHDRA,2020-01-01,2020
123-16,2022,324300.0,102500.0,221800.0,City Parcel Master,2022-01-01,2022
123-16,2020,324300.0,102500.0,221800.0,NHDRA,2020-01-01,2020
123-17,2022,589600.0,125800.0,453200.0,City Parcel Master,2022-01-01,2022
123-17,2020,664300.0,125800.0,538500.0,NHDRA,2020-01-01,2020
123-18-100,2022,555500.0,99600.0,454000.0,City Parcel Master,2022-01-01,2022
123-18-100,2020,603400.0,99600.0,503300.0,NHDRA,2020-01-01,2020
123-18-200,2022,408700.0,100600.0,283400.0,City Parcel Master,2022-01-01,2022
123-18-200,2020,408700.0,100600.0,283400.0,NHDRA,2020-01-01,2020
123-18-300,2022,463600.0,102900.0,359500.0,City Parcel Master,2022-01-01,2022
123-18-300,2020,463600.0,102900.0,359500.0,NHDRA,2020-01-01,2020
123-18-400,2022,596000.0,101600.0,494400.0,City Parcel Master,2022-01-01,2022
123-18-400,2020,644400.0,101600.0,542800.0,NHDRA,2020-01-01,2020
123-18-500,2022,612200.0,126700.0,395200.0,City Parcel Master,2022-01-01,2022
123-18-500,2020,501100.0,126700.0,362700.0,NHDRA,2020-01-01,2020
123-19,2022,388500.0,105700.0,281800.0,City Parcel Master,2022-01-01,2022
123-19,2020,454500.0,105700.0,347800.0,NHDRA,2020-01-01,2020
124-1,2022,236900.0,95700.0,134300.0,City Parcel Master,2022-01-01,2022
124-1,2020,236900.0,95700.0,134300.0,NHDRA,2020-01-01,2020
124-2,2022,437600.0,90400.0,347200.0,City Parcel Master,2022-01-01,2022
124-2,2020,422200.0,96100.0,326100.0,NHDRA,2020-01-01,2020
124-3,2022,415200.0,89900.0,308900.0,City Parcel Master,2022-01-01,2022
124-3,2020,415200.0,89900.0,308900.0,NHDRA,2020-01-01,2020
124-4,2022,477500.0,90000.0,372000.0,City Parcel Master,2022-01-01,2022
124-4,2020,483300.0,95800.0,372000.0,NHDRA,2020-01-01,2020
124-6,2022,202000.0,55700.0,141900.0,City Parcel Master,2022-01-01,2022
124-6,2020,202000.0,55700.0,141900.0,NHDRA,2020-01-01,2020
124-7,2022,22700.0,22700.0,0.0,City Parcel Master,2022-01-01,2022
124-7,2020,22700.0,22700.0,0.0,NHDRA,2020-01-01,2020
124-8,2022,427500.0,158200.0,219900.0,City Parcel Master,2022-01-01,2022
124-8,2020,427500.0,158200.0,219900.0,NHDRA,2020-01-01,2020
124-9,2022,368550.0,105150.0,251400.0,City Parcel Master,2022-01-01,2022
124-9,2020,372930.0,109530.0,251400.0,NHDRA,2020-01-01,2020
124-10,2022,315500.0,104500.0,210700.0,City Parcel Master,2022-01-01,2022
124-10,2020,315500.0,104500.0,210700.0,NHDRA,2020-01-01,2020
124-10-100,2022,375700.0,94100.0,265600.0,City Parcel Master,2022-01-01,2022
124-10-100,2020,375700.0,94100.0,265600.0,NHDRA,2020-01-01,2020
124-11,2022,163600.0,163600.0,0.0,City Parcel Master,2022-01-01,2022
124-11,2020,163700.0,163700.0,0.0,NHDRA,2020-01-01,2020
124-12,2022,88300.0,50500.0,37800.0,City Parcel Master,2022-01-01,2022
124-12,2020,114200.0,50600.0,63600.0,NHDRA,2020-01-01,2020
124-13,2022,462200.0,85800.0,355000.0,City Parcel Master,2022-01-01,2022
124-13,2020,462200.0,85800.0,355000.0,NHDRA,2020-01-01,2020
124-14,2022,322600.0,96000.0,226600.0,City Parcel Master,2022-01-01,2022
124-14,2020,322600.0,96000.0,226600.0,NHDRA,2020-01-01,2020
124-15,2022,532000.0,109100.0,422500.0,City Parcel Master,2022-01-01,2022
124-15,2020,532000.0,109100.0,422500.0,NHDRA,2020-01-01,2020
124-16,2022,560300.0,108300.0,440000.0,City Parcel Master,2022-01-01,2022
124-16,2020,553500.0,108300.0,445200.0,NHDRA,2020-01-01,2020
124-17,2022,566100.0,117600.0,439200.0,City Parcel Master,2022-01-01,2022
124-17,2020,556800.0,117600.0,439200.0,NHDRA,2020-01-01,2020
124-18,2022,494600.0,128700.0,365900.0,City Parcel Master,2022-01-01,2022
124-18,2020,494600.0,128700.0,365900.0,NHDRA,2020-01-01,2020
125-1,2022,383700.0,108700.0,256500.0,City Parcel Master,2022-01-01,2022
125-1,2020,383700.0,108700.0,256500.0,NHDRA,2020-01-01,2020
125-2,2022,420900.0,100800.0,314900.0,City Parcel Master,2022-01-01,2022
125-2,2020,415700.0,100800.0,314900.0,NHDRA,2020-01-01,2020
125-3,2022,308300.0,71800.0,226600.0,City Parcel Master,2022-01-01,2022
125-3,2020,308300.0,71800.0,226600.0,NHDRA,2020-01-01,2020
125-4,2022,279800.0,65800.0,214000.0,City Parcel Master,2022-01-01,2022
125-4,2020,279800.0,65800.0,214000.0,NHDRA,2020-01-01,2020
125-5,2022,385400.0,93900.0,290800.0,City Parcel Master,2022-01-01,2022
125-5,2020,385400.0,93900.0,290800.0,NHDRA,2020-01-01,2020
125-6,2022,231900.0,88400.0,134200.0,City Parcel Master,2022-01-01,2022
125-6,2020,231900.0,88400.0,134200.0,NHDRA,2020-01-01,2020
125-7,2022,473500.0,88400.0,271200.0,City Parcel Master,2022-01-01,2022
125-7,2020,473500.0,88400.0,271200.0,NHDRA,2020-01-01,2020
125-8,2022,295400.0,81700.0,212900.0,City Parcel Master,2022-01-01,2022
125-8,2020,295700.0,82000.0,212900.0,NHDRA,2020-01-01,2020
125-9,2022,2745900.0,1118100.0,1528500.0,City Parcel Master,2022-01-01,2022
125-9,2020,2745900.0,1118100.0,1528500.0,NHDRA,2020-01-01,2020
125-9-100,2022,435000.0,435000.0,0.0,City Parcel Master,2022-01-01,2022
125-9-100,2020,435000.0,435000.0,0.0,NHDRA,2020-01-01,2020
125-10,2022,361400.0,60100.0,301300.0,City Parcel Master,2022-01-01,2022
125-10,2020,361400.0,60100.0,301300.0,NHDRA,2020-01-01,2020
125-11,2022,103750.0,103750.0,0.0,City Parcel Master,2022-01-01,2022
125-11,2020,103750.0,103750.0,0.0,NHDRA,2020-01-01,2020
125-12,2022,280200.0,89200.0,173400.0,City Parcel Master,2022-01-01,2022
125-12,2020,280100.0,89100.0,173400.0,NHDRA,2020-01-01,2020
125-13,2022,355100.0,97500.0,257600.0,City Parcel Master,2022-01-01,2022
125-13,2020,355100.0,97500.0,257600.0,NHDRA,2020-01-01,2020
125-14,2022,331000.0,331000.0,0.0,City Parcel Master,2022-01-01,2022
125-14,2020,331000.0,331000.0,0.0,NHDRA,2020-01-01,2020
125-15,2022,87900.0,80800.0,7100.0,City Parcel Master,2022-01-01,2022
125-15,2020,80600.0,80600.0,0.0,NHDRA,2020-01-01,2020
125-16,2022,299700.0,112300.0,187400.0,City Parcel Master,2022-01-01,2022
125-16,2020,299700.0,112300.0,187400.0,NHDRA,2020-01-01,2020
125-17,2022,373100.0,97900.0,275200.0,City Parcel Master,2022-01-01,2022
125-17,2020,372600.0,97400.0,275200.0,NHDRA,2020-01-01,2020
125-18,2022,355400.0,97600.0,257200.0,City Parcel Master,2022-01-01,2022
125-18,2020,355300.0,97500.0,257200.0,NHDRA,2020-01-01,2020
125-19,2022,1205035.0,274435.0,691400.0,City Parcel Master,2022-01-01,2022
125-19,2020,1205035.0,274435.0,691400.0,NHDRA,2020-01-01,2020
125-20,2022,153500.0,94600.0,46600.0,City Parcel Master,2022-01-01,2022
125-20,2020,153500.0,94600.0,46600.0,NHDRA,2020-01-01,2020
125-21,2022,703225.0,133325.0,568400.0,City Parcel Master,2022-01-01,2022
125-21,2020,703525.0,133625.0,568400.0,NHDRA,2020-01-01,2020
125-21-100,2022,682600.0,99300.0,582400.0,City Parcel Master,2022-01-01,2022
125-21-100,2020,672500.0,99300.0,572300.0,NHDRA,2020-01-01,2020
125-22,2022,428000.0,118800.0,290600.0,City Parcel Master,2022-01-01,2022
125-22,2020,434800.0,118800.0,297400.0,NHDRA,2020-01-01,2020
128-1,2022,6700.0,6700.0,0.0,City Parcel Master,2022-01-01,2022
128-1,2020,6700.0,6700.0,0.0,NHDRA,2020-01-01,2020
128-2,2022,350600.0,350600.0,0.0,City Parcel Master,2022-01-01,2022
128-2,2020,350600.0,350600.0,0.0,NHDRA,2020-01-01,2020
128-3,2022,13458600.0,13458600.0,0.0,City Parcel Master,2022-01-01,2022
128-3,2020,11702300.0,11702300.0,0.0,NHDRA,2020-01-01,2020
128-3-70100,2022,6267100.0,0.0,6201500.0,City Parcel Master,2022-01-01,2022
128-3-70100,2020,6267100.0,0.0,6201500.0,NHDRA,2020-01-01,2020
128-3-70200,2022,699400.0,0.0,660000.0,City Parcel Master,2022-01-01,2022
128-3-70200,2020,699400.0,0.0,660000.0,NHDRA,2020-01-01,2020
128-3-70300,2022,386100.0,0.0,290100.0,City Parcel Master,2022-01-01,2022
128-3-70300,2020,386100.0,0.0,290100.0,NHDRA,2020-01-01,2020
128-4,2022,1283200.0,758800.0,481300.0,City Parcel Master,2022-01-01,2022
128-4,2020,1283200.0,758800.0,481300.0,NHDRA,2020-01-01,2020
128-5,2022,88400.0,56900.0,23300.0,City Parcel Master,2022-01-01,2022
128-5,2020,88400.0,56900.0,23300.0,NHDRA,2020-01-01,2020
128-6,2022,8806200.0,8806200.0,0.0,City Parcel Master,2022-01-01,2022
128-6,2020,9724200.0,9724200.0,0.0,NHDRA,2020-01-01,2020
128-6-70100,2022,1096300.0,0.0,999500.0,City Parcel Master,2022-01-01,2022
128-6-70100,2020,1096300.0,0.0,999500.0,NHDRA,2020-01-01,2020
128-6-70200,2022,3882300.0,0.0,3593700.0,City Parcel Master,2022-01-01,2022
128-6-70200,2020,4022700.0,0.0,3736200.0,NHDRA,2020-01-01,2020
128-6-70300,2022,2654200.0,0.0,2423200.0,City Parcel Master,2022-01-01,2022
128-6-70300,2020,2654200.0,0.0,2423200.0,NHDRA,2020-01-01,2020
128-7,2022,2372300.0,2052700.0,0.0,City Parcel Master,2022-01-01,2022
128-7,2020,2372300.0,2052700.0,0.0,NHDRA,2020-01-01,2020
128-8,2022,2372800.0,1825500.0,438600.0,City Parcel Master,2022-01-01,2022
128-8,2020,2372800.0,1825500.0,438600.0,NHDRA,2020-01-01,2020
128-9,2022,183500.0,183500.0,0.0,City Parcel Master,2022-01-01,2022
128-9,2020,156200.0,156200.0,0.0,NHDRA,2020-01-01,2020
128-10,2022,22794900.0,12213900.0,10093500.0,City Parcel Master,2022-01-01,2022
128-10,2020,25029600.0,12223800.0,12187500.0,NHDRA,2020-01-01,2020
128-11,2022,29930.0,29930.0,0.0,City Parcel Master,2022-01-01,2022
128-11,2020,27930.0,27930.0,0.0,NHDRA,2020-01-01,2020
129-1,2022,3378500.0,3378500.0,0.0,City Parcel Master,2022-01-01,2022
129-1,2020,3378500.0,3378500.0,0.0,NHDRA,2020-01-01,2020
129-1-70100,2022,5488500.0,0.0,5406400.0,City Parcel Master,2022-01-01,2022
129-1-70100,2020,5488500.0,0.0,5406400.0,NHDRA,2020-01-01,2020
129-2,2022,759000.0,366600.0,375500.0,City Parcel Master,2022-01-01,2022
129-2,2020,741600.0,366600.0,358500.0,NHDRA,2020-01-01,2020
129-3,2022,102500.0,102500.0,0.0,City Parcel Master,2022-01-01,2022
129-3,2020,102500.0,102500.0,0.0,NHDRA,2020-01-01,2020
129-4,2022,585200.0,303600.0,224100.0,City Parcel Master,2022-01-01,2022
129-4,2020,585200.0,303600.0,224100.0,NHDRA,2020-01-01,2020
129-5,2022,686700.0,421500.0,215500.0,City Parcel Master,2022-01-01,2022
129-5,2020,686700.0,421500.0,215500.0,NHDRA,2020-01-01,2020
129-6,2022,3086000.0,1110800.0,1900600.0,City Parcel Master,2022-01-01,2022
129-6,2020,3086000.0,1110800.0,1900600.0,NHDRA,2020-01-01,2020
129-7,2022,845600.0,376400.0,444300.0,City Parcel Master,2022-01-01,2022
129-7,2020,707000.0,376400.0,314700.0,NHDRA,2020-01-01,2020
129-8,2022,2316300.0,665200.0,1457400.0,City Parcel Master,2022-01-01,2022
129-8,2020,2327600.0,676500.0,1457400.0,NHDRA,2020-01-01,2020
129-9,2022,1238700.0,369400.0,833700.0,City Parcel Master,2022-01-01,2022
129-9,2020,1238700.0,369400.0,833700.0,NHDRA,2020-01-01,2020
129-10,2022,1286800.0,801400.0,439200.0,City Parcel Master,2022-01-01,2022
129-10,2020,1286800.0,801400.0,439200.0,NHDRA,2020-01-01,2020
129-13,2022,2604600.0,1294700.0,1142000.0,City Parcel Master,2022-01-01,2022
129-13,2020,2604600.0,1294700.0,1142000.0,NHDRA,2020-01-01,2020
129-14,2022,2219200.0,1682700.0,420900.0,City Parcel Master,2022-01-01,2022
129-14,2020,2219200.0,1682700.0,420900.0,NHDRA,2020-01-01,2020
129-15,2022,2588900.0,1432400.0,1100600.0,City Parcel Master,2022-01-01,2022
129-15,2020,2588200.0,1431700.0,1100600.0,NHDRA,2020-01-01,2020
129-16,2022,1326800.0,1035100.0,261200.0,City Parcel Master,2022-01-01,2022
129-16,2020,955900.0,690100.0,234900.0,NHDRA,2020-01-01,2020
129-17,2022,180000.0,100800.0,0.0,City Parcel Master,2022-01-01,2022
129-17,2020,173300.0,94100.0,0.0,NHDRA,2020-01-01,2020
129-18-1,2022,1811500.0,774000.0,980700.0,City Parcel Master,2022-01-01,2022
129-18-1,2020,1811600.0,774100.0,980700.0,NHDRA,2020-01-01,2020
129-18-2,2022,2450700.0,814200.0,1594900.0,City Parcel Master,2022-01-01,2022
129-18-2,2020,2450500.0,814000.0,1594900.0,NHDRA,2020-01-01,2020
129-19,2022,807800.0,458200.0,296600.0,City Parcel Master,2022-01-01,2022
129-19,2020,389600.0,389600.0,0.0,NHDRA,2020-01-01,2020
129-20,2022,1146200.0,458200.0,665600.0,City Parcel Master,2022-01-01,2022
129-20,2020,1146200.0,458200.0,665600.0,NHDRA,2020-01-01,2020
129-21,2022,3100700.0,1680000.0,1314500.0,City Parcel Master,2022-01-01,2022
129-21,2020,3100700.0,1680000.0,1314500.0,NHDRA,2020-01-01,2020
130-3,2022,1492000.0,399700.0,1045800.0,City Parcel Master,2022-01-01,2022
130-3,2020,1492000.0,399700.0,1045800.0,NHDRA,2020-01-01,2020
130-4,2022,1561900.0,522700.0,977000.0,City Parcel Master,2022-01-01,2022
130-4,2020,1561000.0,522700.0,976100.0,NHDRA,2020-01-01,2020
130-5,2022,1241200.0,467500.0,708400.0,City Parcel Master,2022-01-01,2022
130-5,2020,1241200.0,467500.0,708400.0,NHDRA,2020-01-01,2020
130-6,2022,773500.0,370400.0,359300.0,City Parcel Master,2022-01-01,2022
130-6,2020,773500.0,370400.0,359300.0,NHDRA,2020-01-01,2020
130-7,2022,1398000.0,1398000.0,0.0,City Parcel Master,2022-01-01,2022
130-7,2020,1398000.0,1398000.0,0.0,NHDRA,2020-01-01,2020
130-8,2022,1447100.0,513200.0,906600.0,City Parcel Master,2022-01-01,2022
130-8,2020,1447100.0,513200.0,906600.0,NHDRA,2020-01-01,2020
130-9,2022,1042500.0,330500.0,667300.0,City Parcel Master,2022-01-01,2022
130-9,2020,1042500.0,330500.0,667300.0,NHDRA,2020-01-01,2020
130-10,2022,3248400.0,619500.0,2172200.0,City Parcel Master,2022-01-01,2022
130-10,2020,3326900.0,619500.0,2172200.0,NHDRA,2020-01-01,2020
130-11,2022,1568500.0,662400.0,848500.0,City Parcel Master,2022-01-01,2022
130-11,2020,1568500.0,662400.0,848500.0,NHDRA,2020-01-01,2020
130-12,2022,859200.0,469400.0,384000.0,City Parcel Master,2022-01-01,2022
130-12,2020,859200.0,469400.0,384000.0,NHDRA,2020-01-01,2020
130-13,2022,887100.0,887100.0,0.0,City Parcel Master,2022-01-01,2022
130-13,2020,887100.0,887100.0,0.0,NHDRA,2020-01-01,2020
130-14,2022,5563300.0,1669300.0,3732100.0,City Parcel Master,2022-01-01,2022
130-14,2020,5563300.0,1669300.0,3732100.0,NHDRA,2020-01-01,2020
130-15,2022,2842300.0,740700.0,1647700.0,City Parcel Master,2022-01-01,2022
130-15,2020,2842300.0,740700.0,1647700.0,NHDRA,2020-01-01,2020
130-16,2022,40700.0,40700.0,0.0,City Parcel Master,2022-01-01,2022
130-16,2020,40700.0,40700.0,0.0,NHDRA,2020-01-01,2020
131-1,2022,53962400.0,46438000.0,2730800.0,City Parcel Master,2022-01-01,2022
131-1,2020,53962400.0,46438000.0,2730800.0,NHDRA,2020-01-01,2020
131-1-100,2022,652700.0,206200.0,410500.0,City Parcel Master,2022-01-01,2022
131-1-100,2020,652700.0,206200.0,410500.0,NHDRA,2020-01-01,2020
131-1-101,2022,35100.0,0.0,35100.0,City Parcel Master,2022-01-01,2022
131-1-101,2020,35100.0,0.0,35100.0,NHDRA,2020-01-01,2020
131-1-102,2022,34700.0,0.0,34700.0,City Parcel Master,2022-01-01,2022
131-1-102,2020,34700.0,0.0,34700.0,NHDRA,2020-01-01,2020
131-1-201,2022,46800.0,0.0,46800.0,City Parcel Master,2022-01-01,2022
131-1-201,2020,46800.0,0.0,46800.0,NHDRA,2020-01-01,2020
131-1-202,2022,34700.0,0.0,34700.0,City Parcel Master,2022-01-01,2022
131-1-202,2020,34700.0,0.0,34700.0,NHDRA,2020-01-01,2020
131-1-301,2022,34700.0,0.0,34700.0,City Parcel Master,2022-01-01,2022
131-1-301,2020,34700.0,0.0,34700.0,NHDRA,2020-01-01,2020
131-1-302,2022,35100.0,0.0,35100.0,City Parcel Master,2022-01-01,2022
131-1-302,2020,35100.0,0.0,35100.0,NHDRA,2020-01-01,2020
131-1-401,2022,34700.0,0.0,34700.0,City Parcel Master,2022-01-01,2022
131-1-401,2020,34700.0,0.0,34700.0,NHDRA,2020-01-01,2020
131-1-402,2022,34700.0,0.0,34700.0,City Parcel Master,2022-01-01,2022
131-1-402,2020,34700.0,0.0,34700.0,NHDRA,2020-01-01,2020
131-1-501,2022,34700.0,0.0,34700.0,City Parcel Master,2022-01-01,2022
131-1-501,2020,34700.0,0.0,34700.0,NHDRA,2020-01-01,2020
131-1-502,2022,35100.0,0.0,35100.0,City Parcel Master,2022-01-01,2022
131-1-502,2020,35100.0,0.0,35100.0,NHDRA,2020-01-01,2020
131-1-601,2022,35100.0,0.0,35100.0,City Parcel Master,2022-01-01,2022
131-1-601,2020,35100.0,0.0,35100.0,NHDRA,2020-01-01,2020
131-1-602,2022,34700.0,0.0,34700.0,City Parcel Master,2022-01-01,2022
131-1-602,2020,34700.0,0.0,34700.0,NHDRA,2020-01-01,2020
131-1-701,2022,35100.0,0.0,35100.0,City Parcel Master,2022-01-01,2022
131-1-701,2020,35100.0,0.0,35100.0,NHDRA,2020-01-01,2020
131-1-702,2022,34700.0,0.0,34700.0,City Parcel Master,2022-01-01,2022
131-1-702,2020,34700.0,0.0,34700.0,NHDRA,2020-01-01,2020
131-1-802,2022,39000.0,0.0,39000.0,City Parcel Master,2022-01-01,2022
131-1-802,2020,39000.0,0.0,39000.0,NHDRA,2020-01-01,2020
131-1-901,2022,87300.0,0.0,87300.0,City Parcel Master,2022-01-01,2022
131-1-901,2020,87300.0,0.0,87300.0,NHDRA,2020-01-01,2020
131-1-902,2022,51100.0,0.0,51100.0,City Parcel Master,2022-01-01,2022
131-1-902,2020,51100.0,0.0,51100.0,NHDRA,2020-01-01,2020
131-1-1002,2022,3300.0,0.0,3300.0,City Parcel Master,2022-01-01,2022
131-1-1002,2020,3300.0,0.0,3300.0,NHDRA,2020-01-01,2020
131-1-1102,2022,10200.0,0.0,10200.0,City Parcel Master,2022-01-01,2022
131-1-1102,2020,10200.0,0.0,10200.0,NHDRA,2020-01-01,2020
131-1-5000,2022,351700.0,0.0,327200.0,City Parcel Master,2022-01-01,2022
131-1-5000,2020,351700.0,0.0,327200.0,NHDRA,2020-01-01,2020
131-1-80100,2022,2519500.0,910900.0,1203600.0,City Parcel Master,2022-01-01,2022
131-1-80100,2020,2519500.0,910900.0,1203600.0,NHDRA,2020-01-01,2020
131-1-80200,2022,209400.0,0.0,198300.0,City Parcel Master,2022-01-01,2022
131-1-80200,2020,209400.0,0.0,198300.0,NHDRA,2020-01-01,2020
131-1-80301,2022,83900.0,66300.0,17600.0,City Parcel Master,2022-01-01,2022
131-1-80301,2020,83900.0,66300.0,17600.0,NHDRA,2020-01-01,2020
131-1-80302,2022,216100.0,0.0,216100.0,City Parcel Master,2022-01-01,2022
131-1-80302,2020,216100.0,0.0,216100.0,NHDRA,2020-01-01,2020
131-1-80305,2022,303200.0,0.0,300600.0,City Parcel Master,2022-01-01,2022
131-1-80305,2020,300600.0,0.0,300600.0,NHDRA,2020-01-01,2020
131-1-80307,2022,381400.0,0.0,381400.0,City Parcel Master,2022-01-01,2022
131-1-80307,2020,381400.0,0.0,381400.0,NHDRA,2020-01-01,2020
131-1-80400,2022,854800.0,0.0,854800.0,City Parcel Master,2022-01-01,2022
131-1-80400,2020,810015.0,0.0,809390.0,NHDRA,2020-01-01,2020
131-2,2022,1340500.0,1340500.0,0.0,City Parcel Master,2022-01-01,2022
131-2,2020,1340500.0,1340500.0,0.0,NHDRA,2020-01-01,2020
131-2-80100,2022,1322700.0,300200.0,942300.0,City Parcel Master,2022-01-01,2022
131-2-80100,2020,1322700.0,300200.0,942300.0,NHDRA,2020-01-01,2020
131-3,2022,835.0,835.0,0.0,City Parcel Master,2022-01-01,2022
131-3,2020,1135.0,1135.0,0.0,NHDRA,2020-01-01,2020
131-3-100,2022,1025200.0,543300.0,439200.0,City Parcel Master,2022-01-01,2022
131-3-100,2020,,,,NHDRA,2020-01-01,2020
131-3-200,2022,2205100.0,615500.0,1473000.0,City Parcel Master,2022-01-01,2022
131-3-200,2020,,,,NHDRA,2020-01-01,2020
131-4,2022,87950.0,87950.0,0.0,City Parcel Master,2022-01-01,2022
131-4,2020,87950.0,87950.0,0.0,NHDRA,2020-01-01,2020
131-5,2022,2705.0,2705.0,0.0,City Parcel Master,2022-01-01,2022
131-5,2020,2705.0,2705.0,0.0,NHDRA,2020-01-01,2020
131-6,2022,1989400.0,1989400.0,0.0,City Parcel Master,2022-01-01,2022
131-6,2020,1989400.0,1989400.0,0.0,NHDRA,2020-01-01,2020
131-7,2022,715000.0,713600.0,0.0,City Parcel Master,2022-01-01,2022
131-7,2020,715000.0,713600.0,0.0,NHDRA,2020-01-01,2020
131-8,2022,18500.0,18500.0,0.0,City Parcel Master,2022-01-01,2022
131-8,2020,18500.0,18500.0,0.0,NHDRA,2020-01-01,2020
132-1,2022,362300.0,105500.0,256800.0,City Parcel Master,2022-01-01,2022
132-1,2020,362300.0,105500.0,256800.0,NHDRA,2020-01-01,2020
132-2,2022,333800.0,116300.0,216500.0,City Parcel Master,2022-01-01,2022
132-2,2020,333800.0,116300.0,216500.0,NHDRA,2020-01-01,2020
132-3,2022,483100.0,141900.0,340400.0,City Parcel Master,2022-01-01,2022
132-3,2020,496900.0,142100.0,354000.0,NHDRA,2020-01-01,2020
132-4,2022,635480.0,147480.0,258800.0,City Parcel Master,2022-01-01,2022
132-4,2020,637580.0,147480.0,258800.0,NHDRA,2020-01-01,2020
132-5,2022,364600.0,119000.0,235100.0,City Parcel Master,2022-01-01,2022
132-5,2020,335300.0,119000.0,206300.0,NHDRA,2020-01-01,2020
132-6,2022,415600.0,116900.0,289100.0,City Parcel Master,2022-01-01,2022
132-6,2020,415600.0,116900.0,289100.0,NHDRA,2020-01-01,2020
132-7,2022,456800.0,117900.0,321500.0,City Parcel Master,2022-01-01,2022
132-7,2020,460400.0,117900.0,325100.0,NHDRA,2020-01-01,2020
132-8,2022,360700.0,116600.0,231700.0,City Parcel Master,2022-01-01,2022
132-8,2020,360700.0,116600.0,231700.0,NHDRA,2020-01-01,2020
132-9,2022,344300.0,117700.0,226600.0,City Parcel Master,2022-01-01,2022
132-9,2020,344300.0,117700.0,226600.0,NHDRA,2020-01-01,2020
132-10,2022,4326900.0,4326900.0,0.0,City Parcel Master,2022-01-01,2022
132-10,2020,4326900.0,4326900.0,0.0,NHDRA,2020-01-01,2020
132-11,2022,600400.0,138300.0,459900.0,City Parcel Master,2022-01-01,2022
132-11,2020,600400.0,138300.0,459900.0,NHDRA,2020-01-01,2020
132-12,2022,371800.0,125900.0,245900.0,City Parcel Master,2022-01-01,2022
132-12,2020,355600.0,126200.0,229400.0,NHDRA,2020-01-01,2020
132-13,2022,555.0,555.0,0.0,City Parcel Master,2022-01-01,2022
132-13,2020,555.0,555.0,0.0,NHDRA,2020-01-01,2020
132-14,2022,445100.0,113200.0,331500.0,City Parcel Master,2022-01-01,2022
132-14,2020,445100.0,113200.0,331500.0,NHDRA,2020-01-01,2020
132-15,2022,359000.0,113700.0,244200.0,City Parcel Master,2022-01-01,2022
132-15,2020,366800.0,113700.0,252000.0,NHDRA,2020-01-01,2020
132-16,2022,1388200.0,833800.0,176700.0,City Parcel Master,2022-01-01,2022
132-16,2020,1388200.0,833800.0,176700.0,NHDRA,2020-01-01,2020
132-17,2022,390.0,390.0,0.0,City Parcel Master,2022-01-01,2022
132-17,2020,390.0,390.0,0.0,NHDRA,2020-01-01,2020
132-18,2022,550.0,550.0,0.0,City Parcel Master,2022-01-01,2022
132-18,2020,550.0,550.0,0.0,NHDRA,2020-01-01,2020
134-1,2022,341700.0,114400.0,222400.0,City Parcel Master,2022-01-01,2022
134-1,2020,341700.0,114400.0,222400.0,NHDRA,2020-01-01,2020
134-2,2022,546200.0,107400.0,427900.0,City Parcel Master,2022-01-01,2022
134-2,2020,522000.0,107400.0,414600.0,NHDRA,2020-01-01,2020
134-3,2022,10760.0,10760.0,0.0,City Parcel Master,2022-01-01,2022
134-3,2020,10760.0,10760.0,0.0,NHDRA,2020-01-01,2020
134-4,2022,99615.0,79915.0,0.0,City Parcel Master,2022-01-01,2022
134-4,2020,99615.0,79915.0,0.0,NHDRA,2020-01-01,2020
134-5,2022,564140.0,147140.0,399400.0,City Parcel Master,2022-01-01,2022
134-5,2020,542140.0,147240.0,380100.0,NHDRA,2020-01-01,2020
134-6,2022,331800.0,107300.0,206500.0,City Parcel Master,2022-01-01,2022
134-6,2020,328000.0,107300.0,202700.0,NHDRA,2020-01-01,2020
134-7,2022,384200.0,106000.0,276900.0,City Parcel Master,2022-01-01,2022
134-7,2020,384200.0,106000.0,276900.0,NHDRA,2020-01-01,2020
134-8,2022,321400.0,105800.0,188000.0,City Parcel Master,2022-01-01,2022
134-8,2020,316100.0,105800.0,182700.0,NHDRA,2020-01-01,2020
134-9,2022,190100.0,103100.0,87000.0,City Parcel Master,2022-01-01,2022
134-9,2020,190000.0,103000.0,87000.0,NHDRA,2020-01-01,2020
134-10,2022,376935.0,115735.0,261200.0,City Parcel Master,2022-01-01,2022
134-10,2020,337455.0,117755.0,219000.0,NHDRA,2020-01-01,2020
134-10-100,2022,840.0,840.0,0.0,City Parcel Master,2022-01-01,2022
134-10-100,2020,,,,NHDRA,2020-01-01,2020
134-10-200,2022,820.0,820.0,0.0,City Parcel Master,2022-01-01,2022
134-10-200,2020,,,,NHDRA,2020-01-01,2020
134-11,2022,440200.0,104600.0,335600.0,City Parcel Master,2022-01-01,2022
134-11,2020,440200.0,104600.0,335600.0,NHDRA,2020-01-01,2020
134-12,2022,411600.0,125000.0,279100.0,City Parcel Master,2022-01-01,2022
134-12,2020,411600.0,125000.0,279100.0,NHDRA,2020-01-01,2020
134-13,2022,549515.0,115615.0,433900.0,City Parcel Master,2022-01-01,2022
134-13,2020,550715.0,115615.0,435100.0,NHDRA,2020-01-01,2020
134-14,2022,1066450.0,197150.0,865500.0,City Parcel Master,2022-01-01,2022
134-14,2020,1065590.0,196290.0,865500.0,NHDRA,2020-01-01,2020
134-15,2022,347600.0,120100.0,226700.0,City Parcel Master,2022-01-01,2022
134-15,2020,120100.0,120100.0,0.0,NHDRA,2020-01-01,2020
134-16,2022,627310.0,245810.0,339400.0,City Parcel Master,2022-01-01,2022
134-16,2020,627310.0,245810.0,339400.0,NHDRA,2020-01-01,2020
134-17,2022,411160.0,153560.0,247700.0,City Parcel Master,2022-01-01,2022
134-17,2020,406760.0,153560.0,243300.0,NHDRA,2020-01-01,2020
134-17-100,2022,487500.0,206700.0,267400.0,City Parcel Master,2022-01-01,2022
134-17-100,2020,487500.0,206700.0,267400.0,NHDRA,2020-01-01,2020
134-17-200,2022,369300.0,206600.0,152600.0,City Parcel Master,2022-01-01,2022
134-17-200,2020,369300.0,206600.0,152600.0,NHDRA,2020-01-01,2020
134-18,2022,6000.0,6000.0,0.0,City Parcel Master,2022-01-01,2022
134-18,2020,6000.0,6000.0,0.0,NHDRA,2020-01-01,2020
134-19,2022,379500.0,120200.0,259000.0,City Parcel Master,2022-01-01,2022
134-19,2020,379500.0,120200.0,259000.0,NHDRA,2020-01-01,2020
134-20,2022,538200.0,120200.0,418000.0,City Parcel Master,2022-01-01,2022
134-20,2020,541400.0,120200.0,421200.0,NHDRA,2020-01-01,2020
134-21,2022,548800.0,120200.0,426900.0,City Parcel Master,2022-01-01,2022
134-21,2020,548800.0,120200.0,426900.0,NHDRA,2020-01-01,2020
134-22,2022,561600.0,150300.0,411300.0,City Parcel Master,2022-01-01,2022
134-22,2020,561600.0,150300.0,411300.0,NHDRA,2020-01-01,2020
134-23,2022,699000.0,120200.0,536500.0,City Parcel Master,2022-01-01,2022
134-23,2020,699000.0,120200.0,536500.0,NHDRA,2020-01-01,2020
134-24,2022,413900.0,122200.0,271800.0,City Parcel Master,2022-01-01,2022
134-24,2020,394800.0,122200.0,271800.0,NHDRA,2020-01-01,2020
134-25,2022,458200.0,120200.0,338000.0,City Parcel Master,2022-01-01,2022
134-25,2020,458200.0,120200.0,338000.0,NHDRA,2020-01-01,2020
134-26,2022,787200.0,120200.0,653000.0,City Parcel Master,2022-01-01,2022
134-26,2020,787200.0,120200.0,653000.0,NHDRA,2020-01-01,2020
134-28,2022,618600.0,122600.0,496000.0,City Parcel Master,2022-01-01,2022
134-28,2020,618600.0,122600.0,496000.0,NHDRA,2020-01-01,2020
134-31,2022,885700.0,108200.0,765900.0,City Parcel Master,2022-01-01,2022
134-31,2020,874100.0,108200.0,765900.0,NHDRA,2020-01-01,2020
134-33,2022,415700.0,108200.0,298500.0,City Parcel Master,2022-01-01,2022
134-33,2020,415700.0,108200.0,298500.0,NHDRA,2020-01-01,2020
134-34,2022,397800.0,108500.0,289300.0,City Parcel Master,2022-01-01,2022
134-34,2020,397800.0,108500.0,289300.0,NHDRA,2020-01-01,2020
134-35,2022,608100.0,150300.0,433400.0,City Parcel Master,2022-01-01,2022
134-35,2020,608100.0,150300.0,433400.0,NHDRA,2020-01-01,2020
134-36,2022,305200.0,108800.0,196400.0,City Parcel Master,2022-01-01,2022
134-36,2020,305200.0,108800.0,196400.0,NHDRA,2020-01-01,2020
134-37,2022,373700.0,110100.0,249400.0,City Parcel Master,2022-01-01,2022
134-37,2020,358000.0,110100.0,233700.0,NHDRA,2020-01-01,2020
134-38,2022,300200.0,114500.0,169200.0,City Parcel Master,2022-01-01,2022
134-38,2020,300200.0,114500.0,169200.0,NHDRA,2020-01-01,2020
134-39,2022,296400.0,113300.0,182800.0,City Parcel Master,2022-01-01,2022
134-39,2020,296400.0,113300.0,182800.0,NHDRA,2020-01-01,2020
134-40,2022,354300.0,115300.0,223500.0,City Parcel Master,2022-01-01,2022
134-40,2020,360300.0,115300.0,229500.0,NHDRA,2020-01-01,2020
134-42,2022,408800.0,114300.0,276700.0,City Parcel Master,2022-01-01,2022
134-42,2020,408300.0,125800.0,271700.0,NHDRA,2020-01-01,2020
134-43,2022,580000.0,118800.0,459500.0,City Parcel Master,2022-01-01,2022
134-43,2020,578600.0,118800.0,459500.0,NHDRA,2020-01-01,2020
136-1,2022,394000.0,136100.0,238100.0,City Parcel Master,2022-01-01,2022
136-1,2020,381400.0,136100.0,237200.0,NHDRA,2020-01-01,2020
136-2,2022,349400.0,99700.0,247500.0,City Parcel Master,2022-01-01,2022
136-2,2020,349400.0,99700.0,247500.0,NHDRA,2020-01-01,2020
136-4,2022,388140.0,102440.0,277600.0,City Parcel Master,2022-01-01,2022
136-4,2020,390340.0,102440.0,279800.0,NHDRA,2020-01-01,2020
136-5,2022,737100.0,109900.0,627200.0,City Parcel Master,2022-01-01,2022
136-5,2020,737100.0,109900.0,627200.0,NHDRA,2020-01-01,2020
136-6,2022,354000.0,109900.0,215200.0,City Parcel Master,2022-01-01,2022
136-6,2020,359000.0,109900.0,220200.0,NHDRA,2020-01-01,2020
136-7,2022,561600.0,112900.0,445800.0,City Parcel Master,2022-01-01,2022
136-7,2020,557500.0,112900.0,443600.0,NHDRA,2020-01-01,2020
136-8,2022,237900.0,94500.0,142900.0,City Parcel Master,2022-01-01,2022
136-8,2020,238000.0,94600.0,142900.0,NHDRA,2020-01-01,2020
136-9,2022,148500.0,92900.0,50300.0,City Parcel Master,2022-01-01,2022
136-9,2020,148400.0,92800.0,50300.0,NHDRA,2020-01-01,2020
136-10,2022,179300.0,78500.0,100700.0,City Parcel Master,2022-01-01,2022
136-10,2020,179300.0,78500.0,100700.0,NHDRA,2020-01-01,2020
136-11,2022,431500.0,105400.0,326100.0,City Parcel Master,2022-01-01,2022
136-11,2020,414900.0,105600.0,309300.0,NHDRA,2020-01-01,2020
136-12,2022,204000.0,99900.0,103300.0,City Parcel Master,2022-01-01,2022
136-12,2020,204100.0,100000.0,103300.0,NHDRA,2020-01-01,2020
136-13,2022,335100.0,108900.0,212900.0,City Parcel Master,2022-01-01,2022
136-13,2020,335100.0,108900.0,212900.0,NHDRA,2020-01-01,2020
136-14,2022,696200.0,109100.0,563500.0,City Parcel Master,2022-01-01,2022
136-14,2020,684400.0,109100.0,551700.0,NHDRA,2020-01-01,2020
136-15,2022,314600.0,110900.0,203400.0,City Parcel Master,2022-01-01,2022
136-15,2020,324900.0,110900.0,213700.0,NHDRA,2020-01-01,2020
136-16,2022,375150.0,107350.0,267200.0,City Parcel Master,2022-01-01,2022
136-16,2020,375150.0,107350.0,267200.0,NHDRA,2020-01-01,2020
136-17,2022,6650.0,6650.0,0.0,City Parcel Master,2022-01-01,2022
136-17,2020,6650.0,6650.0,0.0,NHDRA,2020-01-01,2020
136-17-100,2022,535400.0,130700.0,403000.0,City Parcel Master,2022-01-01,2022
136-17-100,2020,523200.0,130700.0,392500.0,NHDRA,2020-01-01,2020
136-18,2022,839355.0,159255.0,654000.0,City Parcel Master,2022-01-01,2022
136-18,2020,820655.0,159255.0,635300.0,NHDRA,2020-01-01,2020
136-19,2022,375500.0,105700.0,269100.0,City Parcel Master,2022-01-01,2022
136-19,2020,379000.0,105700.0,272600.0,NHDRA,2020-01-01,2020
136-20,2022,125.0,125.0,0.0,City Parcel Master,2022-01-01,2022
136-20,2020,125.0,125.0,0.0,NHDRA,2020-01-01,2020
136-21,2022,114700.0,114700.0,0.0,City Parcel Master,2022-01-01,2022
136-21,2020,114700.0,114700.0,0.0,NHDRA,2020-01-01,2020
136-22,2022,422500.0,98600.0,308600.0,City Parcel Master,2022-01-01,2022
136-22,2020,422500.0,98600.0,308600.0,NHDRA,2020-01-01,2020
136-23,2022,288600.0,99700.0,188400.0,City Parcel Master,2022-01-01,2022
136-23,2020,288600.0,99700.0,188400.0,NHDRA,2020-01-01,2020
136-24,2022,73400.0,73400.0,0.0,City Parcel Master,2022-01-01,2022
136-24,2020,73400.0,73400.0,0.0,NHDRA,2020-01-01,2020
136-25,2022,389800.0,94200.0,295300.0,City Parcel Master,2022-01-01,2022
136-25,2020,489900.0,94200.0,395400.0,NHDRA,2020-01-01,2020
136-26,2022,6180.0,6180.0,0.0,City Parcel Master,2022-01-01,2022
136-26,2020,6180.0,6180.0,0.0,NHDRA,2020-01-01,2020
136-27,2022,629575.0,100575.0,520500.0,City Parcel Master,2022-01-01,2022
136-27,2020,644675.0,100575.0,538500.0,NHDRA,2020-01-01,2020
136-28,2022,295315.0,108815.0,185100.0,City Parcel Master,2022-01-01,2022
136-28,2020,295315.0,108815.0,185100.0,NHDRA,2020-01-01,2020
136-29,2022,248800.0,86100.0,158500.0,City Parcel Master,2022-01-01,2022
136-29,2020,226400.0,86100.0,136100.0,NHDRA,2020-01-01,2020
136-29-100,2022,191900.0,74100.0,107100.0,City Parcel Master,2022-01-01,2022
136-29-100,2020,191900.0,74100.0,107100.0,NHDRA,2020-01-01,2020
136-30,2022,279900.0,89800.0,190100.0,City Parcel Master,2022-01-01,2022
136-30,2020,273600.0,89800.0,183800.0,NHDRA,2020-01-01,2020
136-30-100,2022,294200.0,89900.0,204300.0,City Parcel Master,2022-01-01,2022
136-30-100,2020,294300.0,90000.0,204300.0,NHDRA,2020-01-01,2020
136-31,2022,279700.0,101200.0,133700.0,City Parcel Master,2022-01-01,2022
136-31,2020,279500.0,101000.0,133700.0,NHDRA,2020-01-01,2020
136-32,2022,312900.0,105000.0,206500.0,City Parcel Master,2022-01-01,2022
136-32,2020,316200.0,105400.0,209400.0,NHDRA,2020-01-01,2020
136-33,2022,308500.0,105900.0,185000.0,City Parcel Master,2022-01-01,2022
136-33,2020,308500.0,105900.0,185000.0,NHDRA,2020-01-01,2020
136-34,2022,303900.0,104800.0,195600.0,City Parcel Master,2022-01-01,2022
136-34,2020,303200.0,104100.0,195600.0,NHDRA,2020-01-01,2020
136-35,2022,784800.0,107500.0,637600.0,City Parcel Master,2022-01-01,2022
136-35,2020,845900.0,107500.0,700500.0,NHDRA,2020-01-01,2020
136-36,2022,442000.0,99100.0,342900.0,City Parcel Master,2022-01-01,2022
136-36,2020,442000.0,99100.0,342900.0,NHDRA,2020-01-01,2020
136-37,2022,301200.0,99900.0,200900.0,City Parcel Master,2022-01-01,2022
136-37,2020,301300.0,100000.0,200900.0,NHDRA,2020-01-01,2020
136-38,2022,430600.0,109000.0,295200.0,City Parcel Master,2022-01-01,2022
136-38,2020,430600.0,109000.0,295200.0,NHDRA,2020-01-01,2020
136-39,2022,355.0,355.0,0.0,City Parcel Master,2022-01-01,2022
136-39,2020,580.0,580.0,0.0,NHDRA,2020-01-01,2020
137-1,2022,958300.0,494800.0,447700.0,City Parcel Master,2022-01-01,2022
137-1,2020,958400.0,494800.0,447700.0,NHDRA,2020-01-01,2020
137-2,2022,147400.0,75300.0,72100.0,City Parcel Master,2022-01-01,2022
137-2,2020,147300.0,75200.0,72100.0,NHDRA,2020-01-01,2020
137-3,2022,139300.0,65200.0,46800.0,City Parcel Master,2022-01-01,2022
137-3,2020,130400.0,65100.0,46800.0,NHDRA,2020-01-01,2020
137-4,2022,267100.0,75300.0,191800.0,City Parcel Master,2022-01-01,2022
137-4,2020,267200.0,75400.0,191800.0,NHDRA,2020-01-01,2020
137-5,2022,255600.0,92600.0,162500.0,City Parcel Master,2022-01-01,2022
137-5,2020,256800.0,92800.0,164000.0,NHDRA,2020-01-01,2020
137-6,2022,195.0,195.0,0.0,City Parcel Master,2022-01-01,2022
137-6,2020,195.0,195.0,0.0,NHDRA,2020-01-01,2020
137-7,2022,237300.0,80400.0,156900.0,City Parcel Master,2022-01-01,2022
137-7,2020,237300.0,80400.0,156900.0,NHDRA,2020-01-01,2020
137-8,2022,330300.0,91200.0,225300.0,City Parcel Master,2022-01-01,2022
137-8,2020,326300.0,91400.0,225300.0,NHDRA,2020-01-01,2020
137-9,2022,343300.0,94300.0,248200.0,City Parcel Master,2022-01-01,2022
137-9,2020,343400.0,94400.0,248200.0,NHDRA,2020-01-01,2020
137-10,2022,525100.0,94600.0,412500.0,City Parcel Master,2022-01-01,2022
137-10,2020,494600.0,94800.0,399200.0,NHDRA,2020-01-01,2020
137-11,2022,262100.0,78000.0,183900.0,City Parcel Master,2022-01-01,2022
137-11,2020,262100.0,78000.0,183900.0,NHDRA,2020-01-01,2020
137-12,2022,384700.0,89300.0,287900.0,City Parcel Master,2022-01-01,2022
137-12,2020,384700.0,89300.0,287900.0,NHDRA,2020-01-01,2020
137-13,2022,283700.0,75300.0,208000.0,City Parcel Master,2022-01-01,2022
137-13,2020,283800.0,75400.0,208000.0,NHDRA,2020-01-01,2020
137-14,2022,316100.0,75300.0,240800.0,City Parcel Master,2022-01-01,2022
137-14,2020,320400.0,75400.0,245000.0,NHDRA,2020-01-01,2020
137-15,2022,259900.0,84900.0,174300.0,City Parcel Master,2022-01-01,2022
137-15,2020,260000.0,85000.0,174300.0,NHDRA,2020-01-01,2020
137-16,2022,366700.0,96300.0,270400.0,City Parcel Master,2022-01-01,2022
137-16,2020,366800.0,96400.0,270400.0,NHDRA,2020-01-01,2020
137-17,2022,289500.0,79300.0,209900.0,City Parcel Master,2022-01-01,2022
137-17,2020,289600.0,79400.0,209900.0,NHDRA,2020-01-01,2020
137-18,2022,279200.0,79300.0,199800.0,City Parcel Master,2022-01-01,2022
137-18,2020,281600.0,79400.0,202100.0,NHDRA,2020-01-01,2020
137-19,2022,329400.0,81300.0,239200.0,City Parcel Master,2022-01-01,2022
137-19,2020,329400.0,81300.0,239200.0,NHDRA,2020-01-01,2020
137-20,2022,342300.0,88900.0,249300.0,City Parcel Master,2022-01-01,2022
137-20,2020,342300.0,88900.0,249300.0,NHDRA,2020-01-01,2020
137-21,2022,316600.0,95500.0,217900.0,City Parcel Master,2022-01-01,2022
137-21,2020,316800.0,95700.0,217900.0,NHDRA,2020-01-01,2020
137-22,2022,333500.0,81700.0,249200.0,City Parcel Master,2022-01-01,2022
137-22,2020,333500.0,81700.0,249200.0,NHDRA,2020-01-01,2020
137-23,2022,289500.0,86200.0,202600.0,City Parcel Master,2022-01-01,2022
137-23,2020,261600.0,86200.0,174700.0,NHDRA,2020-01-01,2020
137-24,2022,298300.0,95500.0,202300.0,City Parcel Master,2022-01-01,2022
137-24,2020,298300.0,95700.0,202300.0,NHDRA,2020-01-01,2020
137-24-100,2022,285000.0,84400.0,199600.0,City Parcel Master,2022-01-01,2022
137-24-100,2020,285100.0,84500.0,199600.0,NHDRA,2020-01-01,2020
137-25,2022,352400.0,101200.0,237000.0,City Parcel Master,2022-01-01,2022
137-25,2020,352400.0,101200.0,237000.0,NHDRA,2020-01-01,2020
137-26,2022,342300.0,90200.0,232700.0,City Parcel Master,2022-01-01,2022
137-26,2020,342300.0,90200.0,232700.0,NHDRA,2020-01-01,2020
137-27,2022,268400.0,80400.0,186600.0,City Parcel Master,2022-01-01,2022
137-27,2020,283500.0,80300.0,201800.0,NHDRA,2020-01-01,2020
137-28,2022,358700.0,99400.0,258900.0,City Parcel Master,2022-01-01,2022
137-28,2020,358800.0,99500.0,258900.0,NHDRA,2020-01-01,2020
137-29,2022,278700.0,78100.0,200600.0,City Parcel Master,2022-01-01,2022
137-29,2020,237600.0,78100.0,159500.0,NHDRA,2020-01-01,2020
137-30,2022,306800.0,77600.0,223900.0,City Parcel Master,2022-01-01,2022
137-30,2020,300300.0,77600.0,222700.0,NHDRA,2020-01-01,2020
137-31,2022,360100.0,76300.0,283800.0,City Parcel Master,2022-01-01,2022
137-31,2020,360100.0,76300.0,283800.0,NHDRA,2020-01-01,2020
137-32,2022,276600.0,76800.0,199800.0,City Parcel Master,2022-01-01,2022
137-32,2020,255800.0,76700.0,179100.0,NHDRA,2020-01-01,2020
137-33,2022,319800.0,84400.0,234700.0,City Parcel Master,2022-01-01,2022
137-33,2020,319900.0,84500.0,234700.0,NHDRA,2020-01-01,2020
137-34,2022,263300.0,82600.0,175000.0,City Parcel Master,2022-01-01,2022
137-34,2020,265100.0,82700.0,176700.0,NHDRA,2020-01-01,2020
137-35,2022,285900.0,88900.0,194600.0,City Parcel Master,2022-01-01,2022
137-35,2020,285900.0,88900.0,194600.0,NHDRA,2020-01-01,2020
137-36,2022,323900.0,88900.0,234400.0,City Parcel Master,2022-01-01,2022
137-36,2020,323900.0,88900.0,234400.0,NHDRA,2020-01-01,2020
137-37,2022,327700.0,97200.0,230300.0,City Parcel Master,2022-01-01,2022
137-37,2020,319200.0,97300.0,221700.0,NHDRA,2020-01-01,2020
137-38,2022,317800.0,87100.0,230700.0,City Parcel Master,2022-01-01,2022
137-38,2020,314900.0,87100.0,227800.0,NHDRA,2020-01-01,2020
137-39,2022,424100.0,87100.0,332300.0,City Parcel Master,2022-01-01,2022
137-39,2020,424100.0,87100.0,332300.0,NHDRA,2020-01-01,2020
137-40,2022,301900.0,97200.0,200600.0,City Parcel Master,2022-01-01,2022
137-40,2020,302000.0,97300.0,200600.0,NHDRA,2020-01-01,2020
137-41,2022,299100.0,88900.0,210200.0,City Parcel Master,2022-01-01,2022
137-41,2020,299100.0,88900.0,210200.0,NHDRA,2020-01-01,2020
137-42,2022,323900.0,88900.0,234200.0,City Parcel Master,2022-01-01,2022
137-42,2020,323900.0,88900.0,234200.0,NHDRA,2020-01-01,2020
137-43,2022,283900.0,79800.0,203600.0,City Parcel Master,2022-01-01,2022
137-43,2020,283900.0,79800.0,203600.0,NHDRA,2020-01-01,2020
137-44,2022,358100.0,79800.0,278300.0,City Parcel Master,2022-01-01,2022
137-44,2020,370900.0,79800.0,291100.0,NHDRA,2020-01-01,2020
137-45,2022,320800.0,79800.0,240300.0,City Parcel Master,2022-01-01,2022
137-45,2020,320800.0,79800.0,240300.0,NHDRA,2020-01-01,2020
137-46,2022,257000.0,79800.0,174400.0,City Parcel Master,2022-01-01,2022
137-46,2020,253800.0,79800.0,171200.0,NHDRA,2020-01-01,2020
137-47,2022,316500.0,83200.0,233300.0,City Parcel Master,2022-01-01,2022
137-47,2020,316600.0,83300.0,233300.0,NHDRA,2020-01-01,2020
137-48,2022,313100.0,81500.0,220600.0,City Parcel Master,2022-01-01,2022
137-48,2020,308500.0,81400.0,216100.0,NHDRA,2020-01-01,2020
137-49,2022,296600.0,79800.0,216800.0,City Parcel Master,2022-01-01,2022
137-49,2020,298400.0,79800.0,218600.0,NHDRA,2020-01-01,2020
137-50,2022,234100.0,96000.0,138100.0,City Parcel Master,2022-01-01,2022
137-50,2020,231700.0,96000.0,135700.0,NHDRA,2020-01-01,2020
137-51,2022,317400.0,94900.0,211800.0,City Parcel Master,2022-01-01,2022
137-51,2020,317400.0,94900.0,211800.0,NHDRA,2020-01-01,2020
137-52,2022,318700.0,81300.0,237100.0,City Parcel Master,2022-01-01,2022
137-52,2020,318700.0,81300.0,237100.0,NHDRA,2020-01-01,2020
137-53,2022,391700.0,105600.0,268100.0,City Parcel Master,2022-01-01,2022
137-53,2020,391700.0,105600.0,268100.0,NHDRA,2020-01-01,2020
137-54,2022,338700.0,85900.0,252800.0,City Parcel Master,2022-01-01,2022
137-54,2020,339000.0,85900.0,252800.0,NHDRA,2020-01-01,2020
137-56,2022,427500.0,90600.0,323600.0,City Parcel Master,2022-01-01,2022
137-56,2020,410100.0,90600.0,305900.0,NHDRA,2020-01-01,2020
137-57,2022,374200.0,94800.0,274800.0,City Parcel Master,2022-01-01,2022
137-57,2020,374000.0,94800.0,274600.0,NHDRA,2020-01-01,2020
138-1,2022,166540.0,97740.0,68800.0,City Parcel Master,2022-01-01,2022
138-1,2020,2290.0,2290.0,0.0,NHDRA,2020-01-01,2020
138-2,2022,409400.0,102000.0,297600.0,City Parcel Master,2022-01-01,2022
138-2,2020,409400.0,102000.0,297600.0,NHDRA,2020-01-01,2020
138-3,2022,349800.0,99500.0,250300.0,City Parcel Master,2022-01-01,2022
138-3,2020,349900.0,99600.0,250300.0,NHDRA,2020-01-01,2020
138-4,2022,267400.0,81300.0,186100.0,City Parcel Master,2022-01-01,2022
138-4,2020,267400.0,81300.0,186100.0,NHDRA,2020-01-01,2020
138-5,2022,794120.0,173320.0,370800.0,City Parcel Master,2022-01-01,2022
138-5,2020,794120.0,173320.0,370800.0,NHDRA,2020-01-01,2020
138-6,2022,956200.0,105200.0,851000.0,City Parcel Master,2022-01-01,2022
138-6,2020,956200.0,105200.0,851000.0,NHDRA,2020-01-01,2020
138-7,2022,434455.0,104555.0,303900.0,City Parcel Master,2022-01-01,2022
138-7,2020,428855.0,103555.0,303900.0,NHDRA,2020-01-01,2020
138-7-100,2022,311130.0,88130.0,222900.0,City Parcel Master,2022-01-01,2022
138-7-100,2020,311130.0,88130.0,222900.0,NHDRA,2020-01-01,2020
138-7-200,2022,60910.0,60910.0,0.0,City Parcel Master,2022-01-01,2022
138-7-200,2020,60910.0,60910.0,0.0,NHDRA,2020-01-01,2020
138-7-300,2022,3520.0,3520.0,0.0,City Parcel Master,2022-01-01,2022
138-7-300,2020,3520.0,3520.0,0.0,NHDRA,2020-01-01,2020
138-7-400,2022,479500.0,104700.0,374800.0,City Parcel Master,2022-01-01,2022
138-7-400,2020,479500.0,104700.0,374800.0,NHDRA,2020-01-01,2020
138-8,2022,305600.0,73100.0,232500.0,City Parcel Master,2022-01-01,2022
138-8,2020,305700.0,73200.0,232500.0,NHDRA,2020-01-01,2020
138-9,2022,2675.0,2675.0,0.0,City Parcel Master,2022-01-01,2022
138-9,2020,2675.0,2675.0,0.0,NHDRA,2020-01-01,2020
138-9-100,2022,492900.0,141600.0,349000.0,City Parcel Master,2022-01-01,2022
138-9-100,2020,492900.0,141600.0,349000.0,NHDRA,2020-01-01,2020
138-9-200,2022,532300.0,104800.0,394600.0,City Parcel Master,2022-01-01,2022
138-9-200,2020,491500.0,104800.0,386700.0,NHDRA,2020-01-01,2020
138-9-300,2022,348825.0,134125.0,214700.0,City Parcel Master,2022-01-01,2022
138-9-300,2020,348825.0,134125.0,214700.0,NHDRA,2020-01-01,2020
138-9-400,2022,412300.0,89800.0,320100.0,City Parcel Master,2022-01-01,2022
138-9-400,2020,411800.0,89800.0,319600.0,NHDRA,2020-01-01,2020
138-9-500,2022,931500.0,94200.0,821700.0,City Parcel Master,2022-01-01,2022
138-9-500,2020,908100.0,94200.0,798600.0,NHDRA,2020-01-01,2020
138-10,2022,339500.0,112500.0,206900.0,City Parcel Master,2022-01-01,2022
138-10,2020,339500.0,112500.0,206900.0,NHDRA,2020-01-01,2020
138-11,2022,6740.0,6740.0,0.0,City Parcel Master,2022-01-01,2022
138-11,2020,7715.0,7715.0,0.0,NHDRA,2020-01-01,2020
138-12,2022,805010.0,269110.0,517200.0,City Parcel Master,2022-01-01,2022
138-12,2020,804610.0,268710.0,517200.0,NHDRA,2020-01-01,2020
138-13,2022,3130.0,3130.0,0.0,City Parcel Master,2022-01-01,2022
138-13,2020,3130.0,3130.0,0.0,NHDRA,2020-01-01,2020
138-14,2022,1275760.0,357860.0,735300.0,City Parcel Master,2022-01-01,2022
138-14,2020,1041105.0,302305.0,565800.0,NHDRA,2020-01-01,2020
138-15,2022,2885.0,2885.0,0.0,City Parcel Master,2022-01-01,2022
138-15,2020,2425.0,2425.0,0.0,NHDRA,2020-01-01,2020
138-16,2022,628400.0,185500.0,411900.0,City Parcel Master,2022-01-01,2022
138-16,2020,628400.0,185500.0,411900.0,NHDRA,2020-01-01,2020
138-17-100,2022,99400.0,99400.0,0.0,City Parcel Master,2022-01-01,2022
138-17-100,2020,99400.0,99400.0,0.0,NHDRA,2020-01-01,2020
138-17-200,2022,968135.0,101535.0,829700.0,City Parcel Master,2022-01-01,2022
138-17-200,2020,968135.0,101535.0,829700.0,NHDRA,2020-01-01,2020
138-18,2022,331600.0,107300.0,224300.0,City Parcel Master,2022-01-01,2022
138-18,2020,331600.0,107300.0,224300.0,NHDRA,2020-01-01,2020
138-19,2022,455500.0,106300.0,260900.0,City Parcel Master,2022-01-01,2022
138-19,2020,418200.0,106300.0,260900.0,NHDRA,2020-01-01,2020
138-20,2022,381700.0,100400.0,280800.0,City Parcel Master,2022-01-01,2022
138-20,2020,380400.0,100600.0,279300.0,NHDRA,2020-01-01,2020
138-22,2022,300800.0,97100.0,203100.0,City Parcel Master,2022-01-01,2022
138-22,2020,305200.0,97100.0,207500.0,NHDRA,2020-01-01,2020
138-23,2022,310660.0,85760.0,216900.0,City Parcel Master,2022-01-01,2022
138-23,2020,319560.0,85760.0,225700.0,NHDRA,2020-01-01,2020
138-24,2022,7675.0,7675.0,0.0,City Parcel Master,2022-01-01,2022
138-24,2020,475.0,475.0,0.0,NHDRA,2020-01-01,2020
138-25,2022,361800.0,100500.0,249700.0,City Parcel Master,2022-01-01,2022
138-25,2020,352700.0,100900.0,240500.0,NHDRA,2020-01-01,2020
138-26,2022,540600.0,65700.0,438400.0,City Parcel Master,2022-01-01,2022
138-26,2020,540600.0,65700.0,438400.0,NHDRA,2020-01-01,2020
138-27,2022,2050.0,2050.0,0.0,City Parcel Master,2022-01-01,2022
138-27,2020,2050.0,2050.0,0.0,NHDRA,2020-01-01,2020
140-1,2022,180.0,180.0,0.0,City Parcel Master,2022-01-01,2022
140-1,2020,180.0,180.0,0.0,NHDRA,2020-01-01,2020
140-2,2022,1145.0,1145.0,0.0,City Parcel Master,2022-01-01,2022
140-2,2020,1145.0,1145.0,0.0,NHDRA,2020-01-01,2020
140-3,2022,295300.0,95200.0,195700.0,City Parcel Master,2022-01-01,2022
140-3,2020,295300.0,95200.0,195700.0,NHDRA,2020-01-01,2020
140-4,2022,394600.0,86700.0,307900.0,City Parcel Master,2022-01-01,2022
140-4,2020,394600.0,86700.0,307900.0,NHDRA,2020-01-01,2020
140-5,2022,428885.0,96385.0,293100.0,City Parcel Master,2022-01-01,2022
140-5,2020,428885.0,96385.0,293100.0,NHDRA,2020-01-01,2020
140-6,2022,7030.0,7030.0,0.0,City Parcel Master,2022-01-01,2022
140-6,2020,7030.0,7030.0,0.0,NHDRA,2020-01-01,2020
140-7,2022,591720.0,271220.0,317400.0,City Parcel Master,2022-01-01,2022
140-7,2020,595120.0,271220.0,320800.0,NHDRA,2020-01-01,2020
140-8,2022,2965.0,2965.0,0.0,City Parcel Master,2022-01-01,2022
140-8,2020,2745.0,2745.0,0.0,NHDRA,2020-01-01,2020
140-9,2022,2115.0,2115.0,0.0,City Parcel Master,2022-01-01,2022
140-9,2020,2170.0,2170.0,0.0,NHDRA,2020-01-01,2020
140-10,2022,581975.0,128375.0,415100.0,City Parcel Master,2022-01-01,2022
140-10,2020,549190.0,128090.0,384400.0,NHDRA,2020-01-01,2020
140-10-100,2022,724100.0,219200.0,504900.0,City Parcel Master,2022-01-01,2022
140-10-100,2020,724100.0,219200.0,504900.0,NHDRA,2020-01-01,2020
140-11,2022,1460.0,1460.0,0.0,City Parcel Master,2022-01-01,2022
140-11,2020,1460.0,1460.0,0.0,NHDRA,2020-01-01,2020
142-1,2022,1560825.0,265225.0,1290700.0,City Parcel Master,2022-01-01,2022
142-1,2020,1561425.0,265825.0,1290700.0,NHDRA,2020-01-01,2020
142-2,2022,590.0,590.0,0.0,City Parcel Master,2022-01-01,2022
142-2,2020,590.0,590.0,0.0,NHDRA,2020-01-01,2020
145-1,2022,1248600.0,564900.0,618900.0,City Parcel Master,2022-01-01,2022
145-1,2020,1248600.0,564900.0,618900.0,NHDRA,2020-01-01,2020
145-3,2022,32541500.0,3208200.0,16651900.0,City Parcel Master,2022-01-01,2022
145-3,2020,31362600.0,3208200.0,14894200.0,NHDRA,2020-01-01,2020
145-4,2022,1787500.0,568500.0,1068400.0,City Parcel Master,2022-01-01,2022
145-4,2020,1787500.0,568500.0,1068400.0,NHDRA,2020-01-01,2020
145-5,2022,1343500.0,473900.0,841600.0,City Parcel Master,2022-01-01,2022
145-5,2020,1343500.0,473900.0,841600.0,NHDRA,2020-01-01,2020
145-6,2022,1192300.0,473900.0,630500.0,City Parcel Master,2022-01-01,2022
145-6,2020,1192300.0,473900.0,630500.0,NHDRA,2020-01-01,2020
145-7,2022,1539500.0,606300.0,875400.0,City Parcel Master,2022-01-01,2022
145-7,2020,1539500.0,606300.0,875400.0,NHDRA,2020-01-01,2020
145-8,2022,1325300.0,562100.0,722900.0,City Parcel Master,2022-01-01,2022
145-8,2020,1325200.0,562100.0,722800.0,NHDRA,2020-01-01,2020
145-9,2022,2362900.0,663000.0,1320800.0,City Parcel Master,2022-01-01,2022
145-9,2020,2362900.0,663000.0,1320800.0,NHDRA,2020-01-01,2020
145-10,2022,1448000.0,552300.0,812800.0,City Parcel Master,2022-01-01,2022
145-10,2020,1448000.0,552300.0,812800.0,NHDRA,2020-01-01,2020
145-11,2022,1149100.0,476700.0,647500.0,City Parcel Master,2022-01-01,2022
145-11,2020,1149100.0,476700.0,647500.0,NHDRA,2020-01-01,2020
145-12,2022,2748700.0,737600.0,1972100.0,City Parcel Master,2022-01-01,2022
145-12,2020,2748700.0,737600.0,1972100.0,NHDRA,2020-01-01,2020
157-1,2022,2336300.0,2336300.0,0.0,City Parcel Master,2022-01-01,2022
157-1,2020,2336300.0,2336300.0,0.0,NHDRA,2020-01-01,2020
157-2,2022,629300.0,366600.0,257000.0,City Parcel Master,2022-01-01,2022
157-2,2020,590700.0,366600.0,218400.0,NHDRA,2020-01-01,2020
157-3,2022,6528300.0,5796800.0,645100.0,City Parcel Master,2022-01-01,2022
157-3,2020,6515300.0,5796800.0,635100.0,NHDRA,2020-01-01,2020
157-3-100,2022,465800.0,325700.0,104400.0,City Parcel Master,2022-01-01,2022
157-3-100,2020,465800.0,325700.0,104400.0,NHDRA,2020-01-01,2020
157-3-200,2022,304000.0,0.0,0.0,City Parcel Master,2022-01-01,2022
157-3-200,2020,304000.0,0.0,0.0,NHDRA,2020-01-01,2020
157-4,2022,498300.0,303000.0,0.0,City Parcel Master,2022-01-01,2022
157-4,2020,498300.0,303000.0,0.0,NHDRA,2020-01-01,2020
157-5,2022,7016395.0,6717195.0,0.0,City Parcel Master,2022-01-01,2022
157-5,2020,6652465.0,6413265.0,0.0,NHDRA,2020-01-01,2020
157-6,2022,1430020.0,856420.0,428400.0,City Parcel Master,2022-01-01,2022
157-6,2020,1430020.0,856420.0,428400.0,NHDRA,2020-01-01,2020
157-8,2022,340100.0,80300.0,256100.0,City Parcel Master,2022-01-01,2022
157-8,2020,338600.0,80300.0,254600.0,NHDRA,2020-01-01,2020
157-9,2022,208400.0,69000.0,137400.0,City Parcel Master,2022-01-01,2022
157-9,2020,208300.0,68900.0,137400.0,NHDRA,2020-01-01,2020
157-10,2022,249300.0,68600.0,180400.0,City Parcel Master,2022-01-01,2022
157-10,2020,252300.0,72900.0,179100.0,NHDRA,2020-01-01,2020
157-11,2022,267900.0,72700.0,194900.0,City Parcel Master,2022-01-01,2022
157-11,2020,267900.0,72700.0,194900.0,NHDRA,2020-01-01,2020
157-12,2022,327700.0,64400.0,263000.0,City Parcel Master,2022-01-01,2022
157-12,2020,328000.0,64700.0,263000.0,NHDRA,2020-01-01,2020
157-13,2022,469400.0,72600.0,390300.0,City Parcel Master,2022-01-01,2022
157-13,2020,469300.0,72500.0,390300.0,NHDRA,2020-01-01,2020
159-1,2022,1444555.0,129055.0,1198400.0,City Parcel Master,2022-01-01,2022
159-1,2020,1444655.0,129155.0,1198400.0,NHDRA,2020-01-01,2020
159-2,2022,237200.0,71700.0,165500.0,City Parcel Master,2022-01-01,2022
159-2,2020,237100.0,71600.0,165500.0,NHDRA,2020-01-01,2020
159-3,2022,221745.0,82845.0,125100.0,City Parcel Master,2022-01-01,2022
159-3,2020,221745.0,82845.0,125100.0,NHDRA,2020-01-01,2020
159-4,2022,2065100.0,2065100.0,0.0,City Parcel Master,2022-01-01,2022
159-4,2020,2065100.0,2065100.0,0.0,NHDRA,2020-01-01,2020
159-4-100,2022,28000.0,28000.0,0.0,City Parcel Master,2022-01-01,2022
159-4-100,2020,28000.0,28000.0,0.0,NHDRA,2020-01-01,2020
159-5,2022,514800.0,87600.0,427200.0,City Parcel Master,2022-01-01,2022
159-5,2020,514800.0,87600.0,427200.0,NHDRA,2020-01-01,2020
159-6,2022,117890.0,110290.0,800.0,City Parcel Master,2022-01-01,2022
159-6,2020,118890.0,111290.0,800.0,NHDRA,2020-01-01,2020
159-7,2022,455100.0,455100.0,0.0,City Parcel Master,2022-01-01,2022
159-7,2020,455100.0,455100.0,0.0,NHDRA,2020-01-01,2020
159-8,2022,323400.0,85000.0,226100.0,City Parcel Master,2022-01-01,2022
159-8,2020,323400.0,85000.0,226100.0,NHDRA,2020-01-01,2020
159-9,2022,313700.0,79500.0,233300.0,City Parcel Master,2022-01-01,2022
159-9,2020,313700.0,79500.0,233300.0,NHDRA,2020-01-01,2020
159-10,2022,314400.0,71400.0,239100.0,City Parcel Master,2022-01-01,2022
159-10,2020,314200.0,71200.0,239100.0,NHDRA,2020-01-01,2020
161-1,2022,551400.0,117300.0,432600.0,City Parcel Master,2022-01-01,2022
161-1,2020,549800.0,117200.0,432600.0,NHDRA,2020-01-01,2020
161-2,2022,477800.0,119200.0,357800.0,City Parcel Master,2022-01-01,2022
161-2,2020,477800.0,119200.0,357800.0,NHDRA,2020-01-01,2020
161-3,2022,6940.0,6940.0,0.0,City Parcel Master,2022-01-01,2022
161-3,2020,6940.0,6940.0,0.0,NHDRA,2020-01-01,2020
161-4,2022,900.0,900.0,0.0,City Parcel Master,2022-01-01,2022
161-4,2020,900.0,900.0,0.0,NHDRA,2020-01-01,2020
161-5,2022,2240.0,2240.0,0.0,City Parcel Master,2022-01-01,2022
161-5,2020,2240.0,2240.0,0.0,NHDRA,2020-01-01,2020
161-6,2022,460200.0,117700.0,325800.0,City Parcel Master,2022-01-01,2022
161-6,2020,460200.0,117700.0,325800.0,NHDRA,2020-01-01,2020
161-7,2022,410100.0,117600.0,292300.0,City Parcel Master,2022-01-01,2022
161-7,2020,410100.0,117600.0,292300.0,NHDRA,2020-01-01,2020
161-8,2022,392000.0,121300.0,266500.0,City Parcel Master,2022-01-01,2022
161-8,2020,392000.0,121300.0,266500.0,NHDRA,2020-01-01,2020
161-9,2022,11200.0,11200.0,0.0,City Parcel Master,2022-01-01,2022
161-9,2020,11200.0,11200.0,0.0,NHDRA,2020-01-01,2020
161-10,2022,443400.0,108200.0,313400.0,City Parcel Master,2022-01-01,2022
161-10,2020,438300.0,108200.0,308300.0,NHDRA,2020-01-01,2020
161-11,2022,714000.0,113700.0,600300.0,City Parcel Master,2022-01-01,2022
161-11,2020,702700.0,113700.0,589000.0,NHDRA,2020-01-01,2020
161-12,2022,336300.0,113700.0,206600.0,City Parcel Master,2022-01-01,2022
161-12,2020,296100.0,113700.0,166400.0,NHDRA,2020-01-01,2020
161-13,2022,270600.0,107500.0,158200.0,City Parcel Master,2022-01-01,2022
161-13,2020,270600.0,107500.0,158200.0,NHDRA,2020-01-01,2020
161-14,2022,344600.0,107200.0,224900.0,City Parcel Master,2022-01-01,2022
161-14,2020,344600.0,107200.0,224900.0,NHDRA,2020-01-01,2020
161-15,2022,349000.0,112500.0,222700.0,City Parcel Master,2022-01-01,2022
161-15,2020,349300.0,112800.0,222700.0,NHDRA,2020-01-01,2020
161-16,2022,328000.0,101700.0,218400.0,City Parcel Master,2022-01-01,2022
161-16,2020,320700.0,101700.0,218400.0,NHDRA,2020-01-01,2020
161-17,2022,371200.0,119900.0,251300.0,City Parcel Master,2022-01-01,2022
161-17,2020,371200.0,119900.0,251300.0,NHDRA,2020-01-01,2020
161-18,2022,406700.0,120700.0,263700.0,City Parcel Master,2022-01-01,2022
161-18,2020,406700.0,120700.0,263700.0,NHDRA,2020-01-01,2020
161-19,2022,226700.0,117600.0,104300.0,City Parcel Master,2022-01-01,2022
161-19,2020,226700.0,117600.0,104300.0,NHDRA,2020-01-01,2020
161-20,2022,318100.0,117900.0,200200.0,City Parcel Master,2022-01-01,2022
161-20,2020,318100.0,117900.0,200200.0,NHDRA,2020-01-01,2020
161-21,2022,351800.0,118200.0,233300.0,City Parcel Master,2022-01-01,2022
161-21,2020,351800.0,118200.0,233300.0,NHDRA,2020-01-01,2020
161-22,2022,331800.0,118400.0,212700.0,City Parcel Master,2022-01-01,2022
161-22,2020,331800.0,118400.0,212700.0,NHDRA,2020-01-01,2020
161-23,2022,352700.0,120800.0,231900.0,City Parcel Master,2022-01-01,2022
161-23,2020,352700.0,120800.0,231900.0,NHDRA,2020-01-01,2020
161-24,2022,417400.0,121400.0,295700.0,City Parcel Master,2022-01-01,2022
161-24,2020,417400.0,121400.0,295700.0,NHDRA,2020-01-01,2020
161-25,2022,660100.0,156600.0,503500.0,City Parcel Master,2022-01-01,2022
161-25,2020,660100.0,156600.0,503500.0,NHDRA,2020-01-01,2020
161-26,2022,995200.0,210900.0,777700.0,City Parcel Master,2022-01-01,2022
161-26,2020,981400.0,210900.0,763900.0,NHDRA,2020-01-01,2020
161-27,2022,421300.0,124200.0,296000.0,City Parcel Master,2022-01-01,2022
161-27,2020,422100.0,124200.0,297700.0,NHDRA,2020-01-01,2020
161-28,2022,390800.0,123700.0,252600.0,City Parcel Master,2022-01-01,2022
161-28,2020,390800.0,123700.0,252600.0,NHDRA,2020-01-01,2020
161-29,2022,462600.0,117600.0,324300.0,City Parcel Master,2022-01-01,2022
161-29,2020,462600.0,117600.0,324300.0,NHDRA,2020-01-01,2020
161-30,2022,354400.0,117900.0,218700.0,City Parcel Master,2022-01-01,2022
161-30,2020,354400.0,117900.0,218700.0,NHDRA,2020-01-01,2020
161-31,2022,287600.0,102100.0,170200.0,City Parcel Master,2022-01-01,2022
161-31,2020,287600.0,102100.0,170200.0,NHDRA,2020-01-01,2020
161-32,2022,354000.0,118200.0,223500.0,City Parcel Master,2022-01-01,2022
161-32,2020,354000.0,118200.0,223500.0,NHDRA,2020-01-01,2020
161-33,2022,885600.0,105800.0,778900.0,City Parcel Master,2022-01-01,2022
161-33,2020,1007200.0,105800.0,900500.0,NHDRA,2020-01-01,2020
161-34,2022,521800.0,103500.0,415900.0,City Parcel Master,2022-01-01,2022
161-34,2020,521800.0,103500.0,415900.0,NHDRA,2020-01-01,2020
161-35,2022,375200.0,121800.0,252800.0,City Parcel Master,2022-01-01,2022
161-35,2020,375700.0,122300.0,252800.0,NHDRA,2020-01-01,2020
161-36,2022,374800.0,117600.0,257000.0,City Parcel Master,2022-01-01,2022
161-36,2020,374800.0,117600.0,257000.0,NHDRA,2020-01-01,2020
161-37,2022,457000.0,117600.0,321900.0,City Parcel Master,2022-01-01,2022
161-37,2020,457000.0,117600.0,321900.0,NHDRA,2020-01-01,2020
161-38,2022,512200.0,117600.0,367100.0,City Parcel Master,2022-01-01,2022
161-38,2020,512200.0,117600.0,367100.0,NHDRA,2020-01-01,2020
161-39,2022,431700.0,117700.0,313500.0,City Parcel Master,2022-01-01,2022
161-39,2020,429900.0,117700.0,311700.0,NHDRA,2020-01-01,2020
161-40,2022,426000.0,122000.0,303500.0,City Parcel Master,2022-01-01,2022
161-40,2020,415900.0,122000.0,293400.0,NHDRA,2020-01-01,2020
161-41,2022,415900.0,119300.0,296200.0,City Parcel Master,2022-01-01,2022
161-41,2020,415900.0,119300.0,296200.0,NHDRA,2020-01-01,2020
161-42,2022,504900.0,118700.0,386200.0,City Parcel Master,2022-01-01,2022
161-42,2020,495100.0,118700.0,376400.0,NHDRA,2020-01-01,2020
161-43,2022,430400.0,117900.0,311900.0,City Parcel Master,2022-01-01,2022
161-43,2020,430400.0,117900.0,311900.0,NHDRA,2020-01-01,2020
161-44,2022,319900.0,117900.0,190600.0,City Parcel Master,2022-01-01,2022
161-44,2020,319900.0,117900.0,190600.0,NHDRA,2020-01-01,2020
161-45,2022,317100.0,100700.0,206000.0,City Parcel Master,2022-01-01,2022
161-45,2020,317700.0,117900.0,189500.0,NHDRA,2020-01-01,2020
161-46,2022,368500.0,111900.0,256000.0,City Parcel Master,2022-01-01,2022
161-46,2020,368500.0,111900.0,256000.0,NHDRA,2020-01-01,2020
161-47,2022,404000.0,117600.0,272100.0,City Parcel Master,2022-01-01,2022
161-47,2020,385700.0,117600.0,266800.0,NHDRA,2020-01-01,2020
161-48,2022,364300.0,117600.0,230500.0,City Parcel Master,2022-01-01,2022
161-48,2020,360100.0,117600.0,225900.0,NHDRA,2020-01-01,2020
161-49,2022,331500.0,118200.0,211800.0,City Parcel Master,2022-01-01,2022
161-49,2020,331500.0,118200.0,211800.0,NHDRA,2020-01-01,2020
161-50,2022,344600.0,117900.0,226700.0,City Parcel Master,2022-01-01,2022
161-50,2020,351200.0,117900.0,233300.0,NHDRA,2020-01-01,2020
161-51,2022,434800.0,117900.0,316600.0,City Parcel Master,2022-01-01,2022
161-51,2020,434800.0,117900.0,316600.0,NHDRA,2020-01-01,2020
161-52,2022,332900.0,117600.0,215300.0,City Parcel Master,2022-01-01,2022
161-52,2020,332900.0,117600.0,215300.0,NHDRA,2020-01-01,2020
161-53,2022,327300.0,117600.0,209400.0,City Parcel Master,2022-01-01,2022
161-53,2020,327200.0,117600.0,209300.0,NHDRA,2020-01-01,2020
161-54,2022,328000.0,118200.0,208500.0,City Parcel Master,2022-01-01,2022
161-54,2020,328000.0,118200.0,208500.0,NHDRA,2020-01-01,2020
161-55,2022,288200.0,288200.0,0.0,City Parcel Master,2022-01-01,2022
161-55,2020,288200.0,288200.0,0.0,NHDRA,2020-01-01,2020
161-56,2022,385500.0,116100.0,266700.0,City Parcel Master,2022-01-01,2022
161-56,2020,385500.0,116100.0,266700.0,NHDRA,2020-01-01,2020
161-57,2022,476200.0,117900.0,327900.0,City Parcel Master,2022-01-01,2022
161-57,2020,468800.0,117900.0,327900.0,NHDRA,2020-01-01,2020
161-58,2022,342600.0,119000.0,222800.0,City Parcel Master,2022-01-01,2022
161-58,2020,342600.0,119000.0,222800.0,NHDRA,2020-01-01,2020
161-59,2022,486800.0,118200.0,365700.0,City Parcel Master,2022-01-01,2022
161-59,2020,486800.0,118200.0,365700.0,NHDRA,2020-01-01,2020
161-60,2022,348600.0,117600.0,230500.0,City Parcel Master,2022-01-01,2022
161-60,2020,348600.0,117600.0,230500.0,NHDRA,2020-01-01,2020
161-61,2022,329100.0,117600.0,211100.0,City Parcel Master,2022-01-01,2022
161-61,2020,329100.0,117600.0,211100.0,NHDRA,2020-01-01,2020
161-62,2022,765000.0,117600.0,636800.0,City Parcel Master,2022-01-01,2022
161-62,2020,772000.0,117600.0,643800.0,NHDRA,2020-01-01,2020
161-63,2022,412900.0,117600.0,294500.0,City Parcel Master,2022-01-01,2022
161-63,2020,410600.0,117600.0,292600.0,NHDRA,2020-01-01,2020
161-64,2022,636700.0,117600.0,508800.0,City Parcel Master,2022-01-01,2022
161-64,2020,636700.0,117600.0,508800.0,NHDRA,2020-01-01,2020
161-65-100,2022,411800.0,0.0,411800.0,City Parcel Master,2022-01-01,2022
161-65-100,2020,411800.0,0.0,411800.0,NHDRA,2020-01-01,2020
161-65-300,2022,236500.0,0.0,236500.0,City Parcel Master,2022-01-01,2022
161-65-300,2020,236500.0,0.0,236500.0,NHDRA,2020-01-01,2020
161-65-400,2022,207400.0,0.0,207400.0,City Parcel Master,2022-01-01,2022
161-65-400,2020,207400.0,0.0,207400.0,NHDRA,2020-01-01,2020
161-65-500,2022,270900.0,0.0,270900.0,City Parcel Master,2022-01-01,2022
161-65-500,2020,270900.0,0.0,270900.0,NHDRA,2020-01-01,2020
161-65-600,2022,273100.0,0.0,273100.0,City Parcel Master,2022-01-01,2022
161-65-600,2020,273100.0,0.0,273100.0,NHDRA,2020-01-01,2020
161-66,2022,420800.0,116100.0,304700.0,City Parcel Master,2022-01-01,2022
161-66,2020,420800.0,116100.0,304700.0,NHDRA,2020-01-01,2020
163-1,2022,385800.0,121000.0,252000.0,City Parcel Master,2022-01-01,2022
163-1,2020,385800.0,121000.0,252000.0,NHDRA,2020-01-01,2020
163-2,2022,11220.0,11220.0,0.0,City Parcel Master,2022-01-01,2022
163-2,2020,11220.0,11220.0,0.0,NHDRA,2020-01-01,2020
163-3,2022,499600.0,159600.0,336000.0,City Parcel Master,2022-01-01,2022
163-3,2020,499600.0,159600.0,336000.0,NHDRA,2020-01-01,2020
163-4,2022,378000.0,128100.0,227300.0,City Parcel Master,2022-01-01,2022
163-4,2020,378000.0,128100.0,227300.0,NHDRA,2020-01-01,2020
163-5,2022,477500.0,120600.0,345900.0,City Parcel Master,2022-01-01,2022
163-5,2020,477500.0,120600.0,345900.0,NHDRA,2020-01-01,2020
163-6-100,2022,613000.0,188200.0,403600.0,City Parcel Master,2022-01-01,2022
163-6-100,2020,638900.0,188200.0,429800.0,NHDRA,2020-01-01,2020
163-7,2022,466000.0,85200.0,372800.0,City Parcel Master,2022-01-01,2022
163-7,2020,466000.0,85200.0,372800.0,NHDRA,2020-01-01,2020
163-8,2022,6400.0,6400.0,0.0,City Parcel Master,2022-01-01,2022
163-8,2020,6400.0,6400.0,0.0,NHDRA,2020-01-01,2020
163-9,2022,388700.0,138500.0,249300.0,City Parcel Master,2022-01-01,2022
163-9,2020,391400.0,141200.0,249300.0,NHDRA,2020-01-01,2020
163-10,2022,438700.0,126300.0,297700.0,City Parcel Master,2022-01-01,2022
163-10,2020,438700.0,126300.0,297700.0,NHDRA,2020-01-01,2020
163-11,2022,500600.0,121100.0,365600.0,City Parcel Master,2022-01-01,2022
163-11,2020,408200.0,121100.0,273200.0,NHDRA,2020-01-01,2020
163-12,2022,593800.0,121500.0,472300.0,City Parcel Master,2022-01-01,2022
163-12,2020,593800.0,121500.0,472300.0,NHDRA,2020-01-01,2020
163-13,2022,539000.0,123400.0,406100.0,City Parcel Master,2022-01-01,2022
163-13,2020,539000.0,123400.0,406100.0,NHDRA,2020-01-01,2020
163-14,2022,462300.0,121200.0,321500.0,City Parcel Master,2022-01-01,2022
163-14,2020,462300.0,121200.0,321500.0,NHDRA,2020-01-01,2020
163-15,2022,463500.0,150300.0,312400.0,City Parcel Master,2022-01-01,2022
163-15,2020,509400.0,150300.0,358300.0,NHDRA,2020-01-01,2020
163-16,2022,769400.0,167600.0,595000.0,City Parcel Master,2022-01-01,2022
163-16,2020,765900.0,190600.0,568500.0,NHDRA,2020-01-01,2020
163-17,2022,643900.0,120500.0,521500.0,City Parcel Master,2022-01-01,2022
163-17,2020,643900.0,120500.0,521500.0,NHDRA,2020-01-01,2020
163-18,2022,515100.0,120200.0,394600.0,City Parcel Master,2022-01-01,2022
163-18,2020,515400.0,120200.0,394600.0,NHDRA,2020-01-01,2020
163-19,2022,667300.0,120200.0,544400.0,City Parcel Master,2022-01-01,2022
163-19,2020,667300.0,120200.0,544400.0,NHDRA,2020-01-01,2020
163-20,2022,613200.0,121100.0,491200.0,City Parcel Master,2022-01-01,2022
163-20,2020,613200.0,121100.0,491200.0,NHDRA,2020-01-01,2020
163-21,2022,443200.0,121100.0,318800.0,City Parcel Master,2022-01-01,2022
163-21,2020,457800.0,121100.0,322800.0,NHDRA,2020-01-01,2020
163-22,2022,450700.0,120500.0,312600.0,City Parcel Master,2022-01-01,2022
163-22,2020,450700.0,120500.0,312600.0,NHDRA,2020-01-01,2020
163-23,2022,495300.0,120200.0,365100.0,City Parcel Master,2022-01-01,2022
163-23,2020,495300.0,120200.0,365100.0,NHDRA,2020-01-01,2020
163-24,2022,462000.0,120800.0,339700.0,City Parcel Master,2022-01-01,2022
163-24,2020,451400.0,120800.0,329100.0,NHDRA,2020-01-01,2020
163-25,2022,441800.0,120800.0,321000.0,City Parcel Master,2022-01-01,2022
163-25,2020,441800.0,120800.0,321000.0,NHDRA,2020-01-01,2020
163-26-100,2022,925500.0,120200.0,793800.0,City Parcel Master,2022-01-01,2022
163-26-100,2020,925500.0,120200.0,793800.0,NHDRA,2020-01-01,2020
163-26-200,2022,383000.0,126300.0,244200.0,City Parcel Master,2022-01-01,2022
163-26-200,2020,388400.0,126300.0,249600.0,NHDRA,2020-01-01,2020
163-27,2022,156800.0,115900.0,33500.0,City Parcel Master,2022-01-01,2022
163-27,2020,156800.0,115900.0,33500.0,NHDRA,2020-01-01,2020
163-28-100,2022,123500.0,123500.0,0.0,City Parcel Master,2022-01-01,2022
163-28-100,2020,123500.0,123500.0,0.0,NHDRA,2020-01-01,2020
163-28-200,2022,593800.0,126800.0,466300.0,City Parcel Master,2022-01-01,2022
163-28-200,2020,593800.0,126800.0,466300.0,NHDRA,2020-01-01,2020
163-29,2022,2810.0,2810.0,0.0,City Parcel Master,2022-01-01,2022
163-29,2020,2810.0,2810.0,0.0,NHDRA,2020-01-01,2020
163-30,2022,475500.0,134600.0,295100.0,City Parcel Master,2022-01-01,2022
163-30,2020,463700.0,134600.0,288700.0,NHDRA,2020-01-01,2020
163-31,2022,3450.0,3450.0,0.0,City Parcel Master,2022-01-01,2022
163-31,2020,3450.0,3450.0,0.0,NHDRA,2020-01-01,2020
163-32,2022,219500.0,57800.0,160200.0,City Parcel Master,2022-01-01,2022
163-32,2020,300800.0,57800.0,241500.0,NHDRA,2020-01-01,2020
163-33,2022,349600.0,132400.0,199700.0,City Parcel Master,2022-01-01,2022
163-33,2020,350200.0,133000.0,199700.0,NHDRA,2020-01-01,2020
163-34,2022,201400.0,72400.0,119000.0,City Parcel Master,2022-01-01,2022
163-34,2020,201400.0,72400.0,119000.0,NHDRA,2020-01-01,2020
163-35,2022,354600.0,100400.0,240200.0,City Parcel Master,2022-01-01,2022
163-35,2020,354800.0,100600.0,240200.0,NHDRA,2020-01-01,2020
163-36,2022,108825.0,87225.0,0.0,City Parcel Master,2022-01-01,2022
163-36,2020,109170.0,87570.0,0.0,NHDRA,2020-01-01,2020
165-1,2022,333400.0,106300.0,190500.0,City Parcel Master,2022-01-01,2022
165-1,2020,333400.0,106300.0,190500.0,NHDRA,2020-01-01,2020
165-2,2022,2170.0,2170.0,0.0,City Parcel Master,2022-01-01,2022
165-2,2020,2170.0,2170.0,0.0,NHDRA,2020-01-01,2020
165-2-100,2022,384900.0,104600.0,265800.0,City Parcel Master,2022-01-01,2022
165-2-100,2020,384900.0,104600.0,265800.0,NHDRA,2020-01-01,2020
165-3,2022,598390.0,111890.0,442300.0,City Parcel Master,2022-01-01,2022
165-3,2020,566890.0,111890.0,442300.0,NHDRA,2020-01-01,2020
165-4,2022,303000.0,106100.0,169900.0,City Parcel Master,2022-01-01,2022
165-4,2020,303400.0,106500.0,169900.0,NHDRA,2020-01-01,2020
165-6,2022,104715.0,92215.0,0.0,City Parcel Master,2022-01-01,2022
165-6,2020,106110.0,93610.0,0.0,NHDRA,2020-01-01,2020
165-7,2022,316760.0,105760.0,210600.0,City Parcel Master,2022-01-01,2022
165-7,2020,316560.0,105560.0,210600.0,NHDRA,2020-01-01,2020
165-8,2022,365905.0,109405.0,256500.0,City Parcel Master,2022-01-01,2022
165-8,2020,365905.0,109405.0,256500.0,NHDRA,2020-01-01,2020
165-9,2022,545.0,545.0,0.0,City Parcel Master,2022-01-01,2022
165-9,2020,545.0,545.0,0.0,NHDRA,2020-01-01,2020
165-10,2022,656350.0,106750.0,532500.0,City Parcel Master,2022-01-01,2022
165-10,2020,640950.0,106750.0,532500.0,NHDRA,2020-01-01,2020
165-11,2022,494175.0,95375.0,382800.0,City Parcel Master,2022-01-01,2022
165-11,2020,478175.0,95375.0,382800.0,NHDRA,2020-01-01,2020
165-12,2022,438600.0,109100.0,314200.0,City Parcel Master,2022-01-01,2022
165-12,2020,438600.0,109100.0,314200.0,NHDRA,2020-01-01,2020
165-13,2022,1065.0,1065.0,0.0,City Parcel Master,2022-01-01,2022
165-13,2020,1260.0,1260.0,0.0,NHDRA,2020-01-01,2020
165-13-100,2022,104500.0,104500.0,0.0,City Parcel Master,2022-01-01,2022
165-13-100,2020,,,,NHDRA,2020-01-01,2020
165-14,2022,440245.0,105645.0,304600.0,City Parcel Master,2022-01-01,2022
165-14,2020,440245.0,105645.0,304600.0,NHDRA,2020-01-01,2020
165-15,2022,365110.0,88410.0,250600.0,City Parcel Master,2022-01-01,2022
165-15,2020,347110.0,88410.0,250600.0,NHDRA,2020-01-01,2020
165-16,2022,377400.0,106500.0,241100.0,City Parcel Master,2022-01-01,2022
165-16,2020,369400.0,106500.0,239700.0,NHDRA,2020-01-01,2020
165-17-100,2022,853300.0,105300.0,732900.0,City Parcel Master,2022-01-01,2022
165-17-100,2020,853300.0,105300.0,732900.0,NHDRA,2020-01-01,2020
165-17-200,2022,856600.0,105400.0,719200.0,City Parcel Master,2022-01-01,2022
165-17-200,2020,856600.0,105400.0,719200.0,NHDRA,2020-01-01,2020
165-17-300,2022,653800.0,105000.0,547700.0,City Parcel Master,2022-01-01,2022
165-17-300,2020,653800.0,105000.0,547700.0,NHDRA,2020-01-01,2020
165-18,2022,641465.0,103665.0,521000.0,City Parcel Master,2022-01-01,2022
165-18,2020,641530.0,103730.0,521000.0,NHDRA,2020-01-01,2020
165-19,2022,689000.0,104500.0,584100.0,City Parcel Master,2022-01-01,2022
165-19,2020,689000.0,104500.0,584100.0,NHDRA,2020-01-01,2020
165-20,2022,720600.0,104800.0,614800.0,City Parcel Master,2022-01-01,2022
165-20,2020,720600.0,104800.0,614800.0,NHDRA,2020-01-01,2020
165-21,2022,503400.0,104800.0,398600.0,City Parcel Master,2022-01-01,2022
165-21,2020,503400.0,104800.0,398600.0,NHDRA,2020-01-01,2020
165-22,2022,494000.0,107000.0,379500.0,City Parcel Master,2022-01-01,2022
165-22,2020,494000.0,107000.0,379500.0,NHDRA,2020-01-01,2020
165-23,2022,535100.0,107000.0,427700.0,City Parcel Master,2022-01-01,2022
165-23,2020,535100.0,107000.0,427700.0,NHDRA,2020-01-01,2020
165-24,2022,495400.0,104800.0,379400.0,City Parcel Master,2022-01-01,2022
165-24,2020,495400.0,104800.0,379400.0,NHDRA,2020-01-01,2020
165-25,2022,592900.0,104800.0,487400.0,City Parcel Master,2022-01-01,2022
165-25,2020,592700.0,104800.0,487200.0,NHDRA,2020-01-01,2020
165-26,2022,599000.0,104800.0,494200.0,City Parcel Master,2022-01-01,2022
165-26,2020,599000.0,104800.0,494200.0,NHDRA,2020-01-01,2020
165-27,2022,316500.0,105400.0,210000.0,City Parcel Master,2022-01-01,2022
165-27,2020,321000.0,105800.0,214100.0,NHDRA,2020-01-01,2020
165-28,2022,415100.0,142100.0,266600.0,City Parcel Master,2022-01-01,2022
165-28,2020,415100.0,142100.0,266600.0,NHDRA,2020-01-01,2020
165-29,2022,308900.0,128400.0,179300.0,City Parcel Master,2022-01-01,2022
165-29,2020,309300.0,128800.0,179300.0,NHDRA,2020-01-01,2020
165-30,2022,478400.0,136100.0,300200.0,City Parcel Master,2022-01-01,2022
165-30,2020,404400.0,136100.0,252500.0,NHDRA,2020-01-01,2020
165-31-100,2022,636300.0,110400.0,505600.0,City Parcel Master,2022-01-01,2022
165-31-100,2020,623600.0,110400.0,505600.0,NHDRA,2020-01-01,2020
165-31-200,2022,1858200.0,1290300.0,538500.0,City Parcel Master,2022-01-01,2022
165-31-200,2020,1858200.0,1290300.0,538500.0,NHDRA,2020-01-01,2020
165-31-300,2022,2950.0,2950.0,0.0,City Parcel Master,2022-01-01,2022
165-31-300,2020,2950.0,2950.0,0.0,NHDRA,2020-01-01,2020
165-31-400,2022,1007600.0,192800.0,799800.0,City Parcel Master,2022-01-01,2022
165-31-400,2020,1130600.0,192800.0,922500.0,NHDRA,2020-01-01,2020
165-31-450,2022,1038800.0,195400.0,782500.0,City Parcel Master,2022-01-01,2022
165-31-450,2020,1115700.0,195400.0,859400.0,NHDRA,2020-01-01,2020
165-31-500,2022,702900.0,196900.0,479400.0,City Parcel Master,2022-01-01,2022
165-31-500,2020,666100.0,196900.0,469200.0,NHDRA,2020-01-01,2020
165-31-600,2022,951400.0,245200.0,704800.0,City Parcel Master,2022-01-01,2022
165-31-600,2020,951400.0,245200.0,704800.0,NHDRA,2020-01-01,2020
165-31-700,2022,725400.0,140200.0,573300.0,City Parcel Master,2022-01-01,2022
165-31-700,2020,725400.0,140200.0,573300.0,NHDRA,2020-01-01,2020
165-31-800,2022,962700.0,195100.0,765000.0,City Parcel Master,2022-01-01,2022
165-31-800,2020,962700.0,195100.0,765000.0,NHDRA,2020-01-01,2020
165-31-900,2022,790.0,790.0,0.0,City Parcel Master,2022-01-01,2022
165-31-900,2020,790.0,790.0,0.0,NHDRA,2020-01-01,2020
165-32,2022,352485.0,92885.0,241500.0,City Parcel Master,2022-01-01,2022
165-32,2020,352585.0,92985.0,241500.0,NHDRA,2020-01-01,2020
165-33,2022,579300.0,173900.0,375600.0,City Parcel Master,2022-01-01,2022
165-33,2020,579300.0,173900.0,375600.0,NHDRA,2020-01-01,2020
165-34,2022,417400.0,131000.0,277500.0,City Parcel Master,2022-01-01,2022
165-34,2020,417400.0,131000.0,277500.0,NHDRA,2020-01-01,2020
165-35,2022,455200.0,105000.0,279500.0,City Parcel Master,2022-01-01,2022
165-35,2020,440400.0,105000.0,272700.0,NHDRA,2020-01-01,2020
165-37,2022,1985.0,1985.0,0.0,City Parcel Master,2022-01-01,2022
165-37,2020,1985.0,1985.0,0.0,NHDRA,2020-01-01,2020
165-39,2022,249900.0,120400.0,129300.0,City Parcel Master,2022-01-01,2022
165-39,2020,249900.0,120400.0,129300.0,NHDRA,2020-01-01,2020
165-40,2022,209100.0,103000.0,105300.0,City Parcel Master,2022-01-01,2022
165-40,2020,209300.0,103200.0,105300.0,NHDRA,2020-01-01,2020
165-41,2022,433970.0,105070.0,316500.0,City Parcel Master,2022-01-01,2022
165-41,2020,434755.0,105855.0,316500.0,NHDRA,2020-01-01,2020
165-43,2022,1017350.0,94050.0,923300.0,City Parcel Master,2022-01-01,2022
165-43,2020,1022750.0,94050.0,928700.0,NHDRA,2020-01-01,2020
167-1,2022,435600.0,101000.0,333400.0,City Parcel Master,2022-01-01,2022
167-1,2020,427900.0,101000.0,325900.0,NHDRA,2020-01-01,2020
167-2,2022,385400.0,94500.0,290900.0,City Parcel Master,2022-01-01,2022
167-2,2020,385200.0,94300.0,290900.0,NHDRA,2020-01-01,2020
167-3,2022,434800.0,111900.0,296600.0,City Parcel Master,2022-01-01,2022
167-3,2020,431400.0,111900.0,293800.0,NHDRA,2020-01-01,2020
167-3-100,2022,178900.0,0.0,168200.0,City Parcel Master,2022-01-01,2022
167-3-100,2020,178900.0,0.0,168200.0,NHDRA,2020-01-01,2020
167-3-200,2022,106300.0,106300.0,0.0,City Parcel Master,2022-01-01,2022
167-3-200,2020,106300.0,106300.0,0.0,NHDRA,2020-01-01,2020
167-4,2022,254500.0,74500.0,179700.0,City Parcel Master,2022-01-01,2022
167-4,2020,254500.0,74500.0,179700.0,NHDRA,2020-01-01,2020
167-4-100,2022,262900.0,74700.0,187900.0,City Parcel Master,2022-01-01,2022
167-4-100,2020,265200.0,74700.0,190200.0,NHDRA,2020-01-01,2020
167-5,2022,313600.0,47300.0,246000.0,City Parcel Master,2022-01-01,2022
167-5,2020,47300.0,47300.0,0.0,NHDRA,2020-01-01,2020
167-6,2022,67100.0,59500.0,0.0,City Parcel Master,2022-01-01,2022
167-6,2020,67100.0,59500.0,0.0,NHDRA,2020-01-01,2020
167-7,2022,4785.0,4185.0,0.0,City Parcel Master,2022-01-01,2022
167-7,2020,4785.0,4185.0,0.0,NHDRA,2020-01-01,2020
167-8,2022,146915.0,99315.0,47600.0,City Parcel Master,2022-01-01,2022
167-8,2020,146915.0,99315.0,47600.0,NHDRA,2020-01-01,2020
167-10,2022,2315.0,2315.0,0.0,City Parcel Master,2022-01-01,2022
167-10,2020,2315.0,2315.0,0.0,NHDRA,2020-01-01,2020
167-11,2022,210900.0,78900.0,123500.0,City Parcel Master,2022-01-01,2022
167-11,2020,210900.0,78900.0,123500.0,NHDRA,2020-01-01,2020
167-12,2022,283200.0,95400.0,187400.0,City Parcel Master,2022-01-01,2022
167-12,2020,283400.0,95600.0,187400.0,NHDRA,2020-01-01,2020
167-13,2022,366600.0,99500.0,235000.0,City Parcel Master,2022-01-01,2022
167-13,2020,366900.0,99800.0,235000.0,NHDRA,2020-01-01,2020
167-14,2022,1095.0,1095.0,0.0,City Parcel Master,2022-01-01,2022
167-14,2020,1095.0,1095.0,0.0,NHDRA,2020-01-01,2020
167-15,2022,412000.0,108300.0,277200.0,City Parcel Master,2022-01-01,2022
167-15,2020,391600.0,108300.0,277200.0,NHDRA,2020-01-01,2020
167-16,2022,661100.0,105000.0,489400.0,City Parcel Master,2022-01-01,2022
167-16,2020,661100.0,105000.0,489400.0,NHDRA,2020-01-01,2020
167-17,2022,203000.0,91800.0,111000.0,City Parcel Master,2022-01-01,2022
167-17,2020,202900.0,91700.0,111000.0,NHDRA,2020-01-01,2020
167-18,2022,478500.0,84900.0,392900.0,City Parcel Master,2022-01-01,2022
167-18,2020,478400.0,84800.0,392900.0,NHDRA,2020-01-01,2020
167-19,2022,5145.0,5145.0,0.0,City Parcel Master,2022-01-01,2022
167-19,2020,3145.0,3145.0,0.0,NHDRA,2020-01-01,2020
167-19-100,2022,300500.0,109300.0,191100.0,City Parcel Master,2022-01-01,2022
167-19-100,2020,300500.0,109300.0,191100.0,NHDRA,2020-01-01,2020
167-20,2022,9245.0,9245.0,0.0,City Parcel Master,2022-01-01,2022
167-20,2020,9245.0,9245.0,0.0,NHDRA,2020-01-01,2020
167-21,2022,349680.0,106880.0,236400.0,City Parcel Master,2022-01-01,2022
167-21,2020,357880.0,106880.0,244600.0,NHDRA,2020-01-01,2020
167-22,2022,214200.0,100400.0,113400.0,City Parcel Master,2022-01-01,2022
167-22,2020,214200.0,100400.0,113400.0,NHDRA,2020-01-01,2020
167-23,2022,286700.0,94800.0,191900.0,City Parcel Master,2022-01-01,2022
167-23,2020,286700.0,94800.0,191900.0,NHDRA,2020-01-01,2020
167-24,2022,203000.0,85300.0,112600.0,City Parcel Master,2022-01-01,2022
167-24,2020,203100.0,85400.0,112600.0,NHDRA,2020-01-01,2020
167-25,2022,324800.0,96100.0,228700.0,City Parcel Master,2022-01-01,2022
167-25,2020,324600.0,95900.0,228700.0,NHDRA,2020-01-01,2020
167-26,2022,293100.0,74100.0,199900.0,City Parcel Master,2022-01-01,2022
167-26,2020,293100.0,74100.0,199900.0,NHDRA,2020-01-01,2020
167-27,2022,273200.0,94700.0,162500.0,City Parcel Master,2022-01-01,2022
167-27,2020,273200.0,94700.0,162500.0,NHDRA,2020-01-01,2020
167-28,2022,57000.0,57000.0,0.0,City Parcel Master,2022-01-01,2022
167-28,2020,57100.0,57100.0,0.0,NHDRA,2020-01-01,2020
167-29,2022,424800.0,140200.0,283900.0,City Parcel Master,2022-01-01,2022
167-29,2020,403900.0,140200.0,263000.0,NHDRA,2020-01-01,2020
167-30,2022,417600.0,83600.0,333500.0,City Parcel Master,2022-01-01,2022
167-30,2020,417600.0,83600.0,333500.0,NHDRA,2020-01-01,2020
167-31,2022,242300.0,75900.0,149700.0,City Parcel Master,2022-01-01,2022
167-31,2020,242300.0,75900.0,149700.0,NHDRA,2020-01-01,2020
167-32,2022,246575.0,101075.0,138600.0,City Parcel Master,2022-01-01,2022
167-32,2020,247075.0,101575.0,138600.0,NHDRA,2020-01-01,2020
167-34,2022,316400.0,95400.0,216600.0,City Parcel Master,2022-01-01,2022
167-34,2020,316500.0,95500.0,216600.0,NHDRA,2020-01-01,2020
169-1,2022,3385.0,3385.0,0.0,City Parcel Master,2022-01-01,2022
169-1,2020,1640.0,1640.0,0.0,NHDRA,2020-01-01,2020
169-2,2022,278900.0,98200.0,179800.0,City Parcel Master,2022-01-01,2022
169-2,2020,278800.0,98100.0,179800.0,NHDRA,2020-01-01,2020
169-3,2022,317700.0,125600.0,191800.0,City Parcel Master,2022-01-01,2022
169-3,2020,291500.0,125600.0,165600.0,NHDRA,2020-01-01,2020
169-4,2022,2365.0,2365.0,0.0,City Parcel Master,2022-01-01,2022
169-4,2020,2365.0,2365.0,0.0,NHDRA,2020-01-01,2020
169-5,2022,100500.0,91700.0,8800.0,City Parcel Master,2022-01-01,2022
169-5,2020,100500.0,91700.0,8800.0,NHDRA,2020-01-01,2020
185-1,2022,451200.0,451200.0,0.0,City Parcel Master,2022-01-01,2022
185-1,2020,451200.0,451200.0,0.0,NHDRA,2020-01-01,2020
185-2,2022,469400.0,82700.0,350800.0,City Parcel Master,2022-01-01,2022
185-2,2020,469400.0,82700.0,350800.0,NHDRA,2020-01-01,2020
185-3,2022,310600.0,87200.0,209400.0,City Parcel Master,2022-01-01,2022
185-3,2020,310600.0,87200.0,209400.0,NHDRA,2020-01-01,2020
185-4,2022,107000.0,77800.0,20800.0,City Parcel Master,2022-01-01,2022
185-4,2020,172400.0,77800.0,85500.0,NHDRA,2020-01-01,2020
185-5,2022,25340.0,25340.0,0.0,City Parcel Master,2022-01-01,2022
185-5,2020,25340.0,25340.0,0.0,NHDRA,2020-01-01,2020
185-6,2022,970.0,970.0,0.0,City Parcel Master,2022-01-01,2022
185-6,2020,970.0,970.0,0.0,NHDRA,2020-01-01,2020
186-1,2022,311700.0,89400.0,208200.0,City Parcel Master,2022-01-01,2022
186-1,2020,307000.0,89400.0,206900.0,NHDRA,2020-01-01,2020
186-2,2022,306500.0,79700.0,219200.0,City Parcel Master,2022-01-01,2022
186-2,2020,307700.0,80000.0,220100.0,NHDRA,2020-01-01,2020
186-3,2022,229200.0,78500.0,138000.0,City Parcel Master,2022-01-01,2022
186-3,2020,230800.0,80100.0,138000.0,NHDRA,2020-01-01,2020
186-4,2022,250400.0,69700.0,180000.0,City Parcel Master,2022-01-01,2022
186-4,2020,253300.0,72600.0,180000.0,NHDRA,2020-01-01,2020
186-5,2022,255200.0,75000.0,174700.0,City Parcel Master,2022-01-01,2022
186-5,2020,255000.0,74800.0,174700.0,NHDRA,2020-01-01,2020
186-6,2022,239100.0,83300.0,155800.0,City Parcel Master,2022-01-01,2022
186-6,2020,239000.0,83200.0,155800.0,NHDRA,2020-01-01,2020
186-7,2022,333600.0,85000.0,243500.0,City Parcel Master,2022-01-01,2022
186-7,2020,333600.0,85000.0,243500.0,NHDRA,2020-01-01,2020
186-8,2022,3900.0,3900.0,0.0,City Parcel Master,2022-01-01,2022
186-8,2020,2930.0,2930.0,0.0,NHDRA,2020-01-01,2020
186-9,2022,295800.0,83200.0,212000.0,City Parcel Master,2022-01-01,2022
186-9,2020,296000.0,83400.0,212000.0,NHDRA,2020-01-01,2020
186-10,2022,401600.0,83400.0,299300.0,City Parcel Master,2022-01-01,2022
186-10,2020,398800.0,83600.0,296300.0,NHDRA,2020-01-01,2020
186-11,2022,613000.0,84900.0,510700.0,City Parcel Master,2022-01-01,2022
186-11,2020,618600.0,85100.0,532700.0,NHDRA,2020-01-01,2020
186-12,2022,348600.0,84900.0,237800.0,City Parcel Master,2022-01-01,2022
186-12,2020,348800.0,85100.0,237800.0,NHDRA,2020-01-01,2020
186-13,2022,375800.0,84400.0,291400.0,City Parcel Master,2022-01-01,2022
186-13,2020,375200.0,84000.0,291200.0,NHDRA,2020-01-01,2020
186-14,2022,536000.0,83800.0,450200.0,City Parcel Master,2022-01-01,2022
186-14,2020,536000.0,83800.0,450200.0,NHDRA,2020-01-01,2020
186-15,2022,379300.0,75900.0,303100.0,City Parcel Master,2022-01-01,2022
186-15,2020,378900.0,75800.0,303100.0,NHDRA,2020-01-01,2020
186-16,2022,432300.0,82800.0,336100.0,City Parcel Master,2022-01-01,2022
186-16,2020,418700.0,82600.0,336100.0,NHDRA,2020-01-01,2020
186-17,2022,377500.0,82800.0,294700.0,City Parcel Master,2022-01-01,2022
186-17,2020,352200.0,82600.0,269600.0,NHDRA,2020-01-01,2020
186-18,2022,311300.0,82800.0,228500.0,City Parcel Master,2022-01-01,2022
186-18,2020,311100.0,82600.0,228500.0,NHDRA,2020-01-01,2020
186-19,2022,338100.0,74400.0,261400.0,City Parcel Master,2022-01-01,2022
186-19,2020,337100.0,74400.0,261400.0,NHDRA,2020-01-01,2020
186-20,2022,383400.0,80800.0,302600.0,City Parcel Master,2022-01-01,2022
186-20,2020,351200.0,80900.0,270300.0,NHDRA,2020-01-01,2020
186-21,2022,416400.0,75000.0,325500.0,City Parcel Master,2022-01-01,2022
186-21,2020,416200.0,74800.0,325500.0,NHDRA,2020-01-01,2020
186-22,2022,311300.0,71000.0,240300.0,City Parcel Master,2022-01-01,2022
186-22,2020,311300.0,71000.0,240300.0,NHDRA,2020-01-01,2020
186-23,2022,342400.0,71800.0,270300.0,City Parcel Master,2022-01-01,2022
186-23,2020,331000.0,71900.0,258800.0,NHDRA,2020-01-01,2020
186-24,2022,357100.0,64600.0,292500.0,City Parcel Master,2022-01-01,2022
186-24,2020,357200.0,64700.0,292500.0,NHDRA,2020-01-01,2020
186-25,2022,318700.0,71800.0,246200.0,City Parcel Master,2022-01-01,2022
186-25,2020,318800.0,71900.0,246200.0,NHDRA,2020-01-01,2020
186-26,2022,388400.0,71800.0,316600.0,City Parcel Master,2022-01-01,2022
186-26,2020,392000.0,71900.0,320100.0,NHDRA,2020-01-01,2020
186-27,2022,271100.0,71600.0,198400.0,City Parcel Master,2022-01-01,2022
186-27,2020,271200.0,71700.0,198400.0,NHDRA,2020-01-01,2020
186-28,2022,201800.0,201800.0,0.0,City Parcel Master,2022-01-01,2022
186-28,2020,201800.0,201800.0,0.0,NHDRA,2020-01-01,2020
186-29-100,2022,204100.0,78300.0,122700.0,City Parcel Master,2022-01-01,2022
186-29-100,2020,204300.0,78500.0,122700.0,NHDRA,2020-01-01,2020
186-29-200,2022,393300.0,74600.0,318700.0,City Parcel Master,2022-01-01,2022
186-29-200,2020,396400.0,74800.0,321600.0,NHDRA,2020-01-01,2020
186-29-300,2022,454700.0,67900.0,386600.0,City Parcel Master,2022-01-01,2022
186-29-300,2020,458100.0,67900.0,390200.0,NHDRA,2020-01-01,2020
186-30,2022,429300.0,75800.0,350000.0,City Parcel Master,2022-01-01,2022
186-30,2020,429300.0,75800.0,350000.0,NHDRA,2020-01-01,2020
186-31,2022,280800.0,62700.0,217500.0,City Parcel Master,2022-01-01,2022
186-31,2020,269800.0,62800.0,206200.0,NHDRA,2020-01-01,2020
186-31-100,2022,372800.0,77700.0,279900.0,City Parcel Master,2022-01-01,2022
186-31-100,2020,362300.0,77700.0,269400.0,NHDRA,2020-01-01,2020
186-32,2022,445300.0,80000.0,365000.0,City Parcel Master,2022-01-01,2022
186-32,2020,445100.0,79800.0,365000.0,NHDRA,2020-01-01,2020
186-33,2022,229800.0,75800.0,154000.0,City Parcel Master,2022-01-01,2022
186-33,2020,229600.0,75600.0,154000.0,NHDRA,2020-01-01,2020
186-34,2022,320100.0,79600.0,227500.0,City Parcel Master,2022-01-01,2022
186-34,2020,317900.0,79400.0,227500.0,NHDRA,2020-01-01,2020
186-35,2022,262700.0,79000.0,183700.0,City Parcel Master,2022-01-01,2022
186-35,2020,262900.0,79200.0,183700.0,NHDRA,2020-01-01,2020
186-36,2022,365100.0,79900.0,254100.0,City Parcel Master,2022-01-01,2022
186-36,2020,364800.0,79600.0,254100.0,NHDRA,2020-01-01,2020
186-37,2022,329300.0,61300.0,264700.0,City Parcel Master,2022-01-01,2022
186-37,2020,332300.0,80300.0,251600.0,NHDRA,2020-01-01,2020
186-38,2022,284900.0,79200.0,205500.0,City Parcel Master,2022-01-01,2022
186-38,2020,292500.0,80800.0,211700.0,NHDRA,2020-01-01,2020
186-39,2022,298300.0,80800.0,195500.0,City Parcel Master,2022-01-01,2022
186-39,2020,298300.0,80800.0,195500.0,NHDRA,2020-01-01,2020
186-40,2022,353490.0,203790.0,139600.0,City Parcel Master,2022-01-01,2022
186-40,2020,353490.0,203790.0,139600.0,NHDRA,2020-01-01,2020
186-41,2022,441060.0,85860.0,343100.0,City Parcel Master,2022-01-01,2022
186-41,2020,437705.0,85905.0,337800.0,NHDRA,2020-01-01,2020
186-42,2022,2760.0,2760.0,0.0,City Parcel Master,2022-01-01,2022
186-42,2020,3320.0,3320.0,0.0,NHDRA,2020-01-01,2020
188-1,2022,615700.0,127700.0,488000.0,City Parcel Master,2022-01-01,2022
188-1,2020,615700.0,127700.0,488000.0,NHDRA,2020-01-01,2020
188-2,2022,445850.0,116350.0,272500.0,City Parcel Master,2022-01-01,2022
188-2,2020,399850.0,116250.0,263000.0,NHDRA,2020-01-01,2020
188-3,2022,624400.0,126800.0,494800.0,City Parcel Master,2022-01-01,2022
188-3,2020,624400.0,126800.0,494800.0,NHDRA,2020-01-01,2020
188-4,2022,740585.0,130385.0,553700.0,City Parcel Master,2022-01-01,2022
188-4,2020,479985.0,130385.0,328500.0,NHDRA,2020-01-01,2020
188-5,2022,1096030.0,120830.0,962800.0,City Parcel Master,2022-01-01,2022
188-5,2020,770830.0,120830.0,642500.0,NHDRA,2020-01-01,2020
188-6,2022,647000.0,127300.0,519700.0,City Parcel Master,2022-01-01,2022
188-6,2020,628300.0,127300.0,501000.0,NHDRA,2020-01-01,2020
188-7,2022,440700.0,123300.0,298500.0,City Parcel Master,2022-01-01,2022
188-7,2020,440700.0,123300.0,298500.0,NHDRA,2020-01-01,2020
188-8-101,2022,253400.0,0.0,253400.0,City Parcel Master,2022-01-01,2022
188-8-101,2020,253400.0,0.0,253400.0,NHDRA,2020-01-01,2020
188-8-102,2022,253800.0,0.0,253800.0,City Parcel Master,2022-01-01,2022
188-8-102,2020,253800.0,0.0,253800.0,NHDRA,2020-01-01,2020
188-8-201,2022,257400.0,0.0,257400.0,City Parcel Master,2022-01-01,2022
188-8-201,2020,257400.0,0.0,257400.0,NHDRA,2020-01-01,2020
188-8-202,2022,257400.0,0.0,257400.0,City Parcel Master,2022-01-01,2022
188-8-202,2020,257400.0,0.0,257400.0,NHDRA,2020-01-01,2020
188-8-301,2022,269400.0,0.0,269400.0,City Parcel Master,2022-01-01,2022
188-8-301,2020,269400.0,0.0,269400.0,NHDRA,2020-01-01,2020
188-8-302,2022,259300.0,0.0,259300.0,City Parcel Master,2022-01-01,2022
188-8-302,2020,259300.0,0.0,259300.0,NHDRA,2020-01-01,2020
188-8-401,2022,248100.0,0.0,248100.0,City Parcel Master,2022-01-01,2022
188-8-401,2020,248100.0,0.0,248100.0,NHDRA,2020-01-01,2020
188-8-402,2022,238200.0,0.0,238200.0,City Parcel Master,2022-01-01,2022
188-8-402,2020,238200.0,0.0,238200.0,NHDRA,2020-01-01,2020
188-8-501,2022,257400.0,0.0,257400.0,City Parcel Master,2022-01-01,2022
188-8-501,2020,257400.0,0.0,257400.0,NHDRA,2020-01-01,2020
188-8-502,2022,256700.0,0.0,256700.0,City Parcel Master,2022-01-01,2022
188-8-502,2020,260600.0,0.0,260600.0,NHDRA,2020-01-01,2020
188-8-601,2022,264700.0,0.0,264700.0,City Parcel Master,2022-01-01,2022
188-8-601,2020,264700.0,0.0,264700.0,NHDRA,2020-01-01,2020
188-8-602,2022,264700.0,0.0,264700.0,City Parcel Master,2022-01-01,2022
188-8-602,2020,264700.0,0.0,264700.0,NHDRA,2020-01-01,2020
188-8-701,2022,264700.0,0.0,264700.0,City Parcel Master,2022-01-01,2022
188-8-701,2020,264700.0,0.0,264700.0,NHDRA,2020-01-01,2020
188-8-702,2022,263200.0,0.0,263200.0,City Parcel Master,2022-01-01,2022
188-8-702,2020,263200.0,0.0,263200.0,NHDRA,2020-01-01,2020
188-8-801,2022,268900.0,0.0,268900.0,City Parcel Master,2022-01-01,2022
188-8-801,2020,268900.0,0.0,268900.0,NHDRA,2020-01-01,2020
188-8-802,2022,268900.0,0.0,268900.0,City Parcel Master,2022-01-01,2022
188-8-802,2020,268900.0,0.0,268900.0,NHDRA,2020-01-01,2020
188-8-901,2022,262600.0,0.0,262600.0,City Parcel Master,2022-01-01,2022
188-8-901,2020,262600.0,0.0,262600.0,NHDRA,2020-01-01,2020
188-8-902,2022,270900.0,0.0,270900.0,City Parcel Master,2022-01-01,2022
188-8-902,2020,270900.0,0.0,270900.0,NHDRA,2020-01-01,2020
188-8-1001,2022,261500.0,0.0,261500.0,City Parcel Master,2022-01-01,2022
188-8-1001,2020,261500.0,0.0,261500.0,NHDRA,2020-01-01,2020
188-8-1002,2022,261500.0,0.0,261500.0,City Parcel Master,2022-01-01,2022
188-8-1002,2020,261500.0,0.0,261500.0,NHDRA,2020-01-01,2020
188-8-1101,2022,273500.0,0.0,273500.0,City Parcel Master,2022-01-01,2022
188-8-1101,2020,273500.0,0.0,273500.0,NHDRA,2020-01-01,2020
188-8-1102,2022,265700.0,0.0,265700.0,City Parcel Master,2022-01-01,2022
188-8-1102,2020,264600.0,0.0,264600.0,NHDRA,2020-01-01,2020
188-9,2022,332900.0,118400.0,206900.0,City Parcel Master,2022-01-01,2022
188-9,2020,332900.0,118400.0,206900.0,NHDRA,2020-01-01,2020
188-10,2022,547200.0,119600.0,427600.0,City Parcel Master,2022-01-01,2022
188-10,2020,547200.0,119600.0,427600.0,NHDRA,2020-01-01,2020
188-11,2022,316800.0,117900.0,198300.0,City Parcel Master,2022-01-01,2022
188-11,2020,316800.0,117900.0,198300.0,NHDRA,2020-01-01,2020
188-12,2022,392300.0,117900.0,274000.0,City Parcel Master,2022-01-01,2022
188-12,2020,391900.0,117900.0,274000.0,NHDRA,2020-01-01,2020
188-13,2022,351000.0,57700.0,273400.0,City Parcel Master,2022-01-01,2022
188-13,2020,348700.0,57700.0,273400.0,NHDRA,2020-01-01,2020
188-14,2022,646600.0,117600.0,522300.0,City Parcel Master,2022-01-01,2022
188-14,2020,658800.0,117600.0,534500.0,NHDRA,2020-01-01,2020
188-15,2022,466100.0,117700.0,347900.0,City Parcel Master,2022-01-01,2022
188-15,2020,478700.0,117700.0,360500.0,NHDRA,2020-01-01,2020
188-16,2022,479600.0,118000.0,345800.0,City Parcel Master,2022-01-01,2022
188-16,2020,487900.0,118000.0,353900.0,NHDRA,2020-01-01,2020
188-17,2022,307500.0,117600.0,189500.0,City Parcel Master,2022-01-01,2022
188-17,2020,307500.0,117600.0,189500.0,NHDRA,2020-01-01,2020
188-18,2022,345600.0,117600.0,227700.0,City Parcel Master,2022-01-01,2022
188-18,2020,345600.0,117600.0,227700.0,NHDRA,2020-01-01,2020
188-19,2022,368900.0,118400.0,250500.0,City Parcel Master,2022-01-01,2022
188-19,2020,368900.0,118400.0,250500.0,NHDRA,2020-01-01,2020
188-20,2022,317900.0,119000.0,198900.0,City Parcel Master,2022-01-01,2022
188-20,2020,317900.0,119000.0,198900.0,NHDRA,2020-01-01,2020
188-21,2022,348000.0,119600.0,227900.0,City Parcel Master,2022-01-01,2022
188-21,2020,348000.0,119600.0,227900.0,NHDRA,2020-01-01,2020
188-22,2022,487600.0,118700.0,362700.0,City Parcel Master,2022-01-01,2022
188-22,2020,487600.0,118700.0,362700.0,NHDRA,2020-01-01,2020
188-23,2022,407500.0,117600.0,273400.0,City Parcel Master,2022-01-01,2022
188-23,2020,407500.0,117600.0,273400.0,NHDRA,2020-01-01,2020
188-24,2022,435000.0,117600.0,316900.0,City Parcel Master,2022-01-01,2022
188-24,2020,435000.0,117600.0,316900.0,NHDRA,2020-01-01,2020
188-25,2022,416600.0,118200.0,297500.0,City Parcel Master,2022-01-01,2022
188-25,2020,416600.0,118200.0,297500.0,NHDRA,2020-01-01,2020
188-26,2022,353300.0,118700.0,234600.0,City Parcel Master,2022-01-01,2022
188-26,2020,353300.0,118700.0,234600.0,NHDRA,2020-01-01,2020
188-27,2022,444200.0,117900.0,326300.0,City Parcel Master,2022-01-01,2022
188-27,2020,444200.0,117900.0,326300.0,NHDRA,2020-01-01,2020
188-28,2022,396400.0,117600.0,278500.0,City Parcel Master,2022-01-01,2022
188-28,2020,352200.0,117600.0,234300.0,NHDRA,2020-01-01,2020
188-29,2022,401800.0,117600.0,273500.0,City Parcel Master,2022-01-01,2022
188-29,2020,401800.0,117600.0,273500.0,NHDRA,2020-01-01,2020
188-30,2022,55400.0,55400.0,0.0,City Parcel Master,2022-01-01,2022
188-30,2020,55400.0,55400.0,0.0,NHDRA,2020-01-01,2020
188-31,2022,506300.0,128900.0,364000.0,City Parcel Master,2022-01-01,2022
188-31,2020,512200.0,139200.0,364000.0,NHDRA,2020-01-01,2020
188-32,2022,799550.0,125850.0,673700.0,City Parcel Master,2022-01-01,2022
188-32,2020,799550.0,125850.0,673700.0,NHDRA,2020-01-01,2020
188-33-100,2022,549300.0,134500.0,414800.0,City Parcel Master,2022-01-01,2022
188-33-100,2020,549300.0,134500.0,414800.0,NHDRA,2020-01-01,2020
188-34,2022,532340.0,116540.0,403000.0,City Parcel Master,2022-01-01,2022
188-34,2020,526740.0,116540.0,402800.0,NHDRA,2020-01-01,2020
188-35,2022,400800.0,118600.0,280400.0,City Parcel Master,2022-01-01,2022
188-35,2020,360500.0,118600.0,241600.0,NHDRA,2020-01-01,2020
188-36,2022,353400.0,128000.0,225400.0,City Parcel Master,2022-01-01,2022
188-36,2020,353400.0,128000.0,225400.0,NHDRA,2020-01-01,2020
188-37,2022,386700.0,117600.0,269100.0,City Parcel Master,2022-01-01,2022
188-37,2020,386700.0,117600.0,269100.0,NHDRA,2020-01-01,2020
188-38,2022,380800.0,133500.0,246900.0,City Parcel Master,2022-01-01,2022
188-38,2020,374300.0,133500.0,240800.0,NHDRA,2020-01-01,2020
188-39,2022,379100.0,133100.0,245500.0,City Parcel Master,2022-01-01,2022
188-39,2020,379100.0,133100.0,245500.0,NHDRA,2020-01-01,2020
188-40,2022,442500.0,126300.0,290300.0,City Parcel Master,2022-01-01,2022
188-40,2020,409700.0,126300.0,281700.0,NHDRA,2020-01-01,2020
188-41,2022,367400.0,126300.0,215000.0,City Parcel Master,2022-01-01,2022
188-41,2020,367400.0,126300.0,215000.0,NHDRA,2020-01-01,2020
188-42,2022,693400.0,221000.0,412800.0,City Parcel Master,2022-01-01,2022
188-42,2020,689300.0,221000.0,412800.0,NHDRA,2020-01-01,2020
188-43,2022,494800.0,120200.0,359800.0,City Parcel Master,2022-01-01,2022
188-43,2020,494800.0,120200.0,359800.0,NHDRA,2020-01-01,2020
188-44,2022,377700.0,117300.0,248300.0,City Parcel Master,2022-01-01,2022
188-44,2020,376200.0,117300.0,246800.0,NHDRA,2020-01-01,2020
188-45,2022,2771095.0,343995.0,2354100.0,City Parcel Master,2022-01-01,2022
188-45,2020,2771095.0,343995.0,2354100.0,NHDRA,2020-01-01,2020
188-46,2022,497700.0,117500.0,367900.0,City Parcel Master,2022-01-01,2022
188-46,2020,502300.0,117500.0,372700.0,NHDRA,2020-01-01,2020
188-47,2022,596800.0,101200.0,494500.0,City Parcel Master,2022-01-01,2022
188-47,2020,596800.0,101200.0,494500.0,NHDRA,2020-01-01,2020
188-48,2022,502100.0,112500.0,352100.0,City Parcel Master,2022-01-01,2022
188-48,2020,464600.0,112500.0,352100.0,NHDRA,2020-01-01,2020
188-49,2022,422450.0,117650.0,271600.0,City Parcel Master,2022-01-01,2022
188-49,2020,437430.0,117530.0,286700.0,NHDRA,2020-01-01,2020
190-1,2022,496900.0,125600.0,346900.0,City Parcel Master,2022-01-01,2022
190-1,2020,496900.0,125600.0,346900.0,NHDRA,2020-01-01,2020
190-2,2022,2570.0,2570.0,0.0,City Parcel Master,2022-01-01,2022
190-2,2020,2570.0,2570.0,0.0,NHDRA,2020-01-01,2020
190-3,2022,125915.0,111115.0,0.0,City Parcel Master,2022-01-01,2022
190-3,2020,126115.0,111315.0,0.0,NHDRA,2020-01-01,2020
190-4,2022,539345.0,141645.0,396400.0,City Parcel Master,2022-01-01,2022
190-4,2020,541045.0,141645.0,398100.0,NHDRA,2020-01-01,2020
190-5,2022,1425.0,1425.0,0.0,City Parcel Master,2022-01-01,2022
190-5,2020,1425.0,1425.0,0.0,NHDRA,2020-01-01,2020
190-6,2022,3835.0,3835.0,0.0,City Parcel Master,2022-01-01,2022
190-6,2020,3835.0,3835.0,0.0,NHDRA,2020-01-01,2020
190-7,2022,418880.0,111080.0,277900.0,City Parcel Master,2022-01-01,2022
190-7,2020,400180.0,111080.0,277900.0,NHDRA,2020-01-01,2020
190-8,2022,516235.0,136635.0,376500.0,City Parcel Master,2022-01-01,2022
190-8,2020,516235.0,136635.0,376500.0,NHDRA,2020-01-01,2020
190-8-100,2022,1660.0,1660.0,0.0,City Parcel Master,2022-01-01,2022
190-8-100,2020,1660.0,1660.0,0.0,NHDRA,2020-01-01,2020
192-1,2022,2535.0,2535.0,0.0,City Parcel Master,2022-01-01,2022
192-1,2020,2535.0,2535.0,0.0,NHDRA,2020-01-01,2020
192-2,2022,495480.0,107880.0,387600.0,City Parcel Master,2022-01-01,2022
192-2,2020,495480.0,107880.0,387600.0,NHDRA,2020-01-01,2020
192-3,2022,524200.0,104500.0,390300.0,City Parcel Master,2022-01-01,2022
192-3,2020,524200.0,104500.0,390300.0,NHDRA,2020-01-01,2020
192-4,2022,317400.0,94700.0,192300.0,City Parcel Master,2022-01-01,2022
192-4,2020,317500.0,94800.0,192300.0,NHDRA,2020-01-01,2020
192-5,2022,804775.0,108075.0,696700.0,City Parcel Master,2022-01-01,2022
192-5,2020,804775.0,108075.0,696700.0,NHDRA,2020-01-01,2020
192-6,2022,4010.0,4010.0,0.0,City Parcel Master,2022-01-01,2022
192-6,2020,4010.0,4010.0,0.0,NHDRA,2020-01-01,2020
192-7,2022,344100.0,104800.0,238800.0,City Parcel Master,2022-01-01,2022
192-7,2020,352300.0,104800.0,247000.0,NHDRA,2020-01-01,2020
192-8,2022,323795.0,104995.0,205800.0,City Parcel Master,2022-01-01,2022
192-8,2020,323795.0,104995.0,205800.0,NHDRA,2020-01-01,2020
192-9,2022,24805.0,24805.0,0.0,City Parcel Master,2022-01-01,2022
192-9,2020,24805.0,24805.0,0.0,NHDRA,2020-01-01,2020
192-10,2022,788000.0,108400.0,678900.0,City Parcel Master,2022-01-01,2022
192-10,2020,799500.0,108400.0,691100.0,NHDRA,2020-01-01,2020
194-1,2022,254215.0,130115.0,124000.0,City Parcel Master,2022-01-01,2022
194-1,2020,255415.0,130115.0,124000.0,NHDRA,2020-01-01,2020
194-1-100,2022,448355.0,82555.0,349400.0,City Parcel Master,2022-01-01,2022
194-1-100,2020,427155.0,82555.0,328600.0,NHDRA,2020-01-01,2020
194-2,2022,138500.0,138500.0,0.0,City Parcel Master,2022-01-01,2022
194-2,2020,138500.0,138500.0,0.0,NHDRA,2020-01-01,2020
194-3,2022,406300.0,101800.0,286900.0,City Parcel Master,2022-01-01,2022
194-3,2020,406100.0,101600.0,286900.0,NHDRA,2020-01-01,2020
194-4,2022,471960.0,110560.0,316300.0,City Parcel Master,2022-01-01,2022
194-4,2020,471960.0,110560.0,316300.0,NHDRA,2020-01-01,2020
194-4-100,2022,495.0,495.0,0.0,City Parcel Master,2022-01-01,2022
194-4-100,2020,495.0,495.0,0.0,NHDRA,2020-01-01,2020
194-5,2022,1655.0,1655.0,0.0,City Parcel Master,2022-01-01,2022
194-5,2020,1655.0,1655.0,0.0,NHDRA,2020-01-01,2020
194-5-100,2022,385000.0,101000.0,254600.0,City Parcel Master,2022-01-01,2022
194-5-100,2020,385000.0,101000.0,254600.0,NHDRA,2020-01-01,2020
194-6,2022,227300.0,94500.0,132300.0,City Parcel Master,2022-01-01,2022
194-6,2020,227100.0,94300.0,132300.0,NHDRA,2020-01-01,2020
194-7,2022,310800.0,95400.0,214500.0,City Parcel Master,2022-01-01,2022
194-7,2020,311000.0,95600.0,214500.0,NHDRA,2020-01-01,2020
194-8,2022,287700.0,91800.0,194800.0,City Parcel Master,2022-01-01,2022
194-8,2020,286500.0,91700.0,194800.0,NHDRA,2020-01-01,2020
194-9,2022,331700.0,92600.0,239100.0,City Parcel Master,2022-01-01,2022
194-9,2020,324700.0,92800.0,231900.0,NHDRA,2020-01-01,2020
194-10,2022,238500.0,100000.0,138400.0,City Parcel Master,2022-01-01,2022
194-10,2020,238600.0,100100.0,138400.0,NHDRA,2020-01-01,2020
194-11,2022,9565.0,9565.0,0.0,City Parcel Master,2022-01-01,2022
194-11,2020,8305.0,8305.0,0.0,NHDRA,2020-01-01,2020
194-12,2022,112000.0,94400.0,0.0,City Parcel Master,2022-01-01,2022
194-12,2020,280500.0,94600.0,168300.0,NHDRA,2020-01-01,2020
194-13,2022,386700.0,104900.0,258100.0,City Parcel Master,2022-01-01,2022
194-13,2020,386700.0,104900.0,258100.0,NHDRA,2020-01-01,2020
194-14,2022,361100.0,95900.0,264300.0,City Parcel Master,2022-01-01,2022
194-14,2020,361300.0,96100.0,264300.0,NHDRA,2020-01-01,2020
194-15,2022,522155.0,120755.0,401100.0,City Parcel Master,2022-01-01,2022
194-15,2020,466855.0,99855.0,366700.0,NHDRA,2020-01-01,2020
194-16,2022,398000.0,100000.0,296900.0,City Parcel Master,2022-01-01,2022
194-16,2020,388200.0,100100.0,287000.0,NHDRA,2020-01-01,2020
194-17,2022,355700.0,95800.0,259900.0,City Parcel Master,2022-01-01,2022
194-17,2020,355700.0,95800.0,259900.0,NHDRA,2020-01-01,2020
194-18,2022,522500.0,99600.0,412000.0,City Parcel Master,2022-01-01,2022
194-18,2020,522500.0,99600.0,412000.0,NHDRA,2020-01-01,2020
194-19,2022,544100.0,100300.0,428300.0,City Parcel Master,2022-01-01,2022
194-19,2020,541200.0,100300.0,428300.0,NHDRA,2020-01-01,2020
194-20,2022,363600.0,100100.0,252800.0,City Parcel Master,2022-01-01,2022
194-20,2020,363900.0,100400.0,252800.0,NHDRA,2020-01-01,2020
194-21,2022,499500.0,100800.0,393300.0,City Parcel Master,2022-01-01,2022
194-21,2020,475100.0,100800.0,374300.0,NHDRA,2020-01-01,2020
194-22,2022,371700.0,105800.0,265400.0,City Parcel Master,2022-01-01,2022
194-22,2020,372100.0,106200.0,265400.0,NHDRA,2020-01-01,2020
194-23,2022,499800.0,100300.0,399500.0,City Parcel Master,2022-01-01,2022
194-23,2020,500200.0,100300.0,399500.0,NHDRA,2020-01-01,2020
194-24,2022,544600.0,105300.0,428300.0,City Parcel Master,2022-01-01,2022
194-24,2020,559600.0,105300.0,443000.0,NHDRA,2020-01-01,2020
194-25,2022,1235.0,235.0,0.0,City Parcel Master,2022-01-01,2022
194-25,2020,1235.0,235.0,0.0,NHDRA,2020-01-01,2020
194-26,2022,486400.0,98500.0,387300.0,City Parcel Master,2022-01-01,2022
194-26,2020,483900.0,98700.0,384600.0,NHDRA,2020-01-01,2020
196-1,2022,195.0,195.0,0.0,City Parcel Master,2022-01-01,2022
196-1,2020,170.0,170.0,0.0,NHDRA,2020-01-01,2020
196-2,2022,6585.0,6585.0,0.0,City Parcel Master,2022-01-01,2022
196-2,2020,6585.0,6585.0,0.0,NHDRA,2020-01-01,2020
196-4,2022,6350.0,6350.0,0.0,City Parcel Master,2022-01-01,2022
196-4,2020,6350.0,6350.0,0.0,NHDRA,2020-01-01,2020
196-5,2022,1120.0,1120.0,0.0,City Parcel Master,2022-01-01,2022
196-5,2020,1120.0,1120.0,0.0,NHDRA,2020-01-01,2020
211-1,2022,4925.0,4925.0,0.0,City Parcel Master,2022-01-01,2022
211-1,2020,4925.0,4925.0,0.0,NHDRA,2020-01-01,2020
213-1,2022,415.0,415.0,0.0,City Parcel Master,2022-01-01,2022
213-1,2020,415.0,415.0,0.0,NHDRA,2020-01-01,2020
215-1,2022,4790.0,4790.0,0.0,City Parcel Master,2022-01-01,2022
215-1,2020,4790.0,4790.0,0.0,NHDRA,2020-01-01,2020
215-2,2022,353200.0,87400.0,234300.0,City Parcel Master,2022-01-01,2022
215-2,2020,353200.0,87400.0,234300.0,NHDRA,2020-01-01,2020
215-3,2022,525000.0,99100.0,425400.0,City Parcel Master,2022-01-01,2022
215-3,2020,540700.0,99200.0,441000.0,NHDRA,2020-01-01,2020
215-4,2022,466300.0,99800.0,349900.0,City Parcel Master,2022-01-01,2022
215-4,2020,451200.0,99800.0,349900.0,NHDRA,2020-01-01,2020
215-5,2022,475000.0,100100.0,373900.0,City Parcel Master,2022-01-01,2022
215-5,2020,474800.0,100100.0,373900.0,NHDRA,2020-01-01,2020
215-6,2022,6430.0,6430.0,0.0,City Parcel Master,2022-01-01,2022
215-6,2020,6430.0,6430.0,0.0,NHDRA,2020-01-01,2020
215-7,2022,422700.0,104900.0,317300.0,City Parcel Master,2022-01-01,2022
215-7,2020,422700.0,104900.0,317300.0,NHDRA,2020-01-01,2020
215-7-100,2022,495100.0,100700.0,392400.0,City Parcel Master,2022-01-01,2022
215-7-100,2020,542500.0,100600.0,439500.0,NHDRA,2020-01-01,2020
215-8,2022,3475.0,3475.0,0.0,City Parcel Master,2022-01-01,2022
215-8,2020,3475.0,3475.0,0.0,NHDRA,2020-01-01,2020
217-1,2022,8200.0,8200.0,0.0,City Parcel Master,2022-01-01,2022
217-1,2020,8200.0,8200.0,0.0,NHDRA,2020-01-01,2020
999-2,2022,4053600.0,0.0,0.0,City Parcel Master,2022-01-01,2022
999-2,2020,4320000.0,0.0,0.0,NHDRA,2020-01-01,2020
999-6,2022,32600.0,0.0,0.0,City Parcel Master,2022-01-01,2022
999-6,2020,25400.0,0.0,0.0,NHDRA,2020-01-01,2020
999-7,2022,339200.0,0.0,0.0,City Parcel Master,2022-01-01,2022
999-7,2020,339200.0,0.0,0.0,NHDRA,2020-01-01,2020
999-8,2022,5200.0,0.0,0.0,City Parcel Master,2022-01-01,2022
999-8,2020,4100.0,0.0,0.0,NHDRA,2020-01-01,2020
