REM_MBLU_MAP,REM_MBLU_BLOCK,REM_MBLU_LOT,REM_MBLU_UNIT,REM_PRCL_LOCN,PRC_TTL_LND_AREA_ACRES,LND_FRONTAGE,LND_DEPTH,LND_SITE_IDX,LND_OCC,LND_OCC_DESC,LND_ASSESS_VAL,LND_LINE_NUM,LND_BLDG_NUM
      1,      1,       ,       ,17 FARAWAY LN ,2.340000,,,0,1010,ONE FAM,4300.00,2,1
      1,      1,       ,       ,17 FARAWAY LN ,2.340000,,,5,1010,ONE FAM,159600.00,1,1
      1,      2,       ,       ,19 FARAWAY LN ,2.290000,,,0,1010,ONE FAM,4100.00,2,1
      1,      2,       ,       ,19 FARAWAY LN ,2.290000,,,5,1010,ONE FAM,144000.00,1,1
      1,      3,    100,       ,23 FARAWAY LN,1.560000,,,0,1010,ONE FAM,2200.00,2,1
      1,      3,    100,       ,23 FARAWAY LN,1.560000,,,5,1010,ONE FAM,159600.00,1,1
      1,      3,    200,       ,25 FARAWAY LN ,6.200000,,,0,1010,ONE FAM,16600.00,2,1
      1,      3,    200,       ,25 FARAWAY LN ,6.200000,,,5,1010,ONE FAM,159600.00,1,1
      1,      6,       ,       ,31 FARAWAY LN ,6.590000,,,0,1010,ONE FAM,15700.00,2,1
      1,      6,       ,       ,31 FARAWAY LN ,6.590000,,,5,1010,ONE FAM,255400.00,1,1
      1,      8,       ,       ,22 FARAWAY LN ,2.380000,,,0,1010,ONE FAM,5500.00,2,1
      1,      8,       ,       ,22 FARAWAY LN ,2.380000,,,5,1010,ONE FAM,159600.00,1,1
      1,      9,       ,       ,3 HILLTOP DR,1.050000,,,0,1010,ONE FAM,200.00,2,1
      1,      9,       ,       ,3 HILLTOP DR,1.050000,,,5,1010,ONE FAM,159600.00,1,1
      1,     10,       ,       ,7 HILLTOP DR ,2.540000,,,0,1010,ONE FAM,6200.00,2,1
      1,     10,       ,       ,7 HILLTOP DR ,2.540000,,,5,1010,ONE FAM,159600.00,1,1
      2,      1,       ,       ,8 HILLTOP DR,1.580000,,,0,1010,ONE FAM,1900.00,2,1
      2,      1,       ,       ,8 HILLTOP DR,1.580000,,,5,1010,ONE FAM,159600.00,1,1
      2,      2,       ,       ,0 HILLTOP DR,0.890643,,,5,1300,RES LAND,159300.00,1,1
      2,      3,       ,       ,2 FARAWAY LN,0.890000,,,5,1010,ONE FAM,159300.00,1,1
      2,      4,       ,       ,0 CHAMBERS CIR ,3.400000,,,0,9090,OPEN SPACE,0.00,1,1
      2,      5,       ,       ,16 CHAMBERS CIR,0.680000,,,5,1010,ONE FAM,152900.00,1,1
      2,      6,       ,       ,14 CHAMBERS CIR,0.700000,,,5,1010,ONE FAM,154100.00,1,1
      2,      7,       ,       ,12 CHAMBERS CIR,0.670000,,,5,1010,ONE FAM,144400.00,1,1
      2,      8,       ,       ,10 CHAMBERS CIR ,0.670000,,,5,1300,RES LAND,136800.00,1,1
      2,      9,       ,       ,2 WYETH FARM CIR,0.740000,,,5,1010,ONE FAM,112100.00,1,1
      2,     10,       ,       ,1 WYETH FARM CIR,0.790000,,,5,1010,ONE FAM,102500.00,1,1
      2,     11,       ,       ,0 WYETH FARM CIR ,2.740000,,,0,9090,OPEN SPACE,0.00,1,1
      2,     12,       ,       ,0 N MAIN ST,0.219995,,,5,1320,UNDEV,400.00,1,1
      2,     13,       ,       ,0 N MAIN ST ,0.200000,,,5,1320,UNDEV,300.00,1,1
      2,     14,       ,       ,0 N MAIN ST,0.250000,,,5,1010,ONE FAM,11200.00,1,1
      2,     15,       ,       ,434 N MAIN ST ,0.740000,,,C,3520,DAY CARE,257500.00,1,1
      2,     16,       ,       ,3 CAMBRIDGE PL ,0.430000,,,5,1010,ONE FAM,133600.00,1,1
      3,      2,       ,       ,15 WILDWOOD DR ,3.610000,,,0,1010,ONE FAM,2400.00,3,1
      3,      2,       ,       ,15 WILDWOOD DR ,3.610000,,,0,1010,ONE FAM,8000.00,2,1
      3,      2,       ,       ,15 WILDWOOD DR ,3.610000,,,5,1010,ONE FAM,159600.00,1,1
      3,      4,       ,       ,21 WILDWOOD DR ,1.770000,,,0,1010,ONE FAM,2200.00,2,1
      3,      4,       ,       ,21 WILDWOOD DR ,1.770000,,,5,1010,ONE FAM,190000.00,1,1
      3,      5,       ,       ,0 WILDWOOD DR,18.730000,,,0,9030,MUNICPAL,70900.00,2,1
      3,      5,       ,       ,0 WILDWOOD DR,18.730000,,,C,9030,MUNICPAL,332300.00,1,1
      3,      6,       ,       ,25 WILDWOOD DR ,1.210000,,,0,1010,ONE FAM,800.00,2,1
      3,      6,       ,       ,25 WILDWOOD DR ,1.210000,,,5,1010,ONE FAM,359100.00,1,1
      3,      7,       ,       ,27 WILDWOOD DR ,1.890000,,,0,1010,ONE FAM,3600.00,2,1
      3,      7,       ,       ,27 WILDWOOD DR ,1.890000,,,5,1010,ONE FAM,359100.00,1,1
      3,      8,       ,       ,29 WILDWOOD DR,0.620000,,,5,1010,ONE FAM,147900.00,1,1
      3,      9,       ,       ,33 WILDWOOD DR,0.620000,,,5,1010,ONE FAM,147900.00,1,1
      3,     10,       ,       ,37 WILDWOOD DR ,0.480000,,,5,1010,ONE FAM,137200.00,1,1
      3,     11,       ,       ,39 WILDWOOD DR ,0.600000,,,5,1010,ONE FAM,146200.00,1,1
      3,     12,       ,       ,41 WILDWOOD DR,0.550000,,,5,1010,ONE FAM,142300.00,1,1
      3,     13,       ,       ,31 OAK RIDGE RD,0.490000,,,5,1010,ONE FAM,137900.00,1,1
      3,     14,       ,       ,72 OAK RIDGE RD,0.520000,,,5,1010,ONE FAM,140100.00,1,1
      3,     15,       ,       ,70 OAK RIDGE RD,0.540000,,,5,1010,ONE FAM,141600.00,1,1
      3,     16,       ,       ,66 OAK RIDGE RD ,0.550000,,,5,1012,ONE FAM W ACC,142300.00,1,1
      3,     17,       ,       ,62 OAK RIDGE RD,1.180000,,,0,1010,ONE FAM,700.00,2,1
      3,     17,       ,       ,62 OAK RIDGE RD,1.180000,,,5,1010,ONE FAM,159600.00,1,1
      3,     18,       ,       ,60 OAK RIDGE RD,1.380000,,,0,1010,ONE FAM,1500.00,2,1
      3,     18,       ,       ,60 OAK RIDGE RD,1.380000,,,5,1010,ONE FAM,199500.00,1,1
      3,     19,       ,       ,56 OAK RIDGE RD ,0.880000,,,5,1010,ONE FAM,159300.00,1,1
      3,     20,       ,       ,52 OAK RIDGE RD ,1.310000,,,0,1010,ONE FAM,1200.00,2,1
      3,     20,       ,       ,52 OAK RIDGE RD ,1.310000,,,5,1010,ONE FAM,199500.00,1,1
      3,     21,       ,       ,48 OAK RIDGE RD,2.800000,,,0,1310,POTNLDEV,1800.00,2,1
      3,     21,       ,       ,48 OAK RIDGE RD,2.800000,,,5,1310,POTNLDEV,63800.00,1,1
      3,     22,       ,       ,44 OAK RIDGE RD,2.800000,,,0,1040,2 FAMILY,5000.00,2,1
      3,     22,       ,       ,44 OAK RIDGE RD,2.800000,,,5,1040,2 FAMILY,215500.00,1,1
      3,     23,       ,       ,40 OAK RIDGE RD,0.550000,,,5,1010,ONE FAM,142300.00,1,1
      3,     24,       ,       ,36 OAK RIDGE RD ,0.500000,,,5,1010,ONE FAM,138700.00,1,1
      3,     28,       ,       ,65 OAK RIDGE RD,4.420000,,,0,1010,ONE FAM,5700.00,3,1
      3,     28,       ,       ,65 OAK RIDGE RD,4.420000,,,0,1010,ONE FAM,8000.00,2,1
      3,     28,       ,       ,65 OAK RIDGE RD,4.420000,,,5,1010,ONE FAM,159600.00,1,1
      3,     33,       ,       ,32 OAK RIDGE RD,1.140000,,,0,1010,ONE FAM,600.00,2,1
      3,     33,       ,       ,32 OAK RIDGE RD,1.140000,,,5,1010,ONE FAM,159600.00,1,1
      3,     34,       ,       ,28 OAK RIDGE RD,0.880000,,,5,1010,ONE FAM,159300.00,1,1
      3,     35,       ,       ,11 FARAWAY LN ,19.500000,,,0,9030,MUNICPAL,74000.00,2,1
      3,     35,       ,       ,11 FARAWAY LN ,19.500000,,,C,9030,MUNICPAL,1173000.00,1,1
      3,     36,       ,       ,23 OAK RIDGE RD,0.530000,,,5,1010,ONE FAM,140800.00,1,1
      3,     37,       ,       ,42 WILDWOOD DR,0.520000,,,5,1010,ONE FAM,140100.00,1,1
      3,     38,       ,       ,38 WILDWOOD DR,0.480000,,,5,1010,ONE FAM,134400.00,1,1
      3,     39,       ,       ,34 WILDWOOD DR,0.890000,,,5,1010,ONE FAM,159400.00,1,1
      3,     40,       ,       ,24 WILDWOOD DR,0.960000,,,5,1010,ONE FAM,159200.00,1,1
      3,     41,       ,       ,16 WILDWOOD DR ,0.510000,,,5,1010,ONE FAM,139400.00,1,1
      3,     42,       ,       ,14 WILDWOOD DR,0.520000,,,5,1010,ONE FAM,140100.00,1,1
      3,     43,       ,       ,10 WILDWOOD DR,0.570000,,,5,1010,ONE FAM,143700.00,1,1
      4,      1,       ,       ,391 N MAIN ST ,2.390000,,,0,3420,MEDICAL OFF,,1,2
      4,      1,       ,       ,391 N MAIN ST ,2.390000,,,0,342R,MEDICAL OFF-Res,4000.00,2,1
      4,      1,       ,       ,391 N MAIN ST ,2.390000,,,5,342R,MEDICAL OFF-Res,172100.00,1,1
      4,      2,       ,       ,17 RICHARDSON PL,0.530000,,,5,1010,ONE FAM,101200.00,1,1
      4,      4,       ,       ,1 OAK RIDGE RD ,2.339991,,,0,3400,OFFICE,,1,2
      4,      4,       ,       ,1 OAK RIDGE RD ,2.339991,,,0,3400,OFFICE,,1,3
      4,      4,       ,       ,1 OAK RIDGE RD ,2.339991,,,C,3400,OFFICE,657600.00,1,1
      4,      5,       ,       ,SUGARWOOD  CIR ,4.620000,,,5,3910,POTNLDEV,672000.00,1,1
      4,      6,       ,       ,11 OAK RIDGE RD,0.760000,,,5,1010,ONE FAM,156800.00,1,1
      4,      7,       ,       ,15 OAK RIDGE RD ,0.700000,,,5,1010,ONE FAM,154100.00,1,1
      4,      8,       ,       ,1 WILDWOOD DR,0.760000,,,5,1010,ONE FAM,156800.00,1,1
      4,      9,       ,       ,5 WILDWOOD DR,1.250000,,,0,1010,ONE FAM,1000.00,2,1
      4,      9,       ,       ,5 WILDWOOD DR,1.250000,,,5,1010,ONE FAM,159600.00,1,1
      4,     10,       ,       ,9 WILDWOOD DR,1.650000,,,0,1010,ONE FAM,2100.00,2,1
      4,     10,       ,       ,9 WILDWOOD DR,1.650000,,,5,1010,ONE FAM,159600.00,1,1
      4,     11,       ,       ,6 WILDWOOD DR ,0.600000,,,5,1010,ONE FAM,146200.00,1,1
      4,     12,       ,       ,19 OAK RIDGE RD,0.640000,,,5,1010,ONE FAM,149500.00,1,1
      4,     13,       ,       ,8 CHAMBERS CIR,0.700000,,,5,1010,ONE FAM,138700.00,1,1
      4,     14,       ,       ,6 CHAMBERS CIR,0.780000,,,5,1010,ONE FAM,142100.00,1,1
      4,     15,       ,       ,4 CHAMBERS CIR,0.770000,,,5,1010,ONE FAM,157200.00,1,1
      4,     16,       ,       ,2 CHAMBERS CIR,0.700000,,,5,1010,ONE FAM,154200.00,1,1
      4,     17,       ,       ,1 CHAMBERS RD,5.050000,,,0,1010,ONE FAM,,1,2
      4,     17,       ,       ,1 CHAMBERS RD,5.050000,,,0,1010,ONE FAM,8000.00,2,1
      4,     17,       ,       ,1 CHAMBERS RD,5.050000,,,0,1010,ONE FAM,8200.00,3,1
      4,     17,       ,       ,1 CHAMBERS RD,5.050000,,,5,1010,ONE FAM,159600.00,1,1
      4,     18,    100,       ,24 OAK RIDGE RD,1.890000,,,0,1010,ONE FAM,3200.00,2,1
      4,     18,    100,       ,24 OAK RIDGE RD,1.890000,,,5,1010,ONE FAM,143600.00,1,1
      4,     18,    200,       ,8 DOVE LN ,4.600000,,,0,1010,ONE FAM,6400.00,3,1
      4,     18,    200,       ,8 DOVE LN ,4.600000,,,0,1010,ONE FAM,8000.00,2,1
      4,     18,    200,       ,8 DOVE LN ,4.600000,,,5,1010,ONE FAM,159600.00,1,1
      4,     19,       ,       ,22 OAK RIDGE RD,0.420000,,,5,1010,ONE FAM,132900.00,1,1
      4,     20,       ,       ,18 OAK RIDGE RD ,0.440000,,,5,1010,ONE FAM,134300.00,1,1
      4,     21,       ,       ,14 OAK RIDGE RD ,0.440000,,,5,1010,ONE FAM,134300.00,1,1
      4,     22,       ,       ,10 OAK RIDGE RD,0.440000,,,5,1010,ONE FAM,134300.00,1,1
      4,     23,       ,       ,PINEWOOD VILL. RD ,8.160009,,,0,9550,CONDO MSTR,0.00,1,1
      4,     23,    104,       ,6 OAK RIDGE RD #1,0.000000,,,5,1020,CONDO,,1,1
      4,     23,    203,       ,6 OAK RIDGE RD 2,0.000000,,,5,1020,CONDO,,1,1
      4,     23,    305,       ,6 OAK RIDGE RD 3,0.000000,,,5,1020,CONDO,,1,1
      4,     23,    403,       ,6 OAK RIDGE RD #4,0.000000,,,5,1020,CONDO,,1,1
      4,     23,    505,       ,6 OAK RIDGE RD 5,0.000000,,,5,1020,CONDO,,1,1
      4,     23,    602,       ,6 OAK RIDGE RD #6,0.000000,,,5,1020,CONDO,,1,1
      4,     23,    706,       ,6 OAK RIDGE RD 7,0.000000,,,5,1020,CONDO,,1,1
      4,     23,    802,       ,6 OAK RIDGE RD 8,0.000000,,,5,1020,CONDO,,1,1
      4,     23,    906,       ,6 OAK RIDGE RD 9,0.000000,,,5,1020,CONDO,,1,1
      4,     23,   1001,       ,6 OAK RIDGE RD #10,0.000000,,,5,1020,CONDO,,1,1
      4,     23,   1107,       ,6 OAK RIDGE RD 11,0.000000,,,5,1020,CONDO,,1,1
      4,     23,   1201,       ,6 OAK RIDGE RD 12,0.000000,,,5,1020,CONDO,,1,1
      4,     23,   1307,       ,6 OAK RIDGE RD #13,0.000000,,,5,1020,CONDO,,1,1
      4,     23,   1418,       ,6 OAK RIDGE RD 14,0.000000,,,5,1020,CONDO,,1,1
      4,     23,   1508,       ,6 OAK RIDGE RD 15,0.000000,,,5,1020,CONDO,,1,1
      4,     23,   1618,       ,6 OAK RIDGE RD 16,0.000000,,,5,1020,CONDO,,1,1
      4,     23,   1708,       ,6 OAK RIDGE RD 17,0.000000,,,5,1020,CONDO,,1,1
      4,     23,   1909,       ,6 OAK RIDGE RD #19,0.000000,,,5,1020,CONDO,,1,1
      4,     23,   2017,       ,6 OAK RIDGE RD 20,0.000000,,,5,1020,CONDO,,1,1
      4,     23,   2109,       ,6 OAK RIDGE RD 21,0.000000,,,5,1020,CONDO,,1,1
      4,     23,   2216,       ,6 OAK RIDGE RD 22,0.000000,,,5,1020,CONDO,,1,1
      4,     23,   2310,       ,6 OAK RIDGE RD 23,0.000000,,,5,1020,CONDO,,1,1
      4,     23,   2416,       ,6 OAK RIDGE RD 24,0.000000,,,5,1020,CONDO,,1,1
      4,     23,   2511,       ,6 OAK RIDGE RD 25,0.000000,,,5,1020,CONDO,,1,1
      4,     23,   2615,       ,6 OAK RIDGE RD 26,0.000000,,,5,1020,CONDO,,1,1
      4,     23,   2711,       ,6 OAK RIDGE RD #27,0.000000,,,5,1020,CONDO,,1,1
      4,     23,   2815,       ,6 OAK RIDGE RD 28,0.000000,,,5,1020,CONDO,,1,1
      4,     23,   2912,       ,6 OAK RIDGE RD 29,0.000000,,,5,1020,CONDO,,1,1
      4,     23,   3014,       ,6 OAK RIDGE RD 30,0.000000,,,5,1020,CONDO,,1,1
      4,     23,   3112,       ,6 OAK RIDGE RD 31,0.000000,,,5,1020,CONDO,,1,1
      4,     23,   3213,       ,6 OAK RIDGE RD 32,0.000000,,,5,1020,CONDO,,1,1
      4,     24,       ,       ,407 N MAIN ST ,3.140000,,,0,9060,CHURCH,3300.00,2,1
      4,     24,       ,       ,407 N MAIN ST ,3.140000,,,C,9060,CHURCH,1967200.00,1,1
      4,     25,       ,       ,3 SCOTT AVE ,0.250000,,,5,1010,ONE FAM,74900.00,1,1
      4,     26,       ,       ,7 SCOTT AVE ,0.460000,,,5,1040,2 FAMILY,87800.00,1,1
      4,     27,       ,       ,6 SCOTT AVE,0.460000,,,5,1010,ONE FAM,97600.00,1,1
      4,     28,       ,       ,2 SCOTT AVE,0.250000,,,5,1010,ONE FAM,74900.00,1,1
      4,     29,       ,       ,421 N MAIN ST ,0.250000,,,5,1010,ONE FAM,74900.00,1,1
      4,     30,       ,       ,7 WYETH FARM CIR,0.810000,,,5,1010,ONE FAM,102900.00,1,1
      4,     31,       ,       ,6 WYETH FARM CIR,0.450000,,,5,1010,ONE FAM,97100.00,1,1
      4,     32,       ,       ,4 WYETH FARM CIR ,0.780000,,,5,1010,ONE FAM,113500.00,1,1
      4,     33,       ,       ,11 DUNSTER DR ,0.560000,,,5,1010,ONE FAM,142800.00,1,1
      4,     34,       ,       ,10 LONGWOOD LN,0.490000,,,5,1010,ONE FAM,131000.00,1,1
      4,     35,       ,       ,6 LONGWOOD LN,0.470000,,,5,1010,ONE FAM,129700.00,1,1
      4,     36,       ,       ,2 LONGWOOD LN,0.460000,,,5,1010,ONE FAM,135800.00,1,1
      4,     37,       ,       ,1 GILSON RD,0.480000,,,5,1010,ONE FAM,137200.00,1,1
      4,     38,       ,       ,3 GILSON RD,0.690000,,,5,1010,ONE FAM,153700.00,1,1
      4,     39,       ,       ,5 GILSON RD,0.780000,,,5,1010,ONE FAM,157900.00,1,1
      4,     40,       ,       ,7 GILSON RD,0.620000,,,5,1010,ONE FAM,147900.00,1,1
      4,     41,       ,       ,9 GILSON RD,0.740000,,,5,1010,ONE FAM,156000.00,1,1
      4,     42,       ,       ,11 GILSON RD ,0.910000,,,5,1010,ONE FAM,159200.00,1,1
      4,     43,       ,       ,13 GILSON RD ,0.770000,,,5,1010,ONE FAM,157200.00,1,1
      4,     44,       ,       ,15 GILSON RD,0.820000,,,5,1010,ONE FAM,158900.00,1,1
      4,     45,       ,       ,17 GILSON RD,0.730000,,,5,1010,ONE FAM,155600.00,1,1
      4,     46,       ,       ,19 GILSON RD,0.580000,,,5,1010,ONE FAM,144300.00,1,1
      4,     47,       ,       ,21 GILSON RD,0.770000,,,5,1010,ONE FAM,157200.00,1,1
      4,     48,       ,       ,23 GILSON RD ,0.757576,,,5,1010,ONE FAM,156800.00,1,1
      4,     49,       ,       ,25 GILSON RD,0.560000,,,5,1010,ONE FAM,142800.00,1,1
      4,     50,       ,       ,27 GILSON RD,0.960000,,,5,1010,ONE FAM,159200.00,1,1
      4,     51,       ,       ,29 GILSON RD,0.830000,,,5,1010,ONE FAM,159100.00,1,1
      4,     52,       ,       ,28 GILSON RD,0.710000,,,5,1010,ONE FAM,154400.00,1,1
      4,     53,       ,       ,26 GILSON RD ,0.480000,,,5,1010,ONE FAM,137200.00,1,1
      4,     54,       ,       ,16 GILSON RD,0.540000,,,5,1010,ONE FAM,141600.00,1,1
      4,     55,       ,       ,10 GILSON RD,0.440000,,,5,1010,ONE FAM,134300.00,1,1
      4,     56,       ,       ,4 GILSON RD ,0.660000,,,5,1010,ONE FAM,151200.00,1,1
      4,     57,       ,       ,2 GILSON RD,0.490000,,,5,1010,ONE FAM,137900.00,1,1
      4,     58,       ,       ,5 LASH RD,0.490000,,,5,1012,ONE FAM W ACC,137900.00,1,1
      4,     59,       ,       ,7 LASH RD,0.480000,,,5,1010,ONE FAM,137200.00,1,1
      4,     60,       ,       ,9 LASH RD,0.490000,,,5,1010,ONE FAM,137900.00,1,1
      4,     61,       ,       ,46 LASH RD,0.770000,,,5,1010,ONE FAM,157200.00,1,1
      4,     62,       ,       ,7 CAMBRIDGE PL,0.390000,,,5,1010,ONE FAM,130700.00,1,1
      4,     63,       ,       ,5 CAMBRIDGE PL ,0.320000,,,5,1010,ONE FAM,124400.00,1,1
      4,     64,       ,       ,5 DUNSTER DR,0.800000,,,5,1310,POTNLDEV,79400.00,1,1
      4,     65,       ,       ,4 CAMBRIDGE PL,0.420000,,,5,1010,ONE FAM,132900.00,1,1
      4,     66,       ,       ,10 CAMBRIDGE PL,0.440000,,,5,1010,ONE FAM,134300.00,1,1
      4,     67,       ,       ,8 LASH RD,0.440000,,,5,1010,ONE FAM,134300.00,1,1
      4,     68,       ,       ,12 BEACON RD,0.430000,,,5,1010,ONE FAM,133600.00,1,1
      4,     69,       ,       ,7 DUNSTER DR,0.450000,,,5,1010,ONE FAM,135100.00,1,1
      4,     70,       ,       ,1 BEACON RD,0.460000,,,5,1010,ONE FAM,135800.00,1,1
      4,     71,       ,       ,3 BEACON RD,0.460000,,,5,1010,ONE FAM,135800.00,1,1
      4,     72,       ,       ,5 BEACON RD,0.430000,,,5,1010,ONE FAM,133600.00,1,1
      4,     73,       ,       ,27 LASH RD,0.460000,,,5,1010,ONE FAM,135800.00,1,1
      4,     74,       ,       ,3 LONGWOOD LN,0.490000,,,5,1010,ONE FAM,137900.00,1,1
      4,     75,       ,       ,5 LONGWOOD LN,0.490000,,,5,1010,ONE FAM,137900.00,1,1
      4,     76,       ,       ,9 DUNSTER DR,0.470000,,,5,1010,ONE FAM,136500.00,1,1
      4,     77,       ,       ,428 N MAIN ST ,1.280000,,,0,9060,CHURCH,800.00,2,1
      4,     77,       ,       ,428 N MAIN ST ,1.280000,,,C,9060,CHURCH,983600.00,1,1
      4,     79,       ,       ,0 N MAIN ST,0.220000,,,C,9030,MUNICPAL,18400.00,1,1
      4,     80,       ,       ,426 N MAIN ST,0.450000,,,5,1010,ONE FAM,87400.00,1,1
      4,     81,       ,       ,422 N MAIN ST,0.420000,,,5,1010,ONE FAM,86000.00,1,1
      4,     82,       ,       ,420 N MAIN ST,0.460000,,,5,1010,ONE FAM,87800.00,1,1
      4,     83,       ,       ,418 N MAIN ST,0.490000,,,5,1010,ONE FAM,89200.00,1,1
      4,     84,       ,       ,0 N MAIN ST,1.840000,,,0,1300,RES LAND,2400.00,2,1
      4,     84,       ,       ,0 N MAIN ST,1.840000,300,,5,1300,RES LAND,114700.00,1,1
      4,     85,       ,       ,1 GOULD RD,0.750000,,,5,1010,ONE FAM,140400.00,1,1
      4,     86,       ,       ,2 GOULD RD ,0.820000,,,5,1010,ONE FAM,142700.00,1,1
      4,     87,       ,       ,33 GOULD RD ,1.320000,,,0,1040,2 FAMILY,900.00,2,1
      4,     87,       ,       ,33 GOULD RD ,1.320000,,,5,1040,2 FAMILY,143400.00,1,1
      4,     88,       ,       ,43 GOULD RD,0.670000,,,5,1010,ONE FAM,136600.00,1,1
      5,      1,       ,       ,1-3 FIELD RD ,356.400000,,,0,1120,APT 9+UP,,1,2
      5,      1,       ,       ,1-3 FIELD RD ,356.400000,,,0,1120,APT 9+UP,,1,3
      5,      1,       ,       ,1-3 FIELD RD ,356.400000,,,0,1120,APT 9+UP,,1,4
      5,      1,       ,       ,1-3 FIELD RD ,356.400000,,,0,1120,APT 9+UP,,1,5
      5,      1,       ,       ,1-3 FIELD RD ,356.400000,,,0,1120,APT 9+UP,,1,6
      5,      1,       ,       ,1-3 FIELD RD ,356.400000,,,0,1120,APT 9+UP,,1,7
      5,      1,       ,       ,1-3 FIELD RD ,356.400000,,,0,1120,APT 9+UP,,1,8
      5,      1,       ,       ,1-3 FIELD RD ,356.400000,,,0,1120,APT 9+UP,,1,9
      5,      1,       ,       ,1-3 FIELD RD ,356.400000,,,0,1120,APT 9+UP,,1,10
      5,      1,       ,       ,1-3 FIELD RD ,356.400000,,,0,1120,APT 9+UP,,1,11
      5,      1,       ,       ,1-3 FIELD RD ,356.400000,,,0,1120,APT 9+UP,,1,12
      5,      1,       ,       ,1-3 FIELD RD ,356.400000,,,0,1120,APT 9+UP,,1,13
      5,      1,       ,       ,1-3 FIELD RD ,356.400000,,,0,1120,APT 9+UP,,1,14
      5,      1,       ,       ,1-3 FIELD RD ,356.400000,,,0,1120,APT 9+UP,,1,15
      5,      1,       ,       ,1-3 FIELD RD ,356.400000,,,0,1120,APT 9+UP,,1,16
      5,      1,       ,       ,1-3 FIELD RD ,356.400000,,,0,1120,APT 9+UP,,1,17
      5,      1,       ,       ,1-3 FIELD RD ,356.400000,,,0,1120,APT 9+UP,,1,18
      5,      1,       ,       ,1-3 FIELD RD ,356.400000,,,0,1120,APT 9+UP,,1,19
      5,      1,       ,       ,1-3 FIELD RD ,356.400000,,,0,1120,APT 9+UP,,1,20
      5,      1,       ,       ,1-3 FIELD RD ,356.400000,,,0,1120,APT 9+UP,,1,21
      5,      1,       ,       ,1-3 FIELD RD ,356.400000,,,0,1120,APT 9+UP,,1,22
      5,      1,       ,       ,1-3 FIELD RD ,356.400000,,,0,1120,APT 9+UP,,1,23
      5,      1,       ,       ,1-3 FIELD RD ,356.400000,,,0,1120,APT 9+UP,,1,24
      5,      1,       ,       ,1-3 FIELD RD ,356.400000,,,0,1120,APT 9+UP,,1,26
      5,      1,       ,       ,1-3 FIELD RD ,356.400000,,,0,1120,APT 9+UP,,1,27
      5,      1,       ,       ,1-3 FIELD RD ,356.400000,,,0,1120,APT 9+UP,,1,28
      5,      1,       ,       ,1-3 FIELD RD ,356.400000,,,0,1120,APT 9+UP,,1,29
      5,      1,       ,       ,1-3 FIELD RD ,356.400000,,,0,1120,APT 9+UP,,1,30
      5,      1,       ,       ,1-3 FIELD RD ,356.400000,,,0,1120,APT 9+UP,,1,31
      5,      1,       ,       ,1-3 FIELD RD ,356.400000,,,0,1120,APT 9+UP,,1,32
      5,      1,       ,       ,1-3 FIELD RD ,356.400000,,,0,1120,APT 9+UP,,1,33
      5,      1,       ,       ,1-3 FIELD RD ,356.400000,,,0,1120,APT 9+UP,,1,34
      5,      1,       ,       ,1-3 FIELD RD ,356.400000,,,0,1120,APT 9+UP,,1,35
      5,      1,       ,       ,1-3 FIELD RD ,356.400000,,,0,1120,APT 9+UP,,1,36
      5,      1,       ,       ,1-3 FIELD RD ,356.400000,,,0,1120,APT 9+UP,,1,37
      5,      1,       ,       ,1-3 FIELD RD ,356.400000,,,0,1120,APT 9+UP,,1,38
      5,      1,       ,       ,1-3 FIELD RD ,356.400000,,,0,1120,APT 9+UP,,1,39
      5,      1,       ,       ,1-3 FIELD RD ,356.400000,,,0,1120,APT 9+UP,,1,40
      5,      1,       ,       ,1-3 FIELD RD ,356.400000,,,0,1120,APT 9+UP,,1,41
      5,      1,       ,       ,1-3 FIELD RD ,356.400000,,,0,1120,APT 9+UP,,1,42
      5,      1,       ,       ,1-3 FIELD RD ,356.400000,,,0,1120,APT 9+UP,,1,43
      5,      1,       ,       ,1-3 FIELD RD ,356.400000,,,0,1120,APT 9+UP,,1,44
      5,      1,       ,       ,1-3 FIELD RD ,356.400000,,,0,1120,APT 9+UP,,1,45
      5,      1,       ,       ,1-3 FIELD RD ,356.400000,,,0,1120,APT 9+UP,,1,46
      5,      1,       ,       ,1-3 FIELD RD ,356.400000,,,0,1120,APT 9+UP,,1,47
      5,      1,       ,       ,1-3 FIELD RD ,356.400000,,,0,1120,APT 9+UP,,1,48
      5,      1,       ,       ,1-3 FIELD RD ,356.400000,,,0,1120,APT 9+UP,,1,49
      5,      1,       ,       ,1-3 FIELD RD ,356.400000,,,0,1120,APT 9+UP,,1,50
      5,      1,       ,       ,1-3 FIELD RD ,356.400000,,,0,1120,APT 9+UP,,1,51
      5,      1,       ,       ,1-3 FIELD RD ,356.400000,,,0,1120,APT 9+UP,,1,52
      5,      1,       ,       ,1-3 FIELD RD ,356.400000,,,0,1120,APT 9+UP,,1,53
      5,      1,       ,       ,1-3 FIELD RD ,356.400000,,,0,1120,APT 9+UP,,1,54
      5,      1,       ,       ,1-3 FIELD RD ,356.400000,,,0,1120,APT 9+UP,,1,55
      5,      1,       ,       ,1-3 FIELD RD ,356.400000,,,0,1120,APT 9+UP,,1,56
      5,      1,       ,       ,1-3 FIELD RD ,356.400000,,,0,1120,APT 9+UP,,1,57
      5,      1,       ,       ,1-3 FIELD RD ,356.400000,,,0,1120,APT 9+UP,,1,58
      5,      1,       ,       ,1-3 FIELD RD ,356.400000,,,0,1120,APT 9+UP,,1,59
      5,      1,       ,       ,1-3 FIELD RD ,356.400000,,,0,1120,APT 9+UP,,1,60
      5,      1,       ,       ,1-3 FIELD RD ,356.400000,,,0,1120,APT 9+UP,,1,61
      5,      1,       ,       ,1-3 FIELD RD ,356.400000,,,0,1120,APT 9+UP,,1,62
      5,      1,       ,       ,1-3 FIELD RD ,356.400000,,,0,1120,APT 9+UP,,1,63
      5,      1,       ,       ,1-3 FIELD RD ,356.400000,,,0,1120,APT 9+UP,,1,64
      5,      1,       ,       ,1-3 FIELD RD ,356.400000,,,0,1120,APT 9+UP,,1,65
      5,      1,       ,       ,1-3 FIELD RD ,356.400000,,,0,1120,APT 9+UP,,1,66
      5,      1,       ,       ,1-3 FIELD RD ,356.400000,,,0,1120,APT 9+UP,,1,67
      5,      1,       ,       ,1-3 FIELD RD ,356.400000,,,0,1120,APT 9+UP,,1,68
      5,      1,       ,       ,1-3 FIELD RD ,356.400000,,,0,1120,APT 9+UP,,1,69
      5,      1,       ,       ,1-3 FIELD RD ,356.400000,,,0,1120,APT 9+UP,,1,70
      5,      1,       ,       ,1-3 FIELD RD ,356.400000,,,0,1120,APT 9+UP,,1,71
      5,      1,       ,       ,1-3 FIELD RD ,356.400000,,,0,1120,APT 9+UP,,1,72
      5,      1,       ,       ,1-3 FIELD RD ,356.400000,,,0,3400,OFFICE,,1,25
      5,      1,       ,       ,1-3 FIELD RD ,356.400000,,,0,4400,IND LAND,10700.00,3,1
      5,      1,       ,       ,1-3 FIELD RD ,356.400000,,,0,6000,FARM,7670.00,2,1
      5,      1,       ,       ,1-3 FIELD RD ,356.400000,,,0,6110,M PINE,21700.00,4,1
      5,      1,       ,       ,1-3 FIELD RD ,356.400000,,,C,1120,APT 9+UP,9611100.00,1,1
      5,      1,  70100,       ,47 GOULD RD ,1.150000,,,0,1010,ONE FAM,300.00,2,1
      5,      1,  70100,       ,47 GOULD RD ,1.150000,,,5,1010,ONE FAM,103200.00,1,1
      5,      2,       ,       ,394 N MAIN ST ,14.000000,,,0,9030,MUNICPAL,8600.00,2,1
      5,      2,       ,       ,394 N MAIN ST ,14.000000,,,0,9030,MUNICPAL,23000.00,3,1
      5,      2,       ,       ,394 N MAIN ST ,14.000000,,,C,9030,MUNICPAL,1264600.00,1,1
      5,      2,  70100,       ,394 N MAIN ST ,0.000000,,,0,905I,CHARITABLE-Ind,0.00,1,1
      6,      1,       ,       ,11 TRAILHEAD LN,1.790000,,,0,4500,STATE ED TAX,59000.00,2,1
      6,      1,       ,       ,11 TRAILHEAD LN,1.790000,,,5,4500,STATE ED TAX,99800.00,1,1
      7,      1,       ,       ,0 EAST WILDER RD,3.150000,,,0,9030,MUNICPAL,6200.00,2,1
      7,      1,       ,       ,0 EAST WILDER RD,3.150000,,,C,9030,MUNICPAL,421500.00,1,1
      7,      2,       ,       ,79 EAST WILDER RD ,2.820000,,,0,3400,OFFICE,,1,2
      7,      2,       ,       ,79 EAST WILDER RD ,2.820000,,,0,3400,OFFICE,2600.00,2,1
      7,      2,       ,       ,79 EAST WILDER RD ,2.820000,,,C,3400,OFFICE,281000.00,1,1
      7,      3,       ,       ,78 EAST WILDER RD,1.510000,,,0,1010,ONE FAM,1300.00,2,1
      7,      3,       ,       ,78 EAST WILDER RD,1.510000,,,5,1010,ONE FAM,103200.00,1,1
      7,      4,       ,       ,72 EAST WILDER RD,1.400000,,,0,1010,ONE FAM,1000.00,2,1
      7,      4,       ,       ,72 EAST WILDER RD,1.400000,,,5,1010,ONE FAM,103200.00,1,1
      7,      5,       ,       ,68 EAST WILDER RD,1.290000,,,0,1010,ONE FAM,800.00,2,1
      7,      5,       ,       ,68 EAST WILDER RD,1.290000,,,5,1010,ONE FAM,103200.00,1,1
      7,      6,       ,       ,66 EAST WILDER RD,0.985399,,,5,1010,ONE FAM,103200.00,1,1
      7,      7,       ,       ,62 EAST WILDER RD,0.970000,,,5,1010,ONE FAM,103200.00,1,1
      7,      8,       ,       ,60 EAST WILDER RD,0.500000,,,5,1010,ONE FAM,89700.00,1,1
      7,      9,       ,       ,58 EAST WILDER RD,1.170000,,,0,1310,POTNLDEV,500.00,2,1
      7,      9,       ,       ,58 EAST WILDER RD,1.170000,,,5,1310,POTNLDEV,91800.00,1,1
      7,     10,       ,       ,0 EAST WILDER RD,4.880000,,,0,1310,POTNLDEV,6700.00,2,1
      7,     10,       ,       ,0 EAST WILDER RD,4.880000,,,5,1310,POTNLDEV,68800.00,1,1
      8,      1,       ,       ,7 QUAIL HOLLOW DR ,10.304600,,,0,1120,APT 9+UP,14800.00,2,1
      8,      1,       ,       ,7 QUAIL HOLLOW DR ,10.304600,,,C,1120,APT 9+UP,1292700.00,1,1
      8,      2,       ,       ,365 N MAIN ST ,26.600000,,,0,9550,CONDO MSTR,21700.00,2,1
      8,      2,       ,       ,365 N MAIN ST ,26.600000,,,0,9550,CONDO MSTR,2346000.00,3,1
      8,      2,       ,       ,365 N MAIN ST ,26.600000,,,C,9550,CONDO MSTR,3934400.00,1,1
      8,      2,    100,       ,7 FOX RUN LN ,0.000000,,,C,1120,APT 9+UP,,1,1
      8,      2,    101,       ,8 ARBOR CT #A1,0.000000,,,5,1020,CONDO,,1,1
      8,      2,    102,       ,6 ARBOR CT #A2,0.000000,,,5,1020,CONDO,,1,1
      8,      2,    103,       ,4 ARBOR CT A3,0.000000,,,5,1020,CONDO,,1,1
      8,      2,    104,       ,2 ARBOR CT A4,0.000000,,,5,1020,CONDO,,1,1
      8,      2,    200,       ,69 LILY LN ,11.930000,,,0,1120,APT 9+UP,18500.00,2,1
      8,      2,    200,       ,69 LILY LN ,11.930000,,,C,1120,APT 9+UP,1545700.00,1,1
      8,      2,    201,       ,16 ARBOR CT B1,0.000000,,,5,1020,CONDO,,1,1
      8,      2,    202,       ,14 ARBOR CT B2,0.000000,,,5,1020,CONDO,,1,1
      8,      2,    203,       ,12 ARBOR CT B3,0.000000,,,5,1020,CONDO,,1,1
      8,      2,    204,       ,10 ARBOR CT B4,0.000000,,,5,1020,CONDO,,1,1
      8,      2,    301,       ,24 ARBOR CT C1,0.000000,,,5,1020,CONDO,,1,1
      8,      2,    302,       ,22 ARBOR CT #C2,0.000000,,,5,1020,CONDO,,1,1
      8,      2,    303,       ,20 ARBOR CT C3,0.000000,,,5,1020,CONDO,,1,1
      8,      2,    304,       ,18 ARBOR CT C4,0.000000,,,5,1020,CONDO,,1,1
      8,      2,    401,       ,51 LILY LN D1,0.000000,,,5,1020,CONDO,,1,1
      8,      2,    402,       ,53 LILY LN D2,0.000000,,,5,1020,CONDO,,1,1
      8,      2,    403,       ,55 LILY LN D3,0.000000,,,5,1020,CONDO,,1,1
      8,      2,    404,       ,57 LILY LN #D4,0.000000,,,5,1020,CONDO,,1,1
      8,      2,    501,       ,16 LINDEN DR #E1,0.000000,,,5,1020,CONDO,,1,1
      8,      2,    502,       ,14 LINDEN DR #E2,0.000000,,,5,1020,CONDO,,1,1
      8,      2,    503,       ,12 LINDEN DR E3,0.000000,,,5,1020,CONDO,,1,1
      8,      2,    504,       ,10 LINDEN DR #E4,0.000000,,,5,1020,CONDO,,1,1
      8,      2,    601,       ,24 LINDEN DR F1,0.000000,,,5,1020,CONDO,,1,1
      8,      2,    602,       ,22 LINDEN DR F2,0.000000,,,5,1020,CONDO,,1,1
      8,      2,    603,       ,20 LINDEN DR #F3,0.000000,,,5,1020,CONDO,,1,1
      8,      2,    604,       ,18 LINDEN DR #F4,0.000000,,,5,1020,CONDO,,1,1
      8,      2,    701,       ,25 LINDEN DR #G1,0.000000,,,5,1020,CONDO,,1,1
      8,      2,    702,       ,27 LINDEN DR #G2,0.000000,,,5,1020,CONDO,,1,1
      8,      2,    801,       ,17 LINDEN DR H1,0.000000,,,5,1020,CONDO,,1,1
      8,      2,    802,       ,19 LINDEN DR H2,0.000000,,,5,1020,CONDO,,1,1
      8,      2,    803,       ,21 LINDEN DR H3,0.000000,,,5,1020,CONDO,,1,1
      8,      2,    804,       ,23 LINDEN DR H4,0.000000,,,5,1020,CONDO,,1,1
      8,      2,    901,       ,9 LINDEN DR I1,0.000000,,,5,1020,CONDO,,1,1
      8,      2,    902,       ,11 LINDEN DR I2,0.000000,,,5,1020,CONDO,,1,1
      8,      2,    903,       ,13 LINDEN DR I3,0.000000,,,5,1020,CONDO,,1,1
      8,      2,    904,       ,15 LINDEN DR #I-4,0.000000,,,5,1020,CONDO,,1,1
      8,      2,    905,       ,37 LILY LN J1,0.000000,,,5,1020,CONDO,,1,1
      8,      2,    906,       ,39 LILY LN #J2,0.000000,,,5,1020,CONDO,,1,1
      8,      2,    907,       ,41 LILY LN J3,0.000000,,,5,1020,CONDO,,1,1
      8,      2,    908,       ,43 LILY LN #J4,0.000000,,,5,1020,CONDO,,1,1
      8,      2,    909,       ,29 LILY LN K1,0.000000,,,5,1020,CONDO,,1,1
      8,      2,    910,       ,31 LILY LN K2,0.000000,,,5,1020,CONDO,,1,1
      8,      2,    911,       ,33 LILY LN #K3,0.000000,,,5,1020,CONDO,,1,1
      8,      2,    912,       ,35 LILY LN K4,0.000000,,,5,1020,CONDO,,1,1
      8,      2,   1201,       ,44 LILY LN #L1,0.000000,,,5,1020,CONDO,,1,1
      8,      2,   1202,       ,42 LILY LN L2,0.000000,,,5,1020,CONDO,,1,1
      8,      2,   1203,       ,40 LILY LN #L3,0.000000,,,5,1020,CONDO,,1,1
      8,      2,   1204,       ,38 LILY LN ,0.000000,,,5,1020,CONDO,,1,1
      8,      2,   1301,       ,36 LILY LN M1,0.000000,,,5,1020,CONDO,,1,1
      8,      2,   1302,       ,34 LILY LN M2,0.000000,,,5,1020,CONDO,,1,1
      8,      2,   1303,       ,32 LILY LN M3,0.000000,,,5,1020,CONDO,,1,1
      8,      2,   1304,       ,30 LILY LN #M4,0.000000,,,5,1020,CONDO,,1,1
      8,      3,       ,       ,367 N MAIN ST,3.750000,,,0,1090,MULT HS,,1,2
      8,      3,       ,       ,367 N MAIN ST,3.750000,,,0,1090,MULT HS,2200.00,3,1
      8,      3,       ,       ,367 N MAIN ST,3.750000,,,0,1090,MULT HS,5800.00,2,1
      8,      3,       ,       ,367 N MAIN ST,3.750000,,,5,1090,MULT HS,103200.00,1,1
      8,      4,       ,       ,371 N MAIN ST,0.700000,,,0,1010,ONE FAM,,1,2
      8,      4,       ,       ,371 N MAIN ST,0.700000,,,5,1010,ONE FAM,99700.00,1,1
      8,      5,       ,       ,375 N MAIN ST,0.560000,,,5,1050,3 FAMILY,92500.00,1,1
      8,      7,       ,       ,377 N MAIN ST,1.270000,,,0,3400,OFFICE,800.00,2,1
      8,      7,       ,       ,377 N MAIN ST,1.270000,,,C,3400,OFFICE,281000.00,1,1
      8,      8,       ,       ,379 N MAIN ST,0.200000,,,5,1010,ONE FAM,71700.00,1,1
      8,      9,       ,       ,5 RICHARDSON PL,0.360000,,,5,1010,ONE FAM,73900.00,1,1
      8,     10,       ,       ,9 RICHARDSON PL,0.210000,,,5,1010,ONE FAM,64200.00,1,1
      8,     11,       ,       ,13 RICHARDSON PL,1.160000,,,0,1010,ONE FAM,400.00,2,1
      8,     11,       ,       ,13 RICHARDSON PL,1.160000,,,5,1010,ONE FAM,91800.00,1,1
      8,     12,       ,       ,387 N MAIN ST,1.880000,,,0,1300,RES LAND,2500.00,2,1
      8,     12,       ,       ,387 N MAIN ST,1.880000,,,5,1300,RES LAND,103200.00,1,1
      8,     13,       ,       ,6 RICHARDSON PL,0.210000,,,5,1010,ONE FAM,64200.00,1,1
      8,     14,       ,       ,2 RICHARDSON PL,0.300000,,,5,1010,ONE FAM,78900.00,1,1
      8,     15,       ,       ,385 N MAIN ST,0.190000,,,5,1010,ONE FAM,71200.00,1,1
      8,     16,       ,       ,388 N MAIN ST,1.000000,,,5,1010,ONE FAM,103200.00,1,1
      8,     17,       ,       ,386 N MAIN ST,1.570000,,,0,1010,ONE FAM,1600.00,2,1
      8,     17,       ,       ,386 N MAIN ST,1.570000,,,5,1010,ONE FAM,103200.00,1,1
      8,     18,       ,       ,384 N MAIN ST,0.260000,,,5,1040,2 FAMILY,75700.00,1,1
      8,     19,       ,       ,382 N MAIN ST,1.230000,,,0,1010,ONE FAM,700.00,2,1
      8,     19,       ,       ,382 N MAIN ST,1.230000,,,5,1010,ONE FAM,103200.00,1,1
      8,     21,       ,       ,376 N MAIN ST,0.780000,,,5,1010,ONE FAM,102200.00,1,1
      8,     22,       ,       ,1 INDIAN RIDGE DR,0.530000,,,5,1010,ONE FAM,91100.00,1,1
      8,     23,       ,       ,0 INDIAN RIDGE DR,0.700000,,,5,1060,OUT BLDS,27700.00,1,1
      8,     25,       ,       ,378 N MAIN ST,1.200000,,,0,1010,ONE FAM,500.00,2,1
      8,     25,       ,       ,378 N MAIN ST,1.200000,,,5,1010,ONE FAM,109000.00,1,1
      8,     26,       ,       ,0 INDIAN RIDGE DR,0.530000,,,5,1320,UNDEV,5100.00,1,1
      8,     27,       ,       ,0 N MAIN ST ,0.500000,,,5,1320,UNDEV,5000.00,1,1
      8,     28,       ,       ,0 INDIAN RIDGE DR,0.530000,,,5,1320,UNDEV,5100.00,1,1
      8,     29,       ,       ,0 INDIAN RIDGE DR ,0.500000,,,5,1320,UNDEV,5000.00,1,1
      8,     30,       ,       ,8 INDIAN RIDGE DR,0.280000,,,5,1010,ONE FAM,85900.00,1,1
      8,     31,       ,       ,6 INDIAN RIDGE DR,0.380000,,,5,1040,2 FAMILY,93400.00,1,1
      8,     32,       ,       ,4 INDIAN RIDGE DR,0.380000,,,5,1010,ONE FAM,93400.00,1,1
      8,     33,       ,       ,0 INDIAN RIDGE DR,0.500000,,,5,1300,RES LAND,89700.00,1,1
      9,      1,       ,       ,305 N MAIN ST,8.660000,,,0,3010,MOTEL,,1,2
      9,      1,       ,       ,305 N MAIN ST,8.660000,,,0,3010,MOTEL,16500.00,2,1
      9,      1,       ,       ,305 N MAIN ST,8.660000,,,C,3010,MOTEL,281000.00,1,1
      9,      2,       ,       ,0 N MAIN ST ,153.000000,,,0,6001,FARM REC,8640.00,2,1
      9,      2,       ,       ,0 N MAIN ST ,153.000000,,,0,6111,M WP REC,7695.00,3,1
      9,      2,       ,       ,0 N MAIN ST ,153.000000,,,5,6001,FARM REC,180.00,1,1
     10,      6,    100,       ,459 MOUNT SUPPORT RD,0.640000,,,C,4300,TEL XSTA,192600.00,1,1
     10,      6,    200,       ,461 MOUNT SUPPORT RD ,2.400000,,,0,9050,CHARITABLE,126000.00,2,1
     10,      6,    200,       ,461 MOUNT SUPPORT RD ,2.400000,,,C,9050,CHARITABLE,244400.00,1,1
     10,      7,       ,       ,367 NH ROUTE 120 ,5.100000,,,C,9550,CONDO MSTR,1869400.00,1,1
     10,      7,    101,       ,367 NH ROUTE 120 A1,0.000000,,,C,102C,CONDO-com,,1,1
     10,      7,    102,       ,367 NH ROUTE 120 B1,0.000000,,,C,102C,CONDO-com,,1,1
     10,      7,    105,       ,367 NH ROUTE 120 E1,0.000000,,,C,102C,CONDO-com,,1,1
     10,      7,    201,       ,367 NH ROUTE 120 A2,0.000000,,,C,102C,CONDO-com,,1,1
     10,      7,    202,       ,367 NH ROUTE 120 B2,0.000000,,,C,102C,CONDO-com,,1,1
     10,      7,    203,       ,367 NH ROUTE 120 C2,0.000000,,,C,102C,CONDO-com,,1,1
     10,      7,    204,       ,367 NH ROUTE 120 #D2,0.000000,,,C,102C,CONDO-com,,1,1
     10,      7,    205,       ,367 NH ROUTE 120 #E2,0.000000,,,C,102C,CONDO-com,,1,1
     10,      7,    302,       ,367 NH ROUTE 120 B3,0.000000,,,C,102C,CONDO-com,,1,1
     10,      7,    305,       ,367 NH ROUTE 120 E3,0.000000,,,C,102C,CONDO-com,,1,1
     10,      7,    402,       ,367 NH ROUTE 120 B4,0.000000,,,C,102C,CONDO-com,,1,1
     10,      7,    405,       ,367 NH ROUTE 120 E4,0.000000,,,C,102C,CONDO-com,,1,1
     10,      7,    502,       ,367 NH ROUTE 120 B5,0.000000,,,C,102C,CONDO-com,,1,1
     10,      7,    602,       ,367 NH ROUTE 120 B6,0.000000,,,C,102C,CONDO-com,,1,1
     10,      7,    702,       ,367 NH ROUTE 120 B7,0.000000,,,C,102C,CONDO-com,,1,1
     10,      7,    802,       ,367 NH ROUTE 120 B8,0.000000,,,C,102C,CONDO-com,,1,1
     10,      8,       ,       ,1 MEDICAL CENTER DR ,0.000000,,,C,3050,HOSPITAL,,1,1
     10,      8,    100,       ,1 MEDICAL CENTER DR ,169.729995,,,0,3900,DEV LAND,1548000.00,2,1
     10,      8,    100,       ,1 MEDICAL CENTER DR ,169.729995,,,0,3900,DEV LAND,10953400.00,3,1
     10,      8,    100,       ,1 MEDICAL CENTER DR ,169.729995,,,C,3900,DEV LAND,5967600.00,1,1
     10,      8,    200,       ,1 MEDICAL CENTER DR ,0.000000,,,,9050,CHARITABLE,0.00,1,5
     10,      8,    200,       ,1 MEDICAL CENTER DR ,0.000000,,,0,9050,CHARITABLE,,1,3
     10,      8,    200,       ,1 MEDICAL CENTER DR ,0.000000,,,0,9050,CHARITABLE,,1,4
     10,      8,    200,       ,1 MEDICAL CENTER DR ,0.000000,,,0,905I,CHARITABLE-Ind,,1,2
     10,      8,    200,       ,1 MEDICAL CENTER DR ,0.000000,,,C,9050,CHARITABLE,,1,1
     10,      8,    300,       ,1 MEDICAL CENTER DR ,116.220005,,,0,905V,CHARITABLE-Vac,1134000.00,3,1
     10,      8,    300,       ,1 MEDICAL CENTER DR ,116.220005,,,0,905V,CHARITABLE-Vac,2066500.00,4,1
     10,      8,    300,       ,1 MEDICAL CENTER DR ,116.220005,,,0,905V,CHARITABLE-Vac,6416100.00,2,1
     10,      8,    300,       ,1 MEDICAL CENTER DR ,116.220005,,,C,905V,CHARITABLE-Vac,6109300.00,1,1
     10,      8,  70100,       ,1 MEDICAL CENTER DR ,0.000000,,,C,9050,CHARITABLE,,1,1
     10,      8,  70200,       ,1 MEDICAL CENTER DR ,0.000000,,,C,9050,CHARITABLE,,1,1
     10,      9,       ,       ,0 NH ROUTE 120 ,2.960000,,,0,3880,OTH OUTD,54000.00,2,1
     10,      9,       ,       ,0 NH ROUTE 120 ,2.960000,,,C,3880,OTH OUTD,305500.00,1,1
     10,     10,       ,       ,0 NH ROUTE 120 ,38.800000,,,0,4400,IND LAND,3780000.00,2,1
     10,     10,       ,       ,0 NH ROUTE 120 ,38.800000,,,5,3880,OTH OUTD,124700.00,1,1
     10,     11,    100,       ,12 CENTERRA PKWY ,10.740000,,,,3260,REST/BAR,0.00,1,3
     10,     11,    100,       ,12 CENTERRA PKWY ,10.740000,,,0,3230,SHOP CTR,28100.00,3,1
     10,     11,    100,       ,12 CENTERRA PKWY ,10.740000,,,0,3230,SHOP CTR,420800.00,2,1
     10,     11,    100,       ,12 CENTERRA PKWY ,10.740000,,,0,3260,REST/BAR,,1,2
     10,     11,    100,       ,12 CENTERRA PKWY ,10.740000,,,C,3230,SHOP CTR,1832800.00,1,1
     10,     11,    300,       ,32 CENTERRA PKWY ,3.710000,,,0,3000,HOTEL,71900.00,2,1
     10,     11,    300,       ,32 CENTERRA PKWY ,3.710000,,,C,3000,HOTEL,916400.00,1,1
     10,     11,    400,       ,38 CENTERRA PKWY,2.000000,,,C,901C,STATE NH-Comm,610900.00,1,1
     10,     11,    700,       ,33 MORGAN DR ,10.140000,,,0,3740,HEALTH,,1,2
     10,     11,    700,       ,33 MORGAN DR ,10.140000,,,0,3740,HEALTH,690800.00,2,1
     10,     11,    700,       ,33 MORGAN DR ,10.140000,,,C,3740,HEALTH,1221900.00,1,1
     10,     11,   1000,       ,19 MORGAN DR ,2.050000,,,0,3400,OFFICE,61900.00,2,1
     10,     11,   1000,       ,19 MORGAN DR ,2.050000,,,C,3400,OFFICE,458200.00,1,1
     10,     11,   1200,       ,20 MORGAN DR ,2.150000,,,0,9550,CONDO MSTR,0.00,2,1
     10,     11,   1200,       ,20 MORGAN DR ,2.150000,,,C,9550,CONDO MSTR,0.00,1,1
     10,     11,   1201,       ,20 MORGAN DR #Unit 10,0.000000,,,0,1020,CONDO,0.00,1,1
     10,     11,   1201,       ,20 MORGAN DR #Unit 10,0.000000,,,0,1020,CONDO,0.00,2,1
     10,     11,   1202,       ,20 MORGAN DR Unit 21,0.000000,,,0,1020,CONDO,0.00,1,1
     10,     11,   1202,       ,20 MORGAN DR Unit 21,0.000000,,,0,1020,CONDO,0.00,2,1
     10,     11,   1203,       ,20 MORGAN DR #Unit 23,0.000000,,,0,1020,CONDO,0.00,1,1
     10,     11,   1203,       ,20 MORGAN DR #Unit 23,0.000000,,,0,1020,CONDO,0.00,2,1
     10,     11,   1204,       ,20 MORGAN DR Unit 25,0.000000,,,0,1020,CONDO,0.00,1,1
     10,     11,   1204,       ,20 MORGAN DR Unit 25,0.000000,,,0,1020,CONDO,0.00,2,1
     10,     11,   1205,       ,20 MORGAN DR Unit 27,0.000000,,,0,1020,CONDO,0.00,2,1
     10,     11,   1205,       ,20 MORGAN DR Unit 27,0.000000,,,5,1020,CONDO,0.00,1,1
     10,     11,   1206,       ,20 MORGAN DR #Unit 28,0.000000,,,0,1020,CONDO,0.00,2,1
     10,     11,   1206,       ,20 MORGAN DR #Unit 28,0.000000,,,5,1020,CONDO,0.00,1,1
     10,     11,   1207,       ,20 MORGAN DR Unit 26,0.000000,,,0,1020,CONDO,0.00,2,1
     10,     11,   1207,       ,20 MORGAN DR Unit 26,0.000000,,,5,1020,CONDO,0.00,1,1
     10,     11,   1208,       ,20 MORGAN DR Unit 24,0.000000,,,0,1020,CONDO,0.00,2,1
     10,     11,   1208,       ,20 MORGAN DR Unit 24,0.000000,,,5,1020,CONDO,0.00,1,1
     10,     11,   1209,       ,20 MORGAN DR Unit 22,0.000000,,,0,1020,CONDO,0.00,2,1
     10,     11,   1209,       ,20 MORGAN DR Unit 22,0.000000,,,5,1020,CONDO,0.00,1,1
     10,     11,   1210,       ,20 MORGAN DR Unit 20,0.000000,,,0,1020,CONDO,0.00,2,1
     10,     11,   1210,       ,20 MORGAN DR Unit 20,0.000000,,,5,1020,CONDO,0.00,1,1
     10,     11,   1211,       ,20 MORGAN DR Unit 31,0.000000,,,0,1020,CONDO,0.00,2,1
     10,     11,   1211,       ,20 MORGAN DR Unit 31,0.000000,,,5,1020,CONDO,0.00,1,1
     10,     11,   1212,       ,20 MORGAN DR Unit 35,0.000000,,,0,1020,CONDO,0.00,2,1
     10,     11,   1212,       ,20 MORGAN DR Unit 35,0.000000,,,5,1020,CONDO,0.00,1,1
     10,     11,   1213,       ,20 MORGAN DR Unit 37,0.000000,,,0,1020,CONDO,0.00,2,1
     10,     11,   1213,       ,20 MORGAN DR Unit 37,0.000000,,,5,1020,CONDO,0.00,1,1
     10,     11,   1214,       ,20 MORGAN DR #Unit 38,0.000000,,,0,1020,CONDO,0.00,2,1
     10,     11,   1214,       ,20 MORGAN DR #Unit 38,0.000000,,,5,1020,CONDO,0.00,1,1
     10,     11,   1215,       ,20 MORGAN DR #Unit 36,0.000000,,,0,1020,CONDO,0.00,2,1
     10,     11,   1215,       ,20 MORGAN DR #Unit 36,0.000000,,,5,1020,CONDO,0.00,1,1
     10,     11,   1216,       ,20 MORGAN DR Unit 34,0.000000,,,0,1020,CONDO,0.00,2,1
     10,     11,   1216,       ,20 MORGAN DR Unit 34,0.000000,,,5,1020,CONDO,0.00,1,1
     10,     11,   1217,       ,20 MORGAN DR Unit 32,0.000000,,,0,1020,CONDO,0.00,2,1
     10,     11,   1217,       ,20 MORGAN DR Unit 32,0.000000,,,5,1020,CONDO,0.00,1,1
     10,     11,   1218,       ,20 MORGAN DR #Unit 30,0.000000,,,0,1020,CONDO,0.00,2,1
     10,     11,   1218,       ,20 MORGAN DR #Unit 30,0.000000,,,5,1020,CONDO,0.00,1,1
     10,     11,   1219,       ,20 MORGAN DR Unit 41,0.000000,,,0,1020,CONDO,0.00,2,1
     10,     11,   1219,       ,20 MORGAN DR Unit 41,0.000000,,,5,1020,CONDO,0.00,1,1
     10,     11,   1220,       ,20 MORGAN DR Unit 45,0.000000,,,0,1020,CONDO,0.00,2,1
     10,     11,   1220,       ,20 MORGAN DR Unit 45,0.000000,,,5,1020,CONDO,0.00,1,1
     10,     11,   1221,       ,20 MORGAN DR Unit 47,0.000000,,,0,1020,CONDO,0.00,2,1
     10,     11,   1221,       ,20 MORGAN DR Unit 47,0.000000,,,5,1020,CONDO,0.00,1,1
     10,     11,   1222,       ,20 MORGAN DR #Unit 48,0.000000,,,0,1020,CONDO,0.00,2,1
     10,     11,   1222,       ,20 MORGAN DR #Unit 48,0.000000,,,5,1020,CONDO,0.00,1,1
     10,     11,   1223,       ,20 MORGAN DR Unit 46,0.000000,,,0,1020,CONDO,0.00,2,1
     10,     11,   1223,       ,20 MORGAN DR Unit 46,0.000000,,,5,1020,CONDO,0.00,1,1
     10,     11,   1224,       ,20 MORGAN DR Unit 44,0.000000,,,0,1020,CONDO,0.00,2,1
     10,     11,   1224,       ,20 MORGAN DR Unit 44,0.000000,,,5,1020,CONDO,0.00,1,1
     10,     11,   1225,       ,20 MORGAN DR Unit 42,0.000000,,,0,1020,CONDO,0.00,2,1
     10,     11,   1225,       ,20 MORGAN DR Unit 42,0.000000,,,5,1020,CONDO,0.00,1,1
     10,     11,   1226,       ,20 MORGAN DR Unit 40,0.000000,,,0,1020,CONDO,0.00,2,1
     10,     11,   1226,       ,20 MORGAN DR Unit 40,0.000000,,,5,1020,CONDO,0.00,1,1
     10,     11,   1300,       ,2 MORGAN DR ,9.890000,,,0,4010,IND WHSE,887600.00,2,1
     10,     11,   1300,       ,2 MORGAN DR ,9.890000,,,C,4010,IND WHSE,610900.00,1,1
     10,     11,   1302,       ,10 MORGAN DR ,7.970000,,,0,3000,HOTEL,221600.00,2,1
     10,     11,   1302,       ,10 MORGAN DR ,7.970000,,,C,3000,HOTEL,1832800.00,1,1
     10,     11,   1400,       ,0 CENTERRA PKWY,4.200000,,,0,4400,IND LAND,247500.00,2,1
     10,     11,   1400,       ,0 CENTERRA PKWY,4.200000,,,C,4400,IND LAND,610900.00,1,1
     10,     11,   1500,       ,35 CENTERRA PKWY ,2.850000,,,0,3400,OFFICE,67500.00,2,1
     10,     11,   1500,       ,35 CENTERRA PKWY ,2.850000,,,C,3400,OFFICE,339100.00,1,1
     10,     11,   150E,       ,35 CENTERRA PKWY ,2.850000,,,0,9050,CHARITABLE,45000.00,2,1
     10,     11,   150E,       ,35 CENTERRA PKWY ,2.850000,,,C,9050,CHARITABLE,226000.00,1,1
     10,     11,   1600,       ,41 CENTERRA PKWY ,7.420000,,,0,9050,CHARITABLE,328500.00,2,1
     10,     11,   1600,       ,41 CENTERRA PKWY ,7.420000,,,C,9050,CHARITABLE,1374600.00,1,1
     10,     11,   2000,       ,46 CENTERRA PKWY,4.050000,,,C,3400,OFFICE,1237100.00,1,1
     10,     11,   2100,       ,11 LAFAYETTE ST ,4.190000,,,0,3400,OFFICE,17100.00,2,1
     10,     11,   2100,       ,11 LAFAYETTE ST ,4.190000,,,C,3400,OFFICE,1221900.00,1,1
     10,     11,   2300,       ,21 LAFAYETTE ST,2.100000,,,C,3400,OFFICE,641500.00,1,1
     10,     11,   2400,       ,0 LAFAYETTE ST ,2.010009,,,C,3370,PARK LOT,614000.00,1,1
     10,     11,   2500,       ,37 LAFAYETTE ST,2.030000,,,0,4010,IND WHSE,115900.00,2,1
     10,     11,   2500,       ,37 LAFAYETTE ST,2.030000,,,C,4010,IND WHSE,305500.00,1,1
     10,     11,   2600,       ,7 LUCENT DR ,5.190000,,,0,4040,R+D BLDG,358900.00,2,1
     10,     11,   2600,       ,7 LUCENT DR ,5.190000,,,C,4040,R+D BLDG,610900.00,1,1
     10,     11,   2700,       ,4 LUCENT DR ,9.690000,,,0,4040,R+D BLDG,501200.00,2,1
     10,     11,   2700,       ,4 LUCENT DR ,9.690000,,,C,4040,R+D BLDG,1145500.00,1,1
     10,     11,   3100,       ,48 LAFAYETTE ST,2.760009,,,C,4020,IND OFC,843100.00,1,1
     10,     11,   3200,       ,44 LAFAYETTE ST ,5.040000,,,0,905I,CHARITABLE-Ind,56800.00,3,1
     10,     11,   3200,       ,44 LAFAYETTE ST ,5.040000,,,0,905I,CHARITABLE-Ind,115900.00,2,1
     10,     11,   3200,       ,44 LAFAYETTE ST ,5.040000,,,C,905I,CHARITABLE-Ind,916400.00,1,1
     10,     11,   3400,       ,30 LAFAYETTE ST ,4.969995,,,C,402C,IND OFC-Comm,1518200.00,1,1
     10,     11,   3600,       ,16 CAVENDISH CT ,5.670000,,,0,4040,R+D BLDG,180300.00,2,1
     10,     11,   3600,       ,16 CAVENDISH CT ,5.670000,,,0,4330,RAD/TV TWR,241900.00,3,1
     10,     11,   3600,       ,16 CAVENDISH CT ,5.670000,,,C,4040,R+D BLDG,458200.00,1,1
     10,     11,   3800,       ,10 CAVENDISH CT ,6.930005,,,0,402C,IND OFC-Comm,153000.00,2,1
     10,     11,   3800,       ,10 CAVENDISH CT ,6.930005,,,C,402C,IND OFC-Comm,1597600.00,1,1
     10,     12,       ,       ,60 ALTA BLVD ,17.229767,,,0,1120,APT 9+UP,,1,2
     10,     12,       ,       ,60 ALTA BLVD ,17.229767,,,0,1120,APT 9+UP,,1,3
     10,     12,       ,       ,60 ALTA BLVD ,17.229767,,,0,1120,APT 9+UP,,1,4
     10,     12,       ,       ,60 ALTA BLVD ,17.229767,,,0,6230,OTHER,415.00,3,1
     10,     12,       ,       ,60 ALTA BLVD ,17.229767,,,C,1120,APT 9+UP,19500.00,2,1
     10,     12,       ,       ,60 ALTA BLVD ,17.229767,,,C,1120,APT 9+UP,6081000.00,1,1
     10,     13,       ,       ,0 LAFAYETTE ST,5.630000,,,0,6230,OTHER,150.00,2,1
     10,     13,       ,       ,0 LAFAYETTE ST,5.630000,,,5,6230,OTHER,80.00,1,1
     10,     21,       ,       ,460 MOUNT SUPPORT RD,1.540000,,,0,3900,DEV LAND,3600.00,2,1
     10,     21,       ,       ,460 MOUNT SUPPORT RD,1.540000,,,C,3900,DEV LAND,366600.00,1,1
     10,     22,       ,       ,444 MOUNT SUPPORT RD ,11.380000,,,0,9050,CHARITABLE,,1,2
     10,     22,       ,       ,444 MOUNT SUPPORT RD ,11.380000,,,0,9050,CHARITABLE,,1,4
     10,     22,       ,       ,444 MOUNT SUPPORT RD ,11.380000,,,0,9050,CHARITABLE,270000.00,2,1
     10,     22,       ,       ,444 MOUNT SUPPORT RD ,11.380000,,,0,9050,CHARITABLE,304200.00,3,1
     10,     22,       ,       ,444 MOUNT SUPPORT RD ,11.380000,,,0,905I,CHARITABLE-Ind,,1,3
     10,     22,       ,       ,444 MOUNT SUPPORT RD ,11.380000,,,C,9050,CHARITABLE,1221900.00,1,1
     10,     23,       ,       ,0 MOUNT SUPPORT RD,2.000000,,,0,3900,DEV LAND,40500.00,2,1
     10,     23,       ,       ,0 MOUNT SUPPORT RD,2.000000,,,C,3900,DEV LAND,366600.00,1,1
     10,     24,    100,       ,0 MOUNT SUPPORT RD ,11.900000,,,0,6111,M WP REC,290.00,3,1
     10,     24,    100,       ,0 MOUNT SUPPORT RD ,11.900000,,,0,6201,WET REC,20.00,1,1
     10,     24,    100,       ,0 MOUNT SUPPORT RD ,11.900000,,,0,6201,WET REC,135.00,2,1
     10,     24,    200,       ,0 MOUNT SUPPORT RD ,5.800000,,,0,6111,M WP REC,105.00,2,1
     10,     24,    200,       ,0 MOUNT SUPPORT RD ,5.800000,,,0,6201,WET REC,55.00,3,1
     10,     24,    200,       ,0 MOUNT SUPPORT RD ,5.800000,,,5,6111,M WP REC,60.00,1,1
     10,     25,       ,       ,432 MOUNT SUPPORT RD,0.940000,,,C,3900,DEV LAND,200300.00,1,1
     10,     26,       ,       ,CAVENDISH CT ,2.130000,,,0,6231,OTHER REC,5.00,2,1
     10,     26,       ,       ,CAVENDISH CT ,2.130000,,,5,6231,OTHER REC,80.00,1,1
     10,     27,       ,       ,CAVENDISH CT ,2.120000,,,0,6231,OTHER REC,5.00,2,1
     10,     27,       ,       ,CAVENDISH CT ,2.120000,,,5,6231,OTHER REC,80.00,1,1
     10,     28,       ,       ,CAVENDISH CT ,2.245000,,,0,6211,WP REC,30.00,2,1
     10,     28,       ,       ,CAVENDISH CT ,2.245000,,,5,6211,WP REC,245.00,1,1
     10,     29,       ,       ,CAVENDISH CT ,2.790000,,,0,6211,WP REC,95.00,2,1
     10,     29,       ,       ,CAVENDISH CT ,2.790000,,,5,6211,WP REC,245.00,1,1
     10,     30,       ,       ,CAVENDISH CT ,2.840000,,,0,6231,OTHER REC,35.00,2,1
     10,     30,       ,       ,CAVENDISH CT ,2.840000,,,5,6231,OTHER REC,80.00,1,1
     10,     31,       ,       ,CAVENDISH CT ,2.920000,,,0,6231,OTHER REC,35.00,2,1
     10,     31,       ,       ,CAVENDISH CT ,2.920000,,,5,6231,OTHER REC,80.00,1,1
     10,     32,       ,       ,CAVENDISH CT ,2.200000,,,0,6231,OTHER REC,10.00,2,1
     10,     32,       ,       ,CAVENDISH CT ,2.200000,,,5,6231,OTHER REC,80.00,1,1
     10,     33,       ,       ,CAVENDISH CT ,2.820000,,,0,6231,OTHER REC,35.00,2,1
     10,     33,       ,       ,CAVENDISH CT ,2.820000,,,5,6231,OTHER REC,80.00,1,1
     10,     34,       ,       ,CAVENDISH CT ,3.900000,,,0,6231,OTHER REC,60.00,2,1
     10,     34,       ,       ,CAVENDISH CT ,3.900000,,,5,6231,OTHER REC,65.00,1,1
     10,     35,       ,       ,CAVENDISH CT ,3.505000,,,0,6231,OTHER REC,60.00,2,1
     10,     35,       ,       ,CAVENDISH CT ,3.505000,,,5,6231,OTHER REC,80.00,1,1
     12,      1,       ,       ,169 ETNA RD ,15.200000,,,0,6200,WET,60.00,3,1
     12,      1,       ,       ,169 ETNA RD ,15.200000,,,0,6220,HDWD,625.00,2,1
     12,      1,       ,       ,169 ETNA RD ,15.200000,,,5,1010,ONE FAM,65900.00,1,1
     12,      2,       ,       ,0 ETNA RD ,40.700000,,,0,6201,WET REC,160.00,4,1
     12,      2,       ,       ,0 ETNA RD ,40.700000,,,0,6221,HDWD REC,655.00,3,1
     12,      2,       ,       ,0 ETNA RD ,40.700000,,,0,6231,OTHER REC,760.00,2,1
     12,      2,       ,       ,0 ETNA RD ,40.700000,,,5,6231,OTHER REC,120.00,1,1
     12,      3,       ,       ,0 LAFAYETTE ST ,27.000000,,,0,6201,WET REC,135.00,4,1
     12,      3,       ,       ,0 LAFAYETTE ST ,27.000000,,,0,6211,WP REC,245.00,3,1
     12,      3,       ,       ,0 LAFAYETTE ST ,27.000000,,,0,6231,OTHER REC,600.00,2,1
     12,      3,       ,       ,0 LAFAYETTE ST ,27.000000,,,5,6231,OTHER REC,120.00,1,1
     12,      4,       ,       ,187 ETNA RD,1.689991,,,5,1010,ONE FAM,89100.00,1,1
     12,      5,       ,       ,66 ORION  DR ,12.800000,,,0,6230,OTHER,650.00,2,1
     12,      5,       ,       ,66 ORION  DR ,12.800000,,,5,1010,ONE FAM,103200.00,1,1
     12,      5,    100,       ,188 ETNA RD ,25.000000,,,0,6230,OTHER,1035.00,2,1
     12,      5,    100,       ,188 ETNA RD ,25.000000,,,5,1010,ONE FAM,67000.00,1,1
     12,      5,    200,       ,182 ETNA RD,5.000000,,,0,1010,ONE FAM,4500.00,2,1
     12,      5,    200,       ,182 ETNA RD,5.000000,,,5,1010,ONE FAM,68800.00,1,1
     12,      5,    300,       ,174 ETNA RD,5.000000,,,0,1010,ONE FAM,2300.00,2,1
     12,      5,    300,       ,174 ETNA RD,5.000000,,,5,1010,ONE FAM,62600.00,1,1
     12,      5,    400,       ,170 ETNA RD,5.000000,,,0,1010,ONE FAM,2300.00,2,1
     12,      5,    400,       ,170 ETNA RD,5.000000,,,5,1010,ONE FAM,62600.00,1,1
     12,      5,    500,       ,164 ETNA RD,5.000000,,,0,1010,ONE FAM,2300.00,2,1
     12,      5,    500,       ,164 ETNA RD,5.000000,,,5,1010,ONE FAM,62600.00,1,1
     13,      1,       ,       ,0 LAKEVIEW DR ,10.350000,,,0,1310,POTNLDEV,18800.00,2,1
     13,      1,       ,       ,0 LAKEVIEW DR ,10.350000,,,5,1310,POTNLDEV,129100.00,1,1
     13,      2,       ,       ,33 EAST WILDER RD ,1.500000,,,0,1010,ONE FAM,1400.00,2,1
     13,      2,       ,       ,33 EAST WILDER RD ,1.500000,,,5,1010,ONE FAM,344100.00,1,1
     13,      3,       ,       ,54 EAST WILDER RD ,1.230000,,,0,1010,ONE FAM,500.00,2,1
     13,      3,       ,       ,54 EAST WILDER RD ,1.230000,,,5,1010,ONE FAM,91800.00,1,1
     13,      4,       ,       ,48 EAST WILDER RD,1.020000,,,0,1010,ONE FAM,0.00,2,1
     13,      4,       ,       ,48 EAST WILDER RD,1.020000,,,5,1010,ONE FAM,172100.00,1,1
     13,      5,       ,       ,36 EAST WILDER RD,5.940000,,,0,1010,ONE FAM,5200.00,2,1
     13,      5,       ,       ,36 EAST WILDER RD,5.940000,,,0,1010,ONE FAM,7600.00,3,1
     13,      5,       ,       ,36 EAST WILDER RD,5.940000,,,5,1010,ONE FAM,129100.00,1,1
     13,      6,       ,       ,18 EAST WILDER RD,3.900000,,,0,1010,ONE FAM,2100.00,3,1
     13,      6,       ,       ,18 EAST WILDER RD,3.900000,,,0,1010,ONE FAM,4600.00,2,1
     13,      6,       ,       ,18 EAST WILDER RD,3.900000,,,5,1010,ONE FAM,91800.00,1,1
     14,      1,       ,       ,1 LAKEVIEW DR,0.760000,,,5,1010,ONE FAM,91400.00,1,1
     14,      2,       ,       ,9 LAKEVIEW DR,1.290000,,,0,1010,ONE FAM,800.00,2,1
     14,      2,       ,       ,9 LAKEVIEW DR,1.290000,,,5,1010,ONE FAM,103200.00,1,1
     14,      3,       ,       ,11 LAKEVIEW DR ,1.510000,,,0,1012,ONE FAM W ACC,,1,2
     14,      3,       ,       ,11 LAKEVIEW DR ,1.510000,,,0,1012,ONE FAM W ACC,1500.00,2,1
     14,      3,       ,       ,11 LAKEVIEW DR ,1.510000,,,5,1012,ONE FAM W ACC,143400.00,1,1
     14,      5,       ,       ,10 LAKEVIEW DR,0.680000,,,5,1010,ONE FAM,98900.00,1,1
     14,      6,       ,       ,14 COBURN TER,0.600000,,,5,1010,ONE FAM,94600.00,1,1
     14,      7,       ,       ,10 COBURN TER,0.560000,,,5,1010,ONE FAM,92500.00,1,1
     14,      8,       ,       ,6 COBURN TER ,0.700000,,,5,1010,ONE FAM,99700.00,1,1
     14,      9,       ,       ,4 COBURN TER,0.730000,,,5,1010,ONE FAM,90600.00,1,1
     14,     10,       ,       ,11 COBURN TER ,0.800000,,,5,1010,ONE FAM,102800.00,1,1
     14,     11,       ,       ,6 LAKEVIEW DR,0.800000,,,5,1010,ONE FAM,102800.00,1,1
     14,     12,       ,       ,331 N MAIN ST,0.440000,,,5,1010,ONE FAM,78200.00,1,1
     14,     13,       ,       ,9 COBURN TER,0.620000,,,5,1010,ONE FAM,95600.00,1,1
     14,     14,       ,       ,353 N MAIN ST,0.500000,,,5,1010,ONE FAM,89700.00,1,1
     14,     15,       ,       ,3 EAST WILDER RD ,0.570000,,,5,1010,ONE FAM,93000.00,1,1
     14,     16,       ,       ,5 EAST WILDER RD,0.540000,,,5,1010,ONE FAM,81400.00,1,1
     14,     17,    100,       ,10 EAST WILDER RD,1.340000,,,0,1010,ONE FAM,900.00,2,1
     14,     17,    100,       ,10 EAST WILDER RD,1.340000,,,5,1010,ONE FAM,103200.00,1,1
     14,     17,    200,       ,0 EAST WILDER RD,0.923921,,,5,1300,RES LAND,103100.00,1,1
     14,     17,    300,       ,2 EAST WILDER RD ,1.300000,,,0,1010,ONE FAM,900.00,2,1
     14,     17,    300,       ,2 EAST WILDER RD ,1.300000,,,5,1010,ONE FAM,103200.00,1,1
     14,     18,       ,       ,0 N MAIN ST,0.720000,,,5,1310,POTNLDEV,55700.00,1,1
     14,     19,       ,       ,340 N MAIN ST,0.550000,,,5,1010,ONE FAM,82800.00,1,1
     14,     20,       ,       ,0 N MAIN ST,0.410000,,,5,1320,UNDEV,4800.00,1,1
     14,     21,       ,       ,328 N MAIN ST ,0.390000,,,5,1010,ONE FAM,76100.00,1,1
     14,     22,       ,       ,322 N MAIN ST,1.180000,,,0,1010,ONE FAM,400.00,2,1
     14,     22,       ,       ,322 N MAIN ST,1.180000,,,5,1010,ONE FAM,92900.00,1,1
     14,     23,       ,       ,0 N MAIN ST,1.300000,,,0,9030,MUNICPAL,600.00,2,1
     14,     23,       ,       ,0 N MAIN ST,1.300000,,,C,9030,MUNICPAL,189700.00,1,1
     20,      1,       ,       ,91 ORION  DR ,60.310000,,,0,6210,PINE,2950.00,3,1
     20,      1,       ,       ,91 ORION  DR ,60.310000,,,0,6220,HDWD,2830.00,2,1
     20,      1,       ,       ,91 ORION  DR ,60.310000,,,5,1010,ONE FAM,316400.00,1,1
     20,      2,       ,       ,48 ORION  DR ,4.180000,,,0,1010,ONE FAM,2700.00,2,1
     20,      2,       ,       ,48 ORION  DR ,4.180000,,,5,1010,ONE FAM,180700.00,1,1
     21,      1,       ,       ,215 N MAIN ST,1.069995,,,5,1300,RES LAND,92300.00,1,1
     21,      2,       ,       ,0 N MAIN ST,0.270000,,,C,9010,STATE NH,9900.00,1,1
     21,      3,       ,       ,0 N MAIN ST,0.970000,,,5,1320,UNDEV,10700.00,1,1
     21,      4,       ,       ,249 N MAIN ST ,16.347567,,,5,450C,STATE ED TAX-Comm,712100.00,1,1
     21,      5,       ,       ,276 N MAIN ST,1.130005,,,5,1010,ONE FAM,91600.00,1,1
     21,      6,       ,       ,258 N MAIN ST ,33.110000,,,5,4500,STATE ED TAX,298000.00,1,1
     21,      7,       ,       ,228 N MAIN ST,5.010000,,,0,1010,ONE FAM,300.00,2,1
     21,      7,       ,       ,228 N MAIN ST,5.010000,,,5,1010,ONE FAM,92000.00,1,1
     21,      8,       ,       ,0 N MAIN ST,2.850000,,,5,1310,POTNLDEV,88500.00,1,1
     21,      9,       ,       ,0 N MAIN ST,2.960009,,,5,1310,POTNLDEV,88600.00,1,1
     22,      1,       ,       ,0 N MAIN ST ,438.900000,,,0,9030,MUNICPAL,645400.00,2,1
     22,      1,       ,       ,0 N MAIN ST ,438.900000,,,0,9730,M-OTHER,3680.00,3,1
     22,      1,       ,       ,0 N MAIN ST ,438.900000,,,C,9030,MUNICPAL,1405100.00,1,1
     22,      2,       ,       ,127 LAHAYE DR ,109.190000,,,0,6111,M WP REC,5640.00,2,1
     22,      2,       ,       ,127 LAHAYE DR ,109.190000,,,0,6121,M HDWD REC,1215.00,3,1
     22,      2,       ,       ,127 LAHAYE DR ,109.190000,,,5,6111,M WP REC,75.00,1,1
     24,      1,       ,       ,343 MOUNT SUPPORT RD ,17.700000,,,C,1120,APT 9+UP,204400.00,2,1
     24,      1,       ,       ,343 MOUNT SUPPORT RD ,17.700000,,,C,1120,APT 9+UP,9466000.00,1,1
     24,      1,    100,       ,MOUNT SUPPORT RD ,57.764000,,,8,1310,POTNLDEV,207500.00,1,1
     24,      1,    100,       ,MOUNT SUPPORT RD ,57.764000,,,8,1310,POTNLDEV,830900.00,2,1
     24,      2,       ,       ,401 MOUNT SUPPORT ,53.317000,,,0,1120,APT 9+UP,,1,3
     24,      2,       ,       ,401 MOUNT SUPPORT ,53.317000,,,0,1120,APT 9+UP,,1,4
     24,      2,       ,       ,401 MOUNT SUPPORT ,53.317000,,,0,1120,APT 9+UP,0.00,1,2
     24,      2,       ,       ,401 MOUNT SUPPORT ,53.317000,,,0,3400,OFFICE,,1,5
     24,      2,       ,       ,401 MOUNT SUPPORT ,53.317000,,,0,6111,M WP REC,2740.00,2,5
     24,      2,       ,       ,401 MOUNT SUPPORT ,53.317000,,,0,6121,M HDWD REC,210.00,3,5
     24,      2,       ,       ,401 MOUNT SUPPORT ,53.317000,,,C,1120,APT 9+UP,17008300.00,1,1
     24,      3,       ,       ,419 MOUNT SUPPORT RD,5.300000,,,0,1010,ONE FAM,8100.00,2,1
     24,      3,       ,       ,419 MOUNT SUPPORT RD,5.300000,200,,5,1010,ONE FAM,94800.00,1,1
     24,      4,       ,       ,0 MOUNT SUPPORT RD ,140.300000,,,8,6111,M WP REC,220.00,1,1
     24,      4,       ,       ,0 MOUNT SUPPORT RD ,140.300000,,,8,6111,M WP REC,10160.00,2,1
     24,      5,       ,       ,0 MOUNT SUPPORT RD ,25.970000,,,0,6111,M WP REC,1475.00,2,1
     24,      5,       ,       ,0 MOUNT SUPPORT RD ,25.970000,,,0,6121,M HDWD REC,35.00,3,1
     24,      5,       ,       ,0 MOUNT SUPPORT RD ,25.970000,,,5,6111,M WP REC,200.00,1,1
     24,      6,       ,       ,424 MOUNT SUPPORT RD ,1.810000,,,0,1300,RES LAND,2000.00,2,1
     24,      6,       ,       ,424 MOUNT SUPPORT RD ,1.810000,,,5,1300,RES LAND,94800.00,1,1
     24,      7,       ,       ,420 MOUNT SUPPORT RD ,1.000000,,,5,1110,APT 4-8,99800.00,1,1
     24,      8,       ,       ,0 MOUNT SUPPORT RD ,31.200000,,,0,6111,M WP REC,1800.00,2,1
     24,      8,       ,       ,0 MOUNT SUPPORT RD ,31.200000,,,0,6201,WET REC,150.00,3,1
     24,      8,       ,       ,0 MOUNT SUPPORT RD ,31.200000,,,5,6111,M WP REC,80.00,1,1
     24,      9,       ,       ,402 MOUNT SUPPORT RD ,14.210000,,,C,1120,APT 9+UP,0.00,1,2
     24,      9,       ,       ,402 MOUNT SUPPORT RD ,14.210000,,,C,1120,APT 9+UP,0.00,1,3
     24,      9,       ,       ,402 MOUNT SUPPORT RD ,14.210000,,,C,1120,APT 9+UP,100200.00,2,1
     24,      9,       ,       ,402 MOUNT SUPPORT RD ,14.210000,,,C,3400,OFFICE,0.00,1,4
     24,      9,       ,       ,402 MOUNT SUPPORT RD ,14.210000,,,J,1120,APT 9+UP,9163900.00,1,1
     24,     11,       ,       ,2 TIMBERWOOD DR ,42.630000,,,0,1120,APT 9+UP,,1,2
     24,     11,       ,       ,2 TIMBERWOOD DR ,42.630000,,,0,1120,APT 9+UP,,1,3
     24,     11,       ,       ,2 TIMBERWOOD DR ,42.630000,,,0,1120,APT 9+UP,,1,4
     24,     11,       ,       ,2 TIMBERWOOD DR ,42.630000,,,0,1120,APT 9+UP,,1,5
     24,     11,       ,       ,2 TIMBERWOOD DR ,42.630000,,,0,1120,APT 9+UP,,1,6
     24,     11,       ,       ,2 TIMBERWOOD DR ,42.630000,,,0,3400,OFFICE,,1,7
     24,     11,       ,       ,2 TIMBERWOOD DR ,42.630000,,,8,6201,WET REC,145.00,3,1
     24,     11,       ,       ,2 TIMBERWOOD DR ,42.630000,,,8,6211,WP REC,2575.00,2,1
     24,     11,       ,       ,2 TIMBERWOOD DR ,42.630000,,,C,1120,APT 9+UP,14005400.00,1,1
     24,     12,       ,       ,334 MOUNT SUPPORT RD,0.524931,,,5,1010,ONE FAM,83400.00,1,1
     24,     13,       ,       ,0 MOUNT SUPPORT RD ,41.590000,,,0,6201,WET REC,580.00,2,1
     24,     13,       ,       ,0 MOUNT SUPPORT RD ,41.590000,,,0,6231,OTHER REC,400.00,3,1
     24,     13,       ,       ,0 MOUNT SUPPORT RD ,41.590000,,,5,6201,WET REC,20.00,1,1
     24,     14,       ,       ,260 NH ROUTE 120 ,3.932989,,,0,9090,OPEN SPACE,0.00,1,1
     24,     14,    100,       ,25 FOOTHILL ST ,2.609504,,,C,3000,HOTEL,797100.00,1,1
     24,     14,    200,       ,18 MERCHANT ST ,1.837925,,,C,1120,APT 9+UP,561400.00,1,1
     24,     14,    300,       ,6 MERCHANT ST,1.506198,,,C,4400,IND LAND,276100.00,1,1
     24,     14,    400,       ,15 MERCHANT ST,0.867769,,,C,4400,IND LAND,292000.00,1,1
     24,     14,    500,       ,5 MERCHANT ST,0.830579,,,C,4400,IND LAND,288400.00,1,1
     24,     14,    600,       ,14 MERCHANT ST,2.587695,,,C,4400,IND LAND,316200.00,1,1
     24,     14,    700,       ,0 MERCHANT ,1.659091,,,C,9550,CONDO MSTR,506800.00,1,1
     24,     14,    800,       ,FOOTHILL ST ,0.340450,,,C,9550,CONDO MSTR,226200.00,1,1
     24,     15,       ,       ,0 NH ROUTE 120 ,204.600000,,,0,6121,M HDWD REC,75.00,2,1
     24,     15,       ,       ,0 NH ROUTE 120 ,204.600000,,,0,6121,M HDWD REC,380.00,3,1
     24,     15,       ,       ,0 NH ROUTE 120 ,204.600000,,,0,6121,M HDWD REC,2810.00,4,1
     24,     15,       ,       ,0 NH ROUTE 120 ,204.600000,,,0,6131,M OTHER REC,2800.00,5,1
     24,     15,       ,       ,0 NH ROUTE 120 ,204.600000,,,5,6121,M HDWD REC,75.00,1,1
     24,     16,       ,       ,NH ROUTE 120 ,5.400000,,,0,9090,OPEN SPACE,0.00,1,1
     24,     16,       ,       ,NH ROUTE 120 ,5.400000,,,0,9090,OPEN SPACE,0.00,2,1
     26,      1,       ,       ,42 WOLF RD ,11.100000,,,C,112C,APT 9+UP-Comm,8137600.00,1,1
     26,      1,    100,       ,0 WOLF RD ,20.100000,,,C,9150,CON COMM,48500.00,1,1
     26,      2,       ,       ,67 ETNA RD ,36.660000,,,0,3160,COMMWHSE,,1,2
     26,      2,       ,       ,67 ETNA RD ,36.660000,,,0,6200,WET,25.00,2,2
     26,      2,       ,       ,67 ETNA RD ,36.660000,,,0,6210,PINE,1390.00,4,2
     26,      2,       ,       ,67 ETNA RD ,36.660000,,,0,6220,HDWD,1510.00,3,2
     26,      2,       ,       ,67 ETNA RD ,36.660000,,,C,3400,OFFICE,1521500.00,1,1
     26,      2,    102,       ,69 ETNA RD #102,0.000000,,,5,1020,CONDO,,1,1
     26,      2,    104,       ,69 ETNA RD #104,0.000000,,,5,1020,CONDO,,1,1
     26,      2,    106,       ,69 ETNA RD #106,0.000000,,,5,1020,CONDO,,1,1
     26,      2,    107,       ,69 ETNA RD #107,0.000000,,,5,1020,CONDO,,1,1
     26,      2,    108,       ,69 ETNA RD 108,0.000000,,,5,1020,CONDO,,1,1
     26,      2,    109,       ,69 ETNA RD #109,0.000000,,,5,1020,CONDO,,1,1
     26,      2,    110,       ,69 ETNA RD #110,0.000000,,,5,1020,CONDO,,1,1
     26,      2,    111,       ,69 ETNA RD #111,0.000000,,,5,1020,CONDO,,1,1
     26,      2,    112,       ,69 ETNA RD #112,0.000000,,,5,1020,CONDO,,1,1
     26,      2,    113,       ,69 ETNA RD #113,0.000000,,,5,1020,CONDO,,1,1
     26,      2,    114,       ,69 ETNA RD #114,0.000000,,,5,1020,CONDO,,1,1
     26,      2,    115,       ,69 ETNA RD #115,0.000000,,,5,1020,CONDO,,1,1
     26,      2,    116,       ,69 ETNA RD #116,0.000000,,,5,1020,CONDO,,1,1
     26,      2,    117,       ,69 ETNA RD #117,0.000000,,,5,1020,CONDO,,1,1
     26,      2,    118,       ,69 ETNA RD #118,0.000000,,,5,1020,CONDO,,1,1
     26,      2,    119,       ,69 ETNA RD #119,0.000000,,,5,1020,CONDO,,1,1
     26,      2,    120,       ,69 ETNA RD #120,0.000000,,,5,1020,CONDO,,1,1
     26,      2,    121,       ,69 ETNA RD #121,0.000000,,,5,1020,CONDO,,1,1
     26,      2,    201,       ,69 ETNA RD #201,0.000000,,,5,1020,CONDO,,1,1
     26,      2,    202,       ,69 ETNA RD #202,0.000000,,,5,1020,CONDO,,1,1
     26,      2,    203,       ,69 ETNA RD #203,0.000000,,,5,1020,CONDO,,1,1
     26,      2,    204,       ,69 ETNA RD #204,0.000000,,,5,1020,CONDO,,1,1
     26,      2,    205,       ,69 ETNA RD #205,0.000000,,,5,1020,CONDO,,1,1
     26,      2,    206,       ,69 ETNA RD #206,0.000000,,,5,1020,CONDO,,1,1
     26,      2,    207,       ,69 ETNA RD #207,0.000000,,,5,1020,CONDO,,1,1
     26,      2,    208,       ,69 ETNA RD #208,0.000000,,,5,1020,CONDO,,1,1
     26,      2,    209,       ,69 ETNA RD #209,0.000000,,,5,1020,CONDO,,1,1
     26,      2,    210,       ,69 ETNA RD #210,0.000000,,,5,1020,CONDO,,1,1
     26,      2,    211,       ,69 ETNA RD #211,0.000000,,,5,1020,CONDO,,1,1
     26,      2,    212,       ,69 ETNA RD #212,0.000000,,,5,1020,CONDO,,1,1
     26,      2,    213,       ,69 ETNA RD #213,0.000000,,,5,1020,CONDO,,1,1
     26,      2,    214,       ,69 ETNA RD #214,0.000000,,,5,1020,CONDO,,1,1
     26,      2,    215,       ,69 ETNA RD #215,0.000000,,,5,1020,CONDO,,1,1
     26,      2,    216,       ,69 ETNA RD #216,0.000000,,,5,1020,CONDO,,1,1
     26,      2,    217,       ,69 ETNA RD #217,0.000000,,,5,1020,CONDO,,1,1
     26,      2,    218,       ,69 ETNA RD #218,0.000000,,,5,1020,CONDO,,1,1
     26,      2,    219,       ,69 ETNA RD #219,0.000000,,,5,1020,CONDO,,1,1
     26,      2,    220,       ,69 ETNA RD #220,0.000000,,,5,1020,CONDO,,1,1
     26,      2,    221,       ,69 ETNA RD #221,0.000000,,,5,1020,CONDO,,1,1
     26,      2,    301,       ,69 ETNA RD #301,0.000000,,,5,1020,CONDO,,1,1
     26,      2,    302,       ,69 ETNA RD #302,0.000000,,,5,1020,CONDO,,1,1
     26,      2,    303,       ,69 ETNA RD #303,0.000000,,,5,1020,CONDO,,1,1
     26,      2,    304,       ,69 ETNA RD #304,0.000000,,,5,1020,CONDO,,1,1
     26,      2,    305,       ,69 ETNA RD #305,0.000000,,,5,1020,CONDO,,1,1
     26,      2,    306,       ,69 ETNA RD #306,0.000000,,,5,1020,CONDO,,1,1
     26,      2,    307,       ,69 ETNA RD #307,0.000000,,,5,1020,CONDO,,1,1
     26,      2,    308,       ,69 ETNA RD #308,0.000000,,,5,1020,CONDO,,1,1
     26,      2,    309,       ,69 ETNA RD #309,0.000000,,,5,1020,CONDO,,1,1
     26,      2,    310,       ,69 ETNA RD #310,0.000000,,,5,1020,CONDO,,1,1
     26,      2,    311,       ,69 ETNA RD #311,0.000000,,,5,1020,CONDO,,1,1
     26,      2,    312,       ,69 ETNA RD #312,0.000000,,,5,1020,CONDO,,1,1
     26,      2,    313,       ,69 ETNA RD #313,0.000000,,,5,1020,CONDO,,1,1
     26,      2,    314,       ,69 ETNA RD #314,0.000000,,,5,1020,CONDO,,1,1
     26,      2,    315,       ,69 ETNA RD #315,0.000000,,,5,1020,CONDO,,1,1
     26,      2,    316,       ,69 ETNA RD #316,0.000000,,,5,1020,CONDO,,1,1
     26,      2,    317,       ,69 ETNA RD #317,0.000000,,,5,1020,CONDO,,1,1
     26,      2,    318,       ,69 ETNA RD #318,0.000000,,,5,1020,CONDO,,1,1
     26,      2,    319,       ,69 ETNA RD #319,0.000000,,,5,1020,CONDO,,1,1
     26,      2,    320,       ,69 ETNA RD #320,0.000000,,,5,1020,CONDO,,1,1
     26,      2,    321,       ,69 ETNA RD #321,0.000000,,,5,1020,CONDO,,1,1
     26,      2,    401,       ,69 ETNA RD #401,0.000000,,,5,1020,CONDO,,1,1
     26,      2,    402,       ,69 ETNA RD #402,0.000000,,,5,1020,CONDO,,1,1
     26,      2,    403,       ,69 ETNA RD #403,0.000000,,,5,1020,CONDO,,1,1
     26,      2,    404,       ,69 ETNA RD #404,0.000000,,,5,1020,CONDO,,1,1
     26,      2,    405,       ,69 ETNA RD #405,0.000000,,,5,1020,CONDO,,1,1
     26,      2,    406,       ,69 ETNA RD #406,0.000000,,,5,1020,CONDO,,1,1
     26,      2,    407,       ,69 ETNA RD #407,0.000000,,,5,1020,CONDO,,1,1
     26,      2,    408,       ,69 ETNA RD #408,0.000000,,,5,1020,CONDO,,1,1
     26,      2,    409,       ,69 ETNA RD #409,0.000000,,,5,1020,CONDO,,1,1
     26,      2,    410,       ,69 ETNA RD #410,0.000000,,,5,1020,CONDO,,1,1
     26,      2,    411,       ,69 ETNA RD #411,0.000000,,,5,1020,CONDO,,1,1
     26,      2,    412,       ,69 ETNA RD #412,0.000000,,,5,1020,CONDO,,1,1
     26,      2,    413,       ,69 ETNA RD #413,0.000000,,,5,1020,CONDO,,1,1
     26,      2,    414,       ,69 ETNA RD #414,0.000000,,,5,1020,CONDO,,1,1
     26,      2,    415,       ,69 ETNA RD #415,0.000000,,,5,1020,CONDO,,1,1
     26,      2,   MAIN,       ,69 ETNA RD ,4.960000,,,C,9550,CONDO MSTR,1212100.00,1,1
     26,      3,       ,       ,109 ETNA RD ,4.680000,,,0,4000,FACTORY,6000.00,2,1
     26,      3,       ,       ,109 ETNA RD ,4.680000,,,C,4000,FACTORY,806400.00,1,1
     26,      4,       ,       ,115 ETNA RD,2.640000,,,0,3400,OFFICE,2000.00,2,1
     26,      4,       ,       ,115 ETNA RD,2.640000,,,C,3400,OFFICE,403200.00,1,1
     26,      5,       ,       ,0 ETNA RD,2.640000,,,0,4400,IND LAND,600.00,3,1
     26,      5,       ,       ,0 ETNA RD,2.640000,,,0,4400,IND LAND,4300.00,2,1
     26,      5,       ,       ,0 ETNA RD,2.640000,,,C,4400,IND LAND,268800.00,1,1
     26,      6,       ,       ,125 ETNA RD ,9.300000,,,0,3160,COMMWHSE,18900.00,2,1
     26,      6,       ,       ,125 ETNA RD ,9.300000,,,C,3160,COMMWHSE,1075200.00,1,1
     26,      7,       ,       ,0 ETNA RD ,34.000000,,,0,6101,UNPROD REC,230.00,3,1
     26,      7,       ,       ,0 ETNA RD ,34.000000,,,0,6221,HDWD REC,1215.00,2,1
     26,      7,       ,       ,0 ETNA RD ,34.000000,,,5,6221,HDWD REC,190.00,1,1
     26,      8,       ,       ,0 ETNA RD ,60.800000,,,0,6101,UNPROD REC,20.00,3,1
     26,      8,       ,       ,0 ETNA RD ,60.800000,,,0,6201,WET REC,305.00,2,1
     26,      8,       ,       ,0 ETNA RD ,60.800000,,,0,6221,HDWD REC,1865.00,4,1
     26,      8,       ,       ,0 ETNA RD ,60.800000,,,5,6221,HDWD REC,155.00,1,1
     26,      9,       ,       ,145 ETNA RD,0.380000,,,5,1010,ONE FAM,65800.00,1,1
     26,     10,       ,       ,147 ETNA RD,0.610000,,,5,1010,ONE FAM,70700.00,1,1
     26,     11,       ,       ,159 ETNA RD,0.830000,,,5,1010,ONE FAM,85000.00,1,1
     26,     12,       ,       ,163 ETNA RD,0.650000,,,5,1010,ONE FAM,80400.00,1,1
     26,     13,       ,       ,152 ETNA RD ,2.350000,,,5,1010,ONE FAM,72100.00,1,1
     26,     14,       ,       ,138 ETNA RD,3.260000,,,0,901C,STATE NH-Comm,500.00,2,1
     26,     14,       ,       ,138 ETNA RD,3.260000,,,C,901C,STATE NH-Comm,659800.00,1,1
     26,     15,       ,       ,134 ETNA RD ,2.110009,,,5,1010,ONE FAM,72300.00,1,1
     26,     16,       ,       ,128 ETNA RD,1.110009,,,5,1010,ONE FAM,64400.00,1,1
     26,     17,       ,       ,0 ETNA RD ,182.000000,,,0,1310,POTNLDEV,82400.00,3,1
     26,     17,       ,       ,0 ETNA RD ,182.000000,,,0,3910,POTNLDEV,13900.00,2,1
     26,     17,       ,       ,0 ETNA RD ,182.000000,,,0,3910,POTNLDEV,1141400.00,1,1
     26,     17,       ,       ,0 ETNA RD ,182.000000,,,0,6111,M WP REC,2000.00,5,1
     26,     17,       ,       ,0 ETNA RD ,182.000000,,,0,6121,M HDWD REC,1520.00,4,1
     26,     17,       ,       ,0 ETNA RD ,182.000000,,,0,6131,M OTHER REC,95.00,6,1
     26,     17,       ,       ,0 ETNA RD ,182.000000,,,0,6131,M OTHER REC,1930.00,7,1
     26,     17,       ,       ,0 ETNA RD ,182.000000,,,0,6201,WET REC,230.00,8,1
     26,     18,       ,       ,112 ETNA RD ,5.580000,,,0,3400,OFFICE,4600.00,2,1
     26,     18,       ,       ,112 ETNA RD ,5.580000,,,C,3400,OFFICE,806400.00,1,1
     26,     19,       ,       ,104 ETNA RD,3.100000,,,0,3160,COMMWHSE,2000.00,2,1
     26,     19,       ,       ,104 ETNA RD,3.100000,,,C,3160,COMMWHSE,537600.00,1,1
     26,     20,       ,       ,100 ETNA RD ,4.000000,,,0,3160,COMMWHSE,9700.00,2,1
     26,     20,       ,       ,100 ETNA RD ,4.000000,,,C,3160,COMMWHSE,672000.00,1,1
     26,     22,    100,       ,92 ETNA RD,4.330000,,,0,4010,IND WHSE,2400.00,2,1
     26,     22,    100,       ,92 ETNA RD,4.330000,,,C,4010,IND WHSE,806400.00,1,1
     26,     22,    200,       ,90 ETNA RD ,4.000000,,,0,354C,TRANSPOR-Comm,,1,2
     26,     22,    200,       ,90 ETNA RD ,4.000000,,,0,354C,TRANSPOR-Comm,1800.00,3,1
     26,     22,    200,       ,90 ETNA RD ,4.000000,,,0,354C,TRANSPOR-Comm,10700.00,2,1
     26,     22,    200,       ,90 ETNA RD ,4.000000,,,C,354C,TRANSPOR-Comm,403200.00,1,1
     26,     23,       ,       ,88 ETNA RD ,4.010000,,,0,4020,IND OFC,3600.00,2,1
     26,     23,       ,       ,88 ETNA RD ,4.010000,,,C,4020,IND OFC,537600.00,1,1
     26,     24,       ,       ,82 ETNA RD,4.000000,,,0,316C,COMMWHSE-Comm,3600.00,3,1
     26,     24,       ,       ,82 ETNA RD,4.000000,,,0,316C,COMMWHSE-Comm,7200.00,2,1
     26,     24,       ,       ,82 ETNA RD,4.000000,,,C,316C,COMMWHSE-Comm,268800.00,1,1
     26,     25,       ,       ,156 ETNA RD,5.000000,,,0,1010,ONE FAM,2300.00,2,1
     26,     25,       ,       ,156 ETNA RD,5.000000,,,5,1010,ONE FAM,62600.00,1,1
     26,     26,       ,       ,160 ETNA RD ,5.000000,,,0,1010,ONE FAM,2300.00,2,1
     26,     26,       ,       ,160 ETNA RD ,5.000000,,,5,1010,ONE FAM,59300.00,1,1
     26,     27,       ,       ,0 NH ROUTE 120,8.200000,,,0,9030,MUNICPAL,5000.00,2,1
     26,     27,       ,       ,0 NH ROUTE 120,8.200000,,,0,9030,MUNICPAL,9100.00,3,1
     26,     27,       ,       ,0 NH ROUTE 120,8.200000,,,C,9030,MUNICPAL,244400.00,1,1
     28,      1,       ,       ,161 ALDEN RD ,3.700000,,,0,1010,ONE FAM,2000.00,2,1
     28,      1,       ,       ,161 ALDEN RD ,3.700000,,,5,1010,ONE FAM,120200.00,1,1
     28,      2,       ,       ,0 STEVENS RD ,217.000000,,,0,9030,MUNICPAL,492200.00,2,1
     28,      2,       ,       ,0 STEVENS RD ,217.000000,,,C,9030,MUNICPAL,948500.00,1,1
     28,      3,       ,       ,127 STEVENS RD,3.480000,,,0,1010,ONE FAM,1400.00,2,1
     28,      3,       ,       ,127 STEVENS RD,3.480000,,,5,1010,ONE FAM,120200.00,1,1
     28,      4,       ,       ,143 STEVENS RD ,15.500000,,,0,6230,OTHER,690.00,2,1
     28,      4,       ,       ,143 STEVENS RD ,15.500000,,,5,1010,ONE FAM,120200.00,1,1
     28,      5,    100,       ,0 STEVENS RD,4.470000,,,0,1300,RES LAND,3800.00,2,1
     28,      5,    100,       ,0 STEVENS RD,4.470000,,,5,1300,RES LAND,120200.00,1,1
     28,      5,    101,       ,161 STEVENS RD,4.470000,,,0,1010,ONE FAM,2100.00,2,1
     28,      5,    101,       ,161 STEVENS RD,4.470000,,,5,1010,ONE FAM,120200.00,1,1
     28,      5,    200,       ,169 STEVENS RD,7.520000,,,0,1010,ONE FAM,10400.00,2,1
     28,      5,    200,       ,169 STEVENS RD,7.520000,,,5,1010,ONE FAM,120200.00,1,1
     28,      5,    300,       ,173 STEVENS RD,5.160000,,,0,1010,ONE FAM,3100.00,2,1
     28,      5,    300,       ,173 STEVENS RD,5.160000,,,5,1010,ONE FAM,120200.00,1,1
     28,      5,    400,       ,177 STEVENS RD ,5.070000,,,0,1010,ONE FAM,900.00,2,1
     28,      5,    400,       ,177 STEVENS RD ,5.070000,,,5,1010,ONE FAM,120200.00,1,1
     28,      5,    500,       ,181 STEVENS RD,5.090000,,,0,1010,ONE FAM,1200.00,2,1
     28,      5,    500,       ,181 STEVENS RD,5.090000,,,5,1010,ONE FAM,120200.00,1,1
     28,      7,       ,       ,0 STEVENS RD,8.910000,,,0,6230,OTHER,325.00,2,1
     28,      7,       ,       ,0 STEVENS RD,8.910000,,,5,6230,OTHER,165.00,1,1
     28,      8,       ,       ,166 STEVENS RD ,7.460000,,,0,1010,ONE FAM,,1,2
     28,      8,       ,       ,166 STEVENS RD ,7.460000,,,0,1010,ONE FAM,11500.00,2,1
     28,      8,       ,       ,166 STEVENS RD ,7.460000,,,5,1010,ONE FAM,243500.00,1,1
     28,      9,       ,       ,80 STEVENS RD ,20.020000,,,0,6001,FARM REC,275.00,2,1
     28,      9,       ,       ,80 STEVENS RD ,20.020000,,,0,6201,WET REC,140.00,3,1
     28,      9,       ,       ,80 STEVENS RD ,20.020000,,,0,6231,OTHER REC,360.00,4,1
     28,      9,       ,       ,80 STEVENS RD ,20.020000,,,9,6001,FARM REC,540.00,1,1
     28,     10,       ,       ,158 STEVENS RD ,19.400000,,,0,1400,DIS. EASEMENT,100.00,1,2
     28,     10,       ,       ,158 STEVENS RD ,19.400000,,,0,6000,FARM,4355.00,2,1
     28,     10,       ,       ,158 STEVENS RD ,19.400000,,,0,6230,OTHER,165.00,3,1
     28,     10,       ,       ,158 STEVENS RD ,19.400000,,,5,1010,ONE FAM,150700.00,1,1
     28,     11,       ,       ,150 STEVENS RD,5.750000,,,0,1010,ONE FAM,7100.00,2,1
     28,     11,       ,       ,150 STEVENS RD,5.750000,,,5,1010,ONE FAM,180300.00,1,1
     28,     12,       ,       ,142 STEVENS RD ,6.310000,,,0,6000,FARM,535.00,2,1
     28,     12,       ,       ,142 STEVENS RD ,6.310000,,,0,6220,HDWD,325.00,3,1
     28,     12,       ,       ,142 STEVENS RD ,6.310000,,,5,1010,ONE FAM,59800.00,1,1
     28,     13,    100,       ,0 STEVENS RD ,6.670000,,,0,6001,FARM REC,130.00,2,1
     28,     13,    100,       ,0 STEVENS RD ,6.670000,,,0,6221,HDWD REC,220.00,3,1
     28,     13,    100,       ,0 STEVENS RD ,6.670000,,,5,6001,FARM REC,780.00,1,1
     28,     13,    200,       ,134 STEVENS RD ,13.010005,,,0,6001,FARM REC,930.00,2,1
     28,     13,    200,       ,134 STEVENS RD ,13.010005,,,0,6221,HDWD REC,610.00,3,1
     28,     13,    200,       ,134 STEVENS RD ,13.010005,,,5,1010,ONE FAM,111800.00,1,1
     28,     14,       ,       ,0 STEVENS RD ,22.760000,,,0,6000,FARM,115.00,2,1
     28,     14,       ,       ,0 STEVENS RD ,22.760000,,,0,6200,WET,85.00,4,1
     28,     14,       ,       ,0 STEVENS RD ,22.760000,,,0,6230,OTHER,645.00,3,1
     28,     14,       ,       ,0 STEVENS RD ,22.760000,,,5,6000,FARM,675.00,1,1
     28,     15,       ,       ,154 ALDEN RD ,13.000000,,,0,6001,FARM REC,1530.00,2,1
     28,     15,       ,       ,154 ALDEN RD ,13.000000,,,0,6211,WP REC,610.00,4,1
     28,     15,       ,       ,154 ALDEN RD ,13.000000,,,0,6231,OTHER REC,120.00,3,1
     28,     15,       ,       ,154 ALDEN RD ,13.000000,,,5,1010,ONE FAM,200800.00,1,1
     28,     16,       ,       ,31 EAGLE RIDGE DR ,8.740000,,,0,1010,ONE FAM,13100.00,2,1
     28,     16,       ,       ,31 EAGLE RIDGE DR ,8.740000,,,5,1010,ONE FAM,226000.00,1,1
     28,     17,       ,       ,35 EAGLE RIDGE DR ,9.710000,,,0,1010,ONE FAM,15300.00,2,1
     28,     17,       ,       ,35 EAGLE RIDGE DR ,9.710000,,,5,1010,ONE FAM,226000.00,1,1
     28,     18,       ,       ,39 EAGLE RIDGE DR ,79.210000,,,0,1010,ONE FAM,13600.00,2,1
     28,     18,       ,       ,39 EAGLE RIDGE DR ,79.210000,,,0,6221,HDWD REC,4750.00,3,1
     28,     18,       ,       ,39 EAGLE RIDGE DR ,79.210000,,,5,1010,ONE FAM,214100.00,1,1
     28,     19,       ,       ,43 EAGLE RIDGE DR ,5.950000,,,0,1010,ONE FAM,7700.00,2,1
     28,     19,       ,       ,43 EAGLE RIDGE DR ,5.950000,,,5,1010,ONE FAM,271800.00,1,1
     28,     20,       ,       ,47 EAGLE RIDGE DR,2.469995,,,5,1010,ONE FAM,358200.00,1,1
     28,     21,       ,       ,49 EAGLE RIDGE DR ,2.439991,,,5,1010,ONE FAM,338600.00,1,1
     28,     22,       ,       ,53 EAGLE RIDGE DR ,13.990000,,,0,1010,ONE FAM,600.00,2,1
     28,     22,       ,       ,53 EAGLE RIDGE DR ,13.990000,,,0,6230,OTHER,410.00,3,1
     28,     22,       ,       ,53 EAGLE RIDGE DR ,13.990000,,,5,1010,ONE FAM,305800.00,1,1
     28,     23,       ,       ,0 EAGLE RIDGE DR ,8.450000,,,5,1320,UNDEV,11700.00,1,1
     30,      1,       ,       ,215 HARDY HILL RD,3.010000,,,0,1010,ONE FAM,0.00,2,1
     30,      1,       ,       ,215 HARDY HILL RD,3.010000,,,5,1010,ONE FAM,120200.00,1,1
     30,      1,    100,       ,219 HARDY HILL RD,8.200000,,,0,1010,ONE FAM,13500.00,2,1
     30,      1,    100,       ,219 HARDY HILL RD,8.200000,,,5,1010,ONE FAM,120200.00,1,1
     30,      2,       ,       ,225 HARDY HILL RD,8.300000,,,0,1010,ONE FAM,13700.00,2,1
     30,      2,       ,       ,225 HARDY HILL RD,8.300000,,,5,1010,ONE FAM,120200.00,1,1
     30,      3,       ,       ,229 HARDY HILL RD ,11.500000,,,0,6210,PINE,790.00,3,1
     30,      3,       ,       ,229 HARDY HILL RD ,11.500000,,,0,6220,HDWD,190.00,2,1
     30,      3,       ,       ,229 HARDY HILL RD ,11.500000,,,0,6230,OTHER,55.00,4,1
     30,      3,       ,       ,229 HARDY HILL RD ,11.500000,,,5,1010,ONE FAM,148100.00,1,1
     30,      4,       ,       ,0 HARDY HILL RD,7.500000,,,0,1060,OUT BLDS,11600.00,2,1
     30,      4,       ,       ,0 HARDY HILL RD,7.500000,,,5,1060,OUT BLDS,120200.00,1,1
     30,      5,       ,       ,0 HARDY HILL RD ,7.300000,,,0,6230,OTHER,140.00,2,1
     30,      5,       ,       ,0 HARDY HILL RD ,7.300000,,,5,6230,OTHER,125.00,1,1
     30,      6,       ,       ,0 HARDY HILL RD,7.200000,,,0,6200,WET,40.00,3,1
     30,      6,       ,       ,0 HARDY HILL RD,7.200000,,,0,6230,OTHER,105.00,2,1
     30,      6,       ,       ,0 HARDY HILL RD,7.200000,,,5,6230,OTHER,125.00,1,1
     30,      7,       ,       ,251 HARDY HILL RD ,28.790000,,,0,6200,WET,25.00,4,1
     30,      7,       ,       ,251 HARDY HILL RD ,28.790000,,,0,6220,HDWD,1720.00,3,1
     30,      7,       ,       ,251 HARDY HILL RD ,28.790000,,,0,6230,OTHER,135.00,2,1
     30,      7,       ,       ,251 HARDY HILL RD ,28.790000,,,5,1010,ONE FAM,120200.00,1,1
     30,      8,       ,       ,250 HARDY HILL RD ,2.100000,,,5,1010,ONE FAM,122000.00,1,1
     30,      9,       ,       ,8 BLUEBERRY HILL DR,2.100000,,,5,1010,ONE FAM,122000.00,1,1
     30,     10,       ,       ,246 HARDY HILL RD,2.800000,,,5,1010,ONE FAM,120600.00,1,1
     30,     11,       ,       ,240 HARDY HILL RD,3.800000,,,0,1010,ONE FAM,2100.00,2,1
     30,     11,       ,       ,240 HARDY HILL RD,3.800000,,,5,1010,ONE FAM,120200.00,1,1
     30,     12,       ,       ,236 HARDY HILL RD ,3.400000,,,0,1010,ONE FAM,1000.00,2,1
     30,     12,       ,       ,236 HARDY HILL RD ,3.400000,,,5,1010,ONE FAM,120200.00,1,1
     30,     13,       ,       ,228 HARDY HILL RD,3.000000,,,5,1010,ONE FAM,120200.00,1,1
     30,     14,       ,       ,224 HARDY HILL RD ,2.600000,,,5,1010,ONE FAM,121000.00,1,1
     30,     15,       ,       ,218 HARDY HILL RD,2.100000,,,5,1010,ONE FAM,115900.00,1,1
     30,     16,       ,       ,214 HARDY HILL RD,3.420000,,,0,1010,ONE FAM,1100.00,2,1
     30,     16,       ,       ,214 HARDY HILL RD,3.420000,,,5,1010,ONE FAM,108200.00,1,1
     30,     17,       ,       ,0 BROOK RD,1.560009,,,C,9030,MUNICPAL,21900.00,1,1
     30,     18,       ,       ,12 BLUEBERRY HILL DR ,3.500000,,,0,1010,ONE FAM,1300.00,2,1
     30,     18,       ,       ,12 BLUEBERRY HILL DR ,3.500000,,,5,1010,ONE FAM,120200.00,1,1
     30,     19,       ,       ,43 BLUEBERRY HILL DR,5.230000,,,0,1010,ONE FAM,3600.00,2,1
     30,     19,       ,       ,43 BLUEBERRY HILL DR,5.230000,,,5,1010,ONE FAM,108700.00,1,1
     30,     20,       ,       ,0 BLUEBERRY HILL DR ,0.419995,,,5,1320,UNDEV,2700.00,1,1
     30,     21,       ,       ,60 WESTVIEW LN ,2.180005,,,5,1010,ONE FAM,137800.00,1,1
     30,     22,       ,       ,54 WESTVIEW LN ,2.519995,,,5,1010,ONE FAM,137000.00,1,1
     30,     23,       ,       ,48 WESTVIEW LN,2.189991,,,5,1010,ONE FAM,124300.00,1,1
     30,     24,       ,       ,40 WESTVIEW LN ,2.060009,,,5,1010,ONE FAM,137700.00,1,1
     30,     25,       ,       ,36 WESTVIEW LN,2.389991,,,5,1010,ONE FAM,137300.00,1,1
     30,     26,       ,       ,32 WESTVIEW LN ,2.080005,,,5,1010,ONE FAM,138000.00,1,1
     30,     27,       ,       ,28 WESTVIEW LN,6.020023,,,0,1010,ONE FAM,13100.00,2,1
     30,     27,       ,       ,28 WESTVIEW LN,6.020023,,,5,1010,ONE FAM,96700.00,1,1
     30,     28,       ,       ,24 WESTVIEW LN,2.019995,,,5,1010,ONE FAM,131200.00,1,1
     30,     29,       ,       ,20 WESTVIEW LN,2.010009,,,5,1010,ONE FAM,138200.00,1,1
     30,     30,       ,       ,10 WESTVIEW LN,2.019995,,,5,1010,ONE FAM,138100.00,1,1
     30,     31,       ,       ,2 WESTVIEW LN,2.019995,,,5,1010,ONE FAM,138100.00,1,1
     30,     32,       ,       ,0 BLUEBERRY HILL DR,2.169995,,,5,1300,RES LAND,137800.00,1,1
     30,     33,       ,       ,7 WESTVIEW LN,2.119995,,,5,1010,ONE FAM,131000.00,1,1
     30,     34,       ,       ,9 WESTVIEW LN,2.100000,,,5,1010,ONE FAM,137900.00,1,1
     30,     35,       ,       ,15 WESTVIEW LN,2.000000,,,5,1010,ONE FAM,138200.00,1,1
     30,     36,       ,       ,23 WESTVIEW LN,2.000000,,,5,1010,ONE FAM,138200.00,1,1
     30,     37,       ,       ,31 WESTVIEW LN,2.010009,,,5,1010,ONE FAM,138200.00,1,1
     30,     38,       ,       ,39 WESTVIEW LN ,1.989991,,,5,1010,ONE FAM,138100.00,1,1
     30,     39,       ,       ,47 WESTVIEW LN ,2.239991,,,5,1010,ONE FAM,137600.00,1,1
     30,     40,       ,       ,55 WESTVIEW LN ,2.130005,,,5,1010,ONE FAM,137900.00,1,1
     30,     41,       ,       ,54 BLUEBERRY HILL DR,2.469995,,,5,1010,ONE FAM,137100.00,1,1
     30,     42,       ,       ,11 BLUEBERRY MDW,5.200000,,,0,1010,ONE FAM,7200.00,2,1
     30,     42,       ,       ,11 BLUEBERRY MDW,5.200000,,,5,1010,ONE FAM,135900.00,1,1
     30,     43,       ,       ,19 BLUEBERRY MDW ,5.000000,,,0,1010,ONE FAM,6500.00,2,1
     30,     43,       ,       ,19 BLUEBERRY MDW ,5.000000,,,5,1010,ONE FAM,135900.00,1,1
     30,     44,       ,       ,20 BLUEBERRY MDW,3.300000,,,0,1010,ONE FAM,1000.00,2,1
     30,     44,       ,       ,20 BLUEBERRY MDW,3.300000,,,5,1010,ONE FAM,135900.00,1,1
     30,     45,       ,       ,16 BLUEBERRY MDW,4.880000,,,0,1010,ONE FAM,6100.00,2,1
     30,     45,       ,       ,16 BLUEBERRY MDW,4.880000,,,5,1010,ONE FAM,135900.00,1,1
     30,     46,       ,       ,8 BLUEBERRY MDW ,3.010000,,,0,1010,ONE FAM,0.00,2,1
     30,     46,       ,       ,8 BLUEBERRY MDW ,3.010000,,,5,1010,ONE FAM,135900.00,1,1
     30,     47,       ,       ,36 BLUEBERRY HILL DR,2.000000,,,5,1010,ONE FAM,138200.00,1,1
     30,     48,       ,       ,30 BLUEBERRY HILL DR ,1.989991,,,5,1010,ONE FAM,138100.00,1,1
     30,     49,       ,       ,22 BLUEBERRY HILL DR,2.310009,,,5,1010,ONE FAM,137500.00,1,1
     30,     50,       ,       ,40 BROOK RD ,2.680005,,,5,1010,ONE FAM,120900.00,1,1
     30,     51,       ,       ,20 BROOK RD,2.950000,,,5,1010,ONE FAM,114300.00,1,1
     37,      1,       ,       ,21 BASSY ST,0.510000,,,5,1010,ONE FAM,87100.00,1,1
     37,      2,       ,       ,26 BASSY ST,0.950000,,,5,1010,ONE FAM,99700.00,1,1
     37,      3,       ,       ,77 ETNA RD ,4.220000,,,0,3400,OFFICE,3600.00,2,1
     37,      3,       ,       ,77 ETNA RD ,4.220000,,,0,3400,OFFICE,7900.00,3,1
     37,      3,       ,       ,77 ETNA RD ,4.220000,,,C,3400,OFFICE,403200.00,1,1
     37,      4,       ,       ,85 ETNA RD,9.590000,,,0,4000,FACTORY,10900.00,2,1
     37,      4,       ,       ,85 ETNA RD,9.590000,,,C,4000,FACTORY,940800.00,1,1
     37,      5,       ,       ,93 ETNA RD,6.970000,,,0,3160,COMMWHSE,8000.00,2,1
     37,      5,       ,       ,93 ETNA RD,6.970000,,,C,3160,COMMWHSE,672000.00,1,1
     37,      7,       ,       ,101 ETNA RD ,18.400000,,,0,4000,FACTORY,24000.00,2,1
     37,      7,       ,       ,101 ETNA RD ,18.400000,,,C,4000,FACTORY,1344000.00,1,1
     44,      1,       ,       ,0 CRAFTS AVE ,0.360009,,,C,9010,STATE NH,2400.00,1,1
     44,      2,       ,       ,0 CRAFTS AVE,1.539991,,,C,9010,STATE NH,4300.00,1,1
     44,      3,       ,       ,0 RIVER PARK DR ,6.020000,,,0,9090,OPEN SPACE,15800.00,2,1
     44,      3,       ,       ,0 RIVER PARK DR ,6.020000,,,0,9090,OPEN SPACE,47700.00,3,1
     44,      3,       ,       ,0 RIVER PARK DR ,6.020000,,,5,9090,OPEN SPACE,129700.00,1,1
     44,      4,       ,       ,185 N MAIN ST,0.770000,,,C,3250,STORE,260000.00,1,1
     44,      5,       ,       ,187 N MAIN ST,0.590000,,,5,1010,ONE FAM,94000.00,1,1
     44,      6,       ,       ,193 N MAIN ST ,0.980000,,,5,1060,OUT BLDS,103200.00,1,1
     44,      7,       ,       ,197 N MAIN ST ,1.554000,,,0,1060,OUT BLDS,1400.00,2,1
     44,      7,       ,       ,197 N MAIN ST ,1.554000,,,5,1060,OUT BLDS,91800.00,1,1
     44,      8,       ,       ,0 N MAIN ST,2.000000,,,C,9010,STATE NH,5600.00,1,1
     44,      9,       ,       ,203 N MAIN ST,0.810000,,,5,1300,RES LAND,92600.00,1,1
     44,     10,       ,       ,209 N MAIN ST,1.080005,,,5,1010,ONE FAM,92400.00,1,1
     44,     11,       ,       ,211 N MAIN ST,0.710000,,,5,1010,ONE FAM,90000.00,1,1
     44,     12,       ,       ,208 N MAIN ST,1.189991,,,5,1010,ONE FAM,86800.00,1,1
     44,     13,       ,       ,0 N MAIN ST,7.982000,,,0,1310,POTNLDEV,18100.00,2,1
     44,     13,       ,       ,0 N MAIN ST,7.982000,,,5,1310,POTNLDEV,92900.00,1,1
     44,     14,       ,       ,198 N MAIN ST,5.700000,,,0,1010,ONE FAM,5200.00,2,1
     44,     14,       ,       ,198 N MAIN ST,5.700000,,,0,1010,ONE FAM,7000.00,3,1
     44,     14,       ,       ,198 N MAIN ST,5.700000,,,5,1010,ONE FAM,92900.00,1,1
     44,     15,       ,       ,0 N MAIN ST,0.410000,,,5,1320,UNDEV,4800.00,1,1
     44,     16,       ,       ,194 N MAIN ST,0.610000,,,5,1010,ONE FAM,76100.00,1,1
     44,     17,       ,       ,192 N MAIN ST,0.510000,,,5,1010,ONE FAM,72100.00,1,1
     44,     18,       ,       ,190 N MAIN ST,0.480000,,,5,1010,ONE FAM,79900.00,1,1
     44,     19,       ,       ,0 N MAIN ST ,422.600000,,,0,6111,M WP REC,10330.00,2,1
     44,     19,       ,       ,0 N MAIN ST ,422.600000,,,0,6121,M HDWD REC,10640.00,3,1
     44,     19,       ,       ,0 N MAIN ST ,422.600000,,,5,6111,M WP REC,220.00,1,1
     44,     19,    100,       ,1 STILLWATER DR ,0.159550,,,5,1010,ONE FAM,77400.00,1,1
     44,     19,    200,       ,5 STILLWATER DR,0.131382,,,5,1010,ONE FAM,75700.00,1,1
     44,     19,    300,       ,6 STILLWATER DR,0.164256,,,5,1010,ONE FAM,77600.00,1,1
     44,     19,    400,       ,2 STILLWATER DR,0.175689,,,5,1010,ONE FAM,78300.00,1,1
     44,     19,    500,       ,23 FOUNTAIN WAY,0.219743,,,5,1010,ONE FAM,80800.00,1,1
     44,     19,    600,       ,27 FOUNTAIN WAY,0.213453,,,5,1010,ONE FAM,80500.00,1,1
     44,     19,    700,       ,47 APPLE BLOSSOM DR ,0.280923,,,5,1010,ONE FAM,86000.00,1,1
     44,     19,    800,       ,51 APPLE BLOSSOM DR,0.165702,,,5,1010,ONE FAM,97100.00,1,1
     44,     19,    900,       ,55 APPLE BLOSSOM DR,0.184458,,,5,1010,ONE FAM,98500.00,1,1
     44,     19,   1000,       ,59 APPLE BLOSSOM DR,0.182392,,,5,1010,ONE FAM,98300.00,1,1
     44,     19,   1100,       ,61 APPLE BLOSSOM DR,0.178168,,,5,1010,ONE FAM,78400.00,1,1
     44,     19,   1200,       ,65 APPLE BLOSSOM DR,0.194720,,,5,1010,ONE FAM,99200.00,1,1
     44,     19,   1300,       ,69 APPLE BLOSSOM DR,0.182094,,,5,1010,ONE FAM,98300.00,1,1
     44,     19,   1400,       ,73 APPLE BLOSSOM DR ,0.162466,,,5,1010,ONE FAM,96900.00,1,1
     44,     19,   1500,       ,75 APPLE BLOSSOM DR,0.185698,,,5,1010,ONE FAM,78900.00,1,1
     44,     19,   1600,       ,79 APPLE BLOSSOM DR,0.212902,,,5,1010,ONE FAM,80500.00,1,1
     44,     19,   1700,       ,81 APPLE BLOSSOM DR,0.197842,,,5,1010,ONE FAM,99500.00,1,1
     44,     19,   1800,       ,82 APPLE BLOSSOM DR,0.160721,,,5,1010,ONE FAM,77400.00,1,1
     44,     19,   1900,       ,78 APPLE BLOSSOM DR,0.175781,,,5,1010,ONE FAM,78300.00,1,1
     44,     19,   2000,       ,74 APPLE BLOSSOM DR,0.183104,,,5,1010,ONE FAM,63000.00,1,1
     44,     19,   2100,       ,72 APPLE BLOSSOM DR,0.167057,,,5,1010,ONE FAM,77800.00,1,1
     44,     19,   2200,       ,68 APPLE BLOSSOM DR,0.258747,,,5,1010,ONE FAM,84000.00,1,1
     44,     19,   2300,       ,44 APPLE BLOSSOM DR ,0.310354,,,5,1010,ONE FAM,88600.00,1,1
     44,     19,   2400,       ,42 APPLE BLOSSOM DR,0.167608,,,5,1010,ONE FAM,77800.00,1,1
     44,     19,   2501,       ,38 APPLE BLOSSOM DR,0.265381,,,5,1010,ONE FAM,84600.00,1,1
     44,     19,   2502,       ,36 APPLE BLOSSOM DR,0.264578,,,5,1010,ONE FAM,84500.00,1,1
     44,     19,   2600,       ,30 APPLE BLOSSOM DR ,0.181152,,,5,1010,ONE FAM,78600.00,1,1
     44,     19,   2700,       ,28 APPLE BLOSSOM DR,0.177135,,,5,1010,ONE FAM,78400.00,1,1
     44,     19,   2800,       ,24 APPLE BLOSSOM DR,0.169031,,,5,1010,ONE FAM,77900.00,1,1
     44,     19,   2900,       ,22 APPLE BLOSSOM DR,0.162259,,,5,1010,ONE FAM,77500.00,1,1
     44,     19,   3000,       ,20 APPLE BLOSSOM DR,0.150895,,,5,1010,ONE FAM,76800.00,1,1
     44,     19,   3100,       ,16 APPLE BLOSSOM DR,0.154936,,,5,1010,ONE FAM,77100.00,1,1
     44,     19,   3200,       ,14 APPLE BLOSSOM DR,0.161180,,,5,1010,ONE FAM,77400.00,1,1
     44,     19,   3300,       ,12 APPLE BLOSSOM DR,0.164348,,,5,1010,ONE FAM,77600.00,1,1
     44,     19,   3400,       ,8 APPLE BLOSSOM DR,0.136524,,,5,1010,ONE FAM,76000.00,1,1
     44,     19,   3500,       ,6 APPLE BLOSSOM DR,0.098898,,,5,1010,ONE FAM,73600.00,1,1
     44,     19,   3600,       ,2 APPLE BLOSSOM DR,0.130647,,,5,1010,ONE FAM,75700.00,1,1
     44,     19,   3700,       ,9 APPLE BLOSSOM DR,0.269720,,,5,1010,ONE FAM,85000.00,1,1
     44,     19,   3800,       ,13 APPLE BLOSSOM DR,0.161387,,,5,1010,ONE FAM,77500.00,1,1
     44,     19,   3900,       ,15 APPLE BLOSSOM DR ,0.155624,,,5,1010,ONE FAM,77100.00,1,1
     44,     19,   4000,       ,19 APPLE BLOSSOM DR ,0.157369,,,5,1010,ONE FAM,77200.00,1,1
     44,     19,   4100,       ,21 APPLE BLOSSOM DR ,0.174793,,,5,1010,ONE FAM,78200.00,1,1
     44,     19,   4200,       ,25 APPLE BLOSSOM DR,0.193549,,,5,1010,ONE FAM,79300.00,1,1
     44,     19,   4300,       ,29 APPLE BLOSSOM DR,0.280533,,,5,1010,ONE FAM,85900.00,1,1
     44,     19,   4400,       ,38 FOUNTAIN WAY,0.235308,,,5,1010,ONE FAM,81900.00,1,1
     44,     19,   4500,       ,36 FOUNTAIN WAY,0.175000,,,5,1010,ONE FAM,78200.00,1,1
     44,     19,   4600,       ,32 FOUNTAIN WAY,0.179729,,,5,1010,ONE FAM,78500.00,1,1
     44,     19,   4700,       ,28 FOUNTAIN WAY,0.178765,,,5,1010,ONE FAM,78500.00,1,1
     44,     19,   4800,       ,26 FOUNTAIN WAY,0.176033,,,5,1010,ONE FAM,78300.00,1,1
     44,     19,   4900,       ,24 FOUNTAIN WAY ,0.189509,,,5,1010,ONE FAM,79100.00,1,1
     44,     19,   5000,       ,20 FOUNTAIN WAY,0.188567,,,5,1010,ONE FAM,79000.00,1,1
     44,     19,   5100,       ,16 FOUNTAIN WAY,0.156405,,,5,1010,ONE FAM,77200.00,1,1
     44,     19,   5200,       ,14 FOUNTAIN WAY,0.153581,,,5,1010,ONE FAM,77000.00,1,1
     44,     19,   5300,       ,10 FOUNTAIN WAY,0.178191,,,5,1010,ONE FAM,78400.00,1,1
     44,     19,   5400,       ,120 MAPLE ST ,1.720000,,,0,905V,CHARITABLE-Vac,2300.00,2,1
     44,     19,   5400,       ,120 MAPLE ST ,1.720000,,,C,905V,CHARITABLE-Vac,317700.00,1,1
     44,     19,   5500,       ,0 FOUNTAIN WAY ,0.336800,,,C,9090,OPEN SPACE,207400.00,1,1
     44,     19,   5600,       ,0 APPLE BLOSSOM DR ,47.310000,,,0,9090,OPEN SPACE,0.00,1,1
     44,     19,   5600,       ,0 APPLE BLOSSOM DR ,47.310000,,,0,9090,OPEN SPACE,0.00,2,1
     44,     19,   5700,       ,0 N MAIN ST ,1.300000,,,0,9090,OPEN SPACE,0.00,1,1
     44,     19,   5700,       ,0 N MAIN ST ,1.300000,,,0,9090,OPEN SPACE,0.00,2,1
     44,     20,       ,       ,40 CRAFTS HILL RD ,27.590000,,,0,1040,2 FAMILY,7800.00,2,1
     44,     20,       ,       ,40 CRAFTS HILL RD ,27.590000,,,0,6220,HDWD,1805.00,3,1
     44,     20,       ,       ,40 CRAFTS HILL RD ,27.590000,,,5,1040,2 FAMILY,194500.00,1,1
     44,     20,    100,       ,5 CRAFTS HILL RD ,10.100000,,,0,1010,ONE FAM,6500.00,2,1
     44,     20,    100,       ,5 CRAFTS HILL RD ,10.100000,,,0,1010,ONE FAM,23100.00,3,1
     44,     20,    100,       ,5 CRAFTS HILL RD ,10.100000,,,5,1010,ONE FAM,129700.00,1,1
     44,     21,       ,       ,0 RIVER PARK DR ,1.466900,,,0,3900,DEV LAND,4600.00,2,1
     44,     21,       ,       ,0 RIVER PARK DR ,1.466900,,,5,3900,DEV LAND,149600.00,1,1
     44,     22,       ,       ,0 RIVER PARK DR ,2.011000,,,0,6000,FARM,225.00,2,1
     44,     22,       ,       ,0 RIVER PARK DR ,2.011000,,,5,6000,FARM,225.00,1,1
     44,     23,       ,       ,0 RIVER PARK DR,6.971800,,,0,6000,FARM,325.00,1,1
     44,     23,       ,       ,0 RIVER PARK DR,6.971800,,,0,6000,FARM,810.00,2,1
     44,     23,       ,       ,0 RIVER PARK DR,6.971800,,,0,6230,OTHER,145.00,3,1
     44,     24,       ,       ,0 RIVER PARK DR ,2.033600,,,0,6000,FARM,235.00,2,1
     44,     24,       ,       ,0 RIVER PARK DR ,2.033600,,,5,6000,FARM,325.00,1,1
     44,     25,       ,       ,0 RIVER PARK DR ,2.069500,,,0,6230,OTHER,45.00,2,1
     44,     25,       ,       ,0 RIVER PARK DR ,2.069500,,,C,4410,POTNLDEV,94100.00,1,1
     44,     26,       ,       ,RIVER PARK DR ,4.516900,,,0,1300,RES LAND,5100.00,2,1
     44,     26,       ,       ,RIVER PARK DR ,4.516900,,,5,1300,RES LAND,58400.00,1,1
     44,     27,       ,       ,0 RIVER PARK DR,1.712900,,,0,6000,FARM,230.00,2,1
     44,     27,       ,       ,0 RIVER PARK DR,1.712900,,,5,6000,FARM,325.00,1,1
     44,     28,       ,       ,0 RIVER PARK DR ,1.704700,,,0,9090,OPEN SPACE,0.00,1,1
     44,     28,       ,       ,0 RIVER PARK DR ,1.704700,,,0,9090,OPEN SPACE,0.00,2,1
     44,     29,       ,       ,0 RIVER PARK DR ,1.241243,,,0,6000,FARM,365.00,2,1
     44,     29,       ,       ,0 RIVER PARK DR ,1.241243,,,5,3920,UNDV-COM,97900.00,1,1
     44,     30,       ,       ,0 RIVER PARK DR ,2.252165,,,0,9550,CONDO MSTR,800.00,2,1
     44,     30,       ,       ,0 RIVER PARK DR ,2.252165,,,0,9730,M-OTHER,20.00,3,1
     44,     30,       ,       ,0 RIVER PARK DR ,2.252165,,,0,9730,M-OTHER,20.00,4,1
     44,     30,       ,       ,0 RIVER PARK DR ,2.252165,,,C,9550,CONDO MSTR,75800.00,1,1
     46,      1,       ,       ,81-83 CRAFTS HILL RD ,10.860000,,,0,433C,RAD/TV TWR-Comm,19100.00,2,1
     46,      1,       ,       ,81-83 CRAFTS HILL RD ,10.860000,,,0,433C,RAD/TV TWR-Comm,1100000.00,3,1
     46,      1,       ,       ,81-83 CRAFTS HILL RD ,10.860000,,,C,433C,RAD/TV TWR-Comm,281000.00,1,1
     46,      2,       ,       ,79 CRAFTS HILL RD ,2.019995,,,C,4300,TEL XSTA,275000.00,1,1
     48,      1,       ,       ,0 HANOVER ST EXT ,101.000000,,,0,1300,RES LAND,200000.00,2,1
     48,      1,       ,       ,0 HANOVER ST EXT ,101.000000,,,5,1300,RES LAND,94800.00,1,1
     48,      2,       ,       ,0 HANOVER ST EXT,26.000000,,,0,1300,RES LAND,3800.00,2,1
     48,      2,       ,       ,0 HANOVER ST EXT,26.000000,,,0,1300,RES LAND,43100.00,3,1
     48,      2,       ,       ,0 HANOVER ST EXT,26.000000,,,5,1300,RES LAND,109000.00,1,1
     48,      3,       ,       ,166 HANOVER ST EXT ,1.300000,,,C,3400,OFFICE,603600.00,1,1
     48,      4,       ,       ,174 HANOVER ST EXT ,6.500000,,,0,4000,FACTORY,22200.00,1,2
     48,      4,       ,       ,174 HANOVER ST EXT ,6.500000,,,C,4000,FACTORY,733100.00,1,1
     48,      5,       ,       ,190 HANOVER ST EXT ,0.660000,,,C,3400,OFFICE,433000.00,1,1
     48,      6,       ,       ,194 HANOVER ST EXT,0.795455,,,5,1010,ONE FAM,108300.00,1,1
     48,      7,       ,       ,200 HANOVER ST EXT ,0.312144,110,,5,1010,ONE FAM,84300.00,1,1
     48,      7,    100,       ,HANOVER ST EXT ,0.259412,86,,5,1300,RES LAND,75700.00,1,1
     48,      7,    200,       ,HANOVER ST EXT ,0.581864,273,,5,1300,RES LAND,93600.00,1,1
     48,      9,       ,       ,325 MOUNT SUPPORT RD,4.330000,,,0,3400,OFFICE,2500.00,2,1
     48,      9,       ,       ,325 MOUNT SUPPORT RD,4.330000,,,0,3400,OFFICE,3400.00,3,1
     48,      9,       ,       ,325 MOUNT SUPPORT RD,4.330000,,,C,3400,OFFICE,366600.00,1,1
     48,     10,       ,       ,0 MOUNT SUPPORT RD ,20.010000,,,0,6231,OTHER REC,800.00,1,1
     48,     11,       ,       ,337 MOUNT SUPPORT RD ,4.819995,,,C,9550,CONDO MSTR,0.00,1,1
     48,     11,    101,       ,337 MOUNT SUPPORT RD #101,0.000000,,,5,1020,CONDO,,1,1
     48,     11,    102,       ,337 MOUNT SUPPORT RD #102,0.000000,,,5,1020,CONDO,,1,1
     48,     11,    103,       ,337 MOUNT SUPPORT RD 103,0.000000,,,5,1020,CONDO,,1,1
     48,     11,    104,       ,337 MOUNT SUPPORT RD #104,0.000000,,,5,1020,CONDO,,1,1
     48,     11,    105,       ,337 MOUNT SUPPORT RD #105,0.000000,,,5,1020,CONDO,,1,1
     48,     11,    106,       ,337 MOUNT SUPPORT RD 106,0.000000,,,5,1020,CONDO,,1,1
     48,     11,    201,       ,337 MOUNT SUPPORT RD 201,0.000000,,,5,1020,CONDO,,1,1
     48,     11,    202,       ,337 MOUNT SUPPORT RD #202,0.000000,,,5,1020,CONDO,,1,1
     48,     11,    203,       ,337 MOUNT SUPPORT RD 203,0.000000,,,5,1020,CONDO,,1,1
     48,     11,    204,       ,337 MOUNT SUPPORT RD #204,0.000000,,,5,1020,CONDO,,1,1
     48,     11,    205,       ,337 MOUNT SUPPORT RD 205,0.000000,,,5,1020,CONDO,,1,1
     48,     11,    206,       ,337 MOUNT SUPPORT RD 206,0.000000,,,5,1020,CONDO,,1,1
     48,     11,    301,       ,337 MOUNT SUPPORT RD 301,0.000000,,,5,1020,CONDO,,1,1
     48,     11,    302,       ,337 MOUNT SUPPORT RD 302,0.000000,,,5,1020,CONDO,,1,1
     48,     11,    303,       ,337 MOUNT SUPPORT RD 303,0.000000,,,5,1020,CONDO,,1,1
     48,     11,    304,       ,337 MOUNT SUPPORT RD #304,0.000000,,,5,1020,CONDO,,1,1
     48,     11,    305,       ,337 MOUNT SUPPORT RD 305,0.000000,,,5,1020,CONDO,,1,1
     48,     11,    306,       ,337 MOUNT SUPPORT RD #306,0.000000,,,5,1020,CONDO,,1,1
     48,     11,    307,       ,337 MOUNT SUPPORT RD 307,0.000000,,,5,1020,CONDO,,1,1
     48,     11,    401,       ,337 MOUNT SUPPORT RD 401,0.000000,,,5,1020,CONDO,,1,1
     48,     11,    402,       ,337 MOUNT SUPPORT RD #402,0.000000,,,5,1020,CONDO,,1,1
     48,     11,    403,       ,337 MOUNT SUPPORT RD 403,0.000000,,,5,1020,CONDO,,1,1
     48,     11,    404,       ,337 MOUNT SUPPORT RD #404,0.000000,,,5,1020,CONDO,,1,1
     48,     11,    405,       ,337 MOUNT SUPPORT RD 405,0.000000,,,5,1020,CONDO,,1,1
     48,     11,    406,       ,337 MOUNT SUPPORT RD 406,0.000000,,,5,1020,CONDO,,1,1
     48,     11,    501,       ,337 MOUNT SUPPORT RD 501,0.000000,,,5,1020,CONDO,,1,1
     48,     11,    502,       ,337 MOUNT SUPPORT RD 502,0.000000,,,5,1020,CONDO,,1,1
     48,     11,    503,       ,337 MOUNT SUPPORT RD 503,0.000000,,,5,1020,CONDO,,1,1
     48,     11,    504,       ,337 MOUNT SUPPORT RD 504,0.000000,,,5,1020,CONDO,,1,1
     48,     11,    505,       ,337 MOUNT SUPPORT RD #505,0.000000,,,5,1020,CONDO,,1,1
     48,     11,    601,       ,337 MOUNT SUPPORT RD 601,0.000000,,,5,1020,CONDO,,1,1
     48,     11,    602,       ,337 MOUNT SUPPORT RD #602,0.000000,,,5,1020,CONDO,,1,1
     48,     11,    603,       ,337 MOUNT SUPPORT RD 603,0.000000,,,5,1020,CONDO,,1,1
     48,     11,    604,       ,337 MOUNT SUPPORT RD 604,0.000000,,,5,1020,CONDO,,1,1
     48,     11,    605,       ,337 MOUNT SUPPORT RD 605,0.000000,,,5,1020,CONDO,,1,1
     48,     11,    701,       ,337 MOUNT SUPPORT RD #701,0.000000,,,5,1020,CONDO,,1,1
     48,     11,    702,       ,337 MOUNT SUPPORT RD #702,0.000000,,,5,1020,CONDO,,1,1
     48,     11,    703,       ,337 MOUNT SUPPORT RD #703,0.000000,,,5,1020,CONDO,,1,1
     48,     11,    704,       ,337 MOUNT SUPPORT RD 704,0.000000,,,5,1020,CONDO,,1,1
     49,      1,       ,       ,8 DARTMOUTH AVE ,1.650000,,,0,1010,ONE FAM,1600.00,2,1
     49,      1,       ,       ,8 DARTMOUTH AVE ,1.650000,,,5,1010,ONE FAM,99800.00,1,1
     49,      2,       ,       ,10 DARTMOUTH AVE ,0.240000,,,5,1010,ONE FAM,71600.00,1,1
     49,      3,       ,       ,20 DARTMOUTH AVE,0.210000,,,5,1010,ONE FAM,69800.00,1,1
     49,      4,       ,       ,22 DARTMOUTH AVE,0.233012,,,5,1010,ONE FAM,71100.00,1,1
     49,      4,    100,       ,24 DARTMOUTH AVE,0.234160,,,5,1010,ONE FAM,71200.00,1,1
     49,      5,       ,       ,36 DARTMOUTH AVE,0.340680,,,5,1010,ONE FAM,79400.00,1,1
     49,      5,    200,       ,0 DARTMOUTH AVE,0.348485,,,5,1300,RES LAND,79800.00,1,1
     49,      6,       ,       ,38 DARTMOUTH AVE,0.230000,,,5,1010,ONE FAM,70800.00,1,1
     49,      7,       ,       ,0 DARTMOUTH AVE,1.400000,,,0,3250,STORE,900.00,2,1
     49,      7,       ,       ,0 DARTMOUTH AVE,1.400000,,,5,3250,STORE,99800.00,1,1
     49,      8,       ,       ,54 DARTMOUTH AVE,0.610000,,,5,1010,ONE FAM,91900.00,1,1
     49,      9,       ,       ,53 DARTMOUTH AVE,0.300000,,,5,1010,ONE FAM,76200.00,1,1
     49,     10,       ,       ,49 DARTMOUTH AVE ,0.210000,,,5,1010,ONE FAM,69800.00,1,1
     49,     11,       ,       ,0 DARTMOUTH AVE,0.500000,,,5,1300,RES LAND,86700.00,1,1
     49,     12,       ,       ,33 DARTMOUTH AVE,0.270000,,,5,1010,ONE FAM,73900.00,1,1
     49,     13,       ,       ,31 DARTMOUTH AVE,0.250000,,,5,1010,ONE FAM,72400.00,1,1
     49,     14,       ,       ,29 DARTMOUTH AVE,0.450000,,,5,1010,ONE FAM,84400.00,1,1
     49,     15,       ,       ,19 DARTMOUTH AVE ,0.530000,,,5,1010,ONE FAM,88000.00,1,1
     49,     16,       ,       ,7 DARTMOUTH AVE,0.344353,,,5,1300,RES LAND,79700.00,1,1
     49,     17,       ,       ,1 DARTMOUTH AVE ,0.230000,,,5,1010,ONE FAM,67300.00,1,1
     49,     18,       ,       ,260 HANOVER ST EXT,0.447084,,,5,1010,ONE FAM,80100.00,1,1
     49,     20,       ,       ,268 HANOVER ST EXT,0.484848,,,5,1010,ONE FAM,81700.00,1,1
     49,     22,       ,       ,270 HANOVER ST ,0.320000,,,5,1300,RES LAND,73900.00,1,1
     49,     23,       ,       ,272 HANOVER ST EXT ,0.770000,,,0,1012,ONE FAM W ACC,,1,2
     49,     23,       ,       ,272 HANOVER ST EXT ,0.770000,,,5,1012,ONE FAM W ACC,93500.00,1,1
     49,     25,       ,       ,290 HANOVER ST EXT,0.600000,,,5,1010,ONE FAM,82500.00,1,1
     49,     26,       ,       ,300 HANOVER ST EXT,0.260000,,,5,1010,ONE FAM,69500.00,1,1
     49,     27,       ,       ,304 HANOVER ST EXT ,0.400000,,,5,1010,ONE FAM,78100.00,1,1
     49,     28,       ,       ,0 MOUNT SUPPORT RD,0.482094,,,5,1300,RES LAND,85900.00,1,1
     49,     29,       ,       ,1 MEMORIAL DR,0.596878,,,5,1010,ONE FAM,86600.00,1,1
     50,      1,       ,       ,273 HEATER RD ,0.170000,,,5,1040,2 FAMILY,64400.00,1,1
     50,      2,       ,       ,271 HANOVER ST EXT,0.270000,,,5,1010,ONE FAM,66700.00,1,1
     50,      3,       ,       ,269 HANOVER ST EXT,0.890000,,,5,1040,2 FAMILY,94600.00,1,1
     50,      4,       ,       ,15 MEMORIAL DR,0.640000,,,5,1010,ONE FAM,93500.00,1,1
     50,      5,       ,       ,5 BASSY ST ,0.540000,,,5,1010,ONE FAM,88500.00,1,1
     50,      6,       ,       ,9 BASSY ST,0.460000,,,5,1010,ONE FAM,84900.00,1,1
     50,      7,       ,       ,13 BASSY ST,0.460000,,,5,1010,ONE FAM,84900.00,1,1
     50,      8,       ,       ,17 BASSY ST ,0.460000,,,5,1010,ONE FAM,84900.00,1,1
     50,      9,       ,       ,16 BASSY ST,0.890000,,,5,1010,ONE FAM,99600.00,1,1
     50,     10,       ,       ,8 BASSY ST,0.330000,,,5,1010,ONE FAM,78500.00,1,1
     50,     11,       ,       ,1 BASSY ST,0.340000,,,5,1010,ONE FAM,79300.00,1,1
     50,     12,       ,       ,35 WOLF RD,0.290000,,,5,1010,ONE FAM,75500.00,1,1
     50,     13,       ,       ,37 WOLF RD ,0.290000,,,5,1010,ONE FAM,67900.00,1,1
     50,     14,       ,       ,40 WOLF RD ,5.300000,,,0,9550,CONDO MSTR,960000.00,2,1
     50,     14,       ,       ,40 WOLF RD ,5.300000,,,C,9550,CONDO MSTR,1295200.00,1,1
     50,     14,   1101,       ,40 WOLF RD 11,0.000000,,,5,1020,CONDO,,1,1
     50,     14,   1201,       ,40 WOLF RD 12,0.000000,,,5,1020,CONDO,,1,1
     50,     14,   1301,       ,40 WOLF RD 13,0.000000,,,5,1020,CONDO,,1,1
     50,     14,   1401,       ,40 WOLF RD 14,0.000000,,,5,1020,CONDO,,1,1
     50,     14,   1501,       ,40 WOLF RD 15,0.000000,,,5,1020,CONDO,,1,1
     50,     14,   1601,       ,40 WOLF RD #16,0.000000,,,5,1020,CONDO,,1,1
     50,     14,   2102,       ,40 WOLF RD 21,0.000000,,,5,1020,CONDO,,1,1
     50,     14,   2202,       ,40 WOLF RD 22,0.000000,,,5,1020,CONDO,,1,1
     50,     14,   2302,       ,40 WOLF RD 23,0.000000,,,5,1020,CONDO,,1,1
     50,     14,   2402,       ,40 WOLF RD #24,0.000000,,,5,1020,CONDO,,1,1
     50,     14,   3103,       ,40 WOLF RD 31,0.000000,,,5,1020,CONDO,,1,1
     50,     14,   3203,       ,40 WOLF RD 32,0.000000,,,5,1020,CONDO,,1,1
     50,     14,   3303,       ,40 WOLF RD 33,0.000000,,,5,1020,CONDO,,1,1
     50,     14,   3403,       ,40 WOLF RD 34,0.000000,,,5,1020,CONDO,,1,1
     50,     14,   4104,       ,40 WOLF RD #41,0.000000,,,5,1020,CONDO,,1,1
     50,     14,   4204,       ,40 WOLF RD 42,0.000000,,,5,1020,CONDO,,1,1
     50,     14,   4304,       ,40 WOLF RD 43,0.000000,,,5,1020,CONDO,,1,1
     50,     14,   4404,       ,40 WOLF RD 44,0.000000,,,5,1020,CONDO,,1,1
     50,     14,   4504,       ,40 WOLF RD 45,0.000000,,,5,1020,CONDO,,1,1
     50,     14,   4604,       ,40 WOLF RD 46,0.000000,,,5,1020,CONDO,,1,1
     50,     14,   5105,       ,40 WOLF RD 51,0.000000,,,5,1020,CONDO,,1,1
     50,     14,   5205,       ,40 WOLF RD 52,0.000000,,,5,1020,CONDO,,1,1
     50,     14,   5305,       ,40 WOLF RD 53,0.000000,,,5,1020,CONDO,,1,1
     50,     14,   5405,       ,40 WOLF RD 54,0.000000,,,5,1020,CONDO,,1,1
     50,     15,       ,       ,30 WOLF RD ,4.900000,,,C,9550,CONDO MSTR,0.00,1,1
     50,     15,  10101,       ,30 WOLF RD 101,0.000000,,,5,1020,CONDO,,1,1
     50,     15,  10201,       ,30 WOLF RD 102,0.000000,,,5,1020,CONDO,,1,1
     50,     15,  10301,       ,30 WOLF RD 103,0.000000,,,5,1020,CONDO,,1,1
     50,     15,  10401,       ,30 WOLF RD #104,0.000000,,,5,1020,CONDO,,1,1
     50,     15,  10501,       ,30 WOLF RD 105,0.000000,,,5,1020,CONDO,,1,1
     50,     15,  11101,       ,30 WOLF RD 111,0.000000,,,5,1020,CONDO,,1,1
     50,     15,  11201,       ,30 WOLF RD 112,0.000000,,,5,1020,CONDO,,1,1
     50,     15,  11301,       ,30 WOLF RD 113,0.000000,,,5,1020,CONDO,,1,1
     50,     15,  11401,       ,30 WOLF RD 114,0.000000,,,5,1020,CONDO,,1,1
     50,     15,  11501,       ,30 WOLF RD 115,0.000000,,,5,1020,CONDO,,1,1
     50,     15,  20102,       ,30 WOLF RD #201,0.000000,,,5,1020,CONDO,,1,1
     50,     15,  20202,       ,30 WOLF RD 202,0.000000,,,5,1020,CONDO,,1,1
     50,     15,  20302,       ,30 WOLF RD #203,0.000000,,,5,1020,CONDO,,1,1
     50,     15,  20402,       ,30 WOLF RD 204,0.000000,,,5,1020,CONDO,,1,1
     50,     15,  20502,       ,30 WOLF RD 205,0.000000,,,5,1020,CONDO,,1,1
     50,     15,  21102,       ,30 WOLF RD 211,0.000000,,,5,1020,CONDO,,1,1
     50,     15,  21202,       ,30 WOLF RD 212,0.000000,,,5,1020,CONDO,,1,1
     50,     15,  21302,       ,30 WOLF RD 213,0.000000,,,5,1020,CONDO,,1,1
     50,     15,  21402,       ,30 WOLF RD 214,0.000000,,,5,1020,CONDO,,1,1
     50,     15,  21502,       ,30 WOLF RD 215,0.000000,,,5,1020,CONDO,,1,1
     50,     15,  30103,       ,30 WOLF RD 301,0.000000,,,5,1020,CONDO,,1,1
     50,     15,  30203,       ,30 WOLF RD 302,0.000000,,,5,1020,CONDO,,1,1
     50,     15,  30303,       ,30 WOLF RD 303,0.000000,,,5,1020,CONDO,,1,1
     50,     15,  30403,       ,30 WOLF RD 304,0.000000,,,5,1020,CONDO,,1,1
     50,     15,  30503,       ,30 WOLF RD 305,0.000000,,,5,1020,CONDO,,1,1
     50,     15,  31103,       ,30 WOLF RD 311,0.000000,,,5,1020,CONDO,,1,1
     50,     15,  31203,       ,30 WOLF RD 312,0.000000,,,5,1020,CONDO,,1,1
     50,     15,  31303,       ,30 WOLF RD 313,0.000000,,,5,1020,CONDO,,1,1
     50,     15,  31403,       ,30 WOLF RD 314,0.000000,,,5,1020,CONDO,,1,1
     50,     15,  31503,       ,30 WOLF RD 315,0.000000,,,5,1020,CONDO,,1,1
     50,     15,  40104,       ,30 WOLF RD 401,0.000000,,,5,1020,CONDO,,1,1
     50,     15,  40204,       ,30 WOLF RD 402,0.000000,,,5,1020,CONDO,,1,1
     50,     15,  40304,       ,30 WOLF RD 403,0.000000,,,5,1020,CONDO,,1,1
     50,     15,  40404,       ,30 WOLF RD 404,0.000000,,,5,1020,CONDO,,1,1
     50,     15,  40504,       ,30 WOLF RD 405,0.000000,,,5,1020,CONDO,,1,1
     50,     15,  41104,       ,30 WOLF RD 411,0.000000,,,5,1020,CONDO,,1,1
     50,     15,  41204,       ,30 WOLF RD #412,0.000000,,,5,1020,CONDO,,1,1
     50,     15,  41304,       ,30 WOLF RD #413,0.000000,,,5,1020,CONDO,,1,1
     50,     15,  41404,       ,30 WOLF RD 414,0.000000,,,5,1020,CONDO,,1,1
     50,     15,  41504,       ,30 WOLF RD 415,0.000000,,,5,1020,CONDO,,1,1
     50,     15,  50105,       ,30 WOLF RD #501,0.000000,,,5,1020,CONDO,,1,1
     50,     15,  50205,       ,30 WOLF RD 502,0.000000,,,5,1020,CONDO,,1,1
     50,     15,  50305,       ,30 WOLF RD #503,0.000000,,,5,1020,CONDO,,1,1
     50,     15,  50405,       ,30 WOLF RD 504,0.000000,,,5,1020,CONDO,,1,1
     50,     15,  50505,       ,30 WOLF RD 505,0.000000,,,5,1020,CONDO,,1,1
     50,     15,  51105,       ,30 WOLF RD 511,0.000000,,,5,1020,CONDO,,1,1
     50,     15,  51205,       ,30 WOLF RD 512,0.000000,,,5,1020,CONDO,,1,1
     50,     15,  51305,       ,30 WOLF RD 513,0.000000,,,5,1020,CONDO,,1,1
     50,     15,  51405,       ,30 WOLF RD #514,0.000000,,,5,1020,CONDO,,1,1
     50,     15,  51505,       ,30 WOLF RD 515,0.000000,,,5,1020,CONDO,,1,1
     50,     15,  60106,       ,30 WOLF RD 601,0.000000,,,5,1020,CONDO,,1,1
     50,     15,  60206,       ,30 WOLF RD #602,0.000000,,,5,1020,CONDO,,1,1
     50,     15,  60306,       ,30 WOLF RD #603,0.000000,,,5,1020,CONDO,,1,1
     50,     15,  60406,       ,30 WOLF RD #604,0.000000,,,5,1020,CONDO,,1,1
     50,     15,  60506,       ,30 WOLF RD 605,0.000000,,,5,1020,CONDO,,1,1
     50,     15,  61106,       ,30 WOLF RD 611,0.000000,,,5,1020,CONDO,,1,1
     50,     15,  61206,       ,30 WOLF RD 612,0.000000,,,5,1020,CONDO,,1,1
     50,     15,  61306,       ,30 WOLF RD 613,0.000000,,,5,1020,CONDO,,1,1
     50,     15,  61406,       ,30 WOLF RD #614,0.000000,,,5,1020,CONDO,,1,1
     50,     15,  61506,       ,30 WOLF RD 615,0.000000,,,5,1020,CONDO,,1,1
     50,     15,  70107,       ,30 WOLF RD #701,0.000000,,,5,1020,CONDO,,1,1
     50,     15,  70207,       ,30 WOLF RD 702,0.000000,,,5,1020,CONDO,,1,1
     50,     15,  70307,       ,30 WOLF RD 703,0.000000,,,5,1020,CONDO,,1,1
     50,     15,  70407,       ,30 WOLF RD 704,0.000000,,,5,1020,CONDO,,1,1
     50,     15,  70507,       ,30 WOLF RD 705,0.000000,,,5,1020,CONDO,,1,1
     50,     15,  71107,       ,30 WOLF RD 711,0.000000,,,5,1020,CONDO,,1,1
     50,     15,  71207,       ,30 WOLF RD 712,0.000000,,,5,1020,CONDO,,1,1
     50,     15,  71307,       ,30 WOLF RD 713,0.000000,,,5,1020,CONDO,,1,1
     50,     15,  71407,       ,30 WOLF RD 714,0.000000,,,5,1020,CONDO,,1,1
     50,     15,  71507,       ,30 WOLF RD 715,0.000000,,,5,1020,CONDO,,1,1
     50,     16,       ,       ,20 WOLF RD ,17.300000,,,0,9550,CONDO MSTR,23300.00,2,1
     50,     16,       ,       ,20 WOLF RD ,17.300000,,,0,9550,CONDO MSTR,5240000.00,3,1
     50,     16,       ,       ,20 WOLF RD ,17.300000,,,C,9550,CONDO MSTR,1955000.00,1,1
     50,     16,    101,       ,20 WOLF RD A1,0.000000,,,5,1020,CONDO,,1,1
     50,     16,    201,       ,20 WOLF RD #A2,0.000000,,,5,1020,CONDO,,1,1
     50,     16,    301,       ,20 WOLF RD #A3,0.000000,,,5,1020,CONDO,,1,1
     50,     16,    401,       ,20 WOLF RD A4,0.000000,,,5,1020,CONDO,,1,1
     50,     16,    501,       ,20 WOLF RD A5,0.000000,,,5,1020,CONDO,,1,1
     50,     16,    601,       ,20 WOLF RD #A6,0.000000,,,5,1020,CONDO,,1,1
     50,     16,    701,       ,20 WOLF RD A7,0.000000,,,5,1020,CONDO,,1,1
     50,     16,    801,       ,20 WOLF RD A8,0.000000,,,5,1020,CONDO,,1,1
     50,     16,    901,       ,20 WOLF RD A9,0.000000,,,5,1020,CONDO,,1,1
     50,     16,   1001,       ,20 WOLF RD A10,0.000000,,,5,1020,CONDO,,1,1
     50,     16,   1101,       ,20 WOLF RD A11,0.000000,,,5,1020,CONDO,,1,1
     50,     16,   1201,       ,20 WOLF RD A12,0.000000,,,5,1020,CONDO,,1,1
     50,     16,   1302,       ,20 WOLF RD B13,0.000000,,,5,1020,CONDO,,1,1
     50,     16,   1402,       ,20 WOLF RD #B14,0.000000,,,5,1020,CONDO,,1,1
     50,     16,   1502,       ,20 WOLF RD B15,0.000000,,,5,1020,CONDO,,1,1
     50,     16,   1602,       ,20 WOLF RD B16,0.000000,,,5,1020,CONDO,,1,1
     50,     16,   1702,       ,20 WOLF RD B17,0.000000,,,5,1020,CONDO,,1,1
     50,     16,   1802,       ,20 WOLF RD B18,0.000000,,,5,1020,CONDO,,1,1
     50,     16,   1902,       ,20 WOLF RD B19,0.000000,,,5,1020,CONDO,,1,1
     50,     16,   2002,       ,20 WOLF RD B20,0.000000,,,5,1020,CONDO,,1,1
     50,     16,   2102,       ,20 WOLF RD B21,0.000000,,,5,1020,CONDO,,1,1
     50,     16,   2202,       ,20 WOLF RD B22,0.000000,,,5,1020,CONDO,,1,1
     50,     16,   2302,       ,20 WOLF RD B23,0.000000,,,5,1020,CONDO,,1,1
     50,     16,   2402,       ,20 WOLF RD B24,0.000000,,,5,1020,CONDO,,1,1
     50,     16,   2502,       ,20 WOLF RD B25,0.000000,,,5,1020,CONDO,,1,1
     50,     16,   2602,       ,20 WOLF RD #B26,0.000000,,,5,1020,CONDO,,1,1
     50,     16,   2702,       ,20 WOLF RD B27,0.000000,,,5,1020,CONDO,,1,1
     50,     16,   2802,       ,20 WOLF RD B28,0.000000,,,5,1020,CONDO,,1,1
     50,     16,   2902,       ,20 WOLF RD B29,0.000000,,,5,1020,CONDO,,1,1
     50,     16,   3002,       ,20 WOLF RD #B30,0.000000,,,5,1020,CONDO,,1,1
     50,     16,   3102,       ,20 WOLF RD B31,0.000000,,,5,1020,CONDO,,1,1
     50,     16,   3202,       ,20 WOLF RD B32,0.000000,,,5,1020,CONDO,,1,1
     50,     16,   3302,       ,20 WOLF RD B33,0.000000,,,5,1020,CONDO,,1,1
     50,     16,   3402,       ,20 WOLF RD B34,0.000000,,,5,1020,CONDO,,1,1
     50,     16,   3502,       ,20 WOLF RD B35,0.000000,,,5,1020,CONDO,,1,1
     50,     16,   3602,       ,20 WOLF RD B36,0.000000,,,5,1020,CONDO,,1,1
     50,     16,   3703,       ,20 WOLF RD C37,0.000000,,,5,1020,CONDO,,1,1
     50,     16,   3803,       ,20 WOLF RD C38,0.000000,,,5,1020,CONDO,,1,1
     50,     16,   3903,       ,20 WOLF RD C39,0.000000,,,5,1020,CONDO,,1,1
     50,     16,   4003,       ,20 WOLF RD C40,0.000000,,,5,1020,CONDO,,1,1
     50,     16,   4103,       ,20 WOLF RD C41,0.000000,,,5,1020,CONDO,,1,1
     50,     16,   4203,       ,20 WOLF RD C42,0.000000,,,5,1020,CONDO,,1,1
     50,     16,   4303,       ,20 WOLF RD #C43,0.000000,,,5,1020,CONDO,,1,1
     50,     16,   4403,       ,20 WOLF RD C44,0.000000,,,5,1020,CONDO,,1,1
     50,     16,   4503,       ,20 WOLF RD #C45,0.000000,,,5,1020,CONDO,,1,1
     50,     16,   4603,       ,20 WOLF RD C46,0.000000,,,5,1020,CONDO,,1,1
     50,     16,   4703,       ,20 WOLF RD C47,0.000000,,,5,1020,CONDO,,1,1
     50,     16,   4803,       ,20 WOLF RD C48,0.000000,,,5,1020,CONDO,,1,1
     50,     16,   4903,       ,20 WOLF RD C49,0.000000,,,5,1020,CONDO,,1,1
     50,     16,   5003,       ,20 WOLF RD C50,0.000000,,,5,1020,CONDO,,1,1
     50,     16,   5103,       ,20 WOLF RD C51,0.000000,,,5,1020,CONDO,,1,1
     50,     16,   5203,       ,20 WOLF RD C52,0.000000,,,5,1020,CONDO,,1,1
     50,     16,   5303,       ,20 WOLF RD C53,0.000000,,,5,1020,CONDO,,1,1
     50,     16,   5403,       ,20 WOLF RD C54,0.000000,,,5,1020,CONDO,,1,1
     50,     16,   5503,       ,20 WOLF RD C55,0.000000,,,5,1020,CONDO,,1,1
     50,     16,   5603,       ,20 WOLF RD #C56,0.000000,,,5,1020,CONDO,,1,1
     50,     16,   5703,       ,20 WOLF RD C57,0.000000,,,5,1020,CONDO,,1,1
     50,     16,   5803,       ,20 WOLF RD C58,0.000000,,,5,1020,CONDO,,1,1
     50,     16,   5903,       ,20 WOLF RD C59,0.000000,,,5,1020,CONDO,,1,1
     50,     16,   6003,       ,20 WOLF RD C60,0.000000,,,5,1020,CONDO,,1,1
     50,     16,   6104,       ,20 WOLF RD D61,0.000000,,,5,1020,CONDO,,1,1
     50,     16,   6204,       ,20 WOLF RD D62,0.000000,,,5,1020,CONDO,,1,1
     50,     16,   6304,       ,20 WOLF RD D63,0.000000,,,5,1020,CONDO,,1,1
     50,     16,   6404,       ,20 WOLF RD D64,0.000000,,,5,1020,CONDO,,1,1
     50,     16,   6504,       ,20 WOLF RD #D65,0.000000,,,5,1020,CONDO,,1,1
     50,     16,   6604,       ,20 WOLF RD D66,0.000000,,,5,1020,CONDO,,1,1
     50,     16,   6704,       ,20 WOLF RD D67,0.000000,,,5,1020,CONDO,,1,1
     50,     16,   6804,       ,20 WOLF RD #D68,0.000000,,,5,1020,CONDO,,1,1
     50,     16,   6904,       ,20 WOLF RD D69,0.000000,,,5,1020,CONDO,,1,1
     50,     16,   7004,       ,20 WOLF RD D70,0.000000,,,5,1020,CONDO,,1,1
     50,     16,   7104,       ,20 WOLF RD D71,0.000000,,,5,1020,CONDO,,1,1
     50,     16,   7204,       ,20 WOLF RD #D72,0.000000,,,5,1020,CONDO,,1,1
     50,     16,   7304,       ,20 WOLF RD D73,0.000000,,,5,1020,CONDO,,1,1
     50,     16,   7404,       ,20 WOLF RD D74,0.000000,,,5,1020,CONDO,,1,1
     50,     16,   7504,       ,20 WOLF RD D75,0.000000,,,5,1020,CONDO,,1,1
     50,     16,   7604,       ,20 WOLF RD D76,0.000000,,,5,1020,CONDO,,1,1
     50,     16,   7704,       ,20 WOLF RD D77,0.000000,,,5,1020,CONDO,,1,1
     50,     16,   7804,       ,20 WOLF RD #D78,0.000000,,,5,1020,CONDO,,1,1
     50,     16,   7904,       ,20 WOLF RD D79,0.000000,,,5,1020,CONDO,,1,1
     50,     16,   8004,       ,20 WOLF RD D80,0.000000,,,5,1020,CONDO,,1,1
     50,     16,   8104,       ,20 WOLF RD D81,0.000000,,,5,1020,CONDO,,1,1
     50,     16,   8204,       ,20 WOLF RD D82,0.000000,,,5,1020,CONDO,,1,1
     50,     16,   8304,       ,20 WOLF RD D83,0.000000,,,5,1020,CONDO,,1,1
     50,     16,   8404,       ,20 WOLF RD D84,0.000000,,,5,1020,CONDO,,1,1
     50,     16,   8505,       ,20 WOLF RD E85,0.000000,,,5,1020,CONDO,,1,1
     50,     16,   8605,       ,20 WOLF RD E86,0.000000,,,5,1020,CONDO,,1,1
     50,     16,   8705,       ,20 WOLF RD E87,0.000000,,,5,1020,CONDO,,1,1
     50,     16,   8905,       ,20 WOLF RD E89,0.000000,,,5,1020,CONDO,,1,1
     50,     16,   9005,       ,20 WOLF RD E90,0.000000,,,5,1020,CONDO,,1,1
     50,     16,   9105,       ,20 WOLF RD E91,0.000000,,,5,1020,CONDO,,1,1
     50,     16,   9205,       ,20 WOLF RD E92,0.000000,,,5,1020,CONDO,,1,1
     50,     16,   9305,       ,20 WOLF RD E93,0.000000,,,5,1020,CONDO,,1,1
     50,     16,   9405,       ,20 WOLF RD E94,0.000000,,,5,1020,CONDO,,1,1
     50,     16,   9505,       ,20 WOLF RD E95,0.000000,,,5,1020,CONDO,,1,1
     50,     16,   9605,       ,20 WOLF RD E96,0.000000,,,5,1020,CONDO,,1,1
     50,     16,   9705,       ,20 WOLF RD E97,0.000000,,,5,1020,CONDO,,1,1
     50,     16,   9805,       ,20 WOLF RD E98,0.000000,,,5,1020,CONDO,,1,1
     50,     16,   9905,       ,20 WOLF RD #E99,0.000000,,,5,1020,CONDO,,1,1
     50,     16,  10005,       ,20 WOLF RD E100,0.000000,,,5,1020,CONDO,,1,1
     50,     16,  10105,       ,20 WOLF RD E101,0.000000,,,5,1020,CONDO,,1,1
     50,     16,  10205,       ,20 WOLF RD E102,0.000000,,,5,1020,CONDO,,1,1
     50,     16,  10305,       ,20 WOLF RD E103,0.000000,,,5,1020,CONDO,,1,1
     50,     16,  10405,       ,20 WOLF RD E104,0.000000,,,5,1020,CONDO,,1,1
     50,     16,  10505,       ,20 WOLF RD E105,0.000000,,,5,1020,CONDO,,1,1
     50,     16,  10605,       ,20 WOLF RD E106,0.000000,,,5,1020,CONDO,,1,1
     50,     16,  10705,       ,20 WOLF RD E107,0.000000,,,5,1020,CONDO,,1,1
     50,     16,  10805,       ,20 WOLF RD E108,0.000000,,,5,1020,CONDO,,1,1
     50,     16,  10906,       ,20 WOLF RD #F109,0.000000,,,5,1020,CONDO,,1,1
     50,     16,  11006,       ,20 WOLF RD F110,0.000000,,,5,1020,CONDO,,1,1
     50,     16,  11106,       ,20 WOLF RD F111,0.000000,,,5,1020,CONDO,,1,1
     50,     16,  11206,       ,20 WOLF RD F112,0.000000,,,5,1020,CONDO,,1,1
     50,     16,  11306,       ,20 WOLF RD F113,0.000000,,,5,1020,CONDO,,1,1
     50,     16,  11406,       ,20 WOLF RD F114,0.000000,,,5,1020,CONDO,,1,1
     50,     16,  11506,       ,20 WOLF RD F115,0.000000,,,5,1020,CONDO,,1,1
     50,     16,  11606,       ,20 WOLF RD F116,0.000000,,,5,1020,CONDO,,1,1
     50,     16,  11706,       ,20 WOLF RD F117,0.000000,,,5,1020,CONDO,,1,1
     50,     16,  11806,       ,20 WOLF RD F118,0.000000,,,5,1020,CONDO,,1,1
     50,     16,  11906,       ,20 WOLF RD #F119,0.000000,,,5,1020,CONDO,,1,1
     50,     16,  12006,       ,20 WOLF RD F120,0.000000,,,5,1020,CONDO,,1,1
     50,     16,  12106,       ,20 WOLF RD F121,0.000000,,,5,1020,CONDO,,1,1
     50,     16,  12206,       ,20 WOLF RD F122,0.000000,,,5,1020,CONDO,,1,1
     50,     16,  12306,       ,20 WOLF RD F123,0.000000,,,5,1020,CONDO,,1,1
     50,     16,  12406,       ,20 WOLF RD F124,0.000000,,,5,1020,CONDO,,1,1
     50,     16,  12506,       ,20 WOLF RD F125,0.000000,,,5,1020,CONDO,,1,1
     50,     16,  12606,       ,20 WOLF RD #F126,0.000000,,,5,1020,CONDO,,1,1
     50,     16,  12706,       ,20 WOLF RD F127,0.000000,,,5,1020,CONDO,,1,1
     50,     16,  12806,       ,20 WOLF RD F128,0.000000,,,5,1020,CONDO,,1,1
     50,     16,  12906,       ,20 WOLF RD F129,0.000000,,,5,1020,CONDO,,1,1
     50,     16,  13006,       ,20 WOLF RD F130,0.000000,,,5,1020,CONDO,,1,1
     50,     16,  13106,       ,20 WOLF RD F131,0.000000,,,5,1020,CONDO,,1,1
     50,     16,  13206,       ,20 WOLF RD F132,0.000000,,,5,1020,CONDO,,1,1
     50,     17,       ,       ,21 OLD ETNA RD ,0.260000,,,5,1040,2 FAMILY,69500.00,1,1
     50,     18,       ,       ,23 OLD ETNA RD ,0.250000,,,5,1040,2 FAMILY,68800.00,1,1
     50,     19,       ,       ,25 OLD ETNA RD,0.250000,,,5,1040,2 FAMILY,68800.00,1,1
     50,     20,       ,       ,27 OLD ETNA RD,0.260000,,,5,1040,2 FAMILY,69500.00,1,1
     50,     21,       ,       ,29 OLD ETNA RD,0.260000,,,5,1040,2 FAMILY,69500.00,1,1
     50,     22,       ,       ,31 OLD ETNA RD ,16.600000,,,0,9550,CONDO MSTR,0.00,1,1
     50,     22,       ,       ,31 OLD ETNA RD ,16.600000,,,0,9550,CONDO MSTR,0.00,2,1
     50,     22,    101,       ,31 OLD ETNA RD #N-1,0.000000,,,C,102C,CONDO-com,,1,1
     50,     22,    201,       ,31 OLD ETNA RD N-2,0.000000,,,C,102C,CONDO-Comm,,1,1
     50,     22,    301,       ,31 OLD ETNA RD #N-3,0.000000,,,C,102C,CONDO-Comm,,1,1
     50,     22,    401,       ,31 OLD ETNA RD N-4,0.000000,,,C,102C,CONDO-Comm,,1,1
     50,     22,    502,       ,31 OLD ETNA RD N-5,0.000000,,,C,102C,CONDO-Comm,,1,1
     50,     22,    602,       ,31 OLD ETNA RD N-6,0.000000,,,C,102C,CONDO-Comm,,1,1
     50,     22,    702,       ,31 OLD ETNA RD #N-7,0.000000,,,C,102C,CONDO-Comm,,1,1
     50,     22,    801,       ,31 OLD ETNA RD S-1,0.000000,,,C,102C,CONDO-Comm,,1,1
     50,     22,    901,       ,31 OLD ETNA RD S-2,0.000000,,,C,102C,CONDO-com,,1,1
     50,     22,   1001,       ,31 OLD ETNA RD S-3,0.000000,,,C,102C,CONDO-Comm,,1,1
     50,     22,   1101,       ,31 OLD ETNA RD S-4,0.000000,,,C,102C,CONDO-Comm,,1,1
     50,     22,   1202,       ,31 OLD ETNA RD #S-5,0.000000,,,C,102C,CONDO-Comm,,1,1
     50,     22,   1302,       ,31 OLD ETNA RD #S-6,0.000000,,,C,102C,CONDO-com,,1,1
     50,     22,   1402,       ,31 OLD ETNA RD S-7,0.000000,,,C,102C,CONDO-com,,1,1
     50,     23,       ,       ,35 OLD ETNA RD ,2.500000,,,0,3320,AUTO REP,6400.00,2,1
     50,     23,       ,       ,35 OLD ETNA RD ,2.500000,,,C,3320,AUTO REP,977500.00,1,1
     50,     24,       ,       ,0 OLD ETNA RD,2.850000,,,0,3900,DEV LAND,7200.00,2,1
     50,     24,       ,       ,0 OLD ETNA RD,2.850000,,,C,3900,DEV LAND,395600.00,1,1
     50,     25,       ,       ,55 ETNA RD ,2.580005,,,C,3160,COMMWHSE,762900.00,1,1
     50,     26,       ,       ,76 ETNA RD,7.810000,,,0,4000,FACTORY,6800.00,2,1
     50,     26,       ,       ,76 ETNA RD,7.810000,,,C,4000,FACTORY,1075200.00,1,1
     50,     27,       ,       ,68 ETNA RD,5.120000,,,0,4010,IND WHSE,3800.00,2,1
     50,     27,       ,       ,68 ETNA RD,5.120000,,,C,4010,IND WHSE,806400.00,1,1
     50,     28,       ,       ,54 + 56 ETNA RD ,1.093337,,,C,4000,FACTORY,280500.00,1,1
     50,     28,      E,       ,54 + 56 ETNA RD ,10.166663,,,0,905I,CHARITABLE-Ind,0.00,1,2
     50,     28,      E,       ,54 + 56 ETNA RD ,10.166663,,,0,905I,CHARITABLE-Ind,13500.00,2,1
     50,     28,      E,       ,54 + 56 ETNA RD ,10.166663,,,C,905I,CHARITABLE-Ind,703400.00,1,1
     50,     29,       ,       ,0 NH ROUTE 120,10.700000,,,0,3910,POTNLDEV,8700.00,2,1
     50,     29,       ,       ,0 NH ROUTE 120,10.700000,,,C,3910,POTNLDEV,195500.00,1,1
     50,     30,       ,       ,145 NH ROUTE 120 ,4.289991,,,0,3300,AUTO S+S,0.00,2,1
     50,     30,       ,       ,145 NH ROUTE 120 ,4.289991,,,C,3300,AUTO S+S,2096700.00,1,1
     50,     30,    100,       ,42 OLD ETNA RD ,1.850000,,,C,3410,BANK,904200.00,1,1
     50,     31,       ,       ,0 OLD ETNA RD,2.710000,,,0,9030,MUNICPAL,3800.00,2,1
     50,     31,       ,       ,0 OLD ETNA RD,2.710000,,,C,9030,MUNICPAL,219900.00,1,1
     50,     32,       ,       ,24 OLD ETNA RD ,6.000000,,,0,3040,NURSE HM,20000.00,2,1
     50,     32,       ,       ,24 OLD ETNA RD ,6.000000,,,0,3040,NURSE HM,20000.00,3,1
     50,     32,       ,       ,24 OLD ETNA RD ,6.000000,,,C,3040,NURSE HM,977500.00,1,1
     50,     33,       ,       ,17 OLD ETNA RD,0.250000,,,5,1010,ONE FAM,68800.00,1,1
     50,     34,       ,       ,15 OLD ETNA RD,0.340000,,,5,1010,ONE FAM,71400.00,1,1
     50,     35,       ,       ,9 WOLF RD,0.280000,,,5,1010,ONE FAM,67200.00,1,1
     50,     36,       ,       ,11 WOLF RD ,0.280000,,,5,1040,2 FAMILY,67200.00,1,1
     50,     37,       ,       ,13 WOLF RD ,0.280000,,,5,1010,ONE FAM,67200.00,1,1
     50,     38,       ,       ,15 WOLF RD,0.280000,,,5,1010,ONE FAM,67200.00,1,1
     50,     39,       ,       ,17 WOLF RD ,0.280000,,,5,1012,ONE FAM W ACC,67200.00,1,1
     50,     40,       ,       ,19 WOLF RD ,0.310000,,,5,1010,ONE FAM,69300.00,1,1
     50,     41,       ,       ,21 WOLF RD,0.460000,,,5,1010,ONE FAM,76400.00,1,1
     50,     42,       ,       ,25 WOLF RD,0.900000,,,C,903C,MUNICPAL-Comm,472600.00,1,1
     50,     43,       ,       ,31 WOLF RD,0.240000,,,5,1010,ONE FAM,71600.00,1,1
     50,     44,       ,       ,33 WOLF RD,0.240000,,,5,1010,ONE FAM,71600.00,1,1
     50,     45,       ,       ,20 MEMORIAL DR,0.240000,,,5,1010,ONE FAM,71600.00,1,1
     50,     46,       ,       ,16 MEMORIAL DR ,0.250000,,,5,1040,2 FAMILY,72400.00,1,1
     50,     47,       ,       ,10 MEMORIAL DR,0.470000,,,5,1010,ONE FAM,85300.00,1,1
     50,     48,       ,       ,2 MEMORIAL DR,0.330000,,,5,1010,ONE FAM,74600.00,1,1
     50,     49,       ,       ,299 MOUNT SUPPORT RD ,2.660009,,,0,9550,CONDO MSTR,960000.00,2,1
     50,     49,       ,       ,299 MOUNT SUPPORT RD ,2.660009,,,C,9550,CONDO MSTR,650000.00,1,1
     50,     49,    101,       ,299 MOUNT SUPPORT RD 1,0.000000,,,5,1020,CONDO,,1,1
     50,     49,    201,       ,299 MOUNT SUPPORT RD 2,0.000000,,,5,1020,CONDO,,1,1
     50,     49,    301,       ,299 MOUNT SUPPORT RD #3,0.000000,,,5,1020,CONDO,,1,1
     50,     49,    402,       ,299 MOUNT SUPPORT RD 4,0.000000,,,5,1020,CONDO,,1,1
     50,     49,    502,       ,299 MOUNT SUPPORT RD 5,0.000000,,,5,1020,CONDO,,1,1
     50,     49,    602,       ,299 MOUNT SUPPORT RD 6,0.000000,,,5,1020,CONDO,,1,1
     50,     49,    702,       ,299 MOUNT SUPPORT RD 7,0.000000,,,5,1020,CONDO,,1,1
     50,     49,    803,       ,299 MOUNT SUPPORT RD 8,0.000000,,,5,1020,CONDO,,1,1
     50,     49,    903,       ,299 MOUNT SUPPORT RD 9,0.000000,,,5,1020,CONDO,,1,1
     50,     49,   1003,       ,299 MOUNT SUPPORT RD 10,0.000000,,,5,1020,CONDO,,1,1
     50,     49,   1103,       ,299 MOUNT SUPPORT RD 11,0.000000,,,5,1020,CONDO,,1,1
     50,     49,   1204,       ,299 MOUNT SUPPORT RD #12,0.000000,,,5,1020,CONDO,,1,1
     50,     49,   1304,       ,299 MOUNT SUPPORT RD 13,0.000000,,,5,1020,CONDO,,1,1
     50,     49,   1404,       ,299 MOUNT SUPPORT RD #14,0.000000,,,5,1020,CONDO,,1,1
     50,     49,   1504,       ,299 MOUNT SUPPORT RD 15,0.000000,,,5,1020,CONDO,,1,1
     50,     49,   1605,       ,299 MOUNT SUPPORT RD 16,0.000000,,,5,1020,CONDO,,1,1
     50,     49,   1705,       ,299 MOUNT SUPPORT RD 17,0.000000,,,5,1020,CONDO,,1,1
     50,     49,   1805,       ,299 MOUNT SUPPORT RD 18,0.000000,,,5,1020,CONDO,,1,1
     50,     49,   1906,       ,299 MOUNT SUPPORT RD 19,0.000000,,,5,1020,CONDO,,1,1
     50,     49,   2006,       ,299 MOUNT SUPPORT RD #20,0.000000,,,5,1020,CONDO,,1,1
     50,     49,   2106,       ,299 MOUNT SUPPORT RD #21,0.000000,,,5,1020,CONDO,,1,1
     50,     49,   2207,       ,299 MOUNT SUPPORT RD 22,0.000000,,,5,1020,CONDO,,1,1
     50,     49,   2307,       ,299 MOUNT SUPPORT RD 23,0.000000,,,5,1020,CONDO,,1,1
     50,     49,   2407,       ,299 MOUNT SUPPORT RD 24,0.000000,,,5,1020,CONDO,,1,1
     50,     50,       ,       ,1 PLACID SQ,0.230000,,,5,1010,ONE FAM,67300.00,1,1
     50,     51,       ,       ,2 PLACID SQ,0.220000,,,5,1010,ONE FAM,70300.00,1,1
     50,     52,       ,       ,3 PLACID SQ,0.190000,,,0,1010,ONE FAM,,1,2
     50,     52,       ,       ,3 PLACID SQ,0.190000,,,5,1010,ONE FAM,68800.00,1,1
     50,     53,       ,       ,4 PLACID SQ,0.350000,,,5,1010,ONE FAM,79900.00,1,1
     50,     54,       ,       ,5 PLACID SQ,0.230000,,,5,1010,ONE FAM,70800.00,1,1
     50,     55,       ,       ,6 PLACID SQ,0.320000,,,5,1010,ONE FAM,73900.00,1,1
     50,     56,       ,       ,8 PLACID SQ ,0.490000,,,5,1010,ONE FAM,77800.00,1,1
     50,     57,       ,       ,9 PLACID SQ,0.240000,,,5,1040,2 FAMILY,68000.00,1,1
     51,      1,       ,       ,41 LABOMBARD RD ,2.350000,,,0,3160,COMMWHSE,15300.00,2,1
     51,      1,       ,       ,41 LABOMBARD RD ,2.350000,,,C,3160,COMMWHSE,733100.00,1,1
     51,      2,       ,       ,52 N LABOMBARD RD ,2.850000,,,0,9050,CHARITABLE,,1,2
     51,      2,       ,       ,52 N LABOMBARD RD ,2.850000,,,0,905I,CHARITABLE-Ind,1100.00,3,1
     51,      2,       ,       ,52 N LABOMBARD RD ,2.850000,,,0,905I,CHARITABLE-Ind,3100.00,2,1
     51,      2,       ,       ,52 N LABOMBARD RD ,2.850000,,,C,905I,CHARITABLE-Ind,977500.00,1,1
     51,      3,       ,       ,50 N LABOMBARD RD ,5.680000,,,0,905I,CHARITABLE-Ind,10900.00,3,1
     51,      3,       ,       ,50 N LABOMBARD RD ,5.680000,,,0,905I,CHARITABLE-Ind,38000.00,2,1
     51,      3,       ,       ,50 N LABOMBARD RD ,5.680000,,,C,905I,CHARITABLE-Ind,696500.00,1,1
     51,     10,       ,       ,40 N LABOMBARD RD ,18.610000,,,0,4020,IND OFC,8600.00,2,1
     51,     10,       ,       ,40 N LABOMBARD RD ,18.610000,,,0,4020,IND OFC,32700.00,3,1
     51,     10,       ,       ,40 N LABOMBARD RD ,18.610000,,,C,4020,IND OFC,733100.00,1,1
     51,     11,       ,       ,32 LABOMBARD RD ,2.000000,,,5,1040,2 FAMILY,212600.00,1,1
     51,     12,       ,       ,24 LABOMBARD RD ,50.600000,,,0,101A,RSA 75:11,3600.00,2,1
     51,     12,       ,       ,24 LABOMBARD RD ,50.600000,,,0,6120,M HDWD,2525.00,3,1
     51,     12,       ,       ,24 LABOMBARD RD ,50.600000,,,5,101A,RSA 75:11,89800.00,1,1
     51,     13,       ,       ,150 HEATER RD ,50.920000,,,0,3530,FRAT ORG,86200.00,2,1
     51,     13,       ,       ,150 HEATER RD ,50.920000,,,0,4330,RAD/TV TWR,0.00,5,1
     51,     13,       ,       ,150 HEATER RD ,50.920000,,,0,6001,FARM REC,3015.00,3,1
     51,     13,       ,       ,150 HEATER RD ,50.920000,,,0,6231,OTHER REC,1595.00,4,1
     51,     13,       ,       ,150 HEATER RD ,50.920000,,,C,3530,FRAT ORG,488700.00,1,1
     51,     13,      T,       ,150 HEATER RD ,1.500000,,,C,430V,TEL XSTA-Vac,275000.00,1,1
     51,     14,       ,       ,39 LABOMBARD RD,2.310000,,,0,4040,R+D BLDG,4100.00,2,1
     51,     14,       ,       ,39 LABOMBARD RD,2.310000,,,C,4040,R+D BLDG,977500.00,1,1
     51,     15,       ,       ,33 LABOMBARD RD ,2.550000,,,0,0430,IND/COM,6300.00,2,1
     51,     15,       ,       ,33 LABOMBARD RD ,2.550000,,,C,0430,IND/COM,977500.00,1,1
     52,      1,       ,       ,0 ALDEN RD ,35.220000,,,0,6230,OTHER,1320.00,2,1
     52,      1,       ,       ,0 ALDEN RD ,35.220000,,,5,6230,OTHER,125.00,1,1
     52,      2,       ,       ,0 ALDEN RD ,28.100000,,,0,6211,WP REC,2335.00,3,1
     52,      2,       ,       ,0 ALDEN RD ,28.100000,,,0,6231,OTHER REC,195.00,2,1
     52,      2,       ,       ,0 ALDEN RD ,28.100000,,,5,6231,OTHER REC,95.00,1,1
     52,      3,       ,       ,0 ALDEN RD ,24.980000,,,0,6231,OTHER REC,880.00,2,1
     52,      3,       ,       ,0 ALDEN RD ,24.980000,,,5,6231,OTHER REC,120.00,1,1
     52,      5,       ,       ,30 STEVENS RD ,16.400000,,,0,6001,FARM REC,3485.00,2,1
     52,      5,       ,       ,30 STEVENS RD ,16.400000,,,5,1010,ONE FAM,330600.00,1,1
     52,      5,    100,       ,40 STEVENS RD,3.630000,,,0,1010,ONE FAM,1800.00,2,1
     52,      5,    100,       ,40 STEVENS RD,3.630000,,,5,1010,ONE FAM,180300.00,1,1
     52,      6,       ,       ,14 STEVENS RD ,12.999995,,,0,6001,FARM REC,3100.00,2,1
     52,      6,       ,       ,14 STEVENS RD ,12.999995,,,5,1010,ONE FAM,201700.00,1,1
     52,      8,       ,       ,161 HARDY HILL RD ,7.470000,,,0,1010,ONE FAM,4500.00,2,1
     52,      8,       ,       ,161 HARDY HILL RD ,7.470000,,,5,1010,ONE FAM,210400.00,1,1
     52,      9,       ,       ,155 HARDY HILL RD ,13.470000,,,0,1010,ONE FAM,900.00,2,1
     52,      9,       ,       ,155 HARDY HILL RD ,13.470000,,,0,6001,FARM REC,1510.00,3,1
     52,      9,       ,       ,155 HARDY HILL RD ,13.470000,,,0,6221,HDWD REC,335.00,4,1
     52,      9,       ,       ,155 HARDY HILL RD ,13.470000,,,5,1010,ONE FAM,270500.00,1,1
     52,     10,       ,       ,177 HARDY HILL RD ,5.010000,,,0,6210,PINE,125.00,3,1
     52,     10,       ,       ,177 HARDY HILL RD ,5.010000,,,0,6220,HDWD,245.00,2,1
     52,     10,       ,       ,177 HARDY HILL RD ,5.010000,,,5,1010,ONE FAM,114600.00,1,1
     52,     11,       ,       ,0 HARDY HILL RD ,19.680000,,,0,6200,WET,320.00,2,1
     52,     11,       ,       ,0 HARDY HILL RD ,19.680000,,,5,6200,WET,60.00,1,1
     52,     12,       ,       ,15 SUNSET ROCK RD ,12.301009,,,0,6001,FARM REC,1170.00,2,1
     52,     12,       ,       ,15 SUNSET ROCK RD ,12.301009,,,0,6231,OTHER REC,140.00,3,1
     52,     12,       ,       ,15 SUNSET ROCK RD ,12.301009,,,5,1010,ONE FAM,121600.00,1,1
     52,     14,       ,       ,0 STEVENS RD ,56.000000,,,0,6001,FARM REC,650.00,2,1
     52,     14,       ,       ,0 STEVENS RD ,56.000000,,,0,6001,FARM REC,5760.00,3,1
     52,     14,       ,       ,0 STEVENS RD ,56.000000,,,0,6231,OTHER REC,1365.00,4,1
     52,     14,       ,       ,0 STEVENS RD ,56.000000,,,5,1060,OUT BLDS,71200.00,1,1
     52,     15,       ,       ,113 HARDY HILL RD,0.970000,,,5,1010,ONE FAM,114700.00,1,1
     52,     16,       ,       ,0 STEVENS RD ,49.870000,,,0,6000,FARM,975.00,2,1
     52,     16,       ,       ,0 STEVENS RD ,49.870000,,,0,6100,UNPROD,240.00,6,1
     52,     16,       ,       ,0 STEVENS RD ,49.870000,,,0,6200,WET,50.00,5,1
     52,     16,       ,       ,0 STEVENS RD ,49.870000,,,0,6210,PINE,3180.00,3,1
     52,     16,       ,       ,0 STEVENS RD ,49.870000,,,0,6230,OTHER,160.00,4,1
     52,     16,       ,       ,0 STEVENS RD ,49.870000,,,5,6000,FARM,975.00,1,1
     52,     16,    100,       ,53 STEVENS RD,3.020000,,,0,1010,ONE FAM,0.00,2,1
     52,     16,    100,       ,53 STEVENS RD,3.020000,,,5,1010,ONE FAM,137100.00,1,1
     52,     17,       ,       ,100 ALDEN RD ,75.900000,,,0,1010,ONE FAM,27600.00,2,1
     52,     17,       ,       ,100 ALDEN RD ,75.900000,,,0,6230,OTHER,2495.00,3,1
     52,     17,       ,       ,100 ALDEN RD ,75.900000,,,5,1010,ONE FAM,210400.00,1,1
     52,     18,       ,       ,9 EAGLE RIDGE DR,3.800000,,,0,1050,3 FAMILY,1800.00,2,1
     52,     18,       ,       ,9 EAGLE RIDGE DR,3.800000,,,5,1050,3 FAMILY,190300.00,1,1
     52,     19,       ,       ,19 EAGLE RIDGE DR ,5.150000,,,0,1012,ONE FAM W ACC,4900.00,2,1
     52,     19,       ,       ,19 EAGLE RIDGE DR ,5.150000,,,5,1012,ONE FAM W ACC,138600.00,1,1
     52,     20,       ,       ,60 STEVENS RD ,5.990000,,,0,1010,ONE FAM,6900.00,2,1
     52,     20,       ,       ,60 STEVENS RD ,5.990000,,,5,1010,ONE FAM,144300.00,1,1
     52,     21,       ,       ,25 EAGLE RIDGE DR,5.060000,,,0,1010,ONE FAM,4700.00,2,1
     52,     21,       ,       ,25 EAGLE RIDGE DR,5.060000,,,5,1010,ONE FAM,190300.00,1,1
     52,     22,       ,       ,0 EAGLE RIDGE DR ,5.100000,,,0,6001,FARM REC,545.00,2,1
     52,     22,       ,       ,0 EAGLE RIDGE DR ,5.100000,,,5,6001,FARM REC,780.00,1,1
     52,     23,       ,       ,26 EAGLE RIDGE DR,6.370000,,,0,1010,ONE FAM,8200.00,2,1
     52,     23,       ,       ,26 EAGLE RIDGE DR,6.370000,,,5,1010,ONE FAM,275200.00,1,1
     52,     24,       ,       ,14 EAGLE RIDGE DR ,17.410009,,,0,1012,ONE FAM W ACC,,1,2
     52,     24,       ,       ,14 EAGLE RIDGE DR ,17.410009,,,0,6001,FARM REC,1300.00,3,1
     52,     24,       ,       ,14 EAGLE RIDGE DR ,17.410009,,,0,6221,HDWD REC,700.00,2,1
     52,     24,       ,       ,14 EAGLE RIDGE DR ,17.410009,,,5,1012,ONE FAM W ACC,277900.00,1,1
     52,     25,       ,       ,0 EAGLE RIDGE DR ,5.430000,,,0,6001,FARM REC,630.00,2,1
     52,     25,       ,       ,0 EAGLE RIDGE DR ,5.430000,,,5,6001,FARM REC,780.00,1,1
     52,     26,       ,       ,0 EAGLE RIDGE DR,23.130000,,,0,6000,FARM,1885.00,3,1
     52,     26,       ,       ,0 EAGLE RIDGE DR,23.130000,,,0,6230,OTHER,480.00,2,1
     52,     26,       ,       ,0 EAGLE RIDGE DR,23.130000,,,5,6230,OTHER,125.00,1,1
     52,     27,       ,       ,55 EAGLE RIDGE DR,6.830000,,,0,1010,ONE FAM,10000.00,2,1
     52,     27,       ,       ,55 EAGLE RIDGE DR,6.830000,,,5,1010,ONE FAM,244600.00,1,1
     52,     28,       ,       ,0 HARDY HILL RD ,5.250000,,,0,6001,FARM REC,365.00,2,1
     52,     28,       ,       ,0 HARDY HILL RD ,5.250000,,,0,6221,HDWD REC,60.00,3,1
     52,     28,       ,       ,0 HARDY HILL RD ,5.250000,,,5,6001,FARM REC,780.00,1,1
     52,     29,       ,       ,HARDY HILL ,6.000000,,,0,6210,PINE,445.00,2,1
     52,     29,       ,       ,HARDY HILL ,6.000000,,,0,6220,HDWD,120.00,3,1
     52,     29,       ,       ,HARDY HILL ,6.000000,,,5,1300,RES LAND,12300.00,1,1
     54,      1,       ,       ,51 JENKINS RD,10.900000,,,0,1010,ONE FAM,18200.00,2,1
     54,      1,       ,       ,51 JENKINS RD,10.900000,,,5,1010,ONE FAM,270500.00,1,1
     54,      1,    100,       ,57 JENKINS RD,2.900000,,,5,1010,ONE FAM,150500.00,1,1
     54,      2,       ,       ,65 JENKINS RD,3.230000,,,0,1010,ONE FAM,700.00,2,1
     54,      2,       ,       ,65 JENKINS RD,3.230000,,,0,101C,ONE FAM-Comm,,1,2
     54,      2,       ,       ,65 JENKINS RD,3.230000,,,5,1010,ONE FAM,180300.00,1,1
     54,      3,       ,       ,71 JENKINS RD,1.800000,,,5,1010,ONE FAM,120700.00,1,1
     54,      4,       ,       ,91 JENKINS RD,7.720000,,,0,9030,MUNICPAL,6100.00,2,1
     54,      4,       ,       ,91 JENKINS RD,7.720000,,,C,9030,MUNICPAL,210800.00,1,1
     54,      5,       ,       ,187 HARDY HILL RD ,12.230020,,,0,6220,HDWD,210.00,2,1
     54,      5,       ,       ,187 HARDY HILL RD ,12.230020,,,0,6220,HDWD,810.00,3,1
     54,      5,       ,       ,187 HARDY HILL RD ,12.230020,,,5,1010,ONE FAM,187300.00,1,1
     54,      5,    100,       ,205 HARDY HILL RD,3.690000,,,0,1010,ONE FAM,1600.00,2,1
     54,      5,    100,       ,205 HARDY HILL RD,3.690000,,,5,1010,ONE FAM,120200.00,1,1
     54,      6,       ,       ,193 HARDY HILL RD,8.260000,,,0,1010,ONE FAM,13600.00,2,1
     54,      6,       ,       ,193 HARDY HILL RD,8.260000,,,5,1010,ONE FAM,120200.00,1,1
     54,      7,       ,       ,10 BROOK RD ,4.970000,,,0,3160,COMMWHSE,300.00,2,1
     54,      7,       ,       ,10 BROOK RD ,4.970000,,,C,3160,COMMWHSE,42200.00,1,1
     54,      8,       ,       ,1 DORSET LN ,105.400000,,,0,6000,FARM,4750.00,2,1
     54,      8,       ,       ,1 DORSET LN ,105.400000,,,0,6230,OTHER,3540.00,3,1
     54,      8,       ,       ,1 DORSET LN ,105.400000,,,5,1010,ONE FAM,210400.00,1,1
     54,      9,       ,       ,84 JENKINS RD ,2.080005,,,5,1010,ONE FAM,122100.00,1,1
     54,     10,       ,       ,0 DORSET LN ,10.100000,,,0,9090,OPEN SPACE,0.00,1,1
     54,     10,       ,       ,0 DORSET LN ,10.100000,,,0,9090,OPEN SPACE,0.00,2,1
     54,     11,       ,       ,5 DORSET LN ,2.700000,,,5,1010,ONE FAM,184900.00,1,1
     54,     12,       ,       ,9 DORSET LN ,2.300000,,,5,1010,ONE FAM,186100.00,1,1
     54,     13,       ,       ,13 DORSET LN ,2.200000,,,5,1010,ONE FAM,196300.00,1,1
     54,     14,       ,       ,16 DORSET LN,2.219995,,,5,1010,ONE FAM,217400.00,1,1
     54,     15,       ,       ,25 DORSET LN,2.660009,,,5,1010,ONE FAM,215900.00,1,1
     54,     16,       ,       ,29 DORSET LN,2.300000,,,5,1010,ONE FAM,289300.00,1,1
     54,     17,       ,       ,31 DORSET LN ,2.300000,,,5,1010,ONE FAM,340300.00,1,1
     54,     18,       ,       ,32 DORSET LN ,2.600000,,,5,1010,ONE FAM,339500.00,1,1
     54,     19,       ,       ,30 DORSET LN,4.600000,,,0,1010,ONE FAM,3600.00,2,1
     54,     19,       ,       ,30 DORSET LN,4.600000,,,5,1010,ONE FAM,337300.00,1,1
     54,     20,       ,       ,20 DORSET LN,3.200000,,,0,1010,ONE FAM,600.00,2,1
     54,     20,       ,       ,20 DORSET LN,3.200000,,,5,1010,ONE FAM,284000.00,1,1
     54,     21,       ,       ,14 DORSET LN ,2.200000,,,5,1010,ONE FAM,341800.00,1,1
     54,     22,       ,       ,10 DORSET LN,2.958563,,,5,1010,ONE FAM,334000.00,1,1
     54,     23,       ,       ,4 DORSET LN ,1.959481,,,5,1010,ONE FAM,341100.00,1,1
     54,     24,       ,       ,0 JENKINS RD ,3.100000,,,0,6000,FARM,25.00,3,1
     54,     24,       ,       ,0 JENKINS RD ,3.100000,,,0,6000,FARM,450.00,2,1
     54,     24,       ,       ,0 JENKINS RD ,3.100000,,,5,1320,UNDEV,5700.00,1,1
     54,     26,       ,       ,56 JENKINS RD ,2.000000,,,5,1010,ONE FAM,275000.00,1,1
     54,     27,       ,       ,50 JENKINS RD ,2.069995,,,5,1010,ONE FAM,274700.00,1,1
     54,     28,       ,       ,42 JENKINS RD ,2.139991,,,5,1010,ONE FAM,152400.00,1,1
     54,     29,       ,       ,36 JENKINS RD,3.070000,,,0,1010,ONE FAM,200.00,2,1
     54,     29,       ,       ,36 JENKINS RD,3.070000,,,5,1010,ONE FAM,120200.00,1,1
     54,     30,       ,       ,0 JENKINS RD ,55.400000,,,0,6001,FARM REC,780.00,2,1
     54,     30,       ,       ,0 JENKINS RD ,55.400000,,,0,6101,UNPROD REC,475.00,3,1
     54,     30,       ,       ,0 JENKINS RD ,55.400000,,,0,6221,HDWD REC,1560.00,4,1
     54,     30,       ,       ,0 JENKINS RD ,55.400000,,,5,6001,FARM REC,780.00,1,1
     54,     31,       ,       ,16 JENKINS RD,1.000000,,,5,1010,ONE FAM,120500.00,1,1
     54,     32,       ,       ,511 DARTMOUTH COLLEGE HWY ,64.660000,,,0,6230,OTHER,40.00,2,1
     54,     32,       ,       ,511 DARTMOUTH COLLEGE HWY ,64.660000,,,0,6230,OTHER,2530.00,3,1
     54,     32,       ,       ,511 DARTMOUTH COLLEGE HWY ,64.660000,,,5,1040,2 FAMILY,86100.00,1,1
     54,     32,    100,       ,44 WESTVIEW LN ,116.560000,,,0,1010,ONE FAM,1200.00,2,1
     54,     32,    100,       ,44 WESTVIEW LN ,116.560000,,,0,6231,OTHER REC,4535.00,3,1
     54,     32,    100,       ,44 WESTVIEW LN ,116.560000,,,5,1010,ONE FAM,258700.00,1,1
     54,     32,  70100,       ,0 WESTVIEW LN,0.830000,,,5,4320,CABL TWR,67100.00,1,1
     54,     33,       ,       ,515 DARTMOUTH COLLEGE HWY,3.100000,,,0,1050,3 FAMILY,,1,2
     54,     33,       ,       ,515 DARTMOUTH COLLEGE HWY,3.100000,,,0,1050,3 FAMILY,4700.00,2,1
     54,     33,       ,       ,515 DARTMOUTH COLLEGE HWY,3.100000,,,5,1050,3 FAMILY,80800.00,1,1
     54,     34,       ,       ,46 WESTVIEW LN ,40.500000,,,0,430V,TEL XSTA-Vac,216000.00,1,1
     54,     34,       ,       ,46 WESTVIEW LN ,40.500000,,,0,6231,OTHER REC,1580.00,2,1
     54,     35,       ,       ,523 DARTMOUTH COLLEGE HWY ,26.470000,,,0,6230,OTHER,110.00,2,1
     54,     35,       ,       ,523 DARTMOUTH COLLEGE HWY ,26.470000,,,0,6230,OTHER,1290.00,3,1
     54,     35,       ,       ,523 DARTMOUTH COLLEGE HWY ,26.470000,,,5,1010,ONE FAM,80800.00,1,1
     54,     36,       ,       ,529 DARTMOUTH COLLEGE HWY,0.470000,,,5,1010,ONE FAM,69100.00,1,1
     54,     37,       ,       ,181 HARDY HILL RD ,11.669966,,,0,6220,HDWD,200.00,2,1
     54,     37,       ,       ,181 HARDY HILL RD ,11.669966,,,0,6220,HDWD,765.00,3,1
     54,     37,       ,       ,181 HARDY HILL RD ,11.669966,,,5,1300,RES LAND,27800.00,1,1
     56,      1,       ,       ,531 DARTMOUTH COLLEGE HWY ,2.869995,,,0,340R,OFFICE-Res,,1,2
     56,      1,       ,       ,531 DARTMOUTH COLLEGE HWY ,2.869995,,,5,013R,RES/COM-Res,90200.00,1,1
     56,      2,       ,       ,541 DARTMOUTH COLLEGE HWY ,16.800000,,,0,6231,OTHER REC,550.00,2,1
     56,      2,       ,       ,541 DARTMOUTH COLLEGE HWY ,16.800000,,,5,1010,ONE FAM,94100.00,1,1
     56,      3,       ,       ,571 DARTMOUTH COLLEGE HWY ,3.130000,,,0,1040,2 FAMILY,3200.00,2,1
     56,      3,       ,       ,571 DARTMOUTH COLLEGE HWY ,3.130000,,,0,6001,FARM REC,25.00,3,1
     56,      3,       ,       ,571 DARTMOUTH COLLEGE HWY ,3.130000,,,5,1040,2 FAMILY,101000.00,1,1
     56,      3,    100,       ,0 DARTMOUTH COLLEGE HWY ,89.900000,,,0,6001,FARM REC,2710.00,2,1
     56,      3,    100,       ,0 DARTMOUTH COLLEGE HWY ,89.900000,,,0,6111,M WP REC,1580.00,4,1
     56,      3,    100,       ,0 DARTMOUTH COLLEGE HWY ,89.900000,,,0,6131,M OTHER REC,1370.00,3,1
     56,      3,    100,       ,0 DARTMOUTH COLLEGE HWY ,89.900000,,,5,6001,FARM REC,260.00,1,1
     56,      3,    200,       ,0 DARTMOUTH COLLEGE HWY,1.000000,,,5,6000,FARM,260.00,1,1
     56,      4,       ,       ,589 DARTMOUTH COLLEGE HWY ,2.000000,,,0,1010,ONE FAM,2300.00,2,1
     56,      4,       ,       ,589 DARTMOUTH COLLEGE HWY ,2.000000,,,5,1010,ONE FAM,101000.00,1,1
     56,      6,       ,       ,19 RUDSBORO RD,1.320000,,,0,1010,ONE FAM,600.00,2,1
     56,      6,       ,       ,19 RUDSBORO RD,1.320000,,,5,1010,ONE FAM,80800.00,1,1
     56,      8,       ,       ,25 RUDSBORO RD ,11.100000,,,0,6230,OTHER,110.00,2,1
     56,      8,       ,       ,25 RUDSBORO RD ,11.100000,,,0,6230,OTHER,445.00,3,1
     56,      8,       ,       ,25 RUDSBORO RD ,11.100000,,,5,1010,ONE FAM,89800.00,1,1
     56,      8,    100,       ,23 RUDSBORO RD,5.100000,,,0,1010,ONE FAM,3200.00,2,1
     56,      8,    100,       ,23 RUDSBORO RD,5.100000,,,0,1010,ONE FAM,3300.00,3,1
     56,      8,    100,       ,23 RUDSBORO RD,5.100000,,,5,1010,ONE FAM,89800.00,1,1
     56,      9,       ,       ,35 RUDSBORO RD,5.000000,,,0,1010,ONE FAM,3400.00,2,1
     56,      9,       ,       ,35 RUDSBORO RD,5.000000,,,0,1010,ONE FAM,3400.00,3,1
     56,      9,       ,       ,35 RUDSBORO RD,5.000000,,,5,1010,ONE FAM,89800.00,1,1
     56,      9,    100,       ,51 RUDSBORO RD,5.150000,,,0,1010,ONE FAM,500.00,2,1
     56,      9,    100,       ,51 RUDSBORO RD,5.150000,,,5,1010,ONE FAM,94100.00,1,1
     56,     10,    100,       ,0 RUDSBORO RD,3.390000,,,0,1300,RES LAND,900.00,3,1
     56,     10,    100,       ,0 RUDSBORO RD,3.390000,,,0,1300,RES LAND,4500.00,2,1
     56,     10,    100,       ,0 RUDSBORO RD,3.390000,,,5,1300,RES LAND,85300.00,1,1
     56,     10,    200,       ,59 RUDSBORO RD,4.500000,,,0,1010,ONE FAM,3000.00,2,1
     56,     10,    200,       ,59 RUDSBORO RD,4.500000,,,0,1010,ONE FAM,4100.00,3,1
     56,     10,    200,       ,59 RUDSBORO RD,4.500000,,,5,1010,ONE FAM,121200.00,1,1
     56,     10,    300,       ,0 RUDSBORO RD,3.030000,,,0,1300,RES LAND,100.00,3,1
     56,     10,    300,       ,0 RUDSBORO RD,3.030000,,,0,1300,RES LAND,4500.00,2,1
     56,     10,    300,       ,0 RUDSBORO RD,3.030000,,,5,1300,RES LAND,85300.00,1,1
     56,     11,       ,       ,0 RUDSBORO RD ,1.600000,,,5,6220,HDWD,130.00,1,1
     56,     12,       ,       ,0 RUDSBORO RD ,11.800000,,,0,6230,OTHER,360.00,2,1
     56,     12,       ,       ,0 RUDSBORO RD ,11.800000,,,5,6230,OTHER,125.00,1,1
     56,     13,       ,       ,0 RUDSBORO RD ,53.000000,,,0,6000,FARM,2275.00,3,1
     56,     13,       ,       ,0 RUDSBORO RD ,53.000000,,,0,6230,OTHER,1765.00,2,1
     56,     13,       ,       ,0 RUDSBORO RD ,53.000000,,,5,6000,FARM,975.00,1,1
     56,     14,       ,       ,46 RUDSBORO RD,15.840000,,,0,1010,ONE FAM,3600.00,2,1
     56,     14,       ,       ,46 RUDSBORO RD,15.840000,,,0,1010,ONE FAM,23100.00,3,1
     56,     14,       ,       ,46 RUDSBORO RD,15.840000,,,5,1010,ONE FAM,89800.00,1,1
     56,     15,       ,       ,22 RUDSBORO RD ,10.287075,,,5,1100,TRALR PK,354900.00,1,1
     56,     15,    100,       ,22 RUDSBORO RD 1,0.000000,,,5,1030,MOBIL HM,,1,1
     56,     15,    200,       ,22 RUDSBORO RD 2,0.000000,,,5,1030,MOBIL HM,,1,1
     56,     15,    300,       ,22 RUDSBORO RD 3,0.000000,,,5,1030,MOBIL HM,,1,1
     56,     15,    400,       ,22 RUDSBORO RD 4,0.000000,,,5,1030,MOBIL HM,,1,1
     56,     15,    500,       ,22 RUDSBORO RD 5,0.000000,,,5,1030,MOBIL HM,,1,1
     56,     15,    600,       ,22 RUDSBORO RD 6,0.000000,,,5,1030,MOBIL HM,,1,1
     56,     15,    700,       ,22 RUDSBORO RD 7,0.000000,,,5,1030,MOBIL HM,,1,1
     56,     15,    800,       ,22 RUDSBORO RD 8,0.000000,,,5,1030,MOBIL HM,,1,1
     56,     15,    900,       ,22 RUDSBORO RD #9,0.000000,,,5,1030,MOBIL HM,,1,1
     56,     15,   1000,       ,22 RUDSBORO RD #10,0.000000,,,5,1030,MOBIL HM,,1,1
     56,     15,   1100,       ,22 RUDSBORO RD #11,0.000000,,,5,1030,MOBIL HM,,1,1
     56,     15,   1200,       ,22 RUDSBORO RD 12,0.000000,,,5,1030,MOBIL HM,,1,1
     56,     15,   1300,       ,22 RUDSBORO RD #13,0.000000,,,5,103V,MOBIL HM-Vac,,1,1
     56,     15,   1400,       ,22 RUDSBORO RD 14,0.000000,,,5,1030,MOBIL HM,,1,1
     56,     15,   1500,       ,22 RUDSBORO RD #15,0.000000,,,5,1030,MOBIL HM,,1,1
     56,     15,   1600,       ,22 RUDSBORO RD 16,0.000000,,,5,1030,MOBIL HM,,1,1
     56,     15,   1700,       ,22 RUDSBORO RD 17,0.000000,,,5,1030,MOBIL HM,,1,1
     56,     15,   1800,       ,22 RUDSBORO RD #18,0.000000,,,5,1030,MOBIL HM,,1,1
     56,     15,   1900,       ,22 RUDSBORO RD 19,0.000000,,,5,1030,MOBIL HM,,1,1
     56,     15,   2000,       ,22 RUDSBORO RD 20,0.000000,,,5,1030,MOBIL HM,,1,1
     56,     15,   2100,       ,22 RUDSBORO RD #21,0.000000,,,5,1030,MOBIL HM,,1,1
     56,     15,   2200,       ,22 RUDSBORO RD 22,0.000000,,,5,1030,MOBIL HM,,1,1
     56,     15,   2300,       ,22 RUDSBORO RD 23,0.000000,,,5,1030,MOBIL HM,,1,1
     56,     15,   2400,       ,22 RUDSBORO RD 24,0.000000,,,5,1030,MOBIL HM,,1,1
     56,     15,   2500,       ,22 RUDSBORO RD 25,0.000000,,,5,1030,MOBIL HM,,1,1
     56,     15,   2600,       ,22 RUDSBORO RD 26,0.000000,,,5,1030,MOBIL HM,,1,1
     56,     15,   2700,       ,22 RUDSBORO RD 27,0.000000,,,5,1030,MOBIL HM,,1,1
     56,     15,   2800,       ,22 RUDSBORO RD 28,0.000000,,,5,1030,MOBIL HM,,1,1
     56,     15,   2900,       ,22 RUDSBORO RD 29,0.000000,,,5,1030,MOBIL HM,,1,1
     56,     15,   3000,       ,22 RUDSBORO RD #30,0.000000,,,5,1030,MOBIL HM,,1,1
     56,     15,   3100,       ,22 RUDSBORO RD #31,0.000000,,,5,1030,MOBIL HM,,1,1
     56,     15,   3200,       ,22 RUDSBORO RD 32,0.000000,,,5,1030,MOBIL HM,,1,1
     56,     15,   3300,       ,22 RUDSBORO RD 33,0.000000,,,5,1030,MOBIL HM,,1,1
     56,     15,   3400,       ,22 RUDSBORO RD 34,0.000000,,,5,1030,MOBIL HM,,1,1
     56,     15,   3500,       ,22 RUDSBORO RD 35,0.000000,,,5,1030,MOBIL HM,,1,1
     56,     15,   3600,       ,22 RUDSBORO RD 36,0.000000,,,5,1030,MOBIL HM,,1,1
     56,     15,   3700,       ,22 RUDSBORO RD #37,0.000000,,,5,1030,MOBIL HM,,1,1
     56,     15,   3800,       ,22 RUDSBORO RD #38,0.000000,,,5,1030,MOBIL HM,,1,1
     56,     15,   3900,       ,22 RUDSBORO RD 39,0.000000,,,5,1030,MOBIL HM,,1,1
     56,     15,   4000,       ,22 RUDSBORO RD 40,0.000000,,,5,1030,MOBIL HM,,1,1
     56,     15,   4100,       ,22 RUDSBORO RD 41,0.000000,,,5,1030,MOBIL HM,,1,1
     56,     15,   4200,       ,22 RUDSBORO RD #42,0.000000,,,5,1030,MOBIL HM,,1,1
     56,     15,   4300,       ,22 RUDSBORO RD 43,0.000000,,,5,1030,MOBIL HM,,1,1
     56,     15,   4400,       ,22 RUDSBORO RD 44,0.000000,,,5,1030,MOBIL HM,,1,1
     56,     15,   4500,       ,22 RUDSBORO RD #45,0.000000,,,5,1030,MOBIL HM,,1,1
     56,     15,   4600,       ,22 RUDSBORO RD #46,0.000000,,,5,1030,MOBIL HM,,1,1
     56,     15,   4700,       ,22 RUDSBORO RD 47,0.000000,,,5,1030,MOBIL HM,,1,1
     56,     15,   4800,       ,22 RUDSBORO RD 48,0.000000,,,5,1030,MOBIL HM,,1,1
     56,     15,   4900,       ,22 RUDSBORO RD #49,0.000000,,,5,1030,MOBIL HM,,1,1
     56,     15,   5000,       ,22 RUDSBORO RD #50,0.000000,,,5,1030,MOBIL HM,,1,1
     56,     16,       ,       ,0 DARTMOUTH COLLEGE HWY ,156.880000,,,0,6001,FARM REC,520.00,2,1
     56,     16,       ,       ,0 DARTMOUTH COLLEGE HWY ,156.880000,,,0,6001,FARM REC,1450.00,3,1
     56,     16,       ,       ,0 DARTMOUTH COLLEGE HWY ,156.880000,,,0,6111,M WP REC,1500.00,4,1
     56,     16,       ,       ,0 DARTMOUTH COLLEGE HWY ,156.880000,,,0,6121,M HDWD REC,1285.00,6,1
     56,     16,       ,       ,0 DARTMOUTH COLLEGE HWY ,156.880000,,,0,6131,M OTHER REC,2260.00,5,1
     56,     16,       ,       ,0 DARTMOUTH COLLEGE HWY ,156.880000,,,5,6001,FARM REC,260.00,1,1
     58,      1,       ,       ,22 BRIDGE ST,2.600000,,,0,3250,STORE,15600.00,2,1
     58,      1,       ,       ,22 BRIDGE ST,2.600000,,,C,3250,STORE,366600.00,1,1
     58,      2,       ,       ,18 BRIDGE ST,2.900000,,,0,3250,STORE,18500.00,2,1
     58,      2,       ,       ,18 BRIDGE ST,2.900000,,,C,3250,STORE,366600.00,1,1
     58,      3,       ,       ,0 CRAFTS AVE,0.020000,,,5,1060,OUT BLDS,6900.00,1,1
     58,      4,       ,       ,3 CRAFTS AVE,0.230000,,,5,1010,ONE FAM,62200.00,1,1
     58,      5,       ,       ,15 CRAFTS AVE,0.240000,,,5,1010,ONE FAM,93100.00,1,1
     58,      6,       ,       ,17 CRAFTS AVE ,0.240000,,,5,1040,2 FAMILY,93100.00,1,1
     58,      7,       ,       ,21 CRAFTS AVE,0.240000,,,5,1010,ONE FAM,93100.00,1,1
     58,      8,       ,       ,23 CRAFTS AVE,0.240000,,,5,1010,ONE FAM,93100.00,1,1
     58,      9,       ,       ,27 CRAFTS AVE ,0.240000,,,5,1010,ONE FAM,93100.00,1,1
     58,     10,       ,       ,29 CRAFTS AVE ,0.320000,,,5,1010,ONE FAM,101100.00,1,1
     58,     11,       ,       ,31 CRAFTS AVE,0.220000,,,5,1010,ONE FAM,91400.00,1,1
     58,     12,       ,       ,0 CRAFTS AVE,5.200000,,,0,1320,UNDEV,2700.00,2,1
     58,     12,       ,       ,0 CRAFTS AVE,5.200000,,,5,1320,UNDEV,25900.00,1,1
     58,     13,       ,       ,35 CRAFTS AVE,0.180000,,,5,1010,ONE FAM,88800.00,1,1
     58,     14,       ,       ,37 CRAFTS AVE,0.370000,,,5,1010,ONE FAM,105000.00,1,1
     58,     15,       ,       ,41 CRAFTS AVE,0.500000,,,5,1010,ONE FAM,112700.00,1,1
     58,     16,       ,       ,43 CRAFTS AVE,0.540000,,,5,1010,ONE FAM,115000.00,1,1
     58,     17,       ,       ,45 CRAFTS AVE,0.420000,,,5,1010,ONE FAM,108000.00,1,1
     58,     18,       ,       ,0 BEYERLE ST ,1.330000,,,0,1320,UNDEV,400.00,2,1
     58,     18,       ,       ,0 BEYERLE ST ,1.330000,,,5,1320,UNDEV,51900.00,1,1
     58,     19,       ,       ,51 CRAFTS AVE ,0.311000,,,5,1010,ONE FAM,100200.00,1,1
     58,     20,       ,       ,55 CRAFTS AVE ,0.665037,,,5,1010,ONE FAM,123200.00,1,1
     58,     21,    100,       ,57 CRAFTS AVE,0.305326,,,5,1010,ONE FAM,99600.00,1,1
     58,     21,    200,       ,59 CRAFTS AVE,0.550275,,,5,1010,ONE FAM,109800.00,1,1
     58,     22,       ,       ,1 CHANDLER ST,0.280000,,,5,1010,ONE FAM,97100.00,1,1
     58,     23,       ,       ,3 CHANDLER ST,0.270000,,,5,1010,ONE FAM,96100.00,1,1
     58,     24,       ,       ,5 CHANDLER ST ,0.240000,,,5,1010,ONE FAM,93100.00,1,1
     58,     25,       ,       ,161 N MAIN ST,0.220000,,,5,1010,ONE FAM,77700.00,1,1
     58,     26,       ,       ,165 N MAIN ST,0.300000,,,5,1010,ONE FAM,84200.00,1,1
     58,     27,       ,       ,167 N MAIN ST,0.236203,,,5,1010,ONE FAM,78800.00,1,1
     58,     28,       ,       ,158 N MAIN ST ,0.360000,,,5,1010,ONE FAM,88800.00,1,1
     58,     29,       ,       ,154 N MAIN ST,0.480000,,,5,1012,ONE FAM W ACC,94800.00,1,1
     58,     30,       ,       ,150 N MAIN ST ,0.270000,,,5,1010,ONE FAM,96100.00,1,1
     58,     31,       ,       ,0 N MAIN ST,0.120000,,,5,1320,UNDEV,14400.00,1,1
     58,     32,       ,       ,148 N MAIN ST,0.330000,,,5,1010,ONE FAM,86800.00,1,1
     58,     33,       ,       ,146 N MAIN ST,0.160000,,,5,1010,ONE FAM,74400.00,1,1
     58,     34,       ,       ,144 N MAIN ST,0.170000,,,5,1010,ONE FAM,74900.00,1,1
     58,     35,       ,       ,3 ESTABROOK CIR,0.190000,,,5,1010,ONE FAM,89400.00,1,1
     58,     36,       ,       ,7 ESTABROOK CIR,0.220000,,,5,1010,ONE FAM,91400.00,1,1
     58,     37,       ,       ,9 ESTABROOK CIR,0.230000,,,5,1010,ONE FAM,92100.00,1,1
     58,     38,       ,       ,11 ESTABROOK CIR,0.180000,,,5,1010,ONE FAM,88800.00,1,1
     58,     39,       ,       ,13 ESTABROOK CIR,0.180000,,,5,1010,ONE FAM,88800.00,1,1
     58,     40,       ,       ,15 ESTABROOK CIR ,0.330000,,,5,1010,ONE FAM,102100.00,1,1
     58,     41,       ,       ,12 ESTABROOK CIR,0.250000,,,5,1010,ONE FAM,94100.00,1,1
     58,     42,       ,       ,10 ESTABROOK CIR,0.370000,,,5,1010,ONE FAM,105000.00,1,1
     58,     43,       ,       ,8 ESTABROOK CIR,0.350000,,,5,1010,ONE FAM,103900.00,1,1
     58,     44,       ,       ,6 ESTABROOK CIR,0.290000,,,5,1010,ONE FAM,98100.00,1,1
     58,     45,       ,       ,4 ESTABROOK CIR,0.290000,,,5,1010,ONE FAM,98100.00,1,1
     58,     46,       ,       ,2 ESTABROOK CIR,0.190000,,,5,1010,ONE FAM,89400.00,1,1
     58,     47,       ,       ,138 N MAIN ST ,0.570000,,,5,1050,3 FAMILY,99300.00,1,1
     58,     48,       ,       ,132 N MAIN ST,0.480000,,,5,1040,2 FAMILY,94800.00,1,1
     58,     49,       ,       ,128 N MAIN ST ,0.400000,,,5,1040,2 FAMILY,90800.00,1,1
     58,     50,       ,       ,126 N MAIN ST,0.230000,,,5,1010,ONE FAM,78300.00,1,1
     58,     51,       ,       ,9 HIGHLAND AVE ,0.150000,,,5,1040,2 FAMILY,34700.00,1,1
     58,     52,       ,       ,3 PEARL ST ,0.380000,,,5,1010,ONE FAM,42200.00,1,1
     58,     53,       ,       ,5 PEARL ST ,0.230000,,,5,1010,ONE FAM,36900.00,1,1
     58,     54,       ,       ,7 PEARL ST,0.340000,,,5,1010,ONE FAM,41200.00,1,1
     58,     55,       ,       ,9 PEARL ST,0.210000,,,5,1010,ONE FAM,90800.00,1,1
     58,     56,       ,       ,11 PEARL ST,0.340000,,,5,1010,ONE FAM,103100.00,1,1
     58,     57,       ,       ,11 PROSPECT STWEST,0.250000,,,5,1010,ONE FAM,94100.00,1,1
     58,     58,       ,       ,8 HIGHLAND AVE,0.300000,,,5,1010,ONE FAM,84200.00,1,1
     58,     59,       ,       ,118 N MAIN ST ,2.270000,,,0,1110,APT 4-8,4100.00,2,1
     58,     59,       ,       ,118 N MAIN ST ,2.270000,,,5,1110,APT 4-8,142600.00,1,1
     58,     60,       ,       ,111 N MAIN ST ,0.500000,,,5,1110,APT 4-8,123900.00,1,1
     58,     61,       ,       ,115 N MAIN ST,0.420000,,,5,1040,2 FAMILY,91800.00,1,1
     58,     62,       ,       ,117 N MAIN ST ,1.000000,,,,1120,APT 9+UP,0.00,1,2
     58,     62,       ,       ,117 N MAIN ST ,1.000000,,,C,1120,APT 9+UP,317700.00,1,1
     58,     63,       ,       ,131 N MAIN ST,0.270000,,,5,1010,ONE FAM,81700.00,1,1
     58,     64,       ,       ,133 N MAIN ST,0.280000,,,5,1012,ONE FAM W ACC,87400.00,1,1
     58,     65,       ,       ,137 N MAIN ST,0.900000,,,5,1050,3 FAMILY,110000.00,1,1
     58,     66,       ,       ,143 N MAIN ST,0.370000,,,5,1010,ONE FAM,89300.00,1,1
     58,     67,       ,       ,145 N MAIN ST,0.280000,,,5,1010,ONE FAM,82500.00,1,1
     58,     68,       ,       ,149 N MAIN ST,0.430000,,,0,1090,MULT HS,,1,2
     58,     68,       ,       ,149 N MAIN ST,0.430000,,,5,1090,MULT HS,92300.00,1,1
     58,     69,       ,       ,153 N MAIN ST,0.420000,,,5,1010,ONE FAM,91800.00,1,1
     58,     70,       ,       ,6 BEYERLE ST,0.310000,,,5,1010,ONE FAM,100100.00,1,1
     58,     71,       ,       ,157 N MAIN ST,0.310000,,,5,1010,ONE FAM,85100.00,1,1
     58,     72,       ,       ,159 N MAIN ST ,0.340000,,,5,1010,ONE FAM,87600.00,1,1
     58,     73,       ,       ,2 CHANDLER ST,0.280000,,,5,1010,ONE FAM,97100.00,1,1
     58,     74,       ,       ,44 CRAFTS AVE,0.270000,,,5,1010,ONE FAM,96100.00,1,1
     58,     75,       ,       ,10 BEYERLE ST ,0.230000,,,5,1010,ONE FAM,92100.00,1,1
     58,     76,       ,       ,40 CRAFTS AVE,0.200000,,,5,1010,ONE FAM,90100.00,1,1
     58,     77,       ,       ,38 CRAFTS AVE,0.200000,,,5,1010,ONE FAM,90100.00,1,1
     58,     78,       ,       ,36 CRAFTS AVE,0.200000,,,5,1010,ONE FAM,90100.00,1,1
     58,     79,       ,       ,32 CRAFTS AVE,0.200000,,,5,1010,ONE FAM,90100.00,1,1
     58,     80,       ,       ,30 CRAFTS AVE,0.390000,,,5,1010,ONE FAM,106200.00,1,1
     58,     81,       ,       ,26 CRAFTS AVE,0.320000,,,5,1040,2 FAMILY,101100.00,1,1
     58,     82,       ,       ,22 CRAFTS AVE,0.200000,,,5,1010,ONE FAM,90100.00,1,1
     58,     83,       ,       ,20 CRAFTS AVE,0.170000,,,5,1010,ONE FAM,88100.00,1,1
     58,     84,       ,       ,18 CRAFTS AVE,0.190000,,,5,1010,ONE FAM,89400.00,1,1
     58,     85,       ,       ,16 CRAFTS AVE,0.210000,,,5,1010,ONE FAM,90800.00,1,1
     58,     86,       ,       ,0 CRAFTS AVE,0.190000,,,5,1060,OUT BLDS,4500.00,1,1
     58,     87,       ,       ,6 CRAFTS AVE,0.520000,,,5,1040,2 FAMILY,113800.00,1,1
     58,     88,       ,       ,61 CRAFTS AVE ,0.235285,,,5,1300,RES LAND,92600.00,1,1
     58,     89,       ,       ,63 CRAFTS AVE ,0.554132,,,5,1010,ONE FAM,115800.00,1,1
     58,     90,       ,       ,65 CRAFTS AVE ,0.250436,,,5,1010,ONE FAM,94100.00,1,1
     58,     91,       ,       ,67 CRAFTS AVE ,0.254522,,,5,1010,ONE FAM,85100.00,1,1
     58,     92,       ,       ,0 CRAFTS AVE ,1.220000,,,0,1300,RES LAND,700.00,2,1
     58,     92,       ,       ,0 CRAFTS AVE ,1.220000,,,5,1300,RES LAND,145900.00,1,1
     58,     93,       ,       ,66 CRAFTS AVE ,0.342815,,,5,1010,ONE FAM,103400.00,1,1
     58,     94,       ,       ,0 CRAFTS AVE,0.243549,,,5,1300,RES LAND,93400.00,1,1
     58,     95,       ,       ,0 CRAFTS AVE,0.324633,,,5,1300,RES LAND,101600.00,1,1
     58,     96,       ,       ,0 CRAFTS AVE ,0.247130,,,5,1300,RES LAND,93800.00,1,1
     58,     97,       ,       ,N MAIN ,0.286685,,,5,1300,RES LAND,92900.00,1,1
     58,     98,       ,       ,0 CRAFTS AVE ,0.413108,,,C,9030,MUNICPAL,24500.00,1,1
     59,      1,       ,       ,71 MAPLE ST,0.270000,,,5,1010,ONE FAM,96100.00,1,1
     59,      2,       ,       ,16 HIGHLAND AVE,0.240000,,,5,1010,ONE FAM,83800.00,1,1
     59,      3,       ,       ,14 PROSPECT STWEST,0.350000,,,5,1040,2 FAMILY,103900.00,1,1
     59,      4,       ,       ,14 PEARL ST,0.830000,,,5,1010,ONE FAM,122800.00,1,1
     59,      5,       ,       ,12 PEARL ST,0.190000,,,5,1010,ONE FAM,89400.00,1,1
     59,      6,       ,       ,10 PEARL ST,0.190000,,,5,1010,ONE FAM,89400.00,1,1
     59,      7,       ,       ,8 PEARL ST,0.180000,,,5,1010,ONE FAM,88800.00,1,1
     59,      8,       ,       ,6 PEARL ST,0.450000,,,5,1010,ONE FAM,109700.00,1,1
     59,      9,       ,       ,13 HIGHLAND AVE,0.450000,,,5,1010,ONE FAM,109700.00,1,1
     59,     10,       ,       ,75 MAPLE ST,0.380000,,,5,1010,ONE FAM,105600.00,1,1
     59,     11,       ,       ,79 MAPLE ST,0.300000,,,5,1010,ONE FAM,99100.00,1,1
     59,     12,       ,       ,85 MAPLE ST,0.600000,,,5,1010,ONE FAM,118800.00,1,1
     59,     13,       ,       ,91 MAPLE ST ,0.343916,,,5,1010,ONE FAM,103500.00,1,1
     59,     14,       ,       ,99 MAPLE ST ,0.644146,,,C,9060,CHURCH,278800.00,1,1
     59,     15,       ,       ,18 ESTABROOK CIR,0.180000,,,5,1010,ONE FAM,88800.00,1,1
     59,     16,       ,       ,16 ESTABROOK CIR,0.250000,,,5,1010,ONE FAM,94100.00,1,1
     59,     17,       ,       ,14 ESTABROOK CIR ,0.220000,,,5,1010,ONE FAM,91400.00,1,1
     59,     18,       ,       ,162 N MAIN ST,1.650000,,,0,3400,OFFICE,1900.00,2,1
     59,     18,       ,       ,162 N MAIN ST,1.650000,,,C,3400,OFFICE,281000.00,1,1
     59,     19,       ,       ,106 MAPLE ST ,0.930000,,,C,9030,MUNICPAL,310400.00,1,1
     59,     20,       ,       ,100 MAPLE ST,1.340000,,,0,1010,ONE FAM,1000.00,2,1
     59,     20,       ,       ,100 MAPLE ST,1.340000,,,5,1010,ONE FAM,116700.00,1,1
     59,     21,       ,       ,94 MAPLE ST,0.330000,,,5,1010,ONE FAM,102100.00,1,1
     59,     22,       ,       ,90 MAPLE ST,0.390000,,,5,1010,ONE FAM,106200.00,1,1
     59,     23,       ,       ,88 MAPLE ST,0.190000,,,5,1010,ONE FAM,89400.00,1,1
     59,     24,       ,       ,86 MAPLE ST,0.260000,,,5,1010,ONE FAM,95100.00,1,1
     59,     25,       ,       ,84 MAPLE ST,0.240000,,,5,1010,ONE FAM,93100.00,1,1
     59,     26,       ,       ,82 MAPLE ST,0.300000,,,5,1010,ONE FAM,99100.00,1,1
     59,     27,       ,       ,21 HIGHLAND AVE,0.210000,,,5,1010,ONE FAM,90800.00,1,1
     59,     28,       ,       ,3 WINTER STWEST,0.230000,,,5,1010,ONE FAM,92100.00,1,1
     59,     29,       ,       ,5 WINTER STWEST,0.180000,,,5,1010,ONE FAM,88800.00,1,1
     59,     30,       ,       ,7 WINTER STWEST,0.140000,,,5,1010,ONE FAM,86200.00,1,1
     59,     31,       ,       ,9 WINTER STWEST,0.180000,,,5,1010,ONE FAM,88800.00,1,1
     59,     32,       ,       ,11 WINTER STWEST,0.410000,,,5,1010,ONE FAM,107400.00,1,1
     59,     33,       ,       ,20 WINTER STWEST,0.407254,,,5,1010,ONE FAM,107200.00,1,1
     59,     34,       ,       ,18 WINTER STWEST,0.180000,,,5,1010,ONE FAM,88800.00,1,1
     59,     35,       ,       ,14 WINTER STWEST,0.180000,,,5,1010,ONE FAM,88800.00,1,1
     59,     36,       ,       ,12 WINTER STWEST,0.180000,,,5,1010,ONE FAM,88800.00,1,1
     59,     37,       ,       ,10 WINTER STWEST,0.180000,,,5,1010,ONE FAM,88800.00,1,1
     59,     38,       ,       ,6 WINTER STWEST,0.370000,,,5,1010,ONE FAM,105000.00,1,1
     59,     39,       ,       ,4 WINTER STWEST,0.210000,,,5,1010,ONE FAM,90800.00,1,1
     59,     40,       ,       ,7 GREEN STWEST ,0.370000,,,5,1010,ONE FAM,105000.00,1,1
     59,     41,       ,       ,11 GREEN STWEST,0.180000,,,5,1010,ONE FAM,88800.00,1,1
     59,     42,       ,       ,13 GREEN STWEST,0.370000,,,5,1010,ONE FAM,105000.00,1,1
     59,     43,       ,       ,15 GREEN STWEST ,0.180000,,,5,1010,ONE FAM,88800.00,1,1
     59,     44,       ,       ,17 GREEN STWEST,0.180000,,,5,1010,ONE FAM,88800.00,1,1
     59,     45,       ,       ,19 GREEN STWEST,0.183655,,,5,1010,ONE FAM,89000.00,1,1
     59,     46,       ,       ,21 GREEN STWEST ,0.300000,,,5,1010,ONE FAM,99100.00,1,1
     59,     47,       ,       ,23 GREEN STWEST,0.300000,,,5,1010,ONE FAM,99100.00,1,1
     59,     48,       ,       ,24 GREEN STWEST,0.265129,,,5,1010,ONE FAM,95600.00,1,1
     59,     49,       ,       ,22 GREEN STWEST,0.749610,,,5,1010,ONE FAM,127100.00,1,1
     59,     50,       ,       ,20 GREEN STWEST,0.230000,,,5,1010,ONE FAM,92100.00,1,1
     59,     51,       ,       ,18 GREEN STWEST,0.320000,,,5,1010,ONE FAM,101100.00,1,1
     59,     52,       ,       ,12 GREEN STWEST,0.360000,,,5,1010,ONE FAM,104500.00,1,1
     59,     53,       ,       ,8 GREEN STWEST,0.180000,,,5,1010,ONE FAM,88800.00,1,1
     59,     54,       ,       ,4 GREEN STWEST ,0.183655,,,5,1010,ONE FAM,89000.00,1,1
     59,     55,       ,       ,5 SPRING STWEST,0.180000,,,5,1010,ONE FAM,88800.00,1,1
     59,     57,       ,       ,9 SPRING STWEST,0.370000,,,5,1010,ONE FAM,105000.00,1,1
     59,     58,       ,       ,11 SPRING STWEST,0.180000,,,5,1010,ONE FAM,88800.00,1,1
     59,     59,       ,       ,10 SPRING STWEST,0.174219,,,5,1010,ONE FAM,88400.00,1,1
     59,     60,       ,       ,8 SPRING STWEST,0.190000,,,5,1010,ONE FAM,89400.00,1,1
     59,     61,       ,       ,6 SPRING STWEST ,0.230000,,,5,1010,ONE FAM,87500.00,1,1
     59,     62,       ,       ,2 SPRING STWEST ,0.380000,,,5,1010,ONE FAM,100400.00,1,1
     59,     63,       ,       ,2-3-4 BUTTERNUT LA ,4.130000,,,0,1120,APT 9+UP,,1,2
     59,     63,       ,       ,2-3-4 BUTTERNUT LA ,4.130000,,,0,1120,APT 9+UP,,1,3
     59,     63,       ,       ,2-3-4 BUTTERNUT LA ,4.130000,,,C,1120,APT 9+UP,53400.00,2,1
     59,     63,       ,       ,2-3-4 BUTTERNUT LA ,4.130000,,,C,1120,APT 9+UP,635400.00,1,1
     59,     64,       ,       ,0 GREEN STWEST ,10.979000,,,0,6231,OTHER REC,400.00,2,1
     59,     64,       ,       ,0 GREEN STWEST ,10.979000,,,5,6231,OTHER REC,40.00,1,1
     59,     65,       ,       ,7 PASTURE LN,0.380000,,,5,1010,ONE FAM,105600.00,1,1
     59,     66,       ,       ,9 PASTURE LN ,0.360000,,,5,1010,ONE FAM,104500.00,1,1
     59,     67,       ,       ,11 PASTURE LN ,0.690000,,,5,1010,ONE FAM,124900.00,1,1
     59,     68,       ,       ,13 PASTURE LN,0.350000,,,5,1010,ONE FAM,103900.00,1,1
     59,     69,       ,       ,15 PASTURE LN ,0.350000,,,5,1010,ONE FAM,103900.00,1,1
     59,     70,       ,       ,17 PASTURE LN,0.380000,,,5,1010,ONE FAM,89800.00,1,1
     59,     71,       ,       ,21 PASTURE LN ,0.690000,,,5,1010,ONE FAM,124900.00,1,1
     59,     72,       ,       ,22 PASTURE LN,0.510000,,,5,1010,ONE FAM,113300.00,1,1
     59,     73,       ,       ,18 PASTURE LN ,0.330000,,,5,1010,ONE FAM,102100.00,1,1
     59,     74,       ,       ,16 PASTURE LN,0.440000,,,5,1010,ONE FAM,109200.00,1,1
     59,     75,       ,       ,14 PASTURE LN,0.275941,,,5,1010,ONE FAM,96700.00,1,1
     59,     76,       ,       ,12 PASTURE LN ,0.462695,,,5,1010,ONE FAM,110500.00,1,1
     59,     77,       ,       ,103 MAPLE ST,0.530303,,,5,1010,ONE FAM,114400.00,1,1
     59,     78,       ,       ,101 MAPLE ST,0.772360,,,5,1050,3 FAMILY,128000.00,1,1
     63,      1,       ,       ,238 HANOVER ST ,3.370000,,,0,1010,ONE FAM,5900.00,2,1
     63,      1,       ,       ,238 HANOVER ST ,3.370000,,,5,1010,ONE FAM,94800.00,1,1
     63,      2,       ,       ,248 HANOVER ST EXT ,1.220000,,,0,1010,ONE FAM,600.00,2,1
     63,      2,       ,       ,248 HANOVER ST EXT ,1.220000,,,5,1010,ONE FAM,94800.00,1,1
     63,      4,       ,       ,0 EVANS DR,14.310000,,,5,3920,UNDV-COM,19700.00,1,1
     64,      1,       ,       ,0 HANOVER ST EXT,1.920000,,,0,9030,MUNICPAL,1200.00,2,1
     64,      1,       ,       ,0 HANOVER ST EXT,1.920000,,,C,9030,MUNICPAL,174100.00,1,1
     64,      2,       ,       ,237 HANOVER ST EXT,0.650000,,,0,3320,AUTO REP,,1,2
     64,      2,       ,       ,237 HANOVER ST EXT,0.650000,,,C,3320,AUTO REP,118400.00,1,1
     64,      3,       ,       ,5 OLD ETNA RD,0.200000,,,5,1010,ONE FAM,65800.00,1,1
     64,      4,       ,       ,7 OLD ETNA RD,0.270000,,,5,1010,ONE FAM,70200.00,1,1
     64,      5,       ,       ,9 OLD ETNA RD,0.230000,,,5,1010,ONE FAM,63800.00,1,1
     64,      6,       ,       ,13 OLD ETNA RD,0.290000,,,5,1010,ONE FAM,67900.00,1,1
     64,      7,       ,       ,258 HEATER RD ,3.350000,,,C,1120,APT 9+UP,154400.00,2,1
     64,      7,       ,       ,258 HEATER RD ,3.350000,,,C,1120,APT 9+UP,977500.00,1,1
     64,      8,       ,       ,9 BIXBY ST,0.890000,,,C,9130,SCHLDEPT,471000.00,1,1
     64,      9,       ,       ,18 OLD ETNA RD ,11.390000,,,0,9050,CHARITABLE,9900.00,3,1
     64,      9,       ,       ,18 OLD ETNA RD ,11.390000,,,0,9050,CHARITABLE,27200.00,2,1
     64,      9,       ,       ,18 OLD ETNA RD ,11.390000,,,C,9050,CHARITABLE,1955000.00,1,1
     64,     10,       ,       ,10 BIXBY ST,0.400000,,,5,1010,ONE FAM,82200.00,1,1
     64,     11,       ,       ,236 HEATER RD,0.620000,,,5,1010,ONE FAM,92400.00,1,1
     64,     12,       ,       ,226 HEATER RD,1.340000,,,0,3520,DAY CARE,6100.00,2,1
     64,     12,       ,       ,226 HEATER RD,1.340000,,,C,3520,DAY CARE,488700.00,1,1
     64,     13,       ,       ,220 HEATER RD ,0.630000,,,C,111C,APT 4-8-Comm,425400.00,1,1
     64,     15,       ,       ,206 HEATER RD ,0.740000,,,C,3420,MEDICAL OFF,447900.00,1,1
     64,     16,       ,       ,200 HEATER RD,1.820000,,,0,3410,BANK,1600.00,2,1
     64,     16,       ,       ,200 HEATER RD,1.820000,,,C,3410,BANK,488700.00,1,1
     64,     17,       ,       ,0 NH ROUTE 120,1.000000,,,C,9010,STATE NH,24400.00,1,1
     64,     19,       ,       ,135 NH ROUTE 120 ,2.710009,,,C,3000,HOTEL,1324500.00,1,1
     64,     21,       ,       ,35 LABOMBARD RD ,8.970000,,,0,3000,HOTEL,34900.00,2,1
     64,     21,       ,       ,35 LABOMBARD RD ,8.970000,,,C,3000,HOTEL,977500.00,1,1
     64,     22,       ,       ,13 LABOMBARD RD ,6.040000,,,0,354C,TRANSPOR-Comm,10000.00,2,1
     64,     22,       ,       ,13 LABOMBARD RD ,6.040000,,,0,354C,TRANSPOR-Comm,30400.00,3,1
     64,     22,       ,       ,13 LABOMBARD RD ,6.040000,,,C,354C,TRANSPOR-Comm,977500.00,1,1
     64,     23,       ,       ,174 HEATER RD,6.917000,,,0,901C,STATE NH-Comm,,1,2
     64,     23,       ,       ,174 HEATER RD,6.917000,,,0,901C,STATE NH-Comm,9500.00,3,1
     64,     23,       ,       ,174 HEATER RD,6.917000,,,0,901C,STATE NH-Comm,9700.00,2,1
     64,     23,       ,       ,174 HEATER RD,6.917000,,,C,901C,STATE NH-Comm,977500.00,1,1
     64,     25,       ,       ,25 LABOMBARD RD,2.850000,,,0,4400,IND LAND,11900.00,2,1
     64,     25,       ,       ,25 LABOMBARD RD,2.850000,,,C,4400,IND LAND,488700.00,1,1
     64,     29,       ,       ,165 HEATER RD,3.560000,,,0,3140,TRK TERM,3100.00,2,1
     64,     29,       ,       ,165 HEATER RD,3.560000,,,C,3140,TRK TERM,977500.00,1,1
     64,     30,       ,       ,175 HEATER RD ,4.710000,,,0,3300,AUTO S+S,7100.00,2,1
     64,     30,       ,       ,175 HEATER RD ,4.710000,,,C,3300,AUTO S+S,1955000.00,1,1
     64,     32,       ,       ,199 HEATER RD,1.019995,,,C,3410,BANK,498500.00,1,1
     64,     32,    100,       ,203 HEATER RD,1.080005,,,C,3400,OFFICE,527800.00,1,1
     64,     33,       ,       ,195 HANOVER ST EXT,37.580000,,,0,913C,SCHLDEPT-Comm,,1,2
     64,     33,       ,       ,195 HANOVER ST EXT,37.580000,,,0,913C,SCHLDEPT-Comm,,1,3
     64,     33,       ,       ,195 HANOVER ST EXT,37.580000,,,0,913C,SCHLDEPT-Comm,15100.00,4,1
     64,     33,       ,       ,195 HANOVER ST EXT,37.580000,,,0,913C,SCHLDEPT-Comm,19800.00,3,1
     64,     33,       ,       ,195 HANOVER ST EXT,37.580000,,,0,913C,SCHLDEPT-Comm,124800.00,2,1
     64,     33,       ,       ,195 HANOVER ST EXT,37.580000,,,C,913C,SCHLDEPT-Comm,2932500.00,1,1
     64,     34,       ,       ,0 LABOMBARD RD ,7.670000,,,0,4400,IND LAND,3200.00,2,1
     64,     34,       ,       ,0 LABOMBARD RD ,7.670000,,,0,4400,IND LAND,3700.00,3,1
     64,     34,       ,       ,0 LABOMBARD RD ,7.670000,,,0,4400,IND LAND,9900.00,4,1
     64,     34,       ,       ,0 LABOMBARD RD ,7.670000,,,C,4400,IND LAND,1466200.00,1,1
     72,      1,       ,       ,7 MAIN ST,0.270000,,,5,1110,APT 4-8,83200.00,1,1
     72,      2,       ,       ,21 MAIN ST ,0.229982,,,5,1110,APT 4-8,79700.00,1,1
     72,      3,       ,       ,25 MAIN ST ,0.320000,,,C,3340,SERV STA,266100.00,1,1
     72,      4,       ,       ,35 MAIN ST ,0.183655,,,C,3250,STORE,194700.00,1,1
     72,      5,       ,       ,0 RAILROAD AVE ,17.870000,,,0,901I,STATE NH-Ind,67900.00,2,1
     72,      5,       ,       ,0 RAILROAD AVE ,17.870000,,,C,901C,STATE NH-Comm,0.00,1,2
     72,      5,       ,       ,0 RAILROAD AVE ,17.870000,,,C,901C,STATE NH-Comm,0.00,2,2
     72,      5,       ,       ,0 RAILROAD AVE ,17.870000,,,C,901I,STATE NH-Ind,458200.00,1,1
     72,      5,      T,       ,0 RAILROAD AVE ,1.950000,,,C,901I,STATE NH-Ind,55500.00,2,1
     72,      5,      T,       ,0 RAILROAD AVE ,1.950000,,,C,901I,STATE NH-Ind,229100.00,1,1
     72,      5,    100,       ,31 MAIN ST,0.150000,,,C,3250,STORE,186500.00,1,1
     72,      5,    200,       ,33 RAILROAD AVE ,0.353191,,,C,325I,STORE-Ind,205400.00,1,1
     72,      5,    400,       ,12 RAILROAD AVE ,0.627181,,,,0430,IND/COM,0.00,1,2
     72,      5,    400,       ,12 RAILROAD AVE ,0.627181,,,C,3250,STORE,286600.00,1,1
     72,      5,  70300,       ,26 RAILROAD AVE ,0.419995,,,C,3900,DEV LAND,191900.00,1,1
     72,      5,  70600,       ,12 RAILROAD AVE ,0.000000,,,C,325I,STORE-Ind,,1,1
     72,      6,       ,       ,0 RAILROAD AVE,0.250000,,,C,3900,DEV LAND,111400.00,1,1
     72,      8,       ,       ,38 RAILROAD AVE,0.619995,,,C,3320,AUTO REP,285400.00,1,1
     72,      9,       ,       ,16 RAILROAD AVE ,0.350000,,,C,3250,STORE,191300.00,1,1
     72,     10,       ,       ,8 RAILROAD AVE ,0.229063,,,C,325I,STORE-Ind,217900.00,1,1
     72,     11,       ,       ,43 MAIN ST ,0.180000,,,C,3250,STORE,159600.00,1,1
     72,     12,       ,       ,51 MAIN ST,0.310000,,,C,3250,STORE,237100.00,1,1
     72,     13,       ,       ,55 MAIN ST ,0.140000,,,C,3250,STORE,151600.00,1,1
     72,     14,       ,       ,57 MAIN ST ,0.190000,,,C,3400,OFFICE,168300.00,1,1
     72,     15,       ,       ,63 MAIN ST,0.120000,,,C,903I,MUNICPAL-Ind,126500.00,1,1
     72,     16,       ,       ,67 MAIN ST,0.710000,,,C,3410,BANK,449000.00,1,1
     72,     17,       ,       ,71 MAIN ST,0.860000,,,C,3250,STORE,472000.00,1,1
     72,     18,       ,       ,75 MAIN ST ,0.972773,,,C,323I,SHOP CTR-Ind,363300.00,1,1
     72,     19,       ,       ,83 MAIN ST,0.300000,,,C,3410,BANK,260800.00,1,1
     72,     20,       ,       ,89 MAIN ST,1.389991,,,0,3250,STORE,,1,2
     72,     20,       ,       ,89 MAIN ST,1.389991,,,C,3250,STORE,891600.00,1,1
     72,     21,       ,       ,0 MAIN ST,0.200000,,,C,3370,PARK LOT,46800.00,1,1
     72,     22,       ,       ,5 BRIDGE ST,0.950000,,,C,3320,AUTO REP,360500.00,1,1
     72,     23,       ,       ,1 COMMERCIAL DR,0.220000,,,C,3320,AUTO REP,239500.00,1,1
     72,     24,       ,       ,18 COMMERCIAL DR,0.460000,,,C,3160,COMMWHSE,174300.00,1,1
     72,     25,       ,       ,10 COMMERCIAL DR,0.320000,,,C,3160,COMMWHSE,66500.00,1,1
     72,     26,       ,       ,23 BRIDGE ST ,0.350000,,,C,3260,REST/BAR,273400.00,1,1
     72,     28,       ,       ,8 BRIDGE ST ,1.310000,,,0,3250,STORE,3000.00,2,1
     72,     28,       ,       ,8 BRIDGE ST ,1.310000,,,C,3250,STORE,458200.00,1,1
     72,     30,       ,       ,97 N MAIN ST ,0.591139,,,C,3340,SERV STA,545200.00,1,1
     72,     31,       ,       ,99 N MAIN ST ,0.330000,,,6,340R,OFFICE-Res,116600.00,1,1
     72,     32,       ,       ,105 N MAIN ST,0.590000,,,5,1110,APT 4-8,135500.00,1,1
     72,     33,       ,       ,112 N MAIN ST,0.280000,,,C,3400,OFFICE,221500.00,1,1
     72,     34,       ,       ,110 N MAIN ST ,0.190000,,,5,1010,ONE FAM,103200.00,1,1
     72,     35,       ,       ,106 N MAIN ST,0.530000,,,C,3400,OFFICE,331500.00,1,1
     72,     36,       ,       ,5 PROSPECT STWEST,0.250000,,,5,1010,ONE FAM,94100.00,1,1
     72,     37,       ,       ,7 PROSPECT STWEST,0.210000,,,5,1010,ONE FAM,90800.00,1,1
     72,     38,       ,       ,10 PROSPECT STWEST,0.420000,,,5,1010,ONE FAM,108000.00,1,1
     72,     39,       ,       ,8 PROSPECT STWEST,0.390000,,,5,1010,ONE FAM,106200.00,1,1
     72,     40,       ,       ,6 PROSPECT STWEST,0.400000,,,5,1010,ONE FAM,106800.00,1,1
     72,     41,       ,       ,4 PROSPECT STWEST,0.260000,,,5,1010,ONE FAM,95100.00,1,1
     72,     42,       ,       ,9-11 DANA ST,0.390000,,,5,1040,2 FAMILY,106200.00,1,1
     72,     43,       ,       ,13 DANA ST,0.310000,,,5,1040,2 FAMILY,100100.00,1,1
     72,     44,       ,       ,15 MAPLE ST ,0.260000,,,5,1040,2 FAMILY,95100.00,1,1
     72,     45,       ,       ,19 MAPLE ST ,0.280000,,,5,1050,3 FAMILY,97100.00,1,1
     72,     46,       ,       ,21 MAPLE ST ,0.260000,,,5,1110,APT 4-8,97000.00,1,1
     72,     47,       ,       ,27 MAPLE ST,0.270000,,,5,1010,ONE FAM,91300.00,1,1
     72,     48,       ,       ,33 MAPLE ST ,0.362982,,,5,1040,2 FAMILY,104600.00,1,1
     72,     48,    100,       ,0 MAPLE ST,0.582599,,,5,1300,RES LAND,117600.00,1,1
     72,     49,       ,       ,45 MAPLE ST,0.240000,,,5,1010,ONE FAM,93100.00,1,1
     72,     50,       ,       ,47 MAPLE ST,0.210000,,,5,1010,ONE FAM,90800.00,1,1
     72,     51,       ,       ,49 MAPLE ST,0.410000,,,5,1040,2 FAMILY,107400.00,1,1
     72,     52,       ,       ,51 MAPLE ST,0.300000,,,5,1010,ONE FAM,99100.00,1,1
     72,     53,       ,       ,16--18 DANA ST,0.240000,,,5,1040,2 FAMILY,93100.00,1,1
     72,     54,       ,       ,12 DANA ST ,0.640000,,,5,1040,2 FAMILY,121500.00,1,1
     72,     55,       ,       ,0 CENTRAL AVE,0.230000,,,5,1310,POTNLDEV,64500.00,1,1
     72,     56,       ,       ,6 CENTRAL AVE,0.330000,,,5,1010,ONE FAM,102100.00,1,1
     72,     57,       ,       ,4 CENTRAL AVE,0.230000,,,5,1010,ONE FAM,92100.00,1,1
     72,     58,       ,       ,2 CENTRAL AVE,0.230000,,,5,1010,ONE FAM,92100.00,1,1
     72,     59,       ,       ,6 ATWOOD AVE ,0.070000,,,5,1010,ONE FAM,68600.00,1,1
     72,     60,       ,       ,5 ATWOOD AVE,0.090000,,,C,3400,OFFICE,101100.00,1,1
     72,     61,       ,       ,7 ATWOOD AVE,0.070000,,,5,1010,ONE FAM,80700.00,1,1
     72,     62,       ,       ,1 CENTRAL AVE,0.100000,,,5,1010,ONE FAM,83200.00,1,1
     72,     63,       ,       ,5 CENTRAL AVE,0.190000,,,5,1010,ONE FAM,89400.00,1,1
     72,     64,       ,       ,7 CENTRAL AVE ,0.220000,,,C,3160,COMMWHSE,119800.00,1,1
     72,     65,       ,       ,2-4 DANA ST,0.360000,,,0,1120,APT 9+UP,0.00,1,2
     72,     65,       ,       ,2-4 DANA ST,0.360000,,,5,1120,APT 9+UP,120500.00,1,1
     72,     66,       ,       ,100 MAIN ST ,0.230000,,,C,3260,REST/BAR,242400.00,1,1
     72,     67,       ,       ,98 MAIN ST,0.280000,,,C,325I,STORE-Ind,255500.00,1,1
     72,     68,       ,       ,94 MAIN ST ,0.370000,,,0,3250,STORE,,1,2
     72,     68,       ,       ,94 MAIN ST ,0.370000,,,C,3250,STORE,276500.00,1,1
     72,     69,       ,       ,88 MAIN ST,0.240000,,,C,3250,STORE,183700.00,1,1
     72,     70,       ,       ,86 MAIN ST,0.093756,,,C,3370,PARK LOT,203200.00,1,1
     72,     71,       ,       ,80 MAIN ST,1.239991,,,C,903C,MUNICPAL-Comm,750000.00,1,1
     72,     71,    100,       ,80 MAIN ST,0.000000,,,C,9030,MUNICPAL,,1,1
     72,     73,       ,       ,15 TRACY ST ,0.310000,,,5,1110,APT 4-8,100100.00,1,1
     72,     74,       ,       ,23 TRACY ST ,0.410000,,,5,1110,APT 4-8,118100.00,1,1
     72,     75,       ,       ,22 TRACY ST,0.370000,,,5,1050,3 FAMILY,105000.00,1,1
     72,     76,       ,       ,14 TRACY ST ,0.810491,,,C,1120,APT 9+UP,297800.00,1,1
     72,     78,       ,       ,70 MAIN ST,0.656336,,,C,3410,BANK,486100.00,1,1
     72,     79,       ,       ,52 MAIN ST,0.148072,,,C,3900,DEV LAND,109400.00,1,1
     72,     80,       ,       ,50 MAIN ST,0.250000,,,C,3250,STORE,235200.00,1,1
     72,     81,       ,       ,36-48 MAIN ST ,0.362759,,,5,1120,APT 9+UP,96600.00,1,1
     72,     82,       ,       ,34 MAIN ST ,0.025230,,,C,3250,STORE,42400.00,1,1
     72,     83,       ,       ,30 MAIN ST ,0.452250,,,C,903I,MUNICPAL-Ind,289300.00,1,1
     72,     83,    200,       ,32 MAIN ST,0.211203,,,C,3400,OFFICE,213300.00,1,1
     72,     84,       ,       ,28 MAIN ST ,0.480005,,,C,903C,MUNICPAL-Comm,293600.00,1,1
     72,     85,       ,       ,3 CHURCH STWEST,0.260000,,,5,1010,ONE FAM,82300.00,1,1
     72,     86,       ,       ,4 CHURCH STWEST,0.100000,,,5,1040,2 FAMILY,83200.00,1,1
     72,     87,       ,       ,2 CHURCH STWEST,0.120000,,,C,3250,STORE,52700.00,1,1
     72,     88,       ,       ,14 MAIN ST ,0.110000,,,C,903C,MUNICPAL-Comm,103900.00,1,1
     72,     89,       ,       ,12 MAIN ST ,0.310000,,,C,3260,REST/BAR,263400.00,1,1
     72,     90,       ,       ,6 TRANSFER STATION DR ,0.779982,,,C,9030,MUNICPAL,170100.00,1,1
     73,      1,       ,       ,17 DANA ST,0.250000,,,5,1040,2 FAMILY,94100.00,1,1
     73,      2,       ,       ,57 MAPLE ST,0.090000,,,5,1010,ONE FAM,82400.00,1,1
     73,      3,       ,       ,61 MAPLE ST,0.400000,,,5,1010,ONE FAM,106800.00,1,1
     73,      4,       ,       ,69 MAPLE ST,0.320000,,,5,1010,ONE FAM,101100.00,1,1
     73,      5,       ,       ,78 MAPLE ST,0.270000,,,5,1010,ONE FAM,96100.00,1,1
     73,      6,       ,       ,76 MAPLE ST ,0.310000,,,5,1010,ONE FAM,100100.00,1,1
     73,      7,       ,       ,68 MAPLE ST ,0.373393,,,5,1110,APT 4-8,115800.00,1,1
     73,      7,    100,       ,MAPLE ST ,0.262052,,,5,1300,RES LAND,95300.00,1,1
     73,      8,       ,       ,64 MAPLE ST,0.300000,,,5,1010,ONE FAM,99100.00,1,1
     73,      9,       ,       ,21 DANA ST,0.350000,,,5,1040,2 FAMILY,103900.00,1,1
     73,     10,       ,       ,25 DANA ST,0.300000,,,5,1010,ONE FAM,99100.00,1,1
     73,     11,       ,       ,3 TIMOTHY AVE,0.230000,,,5,1010,ONE FAM,92100.00,1,1
     73,     12,       ,       ,5 TIMOTHY AVE,0.230000,,,5,1010,ONE FAM,92100.00,1,1
     73,     13,       ,       ,9 TIMOTHY AVE ,0.310000,,,5,1010,ONE FAM,100100.00,1,1
     73,     14,       ,       ,11 TIMOTHY AVE,0.390000,,,5,1010,ONE FAM,106200.00,1,1
     73,     15,       ,       ,12 TIMOTHY AVE,0.330000,,,5,1010,ONE FAM,102100.00,1,1
     73,     16,       ,       ,10 TIMOTHY AVE,0.270000,,,5,1010,ONE FAM,96100.00,1,1
     73,     17,       ,       ,8 TIMOTHY AVE ,0.260000,,,5,1010,ONE FAM,95100.00,1,1
     73,     17,    100,       ,6 TIMOTHY AVE,0.270000,,,5,1010,ONE FAM,96100.00,1,1
     73,     18,       ,       ,4 TIMOTHY AVE,0.400000,,,5,1010,ONE FAM,106800.00,1,1
     73,     19,       ,       ,31 DANA ST ,0.380000,,,5,1010,ONE FAM,105600.00,1,1
     73,     20,       ,       ,2 WHITE AVE ,0.230000,,,0,1012,ONE FAM W ACC,,1,2
     73,     20,       ,       ,2 WHITE AVE ,0.230000,,,5,1012,ONE FAM W ACC,92100.00,1,1
     73,     21,       ,       ,4 WHITE AVE,0.600000,,,5,1010,ONE FAM,118800.00,1,1
     73,     22,       ,       ,3 GREEN STWEST,0.210000,,,5,1010,ONE FAM,90800.00,1,1
     73,     23,       ,       ,2 GREEN STWEST,0.210000,,,5,1010,ONE FAM,90800.00,1,1
     73,     24,       ,       ,29 HIGHLAND AVE,0.210000,,,5,1010,ONE FAM,90800.00,1,1
     73,     25,       ,       ,3 SPRING STWEST,0.180000,,,5,1010,ONE FAM,88800.00,1,1
     73,     26,       ,       ,31 HIGHLAND AVE ,0.220000,,,5,1010,ONE FAM,91400.00,1,1
     73,     27,       ,       ,33 HIGHLAND AVE,0.510000,,,5,1010,ONE FAM,113300.00,1,1
     73,     28,       ,       ,35 HIGHLAND AVE,0.230000,,,5,1010,ONE FAM,92100.00,1,1
     73,     29,       ,       ,37 HIGHLAND AVE ,0.930005,,,5,1010,ONE FAM,116600.00,1,1
     73,     31,       ,       ,3 PASTURE LN,0.370000,,,5,1010,ONE FAM,105000.00,1,1
     73,     32,       ,       ,5 PASTURE LN ,0.390000,,,5,1010,ONE FAM,132800.00,1,1
     73,     33,       ,       ,10 PASTURE LN,0.450000,,,5,1010,ONE FAM,109700.00,1,1
     73,     34,       ,       ,8 PASTURE LN,0.320000,,,5,1010,ONE FAM,101100.00,1,1
     73,     35,       ,       ,6 PASTURE LN,0.320000,,,5,1010,ONE FAM,101100.00,1,1
     73,     36,       ,       ,4 PASTURE LN ,0.340000,,,5,1010,ONE FAM,103100.00,1,1
     73,     37,       ,       ,2 PASTURE LN ,5.760000,,,0,1010,ONE FAM,9300.00,2,1
     73,     37,       ,       ,2 PASTURE LN ,5.760000,,,5,1010,ONE FAM,103700.00,1,1
     73,     39,       ,       ,3 THOMAS AVE,0.280000,,,5,1010,ONE FAM,97100.00,1,1
     73,     40,       ,       ,1 WHITE AVE,0.290000,,,5,1010,ONE FAM,98100.00,1,1
     73,     41,       ,       ,38 DANA ST,0.340000,,,C,9130,SCHLDEPT,235200.00,1,1
     73,     42,       ,       ,3 MACK AVE,0.200000,,,5,1010,ONE FAM,90100.00,1,1
     73,     43,       ,       ,5 MACK AVE ,0.230000,,,5,1012,ONE FAM W ACC,92100.00,1,1
     73,     44,       ,       ,7 MACK AVE,0.230000,,,5,1010,ONE FAM,92100.00,1,1
     73,     45,       ,       ,9 MACK AVE,0.170000,,,5,1010,ONE FAM,88100.00,1,1
     73,     46,       ,       ,11 MACK AVE,0.170000,,,5,1010,ONE FAM,88100.00,1,1
     73,     47,       ,       ,13 MACK AVE ,0.240000,,,5,1010,ONE FAM,93100.00,1,1
     73,     48,       ,       ,15 MACK AVE ,0.280000,,,5,1010,ONE FAM,97100.00,1,1
     73,     49,       ,       ,17 MACK AVE,0.290000,,,5,1010,ONE FAM,98100.00,1,1
     73,     50,       ,       ,19 MACK AVE,0.260000,,,5,1010,ONE FAM,95100.00,1,1
     73,     51,       ,       ,21 MACK AVE ,0.220000,,,5,1010,ONE FAM,91400.00,1,1
     73,     52,       ,       ,23 MACK AVE,0.210000,,,5,1010,ONE FAM,90800.00,1,1
     73,     53,       ,       ,24 MACK AVE,0.190000,,,5,1010,ONE FAM,89400.00,1,1
     73,     54,       ,       ,22 MACK AVE ,0.650000,,,5,1010,ONE FAM,122200.00,1,1
     73,     55,       ,       ,20 MACK AVE,0.280000,,,5,1010,ONE FAM,97100.00,1,1
     73,     56,       ,       ,16 MACK AVE,0.180000,,,5,1010,ONE FAM,88800.00,1,1
     73,     57,       ,       ,14 MACK AVE ,0.240000,,,5,1010,ONE FAM,93100.00,1,1
     73,     58,       ,       ,12 MACK AVE,0.220000,,,5,1010,ONE FAM,91400.00,1,1
     73,     59,       ,       ,10 MACK AVE,0.220000,,,5,1010,ONE FAM,91400.00,1,1
     73,     60,       ,       ,6 MACK AVE,0.230000,,,5,1010,ONE FAM,92100.00,1,1
     73,     61,       ,       ,30 DANA ST ,0.240000,,,5,1040,2 FAMILY,93100.00,1,1
     73,     62,       ,       ,28 DANA ST,0.230000,,,5,1010,ONE FAM,92100.00,1,1
     73,     63,       ,       ,26 DANA ST,0.370000,,,5,1010,ONE FAM,105000.00,1,1
     73,     64,       ,       ,52 MAPLE ST,0.470000,,,5,1040,2 FAMILY,110900.00,1,1
     73,     65,       ,       ,50 MAPLE ST ,0.259183,,,5,1040,2 FAMILY,95000.00,1,1
     73,     65,    100,       ,48 MAPLE ST ,0.530762,,,C,3910,POTNLDEV,261300.00,1,1
     73,     67,       ,       ,38 MAPLE ST,1.930005,,,5,316C,COMMWHSE-Comm,137600.00,1,1
     73,     68,       ,       ,28 MAPLE ST,0.920000,,,5,1010,ONE FAM,129500.00,1,1
     73,     69,       ,       ,26 MAPLE ST,0.750000,,,5,1010,ONE FAM,127200.00,1,1
     73,     70,       ,       ,22 MAPLE ST ,0.726492,,,0,1120,APT 9+UP,,1,2
     73,     70,       ,       ,22 MAPLE ST ,0.726492,,,5,1120,APT 9+UP,126300.00,1,1
     73,     70,    100,       ,20 MAPLE ST ,0.311915,,,5,3900,DEV LAND,100300.00,1,1
     73,     71,       ,       ,7 PLEASANT ST,0.650000,,,5,1010,ONE FAM,122200.00,1,1
     73,     72,       ,       ,13 PLEASANT ST,0.270000,,,5,1010,ONE FAM,96100.00,1,1
     73,     73,       ,       ,15 PLEASANT ST,0.360000,,,5,1040,2 FAMILY,104400.00,1,1
     73,     74,       ,       ,17 PLEASANT ST,0.620000,,,5,1010,ONE FAM,120100.00,1,1
     73,     75,       ,       ,19 PLEASANT ST,0.620000,,,5,1010,ONE FAM,120100.00,1,1
     73,     76,       ,       ,21 PLEASANT ST,0.390000,,,5,1010,ONE FAM,106200.00,1,1
     73,     77,       ,       ,VILLAGE GREEN ST ,14.600000,,,0,9550,CONDO MSTR,0.00,1,1
     73,     77,    101,       ,33 FLOYD AVE 1,0.000000,,,5,1020,CONDO,,1,1
     73,     77,    203,       ,30 FLOYD AVE 2,0.000000,,,5,1020,CONDO,,1,1
     73,     77,    301,       ,33 FLOYD AVE 3,0.000000,,,5,1020,CONDO,,1,1
     73,     77,    403,       ,30 FLOYD AVE 4,0.000000,,,5,1020,CONDO,,1,1
     73,     77,    501,       ,33 FLOYD AVE 5,0.000000,,,5,1020,CONDO,,1,1
     73,     77,    603,       ,30 FLOYD AVE 6,0.000000,,,5,1020,CONDO,,1,1
     73,     77,    701,       ,33 FLOYD AVE #7,0.000000,,,5,1020,CONDO,,1,1
     73,     77,    803,       ,30 FLOYD AVE 8,0.000000,,,5,1020,CONDO,,1,1
     73,     77,    902,       ,29 FLOYD AVE 9,0.000000,,,5,1020,CONDO,,1,1
     73,     77,   1004,       ,32 FLOYD AVE #10,0.000000,,,5,1020,CONDO,,1,1
     73,     77,   1102,       ,29 FLOYD AVE 11,0.000000,,,5,1020,CONDO,,1,1
     73,     77,   1204,       ,32 FLOYD AVE #12,0.000000,,,5,1020,CONDO,,1,1
     73,     77,   1302,       ,29 FLOYD AVE #13,0.000000,,,5,1020,CONDO,,1,1
     73,     77,   1404,       ,32 FLOYD AVE 14,0.000000,,,5,1020,CONDO,,1,1
     73,     77,   1502,       ,29 FLOYD AVE 15,0.000000,,,5,1020,CONDO,,1,1
     73,     77,   1604,       ,32 FLOYD AVE 16,0.000000,,,5,1020,CONDO,,1,1
     73,     77,   1709,       ,35 FLOYD AVE 17,0.000000,,,5,1020,CONDO,,1,1
     73,     77,   1805,       ,34 FLOYD AVE 18,0.000000,,,5,1020,CONDO,,1,1
     73,     77,   1909,       ,35 FLOYD AVE #19,0.000000,,,5,1020,CONDO,,1,1
     73,     77,   2005,       ,34 FLOYD AVE 20,0.000000,,,5,1020,CONDO,,1,1
     73,     77,   2109,       ,35 FLOYD AVE 21,0.000000,,,5,1020,CONDO,,1,1
     73,     77,   2205,       ,34 FLOYD AVE #22,0.000000,,,5,1020,CONDO,,1,1
     73,     77,   2309,       ,35 FLOYD AVE 23,0.000000,,,5,1020,CONDO,,1,1
     73,     77,   2405,       ,34 FLOYD AVE 24,0.000000,,,5,1020,CONDO,,1,1
     73,     77,   2508,       ,26 PLEASANT ST 25,0.000000,,,5,1020,CONDO,,1,1
     73,     77,   2606,       ,36 FLOYD AVE #26,0.000000,,,5,1020,CONDO,,1,1
     73,     77,   2708,       ,26 PLEASANT ST 27,0.000000,,,5,1020,CONDO,,1,1
     73,     77,   2806,       ,36 FLOYD AVE 28,0.000000,,,5,1020,CONDO,,1,1
     73,     77,   2908,       ,26 PLEASANT ST 29,0.000000,,,5,1020,CONDO,,1,1
     73,     77,   3006,       ,36 FLOYD AVE 30,0.000000,,,5,1020,CONDO,,1,1
     73,     77,   3108,       ,26 PLEASANT ST 31,0.000000,,,5,1020,CONDO,,1,1
     73,     77,   3206,       ,36 FLOYD AVE 32,0.000000,,,5,1020,CONDO,,1,1
     73,     77,   3307,       ,24 PLEASANT ST #33,0.000000,,,5,1020,CONDO,,1,1
     73,     77,   3415,       ,30 PLEASANT ST 34,0.000000,,,5,1020,CONDO,,1,1
     73,     77,   3507,       ,24 PLEASANT ST 35,0.000000,,,5,1020,CONDO,,1,1
     73,     77,   3615,       ,30 PLEASANT ST #36,0.000000,,,5,1020,CONDO,,1,1
     73,     77,   3707,       ,24 PLEASANT ST 37,0.000000,,,5,1020,CONDO,,1,1
     73,     77,   3815,       ,30 PLEASANT ST 38,0.000000,,,5,1020,CONDO,,1,1
     73,     77,   3907,       ,24 PLEASANT ST #39,0.000000,,,5,1020,CONDO,,1,1
     73,     77,   4015,       ,30 PLEASANT ST #40,0.000000,,,5,1020,CONDO,,1,1
     73,     77,   4110,       ,23 PLEASANT ST 41,0.000000,,,5,1020,CONDO,,1,1
     73,     77,   4214,       ,33 PLEASANT ST 42,0.000000,,,5,1020,CONDO,,1,1
     73,     77,   4310,       ,23 PLEASANT ST 43,0.000000,,,5,1020,CONDO,,1,1
     73,     77,   4414,       ,33 PLEASANT ST #44,0.000000,,,5,1020,CONDO,,1,1
     73,     77,   4510,       ,23 PLEASANT ST 45,0.000000,,,5,1020,CONDO,,1,1
     73,     77,   4614,       ,33 PLEASANT ST 46,0.000000,,,5,1020,CONDO,,1,1
     73,     77,   4710,       ,23 PLEASANT ST #47,0.000000,,,5,1020,CONDO,,1,1
     73,     77,   4814,       ,33 PLEASANT ST 48,0.000000,,,5,1020,CONDO,,1,1
     73,     77,   4911,       ,25 PLEASANT ST 49,0.000000,,,5,1020,CONDO,,1,1
     73,     77,   5013,       ,31 PLEASANT ST #50,0.000000,,,5,1020,CONDO,,1,1
     73,     77,   5111,       ,25 PLEASANT ST #51,0.000000,,,5,1020,CONDO,,1,1
     73,     77,   5213,       ,31 PLEASANT ST 52,0.000000,,,5,1020,CONDO,,1,1
     73,     77,   5311,       ,25 PLEASANT ST 53,0.000000,,,5,1020,CONDO,,1,1
     73,     77,   5413,       ,31 PLEASANT ST 54,0.000000,,,5,1020,CONDO,,1,1
     73,     77,   5511,       ,25 PLEASANT ST 55,0.000000,,,5,1020,CONDO,,1,1
     73,     77,   5613,       ,31 PLEASANT ST 56,0.000000,,,5,1020,CONDO,,1,1
     73,     77,   5712,       ,27 PLEASANT ST 57,0.000000,,,5,1020,CONDO,,1,1
     73,     77,   5816,       ,29 PLEASANT ST 58,0.000000,,,5,1020,CONDO,,1,1
     73,     77,   5912,       ,27 PLEASANT ST 59,0.000000,,,5,1020,CONDO,,1,1
     73,     77,   6016,       ,29 PLEASANT ST 60,0.000000,,,5,1020,CONDO,,1,1
     73,     77,   6112,       ,27 PLEASANT ST 61,0.000000,,,5,1020,CONDO,,1,1
     73,     77,   6216,       ,29 PLEASANT ST 62,0.000000,,,5,1020,CONDO,,1,1
     73,     77,   6312,       ,27 PLEASANT ST 63,0.000000,,,5,1020,CONDO,,1,1
     73,     77,   6416,       ,29 PLEASANT ST 64,0.000000,,,5,1020,CONDO,,1,1
     73,     78,       ,       ,26 PLEASANT ST,0.665978,,,5,1110,APT 4-8,135600.00,1,1
     73,     79,       ,       ,22 PLEASANT ST,0.100000,,,5,1010,ONE FAM,74900.00,1,1
     73,     80,       ,       ,20 PLEASANT ST,0.200000,,,5,1010,ONE FAM,85600.00,1,1
     73,     81,       ,       ,16 PLEASANT ST,0.130000,,,5,1010,ONE FAM,81200.00,1,1
     73,     82,       ,       ,18 PLEASANT ST ,0.240000,,,5,1010,ONE FAM,88400.00,1,1
     73,     83,       ,       ,12 PLEASANT ST,0.210000,,,5,1010,ONE FAM,86200.00,1,1
     73,     84,       ,       ,14 PLEASANT ST ,0.220000,,,5,1010,ONE FAM,86800.00,1,1
     73,     85,       ,       ,10 PLEASANT ST,0.330000,,,5,1040,2 FAMILY,102100.00,1,1
     73,     86,       ,       ,8 PLEASANT ST,0.230000,,,5,1010,ONE FAM,92100.00,1,1
     73,     87,       ,       ,6 PLEASANT ST,0.300000,,,5,1010,ONE FAM,99100.00,1,1
     73,     88,       ,       ,16 MAPLE ST ,0.385652,,,5,1010,ONE FAM,106000.00,1,1
     73,     88,      E,       ,18 MAPLE ST ,0.694353,,,C,9060,CHURCH,286800.00,1,1
     73,     89,       ,       ,7 ORCUTT AVE,0.520000,,,5,1010,ONE FAM,113800.00,1,1
     73,     90,       ,       ,0 HIGHLAND AVE,0.930000,,,C,9030,MUNICPAL,77600.00,1,1
     73,     91,       ,       ,5 MEADOW BROOK APTS ,54.480000,,,0,1120,APT 9+UP,,1,2
     73,     91,       ,       ,5 MEADOW BROOK APTS ,54.480000,,,0,1120,APT 9+UP,,1,3
     73,     91,       ,       ,5 MEADOW BROOK APTS ,54.480000,,,0,1120,APT 9+UP,,1,4
     73,     91,       ,       ,5 MEADOW BROOK APTS ,54.480000,,,5,1120,APT 9+UP,447800.00,2,1
     73,     91,       ,       ,5 MEADOW BROOK APTS ,54.480000,,,C,1120,APT 9+UP,5003500.00,1,1
     73,     92,       ,       ,40 HIGHLAND AVE,1.820000,,,0,1010,ONE FAM,2700.00,2,1
     73,     92,       ,       ,40 HIGHLAND AVE,1.820000,,,5,1010,ONE FAM,110200.00,1,1
     73,     93,       ,       ,5 WHITE AVE,5.310009,,,C,913C,SCHLDEPT-Comm,1686900.00,1,1
     73,     94,       ,       ,0 PLEASANT ST,13.960009,,,C,9030,MUNICPAL,1108700.00,1,1
     73,     95,       ,       ,4 VILLAGE LN ,5.961892,,,0,1120,APT 9+UP,0.00,1,2
     73,     95,       ,       ,4 VILLAGE LN ,5.961892,,,0,1120,APT 9+UP,0.00,1,3
     73,     95,       ,       ,4 VILLAGE LN ,5.961892,,,0,1120,APT 9+UP,0.00,3,1
     73,     95,       ,       ,4 VILLAGE LN ,5.961892,,,0,1120,APT 9+UP,9100.00,2,1
     73,     95,       ,       ,4 VILLAGE LN ,5.961892,,,C,1120,APT 9+UP,3450500.00,1,1
     73,     96,       ,       ,0 VILLAGE LN ,9.700000,,,0,1120,APT 9+UP,,1,2
     73,     96,       ,       ,0 VILLAGE LN ,9.700000,,,0,1120,APT 9+UP,,1,3
     73,     96,       ,       ,0 VILLAGE LN ,9.700000,,,0,1120,APT 9+UP,0.00,3,1
     73,     96,       ,       ,0 VILLAGE LN ,9.700000,,,0,3400,OFFICE,,1,4
     73,     96,       ,       ,0 VILLAGE LN ,9.700000,,,5,1120,APT 9+UP,130300.00,2,1
     73,     96,       ,       ,0 VILLAGE LN ,9.700000,,,C,1120,APT 9+UP,3335700.00,1,1
     73,     97,       ,       ,44 MAPLE ST ,1.180005,,,C,9060,CHURCH,633500.00,1,1
     74,      1,    100,       ,26 OLD PINE TREE CEMETERY RD,5.160000,,,0,1010,ONE FAM,4500.00,2,1
     74,      1,    100,       ,26 OLD PINE TREE CEMETERY RD,5.160000,,,0,1010,ONE FAM,4900.00,3,1
     74,      1,    100,       ,26 OLD PINE TREE CEMETERY RD,5.160000,,,5,1010,ONE FAM,89800.00,1,1
     74,      1,    200,       ,28 OLD PINE TREE CEMETERY RD,8.490000,,,0,1010,ONE FAM,4300.00,2,1
     74,      1,    200,       ,28 OLD PINE TREE CEMETERY RD,8.490000,,,0,1010,ONE FAM,10500.00,3,1
     74,      1,    200,       ,28 OLD PINE TREE CEMETERY RD,8.490000,,,5,1010,ONE FAM,134700.00,1,1
     74,      3,    101,       ,11 MEADOW OVLK,0.225849,,,5,1300,RES LAND,7900.00,1,1
     74,      3,    102,       ,13 MEADOW OVLK,0.346809,,,5,1300,RES LAND,8900.00,1,1
     74,      3,    103,       ,3 FALCON TER,0.222268,,,5,1300,RES LAND,7900.00,1,1
     74,      3,    104,       ,7 FALCON TER,1.000000,,,5,1300,RES LAND,11200.00,1,1
     74,      3,    105,       ,9 FALCON TER,0.217585,,,5,1300,RES LAND,7900.00,1,1
     74,      3,    106,       ,13 FALCON TER,0.205165,,,5,1300,RES LAND,7800.00,1,1
     74,      3,    107,       ,15 FALCON TER,0.245707,,,5,1300,RES LAND,8100.00,1,1
     74,      3,    108,       ,19 FALCON TER,0.246740,,,5,1300,RES LAND,8100.00,1,1
     74,      3,    109,       ,24 FALCON TER,0.556910,,,5,1300,RES LAND,10000.00,1,1
     74,      3,    110,       ,20 FALCON TER,0.219766,,,5,1300,RES LAND,7900.00,1,1
     74,      3,    111,       ,16 FALCON TER,0.244169,,,5,1300,RES LAND,8000.00,1,1
     74,      3,    112,       ,12 FALCON TER ,0.214073,,,5,1300,RES LAND,7800.00,1,1
     74,      3,    113,       ,10 FALCON TER,0.121763,,,5,1300,RES LAND,7300.00,1,1
     74,      3,    114,       ,6 FALCON TER,0.123531,,,5,1300,RES LAND,7300.00,1,1
     74,      3,    115,       ,4 FALCON TER,0.198140,,,5,1300,RES LAND,7800.00,1,1
     74,      3,    116,       ,25 MEADOW OVLK,0.253466,,,5,1300,RES LAND,8100.00,1,1
     74,      3,    117,       ,27 MEADOW OVLK,0.248760,,,5,1300,RES LAND,8100.00,1,1
     74,      3,    118,       ,31 MEADOW OVLK,0.241437,,,5,1300,RES LAND,8000.00,1,1
     74,      3,    119,       ,33 MEADOW OVLK,0.228627,,,5,1300,RES LAND,7900.00,1,1
     74,      3,    120,       ,37 MEADOW OVLK ,0.201423,,,5,1300,RES LAND,7800.00,1,1
     74,      3,    121,       ,41 MEADOW OVLK ,0.212305,,,5,1300,RES LAND,7800.00,1,1
     74,      3,    122,       ,43 MEADOW OVLK,0.255257,,,5,1300,RES LAND,8200.00,1,1
     74,      3,    123,       ,47 MEADOW OVLK,0.232943,,,5,1300,RES LAND,8000.00,1,1
     74,      3,    124,       ,51 MEADOW OVLK,0.224082,,,5,1300,RES LAND,7900.00,1,1
     74,      3,    125,       ,55 MEADOW OVLK,0.324656,,,5,1300,RES LAND,8800.00,1,1
     74,      3,    126,       ,58 MEADOW OVLK,0.160836,,,5,1300,RES LAND,7500.00,1,1
     74,      3,    127,       ,54 MEADOW OVLK,0.178903,,,5,1300,RES LAND,7600.00,1,1
     74,      3,    128,       ,50 MEADOW OVLK,0.191162,,,5,1300,RES LAND,7700.00,1,1
     74,      3,    129,       ,48 MEADOW OVLK,0.251515,,,5,1300,RES LAND,8100.00,1,1
     74,      3,    130,       ,46 MEADOW OVLK,0.190083,,,5,1300,RES LAND,7700.00,1,1
     74,      3,    131,       ,42 MEADOW OVLK,0.170087,,,5,1300,RES LAND,7600.00,1,1
     74,      3,    132,       ,38 MEADOW OVLK,0.190817,,,5,1300,RES LAND,7700.00,1,1
     74,      3,    133,       ,36 MEADOW OVLK,0.192080,,,5,1300,RES LAND,7700.00,1,1
     74,      3,    134,       ,32 MEADOW OVLK ,0.170317,,,5,1300,RES LAND,7600.00,1,1
     74,      3,    135,       ,12 MEADOW OVLK,0.356520,,,5,1300,RES LAND,9000.00,1,1
     74,      3,    136,       ,6 MEADOW OVLK,0.370914,,,5,1300,RES LAND,9000.00,1,1
     74,      3,    137,       ,9 ROCK RIDGE BLVD ,0.178283,,,5,1300,RES LAND,95500.00,1,1
     74,      3,    138,       ,11 ROCK RIDGE BLVD ,0.178283,,,5,1300,RES LAND,95500.00,1,1
     74,      3,    139,       ,15 ROCK RIDGE BLVD,0.175597,,,5,1300,RES LAND,95300.00,1,1
     74,      3,    140,       ,35 ROCK RIDGE BLVD,0.158448,,,5,1300,RES LAND,7500.00,1,1
     74,      3,    141,       ,37 ROCK RIDGE BLVD,0.160032,,,5,1300,RES LAND,7500.00,1,1
     74,      3,    142,       ,41 ROCK RIDGE BLVD,0.171901,,,5,1300,RES LAND,7600.00,1,1
     74,      3,    143,       ,0 ROCK RIDGE BLVD,120.030000,,,0,1300,RES LAND,5300.00,2,1
     74,      3,    143,       ,0 ROCK RIDGE BLVD,120.030000,,,0,1300,RES LAND,307200.00,3,1
     74,      3,    143,       ,0 ROCK RIDGE BLVD,120.030000,,,5,1300,RES LAND,42100.00,1,1
     74,      3,    144,       ,40 ROCK RIDGE BLVD,0.178375,,,5,1300,RES LAND,7600.00,1,1
     74,      3,    145,       ,38 ROCK RIDGE BLVD,0.178375,,,5,1300,RES LAND,7600.00,1,1
     74,      3,    146,       ,34 ROCK RIDGE BLVD,0.169881,,,5,1300,RES LAND,7600.00,1,1
     74,      3,    147,       ,92 DOGWOOD CIR ,0.170018,,,5,1010,ONE FAM,94900.00,1,1
     74,      3,    148,       ,90 DOGWOOD CIR,0.194192,,,5,1010,ONE FAM,96600.00,1,1
     74,      3,    149,       ,88 DOGWOOD CIR,0.176400,,,5,1010,ONE FAM,95400.00,1,1
     74,      3,    150,       ,86 DOGWOOD CIR ,0.162466,,,5,1010,ONE FAM,94400.00,1,1
     74,      3,    151,       ,84 DOGWOOD CIR,0.143985,,,5,1010,ONE FAM,93100.00,1,1
     74,      3,    152,       ,82 DOGWOOD CIR,0.146327,,,5,1010,ONE FAM,93200.00,1,1
     74,      3,    153,       ,76 DOGWOOD CIR,0.214256,,,5,1010,ONE FAM,98000.00,1,1
     74,      3,    154,       ,62 DOGWOOD CIR ,0.158930,,,5,1010,ONE FAM,94100.00,1,1
     74,      3,    155,       ,60 DOGWOOD CIR ,0.160170,,,5,1010,ONE FAM,94200.00,1,1
     74,      3,    156,       ,56 DOGWOOD CIR,0.136892,,,5,1010,ONE FAM,92600.00,1,1
     74,      3,    157,       ,52 DOGWOOD CIR ,0.140473,,,5,1010,ONE FAM,92800.00,1,1
     74,      3,    158,       ,50 DOGWOOD CIR ,0.136593,,,5,1010,ONE FAM,92500.00,1,1
     74,      3,    159,       ,46 DOGWOOD CIR,0.136593,,,5,1010,ONE FAM,92500.00,1,1
     74,      3,    160,       ,44 DOGWOOD CIR ,0.136593,,,5,1010,ONE FAM,92500.00,1,1
     74,      3,    161,       ,42 DOGWOOD CIR ,0.136754,,,5,1010,ONE FAM,92600.00,1,1
     74,      3,    162,       ,38 DOGWOOD CIR ,0.167654,,,5,1010,ONE FAM,94700.00,1,1
     74,      3,    163,       ,36 DOGWOOD CIR,0.167975,,,5,1010,ONE FAM,94800.00,1,1
     74,      3,    164,       ,30 EVERGREEN CT,0.233287,,,5,1010,ONE FAM,99500.00,1,1
     74,      3,    165,       ,28 EVERGREEN CT ,0.162144,,,5,1010,ONE FAM,94400.00,1,1
     74,      3,    166,       ,24 EVERGREEN CT,0.199839,,,5,1010,ONE FAM,97000.00,1,1
     74,      3,    167,       ,20 EVERGREEN CT ,0.175758,,,5,1010,ONE FAM,95300.00,1,1
     74,      3,    168,       ,18 EVERGREEN CT ,0.193274,,,5,1010,ONE FAM,96600.00,1,1
     74,      3,    169,       ,16 EVERGREEN CT ,0.231267,,,5,1010,ONE FAM,99300.00,1,1
     74,      3,    170,       ,12 EVERGREEN CT,0.225459,,,5,1300,RES LAND,98800.00,1,1
     74,      3,    171,       ,10 EVERGREEN CT ,0.230831,,,5,1010,ONE FAM,99300.00,1,1
     74,      3,    172,       ,94 DOGWOOD CIR ,0.250138,,,5,1300,RES LAND,101300.00,1,1
     74,      3,    173,       ,4 EVERGREEN CT ,0.240932,,,5,1010,ONE FAM,100300.00,1,1
     74,      3,    174,       ,3 EVERGREEN CT ,0.144904,,,5,1300,RES LAND,93100.00,1,1
     74,      3,    175,       ,7 EVERGREEN CT,0.204821,,,5,1010,ONE FAM,97400.00,1,1
     74,      3,    176,       ,11 EVERGREEN CT,0.242011,,,5,1010,ONE FAM,100500.00,1,1
     74,      3,    177,       ,23 EVERGREEN CT,0.200781,,,5,1010,ONE FAM,97100.00,1,1
     74,      3,    178,       ,29 EVERGREEN CT,0.202433,,,5,1010,ONE FAM,97200.00,1,1
     74,      3,    179,       ,12 DOGWOOD CIR,0.178765,,,5,1010,ONE FAM,95500.00,1,1
     74,      3,    180,       ,39 DOGWOOD CIR,0.178765,,,5,1010,ONE FAM,95500.00,1,1
     74,      3,    181,       ,43 DOGWOOD CIR ,0.143090,,,5,1010,ONE FAM,93000.00,1,1
     74,      3,    182,       ,45 DOGWOOD CIR ,0.136570,,,5,1010,ONE FAM,92500.00,1,1
     74,      3,    183,       ,47 DOGWOOD CIR ,0.130051,,,5,1010,ONE FAM,92100.00,1,1
     74,      3,    184,       ,51 DOGWOOD CIR ,0.123508,,,5,1010,ONE FAM,68700.00,1,1
     74,      3,    185,       ,53 DOGWOOD CIR,0.116598,,,5,1010,ONE FAM,91100.00,1,1
     74,      3,    186,       ,57 DOGWOOD CIR,0.229913,,,5,1010,ONE FAM,99200.00,1,1
     74,      3,    187,       ,24 WHITE BIRCH LN,0.215817,,,5,1010,ONE FAM,98100.00,1,1
     74,      3,    188,       ,22 WHITE BIRCH LN ,0.211226,,,5,1010,ONE FAM,97800.00,1,1
     74,      3,    189,       ,20 WHITE BIRCH LN,0.166988,,,5,1010,ONE FAM,94700.00,1,1
     74,      3,    190,       ,16 WHITE BIRCH LN,0.152158,,,5,1010,ONE FAM,93600.00,1,1
     74,      3,    191,       ,12 WHITE BIRCH LN,0.219812,,,5,1010,ONE FAM,98400.00,1,1
     74,      3,    192,       ,10 WHITE BIRCH LN ,0.160445,,,5,1010,ONE FAM,94200.00,1,1
     74,      3,    193,       ,4 WHITE BIRCH LN ,0.153604,,,5,1010,ONE FAM,93700.00,1,1
     74,      3,    194,       ,2 WHITE BIRCH LN ,0.180188,,,5,1010,ONE FAM,95600.00,1,1
     74,      3,    195,       ,3 WHITE BIRCH LN ,0.220432,,,5,1010,ONE FAM,98500.00,1,1
     74,      3,    196,       ,7 WHITE BIRCH LN,0.222773,,,5,1010,ONE FAM,98600.00,1,1
     74,      3,    197,       ,11 WHITE BIRCH LN,0.208035,,,5,1010,ONE FAM,97600.00,1,1
     74,      3,    198,       ,13 WHITE BIRCH LN,0.192401,,,5,1010,ONE FAM,96500.00,1,1
     74,      3,    199,       ,15 WHITE BIRCH LN,0.186501,,,5,1010,ONE FAM,96100.00,1,1
     74,      3,    200,       ,17 WHITE BIRCH LN,0.193710,,,5,1010,ONE FAM,96600.00,1,1
     74,      3,    201,       ,21 WHITE BIRCH LN ,0.209573,,,5,1010,ONE FAM,97700.00,1,1
     74,      3,    202,       ,23 WHITE BIRCH LN,0.220202,,,5,1010,ONE FAM,98500.00,1,1
     74,      3,    203,       ,87 DOGWOOD CIR,0.206657,,,5,1010,ONE FAM,97500.00,1,1
     74,      3,    204,       ,91 DOGWOOD CIR,0.131956,,,5,1010,ONE FAM,92200.00,1,1
     74,      3,    205,       ,93 DOGWOOD CIR ,0.163636,,,5,1010,ONE FAM,94500.00,1,1
     74,      3,    206,       ,14 ROCK RIDGE BLVD ,0.174059,,,5,1010,ONE FAM,95200.00,1,1
     74,      3,    207,       ,12 ROCK RIDGE BLVD,0.157140,,,5,1010,ONE FAM,94000.00,1,1
     74,      3,    208,       ,8 ROCK RIDGE BLVD ,0.176584,,,5,1010,ONE FAM,95400.00,1,1
     74,      3,    209,       ,6 ROCK RIDGE BLVD ,0.224265,,,5,1010,ONE FAM,98700.00,1,1
     74,      3,    300,       ,19-25 RIO VISTA ,0.316047,,,0,9550,CONDO MSTR,0.00,1,1
     74,      3,    301,       ,19 RIO VISTA LN ,0.000000,,,5,1020,CONDO,,1,1
     74,      3,    302,       ,21 RIO VISTA LN ,0.000000,,,5,1020,CONDO,,1,1
     74,      3,    303,       ,23 RIO VISTA LN ,0.000000,,,5,1020,CONDO,,1,1
     74,      3,    304,       ,25 RIO VISTA LN ,0.000000,,,5,1020,CONDO,,1,1
     74,      3,    310,       ,49 RIO VISTA ,0.209481,,,0,9550,CONDO MSTR,0.00,1,1
     74,      3,    311,       ,49 RIO VISTA #A,0.000023,,,0,102V,CONDO-Vac,40000.00,1,1
     74,      3,    312,       ,49 RIO VISTA #B,0.000000,,,0,102V,CONDO-Vac,40000.00,1,1
     74,      3,    313,       ,49 RIO VISTA #C,0.000000,,,0,102V,CONDO-Vac,40000.00,1,1
     74,      3,    314,       ,49 RIO VISTA #D,0.000000,,,0,102V,CONDO-Vac,40000.00,1,1
     74,      3,    320,       ,48 RIO VISTA ,0.204155,,,0,9550,CONDO MSTR,0.00,1,1
     74,      3,    321,       ,48 RIO VISTA #D,0.000000,,,0,102V,CONDO-Vac,40000.00,1,1
     74,      3,    322,       ,48 RIO VISTA #C,0.000000,,,0,102V,CONDO-Vac,40000.00,1,1
     74,      3,    323,       ,48 RIO VISTA #B,0.000000,,,0,102V,CONDO-Vac,40000.00,1,1
     74,      3,    324,       ,48 RIO VISTA #A,0.000000,,,0,102V,CONDO-Vac,40000.00,1,1
     74,      3,    330,       ,42 RIO VISTA ,0.204155,,,0,9550,CONDO MSTR,0.00,1,1
     74,      3,    331,       ,38 RIO VISTA ,0.000000,,,0,102V,CONDO-Vac,40000.00,1,1
     74,      3,    332,       ,36 RIO VISTA ,0.000000,,,0,102V,CONDO-Vac,40000.00,1,1
     74,      3,    333,       ,34 RIO VISTA ,0.000000,,,0,102V,CONDO-Vac,40000.00,1,1
     74,      3,    334,       ,32 RIO VISTA ,0.000000,,,0,102V,CONDO-Vac,40000.00,1,1
     74,      3,    340,       ,26 RIO VISTA ,0.507208,,,0,9550,CONDO MSTR,0.00,1,1
     74,      3,    341,       ,26 RIO VISTA #F,0.000000,,,0,102V,CONDO-Vac,40000.00,1,1
     74,      3,    342,       ,26 RIO VISTA #E,0.000000,,,0,102V,CONDO-Vac,40000.00,1,1
     74,      3,    343,       ,26 RIO VISTA #D,0.000000,,,0,102V,CONDO-Vac,40000.00,1,1
     74,      3,    344,       ,26 RIO VISTA #C,0.000000,,,0,102V,CONDO-Vac,40000.00,1,1
     74,      3,    345,       ,26 RIO VISTA #B,0.000000,,,0,102V,CONDO-Vac,40000.00,1,1
     74,      3,    346,       ,26 RIO VISTA #A,0.000000,,,0,102V,CONDO-Vac,40000.00,1,1
     74,      3,    350,       ,20 ROCK RIDGE ,0.386662,,,0,9550,CONDO MSTR,0.00,1,1
     74,      3,    351,       ,20 RIO VISTA #D,0.000000,,,0,102V,CONDO-Vac,40000.00,1,1
     74,      3,    352,       ,20 RIO VISTA #C,0.000000,,,0,102V,CONDO-Vac,40000.00,1,1
     74,      3,    353,       ,20 RIO VISTA #B,0.000000,,,0,102V,CONDO-Vac,40000.00,1,1
     74,      3,    354,       ,20 RIO VISTA #A,0.000000,,,0,102V,CONDO-Vac,40000.00,1,1
     74,      3,    360,       ,130 OLD PINE TREE CEMETERY RD,1.660000,,,0,1010,ONE FAM,2300.00,2,1
     74,      3,    360,       ,130 OLD PINE TREE CEMETERY RD,1.660000,,,5,1010,ONE FAM,139700.00,1,1
     74,      3,    801,       ,0 ROCK RIDGE BLVD ,9.900000,,,0,9090,OPEN SPACE,0.00,1,1
     74,      3,    802,       ,0 OLD PINE TREE CEMETERY RD ,1.400000,,,0,1320,UNDEV,1800.00,2,1
     74,      3,    802,       ,0 OLD PINE TREE CEMETERY RD ,1.400000,,,5,1320,UNDEV,10000.00,1,1
     74,      3,    803,       ,58 DOGWOOD CIR,0.264394,,,5,1300,RES LAND,1000.00,1,1
     74,      3,    901,       ,0 ROCK RIDGE BLVD ,1.450000,,,0,9090,OPEN SPACE,0.00,1,1
     74,      3,    901,       ,0 ROCK RIDGE BLVD ,1.450000,,,0,9090,OPEN SPACE,0.00,2,1
     74,      3,    902,       ,0 ROCK RIDGE BLVD ,0.181795,,,0,9090,OPEN SPACE,0.00,1,1
     74,      3,    903,       ,0 ROCK RIDGE BLVD ,1.970000,,,0,9090,OPEN SPACE,0.00,1,1
     74,      3,    903,       ,0 ROCK RIDGE BLVD ,1.970000,,,0,9090,OPEN SPACE,0.00,2,1
     74,      3,    904,       ,0 ROCK RIDGE BLVD ,1.100000,,,0,9090,OPEN SPACE,0.00,1,1
     74,      3,    904,       ,0 ROCK RIDGE BLVD ,1.100000,,,0,9090,OPEN SPACE,0.00,2,1
     74,      3,    905,       ,0 ROCK RIDGE BLVD ,2.150000,,,0,9090,OPEN SPACE,0.00,1,1
     74,      3,    905,       ,0 ROCK RIDGE BLVD ,2.150000,,,0,9090,OPEN SPACE,0.00,2,1
     74,      3,    906,       ,0 ROCK RIDGE BLVD ,4.610000,,,0,9090,OPEN SPACE,0.00,1,1
     74,      3,    906,       ,0 ROCK RIDGE BLVD ,4.610000,,,0,9090,OPEN SPACE,0.00,2,1
     74,      3,    907,       ,0 ROCK RIDGE BLVD ,5.930000,,,0,9090,OPEN SPACE,0.00,1,1
     74,      3,    907,       ,0 ROCK RIDGE BLVD ,5.930000,,,0,9090,OPEN SPACE,0.00,2,1
     74,      3,    908,       ,0 ROCK RIDGE BLVD ,62.690000,,,0,9090,OPEN SPACE,0.00,1,1
     74,      3,    908,       ,0 ROCK RIDGE BLVD ,62.690000,,,0,9090,OPEN SPACE,0.00,2,1
     74,      3,    908,       ,0 ROCK RIDGE BLVD ,62.690000,,,0,9090,OPEN SPACE,0.00,3,1
     74,      3,    909,       ,0 ROCK RIDGE BLVD ,46.750000,,,0,9090,OPEN SPACE,0.00,1,1
     74,      3,    909,       ,0 ROCK RIDGE BLVD ,46.750000,,,0,9090,OPEN SPACE,0.00,2,1
     74,      3,    909,       ,0 ROCK RIDGE BLVD ,46.750000,,,0,9090,OPEN SPACE,0.00,3,1
     74,      3,    910,       ,0 ROCK RIDGE BLVD ,27.470000,,,0,9090,OPEN SPACE,0.00,1,1
     74,      3,    910,       ,0 ROCK RIDGE BLVD ,27.470000,,,0,9090,OPEN SPACE,0.00,2,1
     74,      3,    910,       ,0 ROCK RIDGE BLVD ,27.470000,,,0,9090,OPEN SPACE,0.00,3,1
     74,      4,       ,       ,0 OLD PINE TREE CEMETERY RD ,10.150000,,,0,6100,UNPROD,25.00,2,1
     74,      4,       ,       ,0 OLD PINE TREE CEMETERY RD ,10.150000,,,0,6130,M OTHER,60.00,3,1
     74,      4,       ,       ,0 OLD PINE TREE CEMETERY RD ,10.150000,,,0,6200,WET,25.00,6,1
     74,      4,       ,       ,0 OLD PINE TREE CEMETERY RD ,10.150000,,,0,6210,PINE,250.00,5,1
     74,      4,       ,       ,0 OLD PINE TREE CEMETERY RD ,10.150000,,,0,6220,HDWD,80.00,4,1
     74,      4,       ,       ,0 OLD PINE TREE CEMETERY RD ,10.150000,,,5,6100,UNPROD,60.00,1,1
     74,      5,       ,       ,198 OLD PINE TREE CEMETERY RD,3.000000,,,5,1010,ONE FAM,104500.00,1,1
     74,      6,       ,       ,204 OLD PINE TREE CEMETERY RD,4.600000,,,0,1010,ONE FAM,3200.00,2,1
     74,      6,       ,       ,204 OLD PINE TREE CEMETERY RD,4.600000,,,5,1010,ONE FAM,94400.00,1,1
     74,      7,       ,       ,0 MASCOMA ST ,278.000000,,,0,6111,M WP REC,16185.00,3,1
     74,      7,       ,       ,0 MASCOMA ST ,278.000000,,,0,6121,M HDWD REC,885.00,4,1
     74,      7,       ,       ,0 MASCOMA ST ,278.000000,,,0,6201,WET REC,180.00,2,1
     74,      7,       ,       ,0 MASCOMA ST ,278.000000,,,5,6201,WET REC,20.00,1,1
     74,      8,    100,       ,0 MASCOMA ST ,41.100000,,,0,9130,SCHLDEPT,50100.00,2,1
     74,      8,    100,       ,0 MASCOMA ST ,41.100000,,,0,9130,SCHLDEPT,171100.00,1,1
     74,      8,    200,       ,0 MASCOMA ST ,17.100000,,,0,6111,M WP REC,990.00,2,1
     74,      8,    200,       ,0 MASCOMA ST ,17.100000,,,0,6201,WET REC,70.00,3,1
     74,      8,    200,       ,0 MASCOMA ST ,17.100000,,,5,6001,FARM REC,285.00,1,1
     74,      9,       ,       ,356 MASCOMA ST,1.640000,,,0,1010,ONE FAM,1600.00,2,1
     74,      9,       ,       ,356 MASCOMA ST,1.640000,,,5,1010,ONE FAM,89800.00,1,1
     74,     10,       ,       ,282 OLD PINE TREE CEMETERY RD,3.700000,,,0,1010,ONE FAM,1400.00,3,1
     74,     10,       ,       ,282 OLD PINE TREE CEMETERY RD,3.700000,,,0,1010,ONE FAM,4000.00,2,1
     74,     10,       ,       ,282 OLD PINE TREE CEMETERY RD,3.700000,,,5,1010,ONE FAM,99800.00,1,1
     74,     11,    100,       ,91 OLD PINE TREE CEMETERY RD ,21.150228,,,0,6001,FARM REC,4920.00,2,1
     74,     11,    100,       ,91 OLD PINE TREE CEMETERY RD ,21.150228,,,0,6201,WET REC,30.00,3,1
     74,     11,    100,       ,91 OLD PINE TREE CEMETERY RD ,21.150228,,,5,1010,ONE FAM,96900.00,1,1
     74,     11,    200,       ,5 BLACK BEAR CT ,0.302250,,,5,1300,RES LAND,96300.00,1,1
     74,     11,    300,       ,3 BLACK BEAR CT ,0.338728,,,5,1010,ONE FAM,110900.00,1,1
     74,     11,    400,       ,4 BLACK BEAR CT ,0.380579,,,5,1010,ONE FAM,113800.00,1,1
     74,     11,    500,       ,2 BLACK BEAR CT ,0.268480,,,5,1300,RES LAND,103300.00,1,1
     74,     11,    600,       ,0 BLACK BEAR CT ,0.360000,,,0,1320,UNDEV,0.00,1,1
     74,     11,    700,       ,139 OLD PINE TREE CEMETERY RD,1.260009,,,5,1300,RES LAND,101500.00,1,1
     74,     11,    800,       ,133 OLD PINE TREE CEMETERY RD ,7.130000,,,0,9090,OPEN SPACE,0.00,1,1
     74,     11,    800,       ,133 OLD PINE TREE CEMETERY RD ,7.130000,,,0,9090,OPEN SPACE,0.00,2,1
     74,     11,    900,       ,127 OLD PINE TREE CEMETERY RD ,1.810000,,,0,9090,OPEN SPACE,0.00,1,1
     74,     11,    900,       ,127 OLD PINE TREE CEMETERY RD ,1.810000,,,0,9090,OPEN SPACE,0.00,2,1
     74,     11,   1000,       ,123 OLD PINE TREE CEMETERY RD ,3.730000,,,0,9090,OPEN SPACE,0.00,1,1
     74,     11,   1000,       ,123 OLD PINE TREE CEMETERY RD ,3.730000,,,0,9090,OPEN SPACE,0.00,2,1
     74,     13,       ,       ,85 OLD PINE TREE CEMETERY RD,1.170000,,,0,1010,ONE FAM,400.00,2,1
     74,     13,       ,       ,85 OLD PINE TREE CEMETERY RD,1.170000,,,5,1010,ONE FAM,84800.00,1,1
     74,     14,       ,       ,0 MIRACLE MILE,38.800000,,,0,1310,POTNLDEV,22400.00,2,1
     74,     14,       ,       ,0 MIRACLE MILE,38.800000,,,5,1310,POTNLDEV,5200.00,1,1
     76,      1,       ,       ,29 PEABODY ST ,0.960000,,,5,1010,ONE FAM,89700.00,1,1
     76,      4,       ,       ,23 ALICE PECK DAY DR ,23.330000,,,0,3040,NURSE HM,,1,2
     76,      4,       ,       ,23 ALICE PECK DAY DR ,23.330000,,,0,3040,NURSE HM,7300.00,2,1
     76,      4,       ,       ,23 ALICE PECK DAY DR ,23.330000,,,0,3040,NURSE HM,10900.00,4,1
     76,      4,       ,       ,23 ALICE PECK DAY DR ,23.330000,,,0,3040,NURSE HM,15400.00,5,1
     76,      4,       ,       ,23 ALICE PECK DAY DR ,23.330000,,,0,3040,NURSE HM,16500.00,3,1
     76,      4,       ,       ,23 ALICE PECK DAY DR ,23.330000,,,C,3040,NURSE HM,610900.00,1,1
     76,      5,       ,       ,0 WORTHEN ST,10.030000,,,0,9130,SCHLDEPT,29300.00,2,1
     76,      5,       ,       ,0 WORTHEN ST,10.030000,,,C,9130,SCHLDEPT,317700.00,1,1
     76,      6,       ,       ,0 YOUNG ST ,15.500000,,,0,6230,OTHER,110.00,2,1
     76,      6,       ,       ,0 YOUNG ST ,15.500000,,,0,6230,OTHER,690.00,3,1
     76,      6,       ,       ,0 YOUNG ST ,15.500000,,,5,6230,OTHER,55.00,1,1
     76,      6,    100,       ,60-1/2 YOUNG ST ,0.436180,,,5,1010,ONE FAM,93200.00,1,1
     76,      7,       ,       ,0 HOUGH ST,2.390000,,,5,1320,UNDEV,116900.00,1,1
     76,      8,       ,       ,0 ELDRIDGE ST,39.370000,,,0,9150,CON COMM,99800.00,2,1
     76,      8,       ,       ,0 ELDRIDGE ST,39.370000,,,C,9150,CON COMM,285900.00,1,1
     76,     10,       ,       ,0 MOUNT SUPPORT RD ,550.000000,,,0,6111,M WP REC,27305.00,2,1
     76,     10,       ,       ,0 MOUNT SUPPORT RD ,550.000000,,,0,6121,M HDWD REC,6385.00,3,1
     76,     10,       ,       ,0 MOUNT SUPPORT RD ,550.000000,,,0,6201,WET REC,190.00,4,1
     76,     10,       ,       ,0 MOUNT SUPPORT RD ,550.000000,,,5,6111,M WP REC,220.00,1,1
     77,      1,       ,       ,57 ELDRIDGE ST,0.230000,,,5,1010,ONE FAM,92100.00,1,1
     77,      2,       ,       ,72 YOUNG ST,0.300000,,,0,1090,MULT HS,,1,2
     77,      2,       ,       ,72 YOUNG ST,0.300000,,,5,1090,MULT HS,99100.00,1,1
     77,      3,       ,       ,49 ELDRIDGE ST,0.160000,,,5,1010,ONE FAM,87500.00,1,1
     77,      4,       ,       ,47 ELDRIDGE ST,0.230000,,,5,1010,ONE FAM,92100.00,1,1
     77,      5,       ,       ,45 ELDRIDGE ST,0.170000,,,5,1010,ONE FAM,88100.00,1,1
     77,      6,       ,       ,43 ELDRIDGE ST,0.200000,,,5,1010,ONE FAM,90100.00,1,1
     77,      7,       ,       ,41 ELDRIDGE ST,0.180000,,,5,1010,ONE FAM,88800.00,1,1
     77,      8,       ,       ,39 ELDRIDGE ST,0.300000,,,5,1010,ONE FAM,99100.00,1,1
     77,      9,       ,       ,33 ELDRIDGE ST,0.290000,,,5,1010,ONE FAM,98100.00,1,1
     77,     10,       ,       ,6 COLBURN ST,0.260000,,,5,1050,3 FAMILY,95100.00,1,1
     77,     11,       ,       ,12 WHEATLEY ST,0.170000,,,5,1010,ONE FAM,88100.00,1,1
     77,     12,       ,       ,14 WHEATLEY ST ,0.170000,,,5,1010,ONE FAM,88100.00,1,1
     77,     13,       ,       ,16 WHEATLEY ST ,0.170000,,,5,1010,ONE FAM,88100.00,1,1
     77,     14,       ,       ,18 WHEATLEY ST,0.340000,,,5,1010,ONE FAM,103100.00,1,1
     77,     15,       ,       ,22 WHEATLEY ST,0.200000,,,5,1010,ONE FAM,90100.00,1,1
     77,     16,       ,       ,24 WHEATLEY ST,0.210000,,,5,1010,ONE FAM,90800.00,1,1
     77,     17,       ,       ,74 YOUNG ST,0.172176,,,5,1010,ONE FAM,88300.00,1,1
     77,     17,    200,       ,28 WHEATLEY ST,0.172176,,,5,1010,ONE FAM,88300.00,1,1
     77,     17,    300,       ,30 WHEATLEY ST,0.172176,,,5,1010,ONE FAM,88300.00,1,1
     77,     18,       ,       ,32 WHEATLEY ST,0.170000,,,5,1010,ONE FAM,88100.00,1,1
     77,     20,       ,       ,31 WHEATLEY ST,0.670000,,,5,1010,ONE FAM,123500.00,1,1
     77,     21,       ,       ,76 YOUNG ST,0.360000,,,5,1010,ONE FAM,104500.00,1,1
     77,     22,       ,       ,21 WHEATLEY ST ,0.250000,,,0,1012,ONE FAM W ACC,,1,2
     77,     22,       ,       ,21 WHEATLEY ST ,0.250000,,,5,1012,ONE FAM W ACC,94100.00,1,1
     77,     23,       ,       ,17 WHEATLEY ST,0.370000,,,5,1010,ONE FAM,105000.00,1,1
     77,     24,       ,       ,11 WHEATLEY ST ,0.290000,,,5,1010,ONE FAM,98100.00,1,1
     77,     25,       ,       ,5 WHEATLEY ST,0.360000,,,5,1010,ONE FAM,104500.00,1,1
     77,     26,       ,       ,8 COLBURN ST,0.240000,,,5,1040,2 FAMILY,93100.00,1,1
     77,     27,       ,       ,14 COLBURN ST,0.250000,,,5,1110,APT 4-8,94100.00,1,1
     77,     28,       ,       ,1 AMSDEN ST ,0.170000,,,5,1010,ONE FAM,88100.00,1,1
     77,     29,       ,       ,5 AMSDEN ST,0.530000,,,5,1010,ONE FAM,114400.00,1,1
     77,     30,       ,       ,9 AMSDEN ST,0.260000,,,5,1010,ONE FAM,95100.00,1,1
     77,     31,       ,       ,11 AMSDEN ST,0.320000,,,5,1010,ONE FAM,101100.00,1,1
     77,     32,       ,       ,78 YOUNG ST,0.520000,,,5,1010,ONE FAM,113800.00,1,1
     77,     34,       ,       ,80 YOUNG ST,0.710000,,,5,1010,ONE FAM,125600.00,1,1
     77,     35,       ,       ,82 YOUNG ST,0.440000,,,5,1010,ONE FAM,109200.00,1,1
     77,     36,       ,       ,5 DOWNES AVE,0.490000,,,5,1010,ONE FAM,112100.00,1,1
     77,     37,       ,       ,6 DOWNES AVE ,0.743802,,,5,1010,ONE FAM,126900.00,1,1
     77,     38,       ,       ,84 YOUNG ST,0.383379,,,5,1010,ONE FAM,105800.00,1,1
     77,     39,       ,       ,88 YOUNG ST ,0.690000,,,5,1010,ONE FAM,124900.00,1,1
     77,     40,       ,       ,25 WILLIAMS ST,0.880000,,,5,1010,ONE FAM,116500.00,1,1
     77,     41,       ,       ,22 WILLIAMS ST,0.340000,,,5,1010,ONE FAM,98000.00,1,1
     77,     42,       ,       ,85 YOUNG ST,0.120000,,,5,1010,ONE FAM,84800.00,1,1
     77,     43,       ,       ,4 DOWNES AVE,0.310000,,,5,1010,ONE FAM,100100.00,1,1
     77,     44,       ,       ,2 DOWNES AVE,0.380000,,,5,1010,ONE FAM,105600.00,1,1
     77,     45,       ,       ,3 DOWNES AVE,0.400000,,,5,1010,ONE FAM,96400.00,1,1
     77,     46,       ,       ,7 DOWNES AVE,0.320000,,,5,1010,ONE FAM,101100.00,1,1
     77,     47,       ,       ,83 YOUNG ST,0.290000,,,5,1010,ONE FAM,98100.00,1,1
     77,     48,       ,       ,14 AMSDEN ST ,0.280000,,,5,1010,ONE FAM,97100.00,1,1
     77,     49,       ,       ,12 AMSDEN ST,0.170000,,,5,1010,ONE FAM,88100.00,1,1
     77,     50,       ,       ,10 AMSDEN ST,0.270000,,,5,1010,ONE FAM,96100.00,1,1
     77,     51,       ,       ,8 AMSDEN ST,0.380000,,,5,1010,ONE FAM,105600.00,1,1
     77,     52,       ,       ,6 AMSDEN ST,0.680000,,,5,1010,ONE FAM,124200.00,1,1
     77,     53,       ,       ,18 COLBURN ST,0.420000,,,5,1040,2 FAMILY,108000.00,1,1
     77,     54,       ,       ,22 COLBURN ST,0.250000,,,5,1010,ONE FAM,94100.00,1,1
     77,     55,       ,       ,27 COLBURN ST,0.340000,,,5,1010,ONE FAM,92800.00,1,1
     77,     56,       ,       ,24 COLBURN ST,0.500000,,,5,1010,ONE FAM,112700.00,1,1
     77,     57,       ,       ,10 WILLIAMS ST,0.280000,,,5,1010,ONE FAM,92200.00,1,1
     77,     58,       ,       ,12 WILLIAMS ST,0.350000,,,5,1010,ONE FAM,98700.00,1,1
     77,     59,       ,       ,14 WILLIAMS ST,0.230000,,,5,1010,ONE FAM,87500.00,1,1
     77,     60,    100,       ,16 WILLIAMS ST,0.330000,,,5,1010,ONE FAM,97000.00,1,1
     77,     60,    300,       ,1 DOWNES AVE,0.580000,,,5,1010,ONE FAM,111500.00,1,1
     77,     61,       ,       ,20 WILLIAMS ST,0.280000,,,5,1010,ONE FAM,92200.00,1,1
     77,     62,       ,       ,23 WILLIAMS ST,0.180000,,,5,1010,ONE FAM,84300.00,1,1
     77,     63,       ,       ,21 WILLIAMS ST,0.150000,,,5,1010,ONE FAM,82500.00,1,1
     77,     64,       ,       ,17 WILLIAMS ST,0.200000,,,5,1010,ONE FAM,85600.00,1,1
     77,     65,       ,       ,15 WILLIAMS ST ,0.120000,,,5,1010,ONE FAM,80600.00,1,1
     77,     66,       ,       ,13 WILLIAMS ST,0.110000,,,5,1010,ONE FAM,79900.00,1,1
     77,     67,       ,       ,11 WILLIAMS ST ,0.257805,,,5,1010,ONE FAM,90100.00,1,1
     77,     68,       ,       ,9 WILLIAMS ST ,0.080000,,,5,1010,ONE FAM,77500.00,1,1
     77,     69,       ,       ,7 WILLIAMS ST ,0.070000,,,5,1010,ONE FAM,76700.00,1,1
     77,     70,       ,       ,5 WILLIAMS ST,0.060000,,,5,1010,ONE FAM,75900.00,1,1
     77,     71,       ,       ,3 WILLIAMS ST,0.110000,,,5,1010,ONE FAM,79900.00,1,1
     77,     72,       ,       ,1 WILLIAMS ST,0.080000,,,5,1010,ONE FAM,77500.00,1,1
     77,     73,       ,       ,18 WINTER ST,0.290000,,,5,1010,ONE FAM,88300.00,1,1
     77,     74,       ,       ,20 WINTER ST,0.160000,,,5,1010,ONE FAM,78700.00,1,1
     77,     75,       ,       ,22 WINTER ST,0.285583,,,5,1010,ONE FAM,87900.00,1,1
     77,     77,       ,       ,34 WINTER ST,0.367309,,,5,1010,ONE FAM,94400.00,1,1
     77,     78,       ,       ,40 WINTER ST,0.300000,,,5,1010,ONE FAM,89200.00,1,1
     77,     79,       ,       ,42 WINTER ST,0.260000,,,5,1010,ONE FAM,85600.00,1,1
     77,     80,       ,       ,44 WINTER ST,0.410000,,,5,1010,ONE FAM,96700.00,1,1
     77,     81,       ,       ,54 WINTER ST ,2.720000,,,0,1010,ONE FAM,2800.00,2,1
     77,     81,       ,       ,54 WINTER ST ,2.720000,,,5,1010,ONE FAM,55100.00,1,1
     77,     82,       ,       ,0 WINTER ST,0.400000,,,C,9030,MUNICPAL,12200.00,1,1
     77,     83,       ,       ,53 WINTER ST,1.460000,,,0,1010,ONE FAM,700.00,2,1
     77,     83,       ,       ,53 WINTER ST,1.460000,,,5,1010,ONE FAM,110200.00,1,1
     77,     84,       ,       ,45 WINTER ST ,0.400000,,,5,1012,ONE FAM W ACC,96100.00,1,1
     77,     85,       ,       ,41 WINTER ST,0.450000,,,5,1010,ONE FAM,98800.00,1,1
     77,     86,       ,       ,37 WINTER ST,0.380000,,,5,1040,2 FAMILY,90300.00,1,1
     77,     87,       ,       ,29 WINTER ST,0.420000,,,5,1010,ONE FAM,97200.00,1,1
     77,     88,       ,       ,25 WINTER ST ,0.450000,,,5,1010,ONE FAM,98800.00,1,1
     77,     89,    100,       ,23 WINTER ST,0.250000,,,5,1010,ONE FAM,80000.00,1,1
     77,     89,    200,       ,19 WINTER ST,0.250000,,,5,1040,2 FAMILY,84700.00,1,1
     77,     89,    300,       ,17 WINTER ST,0.300000,,,5,1010,ONE FAM,89200.00,1,1
     77,     90,       ,       ,15 WINTER ST,0.330000,,,5,1040,2 FAMILY,91900.00,1,1
     77,     91,       ,       ,11 WINTER ST ,0.360000,,,5,1010,ONE FAM,94000.00,1,1
     77,     92,       ,       ,7 WINTER ST ,0.360000,,,5,1010,ONE FAM,94000.00,1,1
     77,     93,       ,       ,3 WINTER ST,0.120000,,,5,1040,2 FAMILY,76400.00,1,1
     77,     94,       ,       ,136 HANOVER ST,0.183999,,,5,1050,3 FAMILY,89000.00,1,1
     77,     95,       ,       ,129 HANOVER ST,0.039991,,,5,1060,OUT BLDS,27700.00,1,1
     77,     96,       ,       ,140 HANOVER ST,0.350000,,,5,1040,2 FAMILY,98700.00,1,1
     77,     97,       ,       ,144 HANOVER ST,0.160000,,,5,1010,ONE FAM,87500.00,1,1
     77,     98,    100,       ,146 HANOVER ST,0.230000,,,5,1040,2 FAMILY,78300.00,1,1
     77,     98,    200,       ,2 BARROWS ST ,0.230000,,,5,1010,ONE FAM,92100.00,1,1
     77,     99,       ,       ,4 BARROWS ST,0.230000,,,5,1040,2 FAMILY,78300.00,1,1
     77,    100,       ,       ,8 BARROWS ST ,0.280000,,,5,1010,ONE FAM,82500.00,1,1
     77,    101,       ,       ,10 BARROWS ST,0.150000,,,5,1010,ONE FAM,73800.00,1,1
     77,    102,       ,       ,12 BARROWS ST,0.220000,,,5,1010,ONE FAM,77700.00,1,1
     77,    103,       ,       ,16 BARROWS ST,0.190000,,,5,1010,ONE FAM,76000.00,1,1
     77,    104,       ,       ,18 BARROWS ST,0.220000,,,5,1010,ONE FAM,77700.00,1,1
     77,    105,       ,       ,20 BARROWS ST,0.450000,,,5,1010,ONE FAM,93300.00,1,1
     77,    106,       ,       ,0 BARROWS ST ,1.520000,,,C,9030,MUNICPAL,81200.00,2,1
     77,    106,       ,       ,0 BARROWS ST ,1.520000,,,C,9030,MUNICPAL,135000.00,1,1
     77,    108,       ,       ,19 BARROWS ST,0.250000,,,5,1010,ONE FAM,80000.00,1,1
     77,    109,       ,       ,17 BARROWS ST,0.140000,,,5,1010,ONE FAM,73200.00,1,1
     77,    110,       ,       ,15 BARROWS ST,0.120000,,,5,1010,ONE FAM,72100.00,1,1
     77,    111,       ,       ,4 BUSH AVE ,0.270000,,,5,1010,ONE FAM,81700.00,1,1
     77,    112,       ,       ,0 BUSH AVE,0.240000,,,5,1320,UNDEV,4700.00,1,1
     77,    113,       ,       ,9 BARROWS ST,0.820000,,,5,1050,3 FAMILY,109900.00,1,1
     77,    114,       ,       ,5 BARROWS ST ,0.190000,,,5,1010,ONE FAM,76000.00,1,1
     77,    114,    100,       ,3 BARROWS ST,0.070000,,,5,1010,ONE FAM,68600.00,1,1
     77,    115,       ,       ,152 HANOVER ST ,0.340000,,,5,1010,ONE FAM,87600.00,1,1
     77,    116,       ,       ,0 HANOVER ST,0.090000,,,C,9010,STATE NH,8800.00,1,1
     77,    117,       ,       ,149 HANOVER ST,0.290000,,,5,1010,ONE FAM,98100.00,1,1
     77,    118,       ,       ,147 HANOVER ST ,0.530000,,,5,1110,APT 4-8,125900.00,1,1
     77,    119,       ,       ,0 HANOVER ST ,0.180000,,,C,9010,STATE NH,2000.00,1,1
     77,    120,       ,       ,145 HANOVER ST ,0.390000,,,5,1110,APT 4-8,106200.00,1,1
     77,    121,       ,       ,143 HANOVER ST,0.280000,,,5,1010,ONE FAM,87300.00,1,1
     77,    122,       ,       ,141 HANOVER ST,1.820000,,,0,1010,ONE FAM,2000.00,2,1
     77,    122,       ,       ,141 HANOVER ST,1.820000,,,5,1010,ONE FAM,129700.00,1,1
     77,    123,       ,       ,133 HANOVER ST ,1.720000,,,0,1110,APT 4-8,1800.00,2,1
     77,    123,       ,       ,133 HANOVER ST ,1.720000,,,5,1110,APT 4-8,135500.00,1,1
     77,    124,       ,       ,137 HANOVER ST,0.130000,,,5,1040,2 FAMILY,85500.00,1,1
     77,    125,       ,       ,127 HANOVER ST,0.950000,,,0,1110,APT 4-8,,1,2
     77,    125,       ,       ,127 HANOVER ST,0.950000,,,5,1110,APT 4-8,129600.00,1,1
     77,    126,       ,       ,119 HANOVER ST,0.578283,,,5,1050,3 FAMILY,117300.00,1,1
     77,    127,       ,       ,0 NH ROUTE 120,6.260000,,,0,9030,MUNICPAL,1700.00,2,1
     77,    127,       ,       ,0 NH ROUTE 120,6.260000,,,C,9030,MUNICPAL,15900.00,1,1
     77,    128,       ,       ,103 HANOVER ST ,1.690014,,,0,3250,STORE,,1,2
     77,    128,       ,       ,103 HANOVER ST ,1.690014,,,C,3250,STORE,619500.00,1,1
     77,    129,       ,       ,97 HANOVER ST ,0.800000,,,C,9080,HOUSING,342400.00,1,1
     77,    130,       ,       ,93 HANOVER ST ,0.170000,,,5,1110,APT 4-8,76300.00,1,1
     77,    131,       ,       ,91 HANOVER ST ,0.810000,,,0,1120,APT 9+UP,,1,2
     77,    131,       ,       ,91 HANOVER ST ,0.810000,,,0,1120,APT 9+UP,,1,3
     77,    131,       ,       ,91 HANOVER ST ,0.810000,,,5,1120,APT 9+UP,120800.00,1,1
     77,    132,       ,       ,89 HANOVER ST ,0.540000,,,0,1120,APT 9+UP,,1,2
     77,    132,       ,       ,89 HANOVER ST ,0.540000,,,5,1120,APT 9+UP,107500.00,1,1
     77,    133,       ,       ,90 HANOVER ST,0.187190,,,C,3250,STORE,230100.00,1,1
     77,    136,       ,       ,96 HANOVER ST ,0.860000,,,C,3330,GAS STA,349700.00,1,1
     77,    138,       ,       ,106 HANOVER ST,1.250000,,,C,3410,BANK,458200.00,1,1
     77,    139,       ,       ,114 HANOVER ST ,0.270000,,,C,3330,GAS STA,252900.00,1,1
     77,    140,       ,       ,116 HANOVER ST,0.299000,,,5,1040,2 FAMILY,99000.00,1,1
     77,    141,       ,       ,120 HANOVER ST,0.380005,,,5,1040,2 FAMILY,105600.00,1,1
     77,    142,       ,       ,122 HANOVER ST,0.250000,,,5,1050,3 FAMILY,94100.00,1,1
     77,    143,       ,       ,130 HANOVER ST,0.150000,,,5,1040,2 FAMILY,86800.00,1,1
     77,    144,       ,       ,2 WINTER ST,0.100000,,,5,1110,APT 4-8,82400.00,1,1
     77,    145,       ,       ,4 WINTER ST,0.100000,,,5,1040,2 FAMILY,74900.00,1,1
     77,    146,       ,       ,8 WINTER ST,0.320000,,,5,1040,2 FAMILY,91000.00,1,1
     77,    147,       ,       ,19 ELA ST,0.140000,,,5,1040,2 FAMILY,77500.00,1,1
     77,    148,       ,       ,17 ELA ST,0.250000,,,5,1010,ONE FAM,94100.00,1,1
     77,    149,       ,       ,11 ELA ST,0.320000,,,5,1010,ONE FAM,101100.00,1,1
     77,    150,       ,       ,9 ELA ST,0.360000,,,5,1010,ONE FAM,104500.00,1,1
     77,    151,       ,       ,17 SUMMER ,0.312511,,,0,9550,CONDO MSTR,0.00,1,1
     77,    151,    101,       ,17 SUMMER ST #1,0.000000,,,5,1020,CONDO,0.00,1,1
     77,    151,    201,       ,17 SUMMER ST #2,0.000000,,,5,1020,CONDO,0.00,1,1
     77,    151,    301,       ,17 SUMMER ST #3,0.000000,,,5,1020,CONDO,0.00,1,1
     77,    152,       ,       ,9 SUMMER ST ,0.200000,,,5,1110,APT 4-8,90100.00,1,1
     77,    153,       ,       ,7 SUMMER ST ,0.580000,,,5,1010,ONE FAM,117400.00,1,1
     77,    154,       ,       ,4 ELA ST,0.440000,,,5,1110,APT 4-8,120100.00,1,1
     77,    155,       ,       ,6 ELA ST,0.180000,,,5,1040,2 FAMILY,88800.00,1,1
     77,    156,       ,       ,8 ELA ST,0.280000,,,5,1010,ONE FAM,97100.00,1,1
     77,    157,       ,       ,6 DAVIS DR,0.060000,,,5,1010,ONE FAM,79800.00,1,1
     77,    158,       ,       ,8 DAVIS DR,0.060000,,,5,1010,ONE FAM,79800.00,1,1
     77,    159,       ,       ,10 DAVIS DR ,0.260000,,,5,1040,2 FAMILY,95100.00,1,1
     77,    160,       ,       ,14 ELA ST ,0.380000,,,5,1040,2 FAMILY,105600.00,1,1
     77,    161,       ,       ,4 WILLIAMS ST ,0.160000,,,5,1010,ONE FAM,83100.00,1,1
     77,    162,       ,       ,6 WILLIAMS ST,0.210000,,,5,1010,ONE FAM,86200.00,1,1
     77,    163,       ,       ,8 WILLIAMS ST ,0.219995,,,5,1012,ONE FAM W ACC,86800.00,1,1
     77,    165,       ,       ,21 COLBURN ST ,0.580000,,,5,1010,ONE FAM,117400.00,1,1
     77,    166,       ,       ,29 SUMMER ST ,0.210000,,,5,1040,2 FAMILY,90800.00,1,1
     77,    167,       ,       ,27 SUMMER ST,0.190000,,,5,1010,ONE FAM,89400.00,1,1
     77,    168,       ,       ,25 SUMMER ST,0.220000,,,5,1050,3 FAMILY,91400.00,1,1
     77,    169,       ,       ,21 SUMMER ST,0.200000,,,0,1010,ONE FAM,,1,2
     77,    169,       ,       ,21 SUMMER ST,0.200000,,,5,1010,ONE FAM,90100.00,1,1
     77,    170,       ,       ,5 LAREAU CT,0.070000,,,5,1010,ONE FAM,72600.00,1,1
     77,    171,       ,       ,3 LAREAU CT,0.130000,,,5,1040,2 FAMILY,77000.00,1,1
     77,    172,       ,       ,10 SUMMER ST,0.250000,,,5,1050,3 FAMILY,94100.00,1,1
     77,    173,       ,       ,14 SUMMER ST,0.260000,,,5,1040,2 FAMILY,95100.00,1,1
     77,    174,       ,       ,16 SUMMER ST,0.120000,,,5,1010,ONE FAM,84800.00,1,1
     77,    175,       ,       ,18 SUMMER ST,0.140000,,,5,1110,APT 4-8,86200.00,1,1
     77,    176,       ,       ,20 SUMMER ST,0.350000,,,5,1110,APT 4-8,103900.00,1,1
     77,    177,       ,       ,26 SUMMER ST,0.390000,,,5,1110,APT 4-8,106200.00,1,1
     77,    178,       ,       ,30 SUMMER ST,0.390000,,,5,1050,3 FAMILY,106200.00,1,1
     77,    179,       ,       ,11 CLARK ST,0.210000,,,5,1010,ONE FAM,90800.00,1,1
     77,    180,       ,       ,9 CLARK ST,0.180000,,,5,1050,3 FAMILY,88800.00,1,1
     77,    181,       ,       ,7 CLARK ST,0.170000,,,5,1050,3 FAMILY,88100.00,1,1
     77,    182,       ,       ,5 CLARK ST ,0.220000,,,5,1050,3 FAMILY,91400.00,1,1
     77,    183,       ,       ,3 CLARK ST,0.180000,,,5,1050,3 FAMILY,88800.00,1,1
     77,    184,       ,       ,1 CLARK ST,0.280000,,,5,1040,2 FAMILY,97100.00,1,1
     77,    185,       ,       ,2 CLARK ST ,0.200000,,,5,1050,3 FAMILY,90100.00,1,1
     77,    186,       ,       ,15 ELDRIDGE ST,0.180000,,,5,1050,3 FAMILY,88800.00,1,1
     77,    187,       ,       ,17 ELDRIDGE ST,0.210000,,,5,1040,2 FAMILY,90800.00,1,1
     77,    188,       ,       ,10 CLARK ST,0.060000,,,5,1010,ONE FAM,79800.00,1,1
     77,    189,       ,       ,27 ELDRIDGE ST,0.170000,,,5,1010,ONE FAM,88100.00,1,1
     77,    190,       ,       ,23 ELDRIDGE ST,0.110000,,,5,1040,2 FAMILY,84100.00,1,1
     77,    191,       ,       ,21 ELDRIDGE ST,0.170000,,,5,1012,ONE FAM W ACC,88100.00,1,1
     78,      2,       ,       ,19-21 SPENCER ST ,5.739991,,,0,1120,APT 9+UP,,1,2
     78,      2,       ,       ,19-21 SPENCER ST ,5.739991,,,C,1120,APT 9+UP,6312100.00,1,1
     78,      4,       ,       ,25 SPENCER ST,0.200000,,,C,3900,DEV LAND,175300.00,1,1
     78,      5,       ,       ,37 SPENCER ST ,1.420000,,,0,4010,IND WHSE,,1,2
     78,      5,       ,       ,37 SPENCER ST ,1.420000,,,0,4010,IND WHSE,4100.00,2,1
     78,      5,       ,       ,37 SPENCER ST ,1.420000,,,C,0430,IND/COM,261200.00,1,1
     78,      6,       ,       ,18 MAHAN ST ,0.500459,,,5,1010,ONE FAM,58600.00,1,1
     78,      7,       ,       ,23 MAHAN ST,0.480000,,,5,1010,ONE FAM,77100.00,1,1
     78,      8,       ,       ,23 THOMPSON ST,1.870000,,,0,1090,MULT HS,,1,2
     78,      8,       ,       ,23 THOMPSON ST,1.870000,,,0,1090,MULT HS,,1,3
     78,      8,       ,       ,23 THOMPSON ST,1.870000,,,0,1090,MULT HS,2200.00,2,1
     78,      8,       ,       ,23 THOMPSON ST,1.870000,,,5,1090,MULT HS,89800.00,1,1
     78,      9,       ,       ,19 THOMPSON ST ,0.580000,,,5,1010,ONE FAM,81200.00,1,1
     78,     10,       ,       ,12 KENDRICK ST,0.350000,,,5,1010,ONE FAM,71900.00,1,1
     78,     11,       ,       ,18 KENDRICK ST ,0.140000,,,5,1010,ONE FAM,59700.00,1,1
     78,     12,       ,       ,10 THOMPSON ST,0.570000,,,5,1300,RES LAND,89800.00,1,1
     78,     13,       ,       ,21 MAHAN ST,0.491527,,,5,1010,ONE FAM,77700.00,1,1
     78,     15,       ,       ,11 MAHAN ST ,0.689991,,,C,3400,OFFICE,330500.00,1,1
     78,     17,       ,       ,45 SPENCER ST,0.600000,,,C,3320,AUTO REP,208800.00,1,1
     78,     18,       ,       ,51 SPENCER ST ,0.750000,,,5,1010,ONE FAM,83500.00,1,1
     78,     19,       ,       ,55 SPENCER ST,0.380000,,,5,1010,ONE FAM,73200.00,1,1
     78,     20,       ,       ,59 SPENCER ST,0.160000,,,5,1010,ONE FAM,60600.00,1,1
     78,     21,       ,       ,61 SPENCER ST ,0.300000,,,5,1040,2 FAMILY,68600.00,1,1
     78,     22,       ,       ,0 SPENCER ST,0.350000,,,C,9030,MUNICPAL,59200.00,1,1
     78,     23,       ,       ,0 SPENCER ST,12.270000,,,0,9030,MUNICPAL,36600.00,2,1
     78,     23,       ,       ,0 SPENCER ST,12.270000,,,C,9030,MUNICPAL,79400.00,1,1
     78,     23,    100,       ,0 RIVERDALE PKWY,0.850000,,,C,9010,STATE NH,60400.00,1,1
     78,     24,       ,       ,0 SPENCER ST,0.220000,,,C,9030,MUNICPAL,51900.00,1,1
     78,     25,       ,       ,75 SPENCER ST,2.160000,,,0,1010,ONE FAM,2900.00,2,1
     78,     25,       ,       ,75 SPENCER ST,2.160000,,,5,1010,ONE FAM,80800.00,1,1
     78,     26,       ,       ,72 SPENCER ST,0.340000,,,5,1010,ONE FAM,50000.00,1,1
     78,     27,       ,       ,70 SPENCER ST,0.170000,,,5,1010,ONE FAM,61000.00,1,1
     78,     28,       ,       ,68 SPENCER ST ,0.330000,,,5,1010,ONE FAM,70700.00,1,1
     78,     29,       ,       ,66 SPENCER ST,0.250000,,,5,1010,ONE FAM,65200.00,1,1
     78,     30,       ,       ,64 SPENCER ST,0.320000,,,5,1010,ONE FAM,70000.00,1,1
     78,     31,       ,       ,60 SPENCER ST ,0.110000,,,5,1010,ONE FAM,58200.00,1,1
     78,     32,       ,       ,3 SUZOR CT ,0.080000,,,5,1010,ONE FAM,62700.00,1,1
     78,     33,       ,       ,5 SUZOR CT,0.080000,,,5,1010,ONE FAM,56400.00,1,1
     78,     34,       ,       ,7 SUZOR CT,0.060000,,,5,1010,ONE FAM,61400.00,1,1
     78,     36,       ,       ,56 SPENCER ST,0.160000,,,5,1010,ONE FAM,60600.00,1,1
     78,     38,       ,       ,48 SPENCER ST ,4.040046,,,0,4040,R+D BLDG,24300.00,2,1
     78,     38,       ,       ,48 SPENCER ST ,4.040046,,,C,4040,R+D BLDG,511400.00,1,1
     78,     39,       ,       ,38 SPENCER ST ,1.200000,,,C,4010,IND WHSE,351900.00,1,1
     78,     40,    100,       ,63 EVANS DR ,2.740000,,,0,3420,MEDICAL OFF,12400.00,2,1
     78,     40,    100,       ,63 EVANS DR ,2.740000,,,C,3420,MEDICAL OFF,733100.00,1,1
     78,     40,    200,       ,51 EVANS DR ,3.319995,,,C,3300,AUTO S+S,1622600.00,1,1
     78,     41,       ,       ,135 HEATER RD ,0.350000,,,5,1040,2 FAMILY,151800.00,1,1
     78,     42,       ,       ,139 HEATER RD,0.420000,,,5,1040,2 FAMILY,157800.00,1,1
     78,     43,       ,       ,71 HEATER RD ,23.240000,,,0,4000,FACTORY,49100.00,2,1
     78,     43,       ,       ,71 HEATER RD ,23.240000,,,0,6200,WET,135.00,3,1
     78,     43,       ,       ,71 HEATER RD ,23.240000,,,C,4000,FACTORY,2932500.00,1,1
     78,     44,       ,       ,151 HEATER RD ,4.770000,,,0,3330,GAS STA,6100.00,3,1
     78,     44,       ,       ,151 HEATER RD ,4.770000,,,0,3330,GAS STA,40000.00,2,1
     78,     44,       ,       ,151 HEATER RD ,4.770000,,,C,3330,GAS STA,977500.00,1,1
     78,     45,       ,       ,0 PERSHING ST,0.460000,,,C,3320,AUTO REP,387500.00,1,1
     78,     48,       ,       ,9 PERSHING ST ,0.610000,,,C,316C,COMMWHSE-Comm,420400.00,1,1
     78,     50,       ,       ,26 PERSHING ST ,0.680000,,,C,3160,COMMWHSE,438200.00,1,1
     78,     55,       ,       ,5 EDWARDS ST ,6.653000,,,C,3400,OFFICE,77300.00,3,1
     78,     55,       ,       ,5 EDWARDS ST ,6.653000,,,C,3400,OFFICE,178200.00,2,1
     78,     55,       ,       ,5 EDWARDS ST ,6.653000,,,C,3400,OFFICE,977500.00,1,1
     78,     61,       ,       ,30 LITTLE HEATER RD ,1.710000,,,0,4410,POTNLDEV,2300.00,2,1
     78,     61,       ,       ,30 LITTLE HEATER RD ,1.710000,,,C,4410,POTNLDEV,244400.00,1,1
     78,     62,       ,       ,0 HANOVER ST,6.589991,,,C,9030,MUNICPAL,241600.00,1,1
     79,      1,       ,       ,18 RIVERDALE PKWY ,0.390000,,,5,1010,ONE FAM,95600.00,1,1
     79,      2,       ,       ,20 RIVERDALE PKWY ,0.440000,,,5,1010,ONE FAM,98200.00,1,1
     79,      3,       ,       ,22 RIVERDALE PKWY ,0.310000,,,5,1010,ONE FAM,90100.00,1,1
     79,      4,       ,       ,26 RIVERDALE PKWY ,0.280000,,,5,1010,ONE FAM,83000.00,1,1
     79,      5,       ,       ,28 RIVERDALE PKWY ,1.910000,,,0,1010,ONE FAM,3000.00,2,1
     79,      5,       ,       ,28 RIVERDALE PKWY ,1.910000,,,5,1010,ONE FAM,99200.00,1,1
     79,      6,       ,       ,27 RIVERDALE PKWY,0.390000,,,5,1010,ONE FAM,81300.00,1,1
     79,      7,       ,       ,23 RIVERDALE PKWY,0.230000,,,5,1010,ONE FAM,70500.00,1,1
     79,      8,       ,       ,21 RIVERDALE PKWY ,0.230000,,,5,1010,ONE FAM,82900.00,1,1
     79,      9,       ,       ,19 RIVERDALE PKWY,0.230000,,,5,1010,ONE FAM,82900.00,1,1
     79,     10,       ,       ,17 RIVERDALE PKWY,0.220000,,,5,1010,ONE FAM,82300.00,1,1
     79,     11,       ,       ,6 WALNUT ST,0.220000,,,5,1010,ONE FAM,82300.00,1,1
     79,     12,       ,       ,6 CEDAR ST,0.230000,,,5,1010,ONE FAM,82900.00,1,1
     79,     13,       ,       ,4 CEDAR ST,0.230000,,,5,1010,ONE FAM,82900.00,1,1
     79,     14,       ,       ,3 CEDAR ST,0.250000,,,5,1010,ONE FAM,84700.00,1,1
     79,     15,       ,       ,5 CEDAR ST,0.420000,,,5,1010,ONE FAM,82600.00,1,1
     79,     16,       ,       ,8 WALNUT ST,0.410000,,,5,1010,ONE FAM,82300.00,1,1
     79,     17,       ,       ,8 BARNES AVE,0.300000,,,5,1010,ONE FAM,75800.00,1,1
     79,     18,       ,       ,6 BARNES AVE,0.410000,,,5,1010,ONE FAM,82300.00,1,1
     79,     19,       ,       ,4 BARNES AVE,0.350000,,,5,1010,ONE FAM,79500.00,1,1
     79,     20,       ,       ,2 BARNES AVE,0.240000,,,5,1010,ONE FAM,71200.00,1,1
     79,     21,       ,       ,5 BARNES AVE,0.320000,,,5,1010,ONE FAM,91000.00,1,1
     79,     22,       ,       ,5 WALNUT ST,0.240000,,,5,1010,ONE FAM,83800.00,1,1
     79,     23,       ,       ,3 WALNUT ST,0.480000,,,5,1010,ONE FAM,100300.00,1,1
     79,     28,       ,       ,122 HEATER RD,1.430005,,,5,1010,ONE FAM,87700.00,1,1
     79,     28,    100,       ,120 HEATER RD,1.600000,,,5,1010,ONE FAM,88600.00,1,1
     79,     29,       ,       ,98 HEATER RD,5.070000,,,0,1010,ONE FAM,2100.00,2,1
     79,     29,       ,       ,98 HEATER RD,5.070000,,,5,1010,ONE FAM,80400.00,1,1
     79,     30,       ,       ,86 HEATER RD,0.770000,,,5,1010,ONE FAM,75700.00,1,1
     79,     31,       ,       ,84 HEATER RD,1.139991,,,5,1010,ONE FAM,77500.00,1,1
     79,     32,       ,       ,1 CONGRESS ST ,1.289991,,,5,1010,ONE FAM,82400.00,1,1
     79,     33,       ,       ,3 CONGRESS ST,1.239991,,,5,1010,ONE FAM,82100.00,1,1
     79,     34,       ,       ,5 CONGRESS ST ,1.200000,,,5,1010,ONE FAM,81900.00,1,1
     79,     35,       ,       ,11 CONGRESS ST,1.289991,,,5,1010,ONE FAM,82300.00,1,1
     79,     36,       ,       ,7 CONGRESS ST,1.710009,,,5,1010,ONE FAM,84600.00,1,1
     79,     37,       ,       ,13 CONGRESS ST ,0.370000,,,5,1010,ONE FAM,65500.00,1,1
     79,     38,       ,       ,0 CONGRESS ST,2.210009,,,5,1320,UNDEV,4800.00,1,1
     79,     39,       ,       ,0 TOWNSEND TER ,0.790000,,,C,9030,MUNICPAL,51200.00,1,1
     79,     40,       ,       ,23 TOWNSEND TER,0.340000,,,5,1010,ONE FAM,71400.00,1,1
     79,     41,       ,       ,29 TOWNSEND TER,0.260000,,,5,1010,ONE FAM,65800.00,1,1
     79,     42,       ,       ,0 TOWNSEND TER,0.150000,,,5,1320,UNDEV,15000.00,1,1
     79,     43,       ,       ,17 ALDEN RD,0.680000,,,5,1010,ONE FAM,77400.00,1,1
     79,     44,       ,       ,31 ALDEN RD,3.940000,,,0,1010,ONE FAM,1600.00,2,1
     79,     44,       ,       ,31 ALDEN RD,3.940000,,,5,1010,ONE FAM,75300.00,1,1
     79,     45,       ,       ,20 ALDEN RD,0.520000,,,5,1010,ONE FAM,74900.00,1,1
     79,     46,       ,       ,7 TOWNSEND TER,0.990000,,,5,1010,ONE FAM,80800.00,1,1
     79,     47,       ,       ,8 CONGRESS ST,0.670000,,,5,1010,ONE FAM,77000.00,1,1
     79,     48,       ,       ,0 CONGRESS ST,0.150000,,,5,1320,UNDEV,3000.00,1,1
     79,     49,       ,       ,0 CONGRESS ST,0.320000,,,5,1300,RES LAND,56000.00,1,1
     79,     50,       ,       ,0 CONGRESS ST,0.140000,,,C,9030,MUNICPAL,6500.00,1,1
     79,     51,       ,       ,0 HEATER RD,0.060000,,,C,9030,MUNICPAL,5800.00,1,1
     79,     52,       ,       ,0 HEATER RD ,66.150000,,,0,6231,OTHER REC,2780.00,2,1
     79,     52,       ,       ,0 HEATER RD ,66.150000,,,5,6231,OTHER REC,130.00,1,1
     79,     53,       ,       ,30 ALDEN RD,0.750000,,,5,1010,ONE FAM,99000.00,1,1
     79,     54,       ,       ,24 ALDEN RD,0.460000,,,5,1010,ONE FAM,76400.00,1,1
     80,      1,       ,       ,41 DOROTHY PERLEY RD,2.080005,,,5,1010,ONE FAM,95500.00,1,1
     80,      2,       ,       ,45 DOROTHY PERLEY RD ,43.000000,,,0,1010,ONE FAM,1800.00,2,1
     80,      2,       ,       ,45 DOROTHY PERLEY RD ,43.000000,,,0,6000,FARM,1625.00,3,1
     80,      2,       ,       ,45 DOROTHY PERLEY RD ,43.000000,,,0,6230,OTHER,1870.00,4,1
     80,      2,       ,       ,45 DOROTHY PERLEY RD ,43.000000,,,5,1010,ONE FAM,164700.00,1,1
     80,      3,       ,       ,48 DOROTHY PERLEY RD,2.839991,,,5,1010,ONE FAM,94300.00,1,1
     80,      5,       ,       ,42 DOROTHY PERLEY RD,1.739991,,,5,1010,ONE FAM,84700.00,1,1
     80,      6,       ,       ,0 DOROTHY PERLEY RD ,110.930000,,,0,6001,FARM REC,9690.00,2,1
     80,      6,       ,       ,0 DOROTHY PERLEY RD ,110.930000,,,0,6201,WET REC,390.00,4,1
     80,      6,       ,       ,0 DOROTHY PERLEY RD ,110.930000,,,0,6211,WP REC,6520.00,3,1
     80,      6,       ,       ,0 DOROTHY PERLEY RD ,110.930000,,,5,1060,OUT BLDS,5600.00,1,1
     80,      6,    100,       ,29 HARDY HILL RD,3.110000,,,0,1010,ONE FAM,200.00,2,1
     80,      6,    100,       ,29 HARDY HILL RD,3.110000,,,5,1010,ONE FAM,84700.00,1,1
     80,      7,       ,       ,53 HARDY HILL RD ,91.510000,,,0,6000,FARM,520.00,2,1
     80,      7,       ,       ,53 HARDY HILL RD ,91.510000,,,0,6000,FARM,3870.00,3,1
     80,      7,       ,       ,53 HARDY HILL RD ,91.510000,,,0,6210,PINE,9910.00,4,1
     80,      7,       ,       ,53 HARDY HILL RD ,91.510000,,,5,1010,ONE FAM,110800.00,1,1
     80,      8,       ,       ,63 HARDY HILL RD ,4.000000,,,0,1010,ONE FAM,2900.00,2,1
     80,      8,       ,       ,63 HARDY HILL RD ,4.000000,,,5,1010,ONE FAM,108200.00,1,1
     80,      9,       ,       ,0 HARDY HILL RD ,3.999005,,,0,6000,FARM,425.00,3,1
     80,      9,       ,       ,0 HARDY HILL RD ,3.999005,,,0,6000,FARM,1240.00,2,1
     80,      9,       ,       ,0 HARDY HILL RD ,3.999005,,,5,1300,RES LAND,72100.00,1,1
     80,     10,       ,       ,71 HARDY HILL RD ,3.999355,,,0,6000,FARM,425.00,3,1
     80,     10,       ,       ,71 HARDY HILL RD ,3.999355,,,0,6000,FARM,885.00,2,1
     80,     10,       ,       ,71 HARDY HILL RD ,3.999355,,,5,1040,2 FAMILY,114500.00,1,1
     80,     11,       ,       ,0 HARDY HILL RD ,3.799984,,,0,6000,FARM,340.00,3,1
     80,     11,       ,       ,0 HARDY HILL RD ,3.799984,,,0,6000,FARM,920.00,2,1
     80,     11,       ,       ,0 HARDY HILL RD ,3.799984,,,5,1060,OUT BLDS,108700.00,1,1
     80,     12,       ,       ,77 HARDY HILL RD,4.100000,,,0,1010,ONE FAM,3200.00,2,1
     80,     12,       ,       ,77 HARDY HILL RD,4.100000,,,5,1010,ONE FAM,85700.00,1,1
     80,     13,       ,       ,0 HARDY HILL RD ,37.700000,,,0,6001,FARM REC,520.00,2,1
     80,     13,       ,       ,0 HARDY HILL RD ,37.700000,,,0,6001,FARM REC,8500.00,3,1
     80,     13,       ,       ,0 HARDY HILL RD ,37.700000,,,5,6001,FARM REC,780.00,1,1
     80,     14,       ,       ,27 JENKINS RD ,6.050000,,,0,1012,ONE FAM W ACC,2200.00,2,1
     80,     14,       ,       ,27 JENKINS RD ,6.050000,,,0,6200,WET,35.00,3,1
     80,     14,       ,       ,27 JENKINS RD ,6.050000,,,5,1012,ONE FAM W ACC,210400.00,1,1
     80,     14,    100,       ,0 JENKINS RD ,3.500000,,,0,6201,WET REC,20.00,2,1
     80,     14,    100,       ,0 JENKINS RD ,3.500000,,,0,6231,OTHER REC,65.00,3,1
     80,     14,    100,       ,0 JENKINS RD ,3.500000,,,5,6001,FARM REC,260.00,1,1
     80,     14,    200,       ,0 JENKINS RD ,9.690000,,,0,6201,WET REC,55.00,3,1
     80,     14,    200,       ,0 JENKINS RD ,9.690000,,,0,6231,OTHER REC,205.00,2,1
     80,     14,    200,       ,0 JENKINS RD ,9.690000,,,5,6001,FARM REC,520.00,1,1
     80,     15,       ,       ,7 JENKINS RD,3.940000,,,0,1010,ONE FAM,2700.00,2,1
     80,     15,       ,       ,7 JENKINS RD,3.940000,,,5,1010,ONE FAM,270500.00,1,1
     80,     16,       ,       ,0 SUNSET ROCK RD ,14.010000,,,,6201,WET REC,95.00,4,1
     80,     16,       ,       ,0 SUNSET ROCK RD ,14.010000,,,0,6001,FARM REC,1090.00,2,1
     80,     16,       ,       ,0 SUNSET ROCK RD ,14.010000,,,0,6101,UNPROD REC,5.00,5,1
     80,     16,       ,       ,0 SUNSET ROCK RD ,14.010000,,,0,6221,HDWD REC,100.00,3,1
     80,     16,       ,       ,0 SUNSET ROCK RD ,14.010000,,,5,6001,FARM REC,780.00,1,1
     80,     17,       ,       ,42 SUNSET ROCK RD,2.650000,,,5,1010,ONE FAM,332500.00,1,1
     80,     18,       ,       ,30 SUNSET ROCK RD,5.000000,,,0,1010,ONE FAM,4600.00,2,1
     80,     18,       ,       ,30 SUNSET ROCK RD,5.000000,,,5,1010,ONE FAM,330600.00,1,1
     80,     19,       ,       ,14 SUNSET ROCK RD ,2.369995,,,5,1010,ONE FAM,109300.00,1,1
     80,     20,       ,       ,91 HARDY HILL RD ,33.151000,,,0,1010,ONE FAM,400.00,2,1
     80,     20,       ,       ,91 HARDY HILL RD ,33.151000,,,0,6001,FARM REC,720.00,4,1
     80,     20,       ,       ,91 HARDY HILL RD ,33.151000,,,0,6201,WET REC,285.00,3,1
     80,     20,       ,       ,91 HARDY HILL RD ,33.151000,,,0,6231,OTHER REC,440.00,5,1
     80,     20,       ,       ,91 HARDY HILL RD ,33.151000,,,5,1010,ONE FAM,120200.00,1,1
     80,     21,       ,       ,8 WHIPPLE RD,4.300000,,,0,1010,ONE FAM,2800.00,2,1
     80,     21,       ,       ,8 WHIPPLE RD,4.300000,,,5,1010,ONE FAM,135300.00,1,1
     80,     22,       ,       ,6 WHIPPLE RD,4.000000,,,0,1010,ONE FAM,2200.00,2,1
     80,     22,       ,       ,6 WHIPPLE RD,4.000000,,,5,1010,ONE FAM,135300.00,1,1
     80,     23,       ,       ,82 HARDY HILL RD,3.800000,,,0,1010,ONE FAM,1700.00,2,1
     80,     23,       ,       ,82 HARDY HILL RD,3.800000,,,5,1010,ONE FAM,135300.00,1,1
     80,     24,       ,       ,72 HARDY HILL RD,5.400000,,,0,1010,ONE FAM,6900.00,2,1
     80,     24,       ,       ,72 HARDY HILL RD,5.400000,,,5,1010,ONE FAM,120200.00,1,1
     80,     25,       ,       ,66 HARDY HILL RD,5.600000,,,0,1010,ONE FAM,7500.00,2,1
     80,     25,       ,       ,66 HARDY HILL RD,5.600000,,,5,1010,ONE FAM,120200.00,1,1
     80,     26,       ,       ,60 HARDY HILL RD,2.000000,,,5,1010,ONE FAM,122200.00,1,1
     80,     27,       ,       ,54 HARDY HILL RD,2.360009,,,5,1010,ONE FAM,121500.00,1,1
     80,     28,       ,       ,40 HARDY HILL RD ,15.602000,,,0,1010,ONE FAM,300.00,2,1
     80,     28,       ,       ,40 HARDY HILL RD ,15.602000,,,0,6001,FARM REC,2865.00,3,1
     80,     28,       ,       ,40 HARDY HILL RD ,15.602000,,,0,6201,WET REC,110.00,4,1
     80,     28,       ,       ,40 HARDY HILL RD ,15.602000,,,5,1010,ONE FAM,114700.00,1,1
     80,     28,    200,       ,46 HARDY HILL RD ,12.390000,,,0,6201,WET REC,85.00,5,1
     80,     28,    200,       ,46 HARDY HILL RD ,12.390000,,,0,6211,WP REC,320.00,2,1
     80,     28,    200,       ,46 HARDY HILL RD ,12.390000,,,0,6221,HDWD REC,130.00,4,1
     80,     28,    200,       ,46 HARDY HILL RD ,12.390000,,,0,6231,OTHER REC,90.00,3,1
     80,     28,    200,       ,46 HARDY HILL RD ,12.390000,,,5,6211,WP REC,125.00,1,1
     80,     29,       ,       ,9 FARR RD ,1.100000,,,5,1010,ONE FAM,76800.00,1,1
     80,     30,       ,       ,11 FARR RD,2.000000,,,0,1010,ONE FAM,1800.00,2,1
     80,     30,       ,       ,11 FARR RD,2.000000,,,5,1010,ONE FAM,89800.00,1,1
     80,     30,    100,       ,15 FARR RD,2.250000,,,0,1010,ONE FAM,2800.00,2,1
     80,     30,    100,       ,15 FARR RD,2.250000,,,5,1010,ONE FAM,89800.00,1,1
     80,     31,       ,       ,23 FARR RD,4.100000,,,0,1010,ONE FAM,1200.00,3,1
     80,     31,       ,       ,23 FARR RD,4.100000,,,0,1010,ONE FAM,2300.00,2,1
     80,     31,       ,       ,23 FARR RD,4.100000,,,5,1010,ONE FAM,89800.00,1,1
     80,     32,       ,       ,37 FARR RD ,11.500000,,,0,6200,WET,30.00,3,1
     80,     32,       ,       ,37 FARR RD ,11.500000,,,0,6230,OTHER,525.00,2,1
     80,     32,       ,       ,37 FARR RD ,11.500000,,,5,1010,ONE FAM,85100.00,1,1
     80,     33,       ,       ,49 FARR RD,3.310000,,,0,1010,ONE FAM,600.00,3,1
     80,     33,       ,       ,49 FARR RD,3.310000,,,0,1010,ONE FAM,4100.00,2,1
     80,     33,       ,       ,49 FARR RD,3.310000,,,5,1010,ONE FAM,89800.00,1,1
     80,     34,       ,       ,59 FARR RD ,28.400000,,,0,1010,ONE FAM,4100.00,2,1
     80,     34,       ,       ,59 FARR RD ,28.400000,,,0,6201,WET REC,95.00,3,1
     80,     34,       ,       ,59 FARR RD ,28.400000,,,0,6231,OTHER REC,815.00,4,1
     80,     34,       ,       ,59 FARR RD ,28.400000,,,5,1010,ONE FAM,89800.00,1,1
     80,     35,       ,       ,65 FARR RD ,16.150000,,,0,6200,WET,135.00,3,1
     80,     35,       ,       ,65 FARR RD ,16.150000,,,0,6230,OTHER,390.00,2,1
     80,     35,       ,       ,65 FARR RD ,16.150000,,,5,1010,ONE FAM,95000.00,1,1
     80,     35,    100,       ,62 FARR RD,4.450000,,,0,1010,ONE FAM,5800.00,2,1
     80,     35,    100,       ,62 FARR RD,4.450000,,,5,1010,ONE FAM,112200.00,1,1
     80,     35,    200,       ,64 FARR RD,5.100000,,,0,1010,ONE FAM,3400.00,2,1
     80,     35,    200,       ,64 FARR RD,5.100000,,,0,1010,ONE FAM,3500.00,3,1
     80,     35,    200,       ,64 FARR RD,5.100000,,,5,1010,ONE FAM,112200.00,1,1
     80,     35,    300,       ,68 FARR RD,4.000000,,,0,1010,ONE FAM,1900.00,3,1
     80,     35,    300,       ,68 FARR RD,4.000000,,,0,1010,ONE FAM,3800.00,2,1
     80,     35,    300,       ,68 FARR RD,4.000000,,,5,1010,ONE FAM,112200.00,1,1
     80,     35,    400,       ,0 FARR RD ,4.250000,,,0,6230,OTHER,230.00,2,1
     80,     35,    400,       ,0 FARR RD ,4.250000,,,5,1320,UNDEV,3700.00,1,1
     80,     36,       ,       ,26 SUNSET ROCK RD ,8.230000,,,0,1010,ONE FAM,12000.00,2,1
     80,     36,       ,       ,26 SUNSET ROCK RD ,8.230000,,,5,1010,ONE FAM,270500.00,1,1
     82,      1,       ,       ,6 JENKINS RD ,13.529613,,,0,6000,FARM,1265.00,2,1
     82,      1,       ,       ,6 JENKINS RD ,13.529613,,,0,6230,OTHER,385.00,3,1
     82,      1,       ,       ,6 JENKINS RD ,13.529613,200,,5,1010,ONE FAM,314800.00,1,1
     82,      2,       ,       ,37 SUNSET ROCK RD,0.340000,,,5,1010,ONE FAM,114000.00,1,1
     82,      3,       ,       ,47 SUNSET ROCK RD ,13.111000,,,0,6211,WP REC,185.00,2,1
     82,      3,       ,       ,47 SUNSET ROCK RD ,13.111000,,,0,6221,HDWD REC,640.00,3,1
     82,      3,       ,       ,47 SUNSET ROCK RD ,13.111000,,,5,1010,ONE FAM,226500.00,1,1
     82,      4,       ,       ,63 SUNSET ROCK RD ,13.240000,,,0,6231,OTHER REC,90.00,2,1
     82,      4,       ,       ,63 SUNSET ROCK RD ,13.240000,,,0,6231,OTHER REC,450.00,3,1
     82,      4,       ,       ,63 SUNSET ROCK RD ,13.240000,,,5,1010,ONE FAM,315500.00,1,1
     82,      5,       ,       ,69 SUNSET ROCK RD ,13.390000,,,0,6000,FARM,2275.00,2,1
     82,      5,       ,       ,69 SUNSET ROCK RD ,13.390000,,,0,6230,OTHER,215.00,3,1
     82,      5,       ,       ,69 SUNSET ROCK RD ,13.390000,,,5,1010,ONE FAM,315500.00,1,1
     82,      6,       ,       ,97 SUNSET ROCK RD ,13.200000,,,0,6220,HDWD,685.00,2,1
     82,      6,       ,       ,97 SUNSET ROCK RD ,13.200000,,,5,6220,HDWD,220.00,1,1
     82,      7,       ,       ,0 SUNSET ROCK RD ,67.590000,,,0,6230,OTHER,2650.00,2,1
     82,      7,       ,       ,0 SUNSET ROCK RD ,67.590000,,,5,6230,OTHER,125.00,1,1
     82,      8,       ,       ,151 SUNSET ROCK RD ,94.000000,,,0,1010,ONE FAM,5200.00,2,1
     82,      8,       ,       ,151 SUNSET ROCK RD ,94.000000,,,0,6230,OTHER,3610.00,3,1
     82,      8,       ,       ,151 SUNSET ROCK RD ,94.000000,,,5,1010,ONE FAM,96200.00,1,1
     82,      9,       ,       ,501 DARTMOUTH COLLEGE HWY,1.790000,,,0,1010,ONE FAM,1100.00,2,1
     82,      9,       ,       ,501 DARTMOUTH COLLEGE HWY,1.790000,,,5,1010,ONE FAM,76800.00,1,1
     82,      9,    100,       ,503 DARTMOUTH COLLEGE HWY ,13.230000,,,0,1010,ONE FAM,2200.00,2,1
     82,      9,    100,       ,503 DARTMOUTH COLLEGE HWY ,13.230000,,,0,1010,ONE FAM,11000.00,3,1
     82,      9,    100,       ,503 DARTMOUTH COLLEGE HWY ,13.230000,,,5,1010,ONE FAM,80800.00,1,1
     82,     10,       ,       ,19 PAYNE RD,1.030000,,,0,1010,ONE FAM,100.00,2,1
     82,     10,       ,       ,19 PAYNE RD,1.030000,,,5,1010,ONE FAM,76800.00,1,1
     82,     11,       ,       ,526 DARTMOUTH COLLEGE HWY ,1.990000,,,0,9030,MUNICPAL,600.00,2,1
     82,     11,       ,       ,526 DARTMOUTH COLLEGE HWY ,1.990000,,,C,9030,MUNICPAL,99000.00,1,1
     82,     12,       ,       ,516 DARTMOUTH COLLEGE HWY ,2.150000,,,0,1010,ONE FAM,1900.00,2,1
     82,     12,       ,       ,516 DARTMOUTH COLLEGE HWY ,2.150000,,,5,1010,ONE FAM,76800.00,1,1
     82,     12,    100,       ,520 DARTMOUTH COLLEGE HWY,1.510000,,,0,1010,ONE FAM,900.00,2,1
     82,     12,    100,       ,520 DARTMOUTH COLLEGE HWY,1.510000,,,5,1010,ONE FAM,76800.00,1,1
     82,     13,       ,       ,401 DARTMOUTH COLLEGE HWY,4.500000,,,0,1010,ONE FAM,1700.00,2,1
     82,     13,       ,       ,401 DARTMOUTH COLLEGE HWY,4.500000,,,5,1010,ONE FAM,76200.00,1,1
     82,     14,       ,       ,0 SUNSET ROCK RD,4.950000,,,C,9010,STATE NH,54400.00,1,1
     82,     15,       ,       ,154 SUNSET ROCK RD ,8.000000,,,0,6000,FARM,245.00,2,1
     82,     15,       ,       ,154 SUNSET ROCK RD ,8.000000,,,0,6000,FARM,650.00,3,1
     82,     15,       ,       ,154 SUNSET ROCK RD ,8.000000,,,0,6000,FARM,1625.00,4,1
     82,     15,       ,       ,154 SUNSET ROCK RD ,8.000000,,,5,1060,OUT BLDS,83200.00,1,1
     82,     16,       ,       ,138 SUNSET ROCK RD ,50.370000,,,0,6230,OTHER,40.00,2,1
     82,     16,       ,       ,138 SUNSET ROCK RD ,50.370000,,,0,6230,OTHER,2605.00,3,1
     82,     16,       ,       ,138 SUNSET ROCK RD ,50.370000,,,5,1010,ONE FAM,121600.00,1,1
     82,     17,       ,       ,82 SUNSET ROCK RD ,16.030000,,,0,6230,OTHER,65.00,2,1
     82,     17,       ,       ,82 SUNSET ROCK RD ,16.030000,,,0,6230,OTHER,535.00,3,1
     82,     17,       ,       ,82 SUNSET ROCK RD ,16.030000,,,5,1010,ONE FAM,323700.00,1,1
     82,     18,       ,       ,76 SUNSET ROCK RD ,15.560000,,,0,6230,OTHER,90.00,2,1
     82,     18,       ,       ,76 SUNSET ROCK RD ,15.560000,,,0,6230,OTHER,690.00,3,1
     82,     18,       ,       ,76 SUNSET ROCK RD ,15.560000,,,5,1010,ONE FAM,322700.00,1,1
     82,     20,       ,       ,70 SUNSET ROCK RD,2.660009,,,5,1010,ONE FAM,299300.00,1,1
     82,     21,       ,       ,58 SUNSET ROCK RD ,13.540000,,,0,6001,FARM REC,520.00,2,1
     82,     21,       ,       ,58 SUNSET ROCK RD ,13.540000,,,0,6001,FARM REC,2220.00,3,1
     82,     21,       ,       ,58 SUNSET ROCK RD ,13.540000,,,0,6231,OTHER REC,80.00,4,1
     82,     21,       ,       ,58 SUNSET ROCK RD ,13.540000,,,5,1010,ONE FAM,258100.00,1,1
     82,     22,       ,       ,78 FARR RD ,12.300000,,,0,1010,ONE FAM,2700.00,2,1
     82,     22,       ,       ,78 FARR RD ,12.300000,,,0,6000,FARM,1725.00,3,1
     82,     22,       ,       ,78 FARR RD ,12.300000,,,0,6230,OTHER,165.00,4,1
     82,     22,       ,       ,78 FARR RD ,12.300000,,,5,1010,ONE FAM,202000.00,1,1
     82,     23,       ,       ,0 FARR RD,8.150000,,,0,6000,FARM,1675.00,2,1
     82,     23,       ,       ,0 FARR RD,8.150000,,,5,6000,FARM,975.00,1,1
     82,     24,       ,       ,144 SUNSET ROCK RD ,6.629995,,,0,6230,OTHER,125.00,2,1
     82,     24,       ,       ,144 SUNSET ROCK RD ,6.629995,,,0,6230,OTHER,200.00,3,1
     82,     24,       ,       ,144 SUNSET ROCK RD ,6.629995,,,5,1010,ONE FAM,111500.00,1,1
     83,      1,       ,       ,0 MILL RD,2.380000,,,0,9030,MUNICPAL,800.00,2,1
     83,      1,       ,       ,0 MILL RD,2.380000,,,C,9030,MUNICPAL,55000.00,1,1
     83,      2,       ,       ,0 MILL RD,5.250000,,,0,9030,MUNICPAL,300.00,2,1
     83,      2,       ,       ,0 MILL RD,5.250000,,,C,9030,MUNICPAL,33000.00,1,1
     83,      3,       ,       ,489 DARTMOUTH COLLEGE HWY,6.560000,,,0,1010,ONE FAM,3400.00,2,1
     83,      3,       ,       ,489 DARTMOUTH COLLEGE HWY,6.560000,,,0,1010,ONE FAM,6000.00,3,1
     83,      3,       ,       ,489 DARTMOUTH COLLEGE HWY,6.560000,,,5,1010,ONE FAM,80800.00,1,1
     83,      4,       ,       ,175 SUNSET ROCK RD ,1.900000,,,5,1300,RES LAND,95100.00,1,1
     83,      5,       ,       ,183 SUNSET ROCK RD,2.000000,,,0,1010,ONE FAM,1700.00,2,1
     83,      5,       ,       ,183 SUNSET ROCK RD,2.000000,,,5,1010,ONE FAM,85300.00,1,1
     83,      7,       ,       ,510 DARTMOUTH COLLEGE HWY ,9.300000,,,0,1300,RES LAND,1700.00,2,1
     83,      7,       ,       ,510 DARTMOUTH COLLEGE HWY ,9.300000,,,0,6000,FARM,325.00,3,1
     83,      7,       ,       ,510 DARTMOUTH COLLEGE HWY ,9.300000,,,0,6000,FARM,1400.00,4,1
     83,      7,       ,       ,510 DARTMOUTH COLLEGE HWY ,9.300000,,,0,6100,UNPROD,40.00,5,1
     83,      7,       ,       ,510 DARTMOUTH COLLEGE HWY ,9.300000,,,5,1300,RES LAND,80800.00,1,1
     83,      8,       ,       ,488 DARTMOUTH COLLEGE HWY,0.289991,,,5,1320,UNDEV,3400.00,1,1
     83,      9,       ,       ,0 NH ROUTE 4A,1.630005,,,C,9010,STATE NH,17600.00,1,1
     83,     10,       ,       ,0 NH ROUTE 4A ,2.760009,,,C,9010,STATE NH,30400.00,1,1
     83,     11,       ,       ,35 NH ROUTE 4A,0.750000,,,5,1060,OUT BLDS,8800.00,1,1
     83,     12,       ,       ,15 PAYNE RD,1.419995,,,5,1010,ONE FAM,87600.00,1,1
     83,     13,       ,       ,52 MANCHESTER DR ,2.800000,,,5,1010,ONE FAM,118000.00,1,1
     83,     14,       ,       ,48 MANCHESTER DR ,2.100000,,,5,1010,ONE FAM,159200.00,1,1
     83,     15,       ,       ,41 MANCHESTER DR,2.000000,,,5,1010,ONE FAM,106300.00,1,1
     83,     16,       ,       ,45 MANCHESTER DR,2.000000,,,5,1010,ONE FAM,132900.00,1,1
     83,     17,       ,       ,40 NH ROUTE 4A ,1.110009,,,5,1010,ONE FAM,95400.00,1,1
     83,     18,       ,       ,10 MONICA RD,10.160000,,,0,1010,ONE FAM,13400.00,2,1
     83,     18,       ,       ,10 MONICA RD,10.160000,,,5,1010,ONE FAM,77600.00,1,1
     83,     19,       ,       ,22 MONICA RD,5.040000,,,0,1010,ONE FAM,3800.00,2,1
     83,     19,       ,       ,22 MONICA RD,5.040000,,,5,1010,ONE FAM,76800.00,1,1
     83,     20,       ,       ,0 DARTMOUTH COLLEGE HWY,0.041781,,,5,1320,UNDEV,3600.00,1,1
     84,      1,       ,       ,42 MANCHESTER DR ,2.000000,,,5,1010,ONE FAM,132900.00,1,1
     84,      2,       ,       ,6 MANCHESTER DR ,0.610000,,,5,1010,ONE FAM,114900.00,1,1
     84,      3,       ,       ,5 HILLSIDE DR,0.620000,,,5,1010,ONE FAM,115500.00,1,1
     84,      4,       ,       ,7 HILLSIDE DR,0.920000,,,5,1010,ONE FAM,149400.00,1,1
     84,      5,       ,       ,8 HILLSIDE DR ,1.350000,,,5,1010,ONE FAM,153100.00,1,1
     84,      6,       ,       ,0 HILLSIDE DR,0.680000,,,5,1300,RES LAND,143300.00,1,1
     84,      7,       ,       ,9 HILLSIDE DR,3.100000,,,0,1010,ONE FAM,300.00,2,1
     84,      7,       ,       ,9 HILLSIDE DR,3.100000,,,5,1010,ONE FAM,156800.00,1,1
     84,      8,       ,       ,1 MONICA RD,1.130005,,,5,1010,ONE FAM,95600.00,1,1
     84,      9,       ,       ,9 PAYNE RD ,1.070000,,,0,1012,ONE FAM W ACC,200.00,2,1
     84,      9,       ,       ,9 PAYNE RD ,1.070000,,,5,1012,ONE FAM W ACC,72700.00,1,1
     84,     10,       ,       ,10 RUDSBORO RD ,4.010000,,,0,9060,CHURCH,4500.00,2,1
     84,     10,       ,       ,10 RUDSBORO RD ,4.010000,,,C,9060,CHURCH,439900.00,1,1
     84,     11,       ,       ,645 DARTMOUTH COLLEGE HWY,0.990000,,,C,903I,MUNICPAL-Ind,219200.00,1,1
     84,     12,       ,       ,660 DARTMOUTH COLLEGE HWY,1.430000,,,0,1010,ONE FAM,1000.00,2,1
     84,     12,       ,       ,660 DARTMOUTH COLLEGE HWY,1.430000,,,5,1010,ONE FAM,80800.00,1,1
     84,     13,       ,       ,654 DARTMOUTH COLLEGE HWY,1.120000,,,0,1010,ONE FAM,300.00,2,1
     84,     13,       ,       ,654 DARTMOUTH COLLEGE HWY,1.120000,,,5,1010,ONE FAM,80800.00,1,1
     84,     14,       ,       ,650 DARTMOUTH COLLEGE HWY,1.130005,,,5,1010,ONE FAM,81500.00,1,1
     84,     15,       ,       ,0 DARTMOUTH COLLEGE HWY ,18.900000,,,0,9700,FARM,1890.00,2,1
     84,     15,       ,       ,0 DARTMOUTH COLLEGE HWY ,18.900000,,,0,9750,WET,180.00,3,1
     84,     15,       ,       ,0 DARTMOUTH COLLEGE HWY ,18.900000,,,C,9700,FARM,675.00,1,1
     84,     16,       ,       ,98 ICE HOUSE RD ,0.670000,,,5,1010,ONE FAM,285100.00,1,1
     84,     17,       ,       ,94 ICE HOUSE RD,0.440000,,,5,1010,ONE FAM,251900.00,1,1
     84,     18,       ,       ,88 ICE HOUSE RD,0.640000,,,5,1010,ONE FAM,280400.00,1,1
     84,     19,       ,       ,84 ICE HOUSE RD,0.260000,,,5,1010,ONE FAM,219400.00,1,1
     84,     20,       ,       ,80 ICE HOUSE RD,0.210000,,,5,1010,ONE FAM,209400.00,1,1
     84,     22,       ,       ,76 ICE HOUSE RD,0.350000,,,5,1010,ONE FAM,239700.00,1,1
     84,     23,       ,       ,72 ICE HOUSE RD,0.240000,,,5,1010,ONE FAM,214800.00,1,1
     84,     24,       ,       ,68 ICE HOUSE RD ,0.320000,,,5,1010,ONE FAM,233300.00,1,1
     84,     25,       ,       ,64 ICE HOUSE RD,0.210000,,,5,1010,ONE FAM,209400.00,1,1
     84,     26,       ,       ,60 ICE HOUSE RD,0.210000,,,5,1010,ONE FAM,209400.00,1,1
     84,     27,       ,       ,56 ICE HOUSE RD,1.060009,,,5,1010,ONE FAM,300400.00,1,1
     84,     28,       ,       ,614 DARTMOUTH COLLEGE HWY ,0.137741,,,C,9030,MUNICPAL,14400.00,1,1
     84,     29,       ,       ,558 DARTMOUTH COLLEGE HWY,1.400000,,,0,3250,STORE,,1,2
     84,     29,       ,       ,558 DARTMOUTH COLLEGE HWY,1.400000,,,0,325R,STORE-Res,1100.00,2,1
     84,     29,       ,       ,558 DARTMOUTH COLLEGE HWY,1.400000,,,5,325R,STORE-Res,107700.00,1,1
     84,     30,       ,       ,550 DARTMOUTH COLLEGE HWY ,1.880000,,,0,1010,ONE FAM,1000.00,2,1
     84,     30,       ,       ,550 DARTMOUTH COLLEGE HWY ,1.880000,,,5,1010,ONE FAM,115100.00,1,1
     84,     31,       ,       ,22 PAYNE RD ,0.250000,,,5,1010,ONE FAM,73300.00,1,1
     84,     32,       ,       ,20 PAYNE RD,0.320000,,,5,1110,APT 4-8,96200.00,1,1
     84,     33,       ,       ,18 PAYNE RD,0.300000,,,5,1010,ONE FAM,85800.00,1,1
     84,     34,       ,       ,16 PAYNE RD,1.600000,,,0,1010,ONE FAM,700.00,2,1
     84,     34,       ,       ,16 PAYNE RD,1.600000,,,5,1010,ONE FAM,101000.00,1,1
     84,     36,       ,       ,10 PAYNE RD,0.929982,,,5,1010,ONE FAM,269000.00,1,1
     84,     36,       ,       ,10 PAYNE RD,0.929982,130,,0,1010,ONE FAM,32500.00,2,1
     84,     37,       ,       ,8 PAYNE RD,0.500000,,,5,1010,ONE FAM,260000.00,1,1
     84,     38,       ,       ,6 PAYNE RD,0.550000,,,C,9010,STATE NH,152300.00,1,1
     84,     39,       ,       ,0 NH ROUTE 4A,0.630000,,,C,9010,STATE NH,159500.00,1,1
     84,     40,       ,       ,0 NH ROUTE 4A,2.219995,,,C,9010,STATE NH,203400.00,1,1
     84,     41,       ,       ,53 NH ROUTE 4A,1.060009,,,5,1010,ONE FAM,219800.00,1,1
     84,     42,       ,       ,57 NH ROUTE 4A ,0.450000,120,,5,1010,ONE FAM,132300.00,1,1
     84,     43,       ,       ,61 NH ROUTE 4A ,0.280005,,,5,1010,ONE FAM,112800.00,1,1
     84,     44,       ,       ,65 NH ROUTE 4A ,0.349174,,,5,1010,ONE FAM,118400.00,1,1
     84,     45,       ,       ,67 NH ROUTE 4A ,0.380000,,,5,1010,ONE FAM,132000.00,1,1
     84,     46,       ,       ,69 NH ROUTE 4A,0.140000,,,5,1010,ONE FAM,56700.00,1,1
     84,     46,       ,       ,69 NH ROUTE 4A,0.140000,200,,0,1010,ONE FAM,90000.00,2,1
     84,     47,    100,       ,5 MANCHESTER DR ,1.169995,,,5,1010,ONE FAM,143700.00,1,1
     84,     47,    200,       ,0 MANCHESTER DR,0.420294,,,5,1300,RES LAND,71000.00,1,1
     84,     47,    300,       ,0 NH ROUTE 4A,0.419192,,,5,1300,RES LAND,71000.00,1,1
     84,     48,       ,       ,0 NH ROUTE 4A ,0.354936,,,5,1320,UNDEV,7200.00,1,1
     84,     49,       ,       ,0 DARTMOUTH COLLEGE HWY ,2.280000,,,5,9700,FARM,130.00,1,1
     84,     49,       ,       ,0 DARTMOUTH COLLEGE HWY ,2.280000,,,5,9750,WET,40.00,2,1
     85,      1,       ,       ,667 DARTMOUTH COLLEGE HWY ,3.600000,,,0,9060,CHURCH,3600.00,2,1
     85,      1,       ,       ,667 DARTMOUTH COLLEGE HWY ,3.600000,,,C,9060,CHURCH,1759500.00,1,1
     85,      2,       ,       ,673 DARTMOUTH COLLEGE HWY,2.750000,,,0,1300,RES LAND,3900.00,2,1
     85,      2,       ,       ,673 DARTMOUTH COLLEGE HWY,2.750000,,,5,1300,RES LAND,80800.00,1,1
     85,      2,    100,       ,0 DARTMOUTH COLLEGE HWY,0.610000,,,C,9030,MUNICPAL,189100.00,1,1
     85,      3,       ,       ,704 DARTMOUTH COLLEGE HWY,0.140000,,,5,1320,UNDEV,3000.00,1,1
     85,      4,       ,       ,26 JOHNSTON DR,0.330000,,,5,1010,ONE FAM,186100.00,1,1
     85,      5,       ,       ,0 DARTMOUTH COLLEGE HWY,0.110000,,,5,1320,UNDEV,6500.00,1,1
     85,      6,       ,       ,0 DARTMOUTH COLLEGE HWY ,0.600000,,,5,1320,UNDEV,4100.00,1,1
     85,      7,       ,       ,10 JOHNSTON DR ,0.880000,,,5,1010,ONE FAM,80600.00,1,1
     85,      9,       ,       ,684 DARTMOUTH COLLEGE HWY,3.760000,,,0,1010,ONE FAM,1500.00,3,1
     85,      9,       ,       ,684 DARTMOUTH COLLEGE HWY,3.760000,,,0,1010,ONE FAM,4100.00,2,1
     85,      9,       ,       ,684 DARTMOUTH COLLEGE HWY,3.760000,,,5,1010,ONE FAM,80800.00,1,1
     85,     10,       ,       ,676 DARTMOUTH COLLEGE HWY,2.310009,,,5,1010,ONE FAM,85700.00,1,1
     85,     11,       ,       ,668 DARTMOUTH COLLEGE HWY,1.330000,,,0,1010,ONE FAM,700.00,2,1
     85,     11,       ,       ,668 DARTMOUTH COLLEGE HWY,1.330000,,,5,1010,ONE FAM,80800.00,1,1
     85,     12,       ,       ,0 ICE HOUSE RD,1.250000,550,,5,1060,OUT BLDS,144800.00,1,1
     86,      1,       ,       ,78 S MAIN ST,0.770000,,,5,1110,APT 4-8,81800.00,1,1
     86,      2,       ,       ,70 S MAIN ST,0.420000,,,5,1110,APT 4-8,69000.00,1,1
     86,      3,       ,       ,68 S MAIN ST,0.550000,,,5,1060,OUT BLDS,73900.00,1,1
     86,      4,       ,       ,66 S MAIN ST,0.370000,,,5,1040,2 FAMILY,67100.00,1,1
     86,      5,       ,       ,64 S MAIN ST,0.260000,,,5,1010,ONE FAM,60800.00,1,1
     86,      6,       ,       ,62 S MAIN ST ,0.240000,,,5,1010,ONE FAM,63200.00,1,1
     86,      7,       ,       ,60 S MAIN ST ,0.210000,,,5,1040,2 FAMILY,58000.00,1,1
     86,      8,       ,       ,56-58 S MAIN ST,0.450000,,,5,1040,2 FAMILY,82500.00,1,1
     86,      9,       ,       ,52 S MAIN ST,0.330000,,,5,1040,2 FAMILY,69300.00,1,1
     86,     10,       ,       ,50 S MAIN ST ,0.450000,,,0,1012,ONE FAM W ACC,0.00,1,2
     86,     10,       ,       ,50 S MAIN ST ,0.450000,,,5,1012,ONE FAM W ACC,70100.00,1,1
     86,     11,       ,       ,46 S MAIN ST,0.410000,,,5,1010,ONE FAM,72900.00,1,1
     86,     12,       ,       ,42 S MAIN ST,0.400000,,,5,1040,2 FAMILY,68300.00,1,1
     86,     13,       ,       ,40 S MAIN ST ,0.300000,,,5,1010,ONE FAM,74500.00,1,1
     86,     14,       ,       ,36 S MAIN ST,0.290000,,,5,1040,2 FAMILY,62700.00,1,1
     86,     15,       ,       ,34 S MAIN ST,0.230000,,,5,1010,ONE FAM,58900.00,1,1
     86,     16,       ,       ,32 S MAIN ST ,0.150000,,,5,1010,ONE FAM,55500.00,1,1
     86,     17,       ,       ,30 S MAIN ST ,0.220000,,,5,1010,ONE FAM,58400.00,1,1
     86,     18,       ,       ,28 S MAIN ST ,0.422406,,,5,1010,ONE FAM,73400.00,1,1
     86,     18,    200,       ,26 S MAIN ST ,0.471993,,,5,1040,2 FAMILY,99400.00,1,1
     86,     19,       ,       ,22 S MAIN ST ,0.310000,,,5,1010,ONE FAM,75300.00,1,1
     86,     20,    100,       ,18 S MAIN ST,0.737075,,,C,903R,MUNICPAL-Res,185900.00,1,1
     86,     20,    200,       ,0 S MAIN ST,1.040000,,,0,1060,OUT BLDS,100.00,2,1
     86,     20,    200,       ,0 S MAIN ST,1.040000,,,5,1060,OUT BLDS,62400.00,1,1
     86,     21,       ,       ,1 MAIN ST ,0.260000,,,C,9050,CHARITABLE,187700.00,1,1
     86,     22,       ,       ,3 MAIN ST,0.420000,,,0,3250,STORE,,1,2
     86,     22,       ,       ,3 MAIN ST,0.420000,,,C,3250,STORE,312700.00,1,1
     86,     23,       ,       ,8 MAIN ST,0.220000,,,5,1040,2 FAMILY,69900.00,1,1
     86,     24,       ,       ,3 MAPLE ST ,0.090000,,,5,1110,APT 4-8,95100.00,1,1
     86,     25,       ,       ,20 SEMINARY HILL,5.280000,,,0,913C,SCHLDEPT-Comm,,1,2
     86,     25,       ,       ,20 SEMINARY HILL,5.280000,,,0,913C,SCHLDEPT-Comm,,1,3
     86,     25,       ,       ,20 SEMINARY HILL,5.280000,,,0,913C,SCHLDEPT-Comm,3700.00,2,1
     86,     25,       ,       ,20 SEMINARY HILL,5.280000,,,C,913C,SCHLDEPT-Comm,1124100.00,1,1
     86,     25,    100,       ,6 ALDRICH AVE ,8.500000,,,0,903C,MUNICPAL-Comm,21600.00,2,1
     86,     25,    100,       ,6 ALDRICH AVE ,8.500000,,,C,903C,MUNICPAL-Comm,281000.00,1,1
     86,     26,       ,       ,11 ELM STWEST ,0.410000,,,5,1210,BOARDING,294500.00,1,1
     86,     27,       ,       ,15 ELM STWEST ,0.490000,,,5,1040,2 FAMILY,89200.00,1,1
     86,     28,       ,       ,19 ELM STWEST,1.030000,,,0,1110,APT 4-8,100.00,2,1
     86,     28,       ,       ,19 ELM STWEST,1.030000,,,5,1110,APT 4-8,92900.00,1,1
     86,     29,       ,       ,21 ELM STWEST,0.490000,,,5,1010,ONE FAM,89200.00,1,1
     86,     30,       ,       ,27 ELM STWEST,0.430000,,,5,1010,ONE FAM,86400.00,1,1
     86,     31,       ,       ,29 ELM STWEST ,1.120000,,,0,1010,ONE FAM,300.00,2,1
     86,     31,       ,       ,29 ELM STWEST ,1.120000,,,5,1010,ONE FAM,103200.00,1,1
     86,     32,       ,       ,1 BIRCH TER,0.270000,,,5,1010,ONE FAM,85000.00,1,1
     86,     33,       ,       ,4 BIRCH TER,0.260000,,,5,1010,ONE FAM,84100.00,1,1
     86,     34,       ,       ,5 BIRCH TER,0.290000,,,5,1010,ONE FAM,86800.00,1,1
     86,     35,       ,       ,8 BIRCH TER,0.380000,,,5,1010,ONE FAM,93400.00,1,1
     86,     36,       ,       ,10 BIRCH TER,0.310000,,,5,1010,ONE FAM,84100.00,1,1
     86,     37,       ,       ,35 ELM STWEST,0.430000,,,5,1010,ONE FAM,86400.00,1,1
     86,     38,       ,       ,39 ELM STWEST,0.380000,,,5,1050,3 FAMILY,84100.00,1,1
     86,     39,    100,       ,43 ELM STWEST,0.325000,,,5,1010,ONE FAM,80900.00,1,1
     86,     39,    200,       ,22 BIRCH TER ,0.231864,,,5,1010,ONE FAM,73500.00,1,1
     86,     40,       ,       ,51 ELM STWEST,0.960000,,,5,1010,ONE FAM,103200.00,1,1
     86,     41,       ,       ,57 ELM STWEST,0.500000,,,5,1010,ONE FAM,89700.00,1,1
     86,     42,       ,       ,0 BIRCH TER,5.780000,,,0,4400,IND LAND,31100.00,2,1
     86,     42,       ,       ,0 BIRCH TER,5.780000,,,5,4400,IND LAND,49900.00,1,1
     86,     43,       ,       ,0 ELM STWEST,0.320000,,,5,1310,POTNLDEV,60400.00,1,1
     86,     44,       ,       ,61 ELM STWEST,0.410000,,,5,1010,ONE FAM,85500.00,1,1
     86,     45,       ,       ,0 ELM STWEST,0.810000,,,5,1320,UNDEV,4600.00,1,1
     86,     46,       ,       ,0 ELM STWEST,0.410000,,,5,1320,UNDEV,3800.00,1,1
     86,     47,       ,       ,0 ELM STWEST,0.839991,,,C,9030,MUNICPAL,10600.00,1,1
     86,     48,       ,       ,0 ELM STWEST,0.970000,,,5,1320,UNDEV,4600.00,1,1
     86,     49,       ,       ,0 ELM STWEST,0.350000,,,5,1320,UNDEV,3700.00,1,1
     86,     50,       ,       ,0 ELM STWEST,0.400000,,,5,1320,UNDEV,3800.00,1,1
     86,     51,       ,       ,0 ELM STWEST,0.220000,,,5,1320,UNDEV,3200.00,1,1
     86,     51,    100,       ,0 ELM STWEST,0.540000,,,C,9030,MUNICPAL,9300.00,1,1
     86,     52,       ,       ,18 ELM STWEST,0.130000,,,5,1040,2 FAMILY,68100.00,1,1
     86,     53,       ,       ,14 ELM STWEST,0.290000,,,5,1050,3 FAMILY,78100.00,1,1
     86,     54,       ,       ,2 ELM STWEST,0.190000,,,5,1110,APT 4-8,60500.00,1,1
     86,     55,       ,       ,5 S MAIN ST,0.220000,,,C,9030,MUNICPAL,156100.00,1,1
     86,     56,       ,       ,3 SEMINARY HILL,0.500000,,,C,9030,MUNICPAL,193400.00,1,1
     86,     57,       ,       ,11 S MAIN ST ,0.800000,,,C,903R,MUNICPAL-Res,200900.00,1,1
     86,     58,       ,       ,0 S MAIN ST,0.150000,,,5,1320,UNDEV,3800.00,1,1
     86,     59,       ,       ,59 S MAIN ST ,0.380000,,,5,1010,ONE FAM,77000.00,1,1
     86,     60,       ,       ,61 S MAIN ST,0.160000,,,5,1300,RES LAND,55900.00,1,1
     86,     61,       ,       ,67 S MAIN ST,0.420000,,,5,1040,2 FAMILY,81200.00,1,1
     87,      1,       ,       ,16 JOHNSON AVE,0.410000,,,5,1010,ONE FAM,95000.00,1,1
     87,      2,       ,       ,12 JOHNSON AVE,0.440000,,,5,1010,ONE FAM,96600.00,1,1
     87,      3,       ,       ,8 JOHNSON AVE ,0.480000,,,5,1010,ONE FAM,98600.00,1,1
     87,      4,       ,       ,6 JOHNSON AVE,0.250000,,,5,1010,ONE FAM,83200.00,1,1
     87,      5,       ,       ,52 SEMINARY HILL,0.230000,,,5,1010,ONE FAM,69200.00,1,1
     87,      6,       ,       ,50 SEMINARY HILL,0.480000,,,5,1010,ONE FAM,83800.00,1,1
     87,      7,       ,       ,48 SEMINARY HILL,0.500000,,,5,1010,ONE FAM,84700.00,1,1
     87,      8,       ,       ,9 CRAWFORD AVE,0.380000,,,5,1010,ONE FAM,93400.00,1,1
     87,      9,       ,       ,11 CRAWFORD AVE,0.350000,,,5,1010,ONE FAM,91900.00,1,1
     87,     10,       ,       ,13 CRAWFORD AVE,0.670000,,,5,1010,ONE FAM,109300.00,1,1
     87,     11,       ,       ,15 CRAWFORD AVE,0.330000,,,5,1010,ONE FAM,90300.00,1,1
     87,     12,       ,       ,6 CRAWFORD AVE,0.470000,,,5,1010,ONE FAM,98100.00,1,1
     87,     13,       ,       ,44 SEMINARY HILL,0.560000,,,5,1010,ONE FAM,87400.00,1,1
     87,     14,       ,       ,1 ALDRICH AVE,0.230000,,,5,1010,ONE FAM,69200.00,1,1
     87,     15,       ,       ,3 ALDRICH AVE,0.240000,,,5,1010,ONE FAM,82300.00,1,1
     87,     16,       ,       ,5 ALDRICH AVE,0.440000,,,5,1040,2 FAMILY,96600.00,1,1
     87,     17,       ,       ,2 ALDRICH AVE,0.230000,,,5,1010,ONE FAM,81500.00,1,1
     87,     18,       ,       ,34 SEMINARY HILL,0.330000,,,5,1010,ONE FAM,76800.00,1,1
     87,     19,       ,       ,5 SEMINARY HILL,0.290000,,,5,1010,ONE FAM,73800.00,1,1
     87,     20,       ,       ,7 SEMINARY HILL,0.320000,,,5,1040,2 FAMILY,76000.00,1,1
     87,     21,       ,       ,9 SEMINARY HILL,0.560000,,,5,1010,ONE FAM,87400.00,1,1
     87,     22,       ,       ,13 SEMINARY HILL,0.920000,,,5,1300,RES LAND,97400.00,1,1
     87,     23,       ,       ,23 SEMINARY HILL,0.470000,,,5,1050,3 FAMILY,79200.00,1,1
     87,     24,       ,       ,25 SEMINARY HILL,0.290000,,,5,1010,ONE FAM,73800.00,1,1
     87,     25,       ,       ,27 SEMINARY HILL,0.460000,,,5,1040,2 FAMILY,83000.00,1,1
     87,     26,       ,       ,31 SEMINARY HILL,0.320000,,,5,1010,ONE FAM,85900.00,1,1
     87,     27,       ,       ,3 FARMAN AVE,0.340000,,,5,1012,ONE FAM W ACC,103100.00,1,1
     87,     28,       ,       ,9 FARMAN AVE ,0.340000,,,5,1040,2 FAMILY,87600.00,1,1
     87,     29,       ,       ,13 FARMAN AVE,0.500000,,,5,1010,ONE FAM,112700.00,1,1
     87,     30,       ,       ,15 FARMAN AVE,0.240000,,,5,1010,ONE FAM,93100.00,1,1
     87,     31,       ,       ,19 FARMAN AVE,0.210000,,,5,1010,ONE FAM,90800.00,1,1
     87,     32,       ,       ,2 ORCUTT AVE,0.240000,,,5,1010,ONE FAM,93100.00,1,1
     87,     33,       ,       ,4 ORCUTT AVE,0.180000,,,5,1010,ONE FAM,88800.00,1,1
     87,     34,       ,       ,6 ORCUTT AVE,0.280000,,,5,1010,ONE FAM,97100.00,1,1
     87,     35,       ,       ,4 MAPLE ST ,2.020000,,,0,9080,HOUSING,,1,2
     87,     35,       ,       ,4 MAPLE ST ,2.020000,,,0,9080,HOUSING,,1,3
     87,     35,       ,       ,4 MAPLE ST ,2.020000,,,0,9080,HOUSING,,1,4
     87,     35,       ,       ,4 MAPLE ST ,2.020000,,,0,9080,HOUSING,3300.00,2,1
     87,     35,       ,       ,4 MAPLE ST ,2.020000,,,C,9080,HOUSING,1270700.00,1,1
     87,     36,       ,       ,5 ORCUTT AVE ,0.250000,,,5,1010,ONE FAM,94100.00,1,1
     87,     37,       ,       ,3 ORCUTT AVE,0.300000,,,5,1010,ONE FAM,99100.00,1,1
     87,     38,       ,       ,23 FARMAN AVE,0.210000,,,5,1010,ONE FAM,90800.00,1,1
     87,     39,       ,       ,29 FARMAN AVE,0.140000,,,5,1010,ONE FAM,77500.00,1,1
     87,     40,       ,       ,24 FARMAN AVE ,0.270000,,,5,1010,ONE FAM,67300.00,1,1
     87,     41,       ,       ,18 FARMAN AVE ,0.470000,,,5,1010,ONE FAM,110900.00,1,1
     87,     42,       ,       ,0 FARMAN AVE,0.800000,,,5,1060,OUT BLDS,6500.00,1,1
     87,     43,       ,       ,16 FARMAN AVE,0.250000,,,5,1010,ONE FAM,94100.00,1,1
     87,     44,       ,       ,14 FARMAN AVE ,0.330000,,,5,1010,ONE FAM,102100.00,1,1
     87,     45,       ,       ,10 FARMAN AVE ,0.250000,,,5,1010,ONE FAM,94100.00,1,1
     87,     46,       ,       ,8 FARMAN AVE ,0.600000,,,5,1010,ONE FAM,118800.00,1,1
     87,     47,       ,       ,4 FARMAN AVE,0.290000,,,5,1010,ONE FAM,98100.00,1,1
     87,     48,       ,       ,33 SEMINARY HILL,0.350000,,,5,1010,ONE FAM,88300.00,1,1
     87,     49,       ,       ,35 SEMINARY HILL ,3.610009,,,0,9550,CONDO MSTR,0.00,1,1
     87,     49,    101,       ,35 SEMINARY HILL 1,0.000000,,,5,1020,CONDO,,1,1
     87,     49,    201,       ,35 SEMINARY HILL 2,0.000000,,,5,1020,CONDO,,1,1
     87,     49,    301,       ,35 SEMINARY HILL 3,0.000000,,,5,1020,CONDO,,1,1
     87,     49,    401,       ,35 SEMINARY HILL 4,0.000000,,,5,1020,CONDO,,1,1
     87,     49,    501,       ,35 SEMINARY HILL 5,0.000000,,,5,1020,CONDO,,1,1
     87,     49,    601,       ,35 SEMINARY HILL 6,0.000000,,,5,1020,CONDO,,1,1
     87,     49,    701,       ,35 SEMINARY HILL 7,0.000000,,,5,1020,CONDO,,1,1
     87,     49,    801,       ,35 SEMINARY HILL 8,0.000000,,,5,1020,CONDO,,1,1
     87,     49,    901,       ,35 SEMINARY HILL 9,0.000000,,,5,1020,CONDO,,1,1
     87,     49,   1001,       ,35 SEMINARY HILL 10,0.000000,,,5,1020,CONDO,,1,1
     87,     49,   1101,       ,35 SEMINARY HILL 11,0.000000,,,5,1020,CONDO,,1,1
     87,     49,   1202,       ,35 SEMINARY HILL 12,0.000000,,,5,1020,CONDO,,1,1
     87,     49,   1302,       ,35 SEMINARY HILL 13,0.000000,,,5,1020,CONDO,,1,1
     87,     49,   1402,       ,35 SEMINARY HILL 14,0.000000,,,5,1020,CONDO,,1,1
     87,     49,   1502,       ,35 SEMINARY HILL #15,0.000000,,,5,1020,CONDO,,1,1
     87,     49,   1602,       ,35 SEMINARY HILL 16,0.000000,,,5,1020,CONDO,,1,1
     87,     49,   1702,       ,35 SEMINARY HILL 17,0.000000,,,5,1020,CONDO,,1,1
     87,     49,   1802,       ,35 SEMINARY HILL 18,0.000000,,,5,1020,CONDO,,1,1
     87,     49,   1902,       ,35 SEMINARY HILL 19,0.000000,,,5,1020,CONDO,,1,1
     87,     49,   2002,       ,35 SEMINARY HILL 20,0.000000,,,5,1020,CONDO,,1,1
     87,     49,   2102,       ,35 SEMINARY HILL 21,0.000000,,,5,1020,CONDO,,1,1
     87,     49,   2202,       ,35 SEMINARY HILL 22,0.000000,,,5,1020,CONDO,,1,1
     87,     49,   2303,       ,35 SEMINARY HILL 23,0.000000,,,5,1020,CONDO,,1,1
     87,     49,   2403,       ,35 SEMINARY HILL 24,0.000000,,,5,1020,CONDO,,1,1
     87,     49,   2503,       ,35 SEMINARY HILL 25,0.000000,,,5,1020,CONDO,,1,1
     87,     49,   2603,       ,35 SEMINARY HILL 26,0.000000,,,5,1020,CONDO,,1,1
     87,     49,   2703,       ,35 SEMINARY HILL 27,0.000000,,,5,1020,CONDO,,1,1
     87,     49,   2803,       ,35 SEMINARY HILL #28,0.000000,,,5,1020,CONDO,,1,1
     87,     49,   2903,       ,35 SEMINARY HILL 29,0.000000,,,5,1020,CONDO,,1,1
     87,     49,   3003,       ,35 SEMINARY HILL 30,0.000000,,,5,1020,CONDO,,1,1
     87,     49,   3103,       ,35 SEMINARY HILL 31,0.000000,,,5,1020,CONDO,,1,1
     87,     49,   3203,       ,35 SEMINARY HILL 32,0.000000,,,5,1020,CONDO,,1,1
     87,     49,   3303,       ,35 SEMINARY HILL 33,0.000000,,,5,1020,CONDO,,1,1
     87,     49,   3404,       ,35 SEMINARY HILL 34,0.000000,,,5,1020,CONDO,,1,1
     87,     49,   3504,       ,35 SEMINARY HILL 35,0.000000,,,5,1020,CONDO,,1,1
     87,     49,   3604,       ,35 SEMINARY HILL 36,0.000000,,,5,1020,CONDO,,1,1
     87,     49,   3704,       ,35 SEMINARY HILL 37,0.000000,,,5,1020,CONDO,,1,1
     87,     49,   3804,       ,35 SEMINARY HILL 38,0.000000,,,5,1020,CONDO,,1,1
     87,     49,   3904,       ,35 SEMINARY HILL 39,0.000000,,,5,1020,CONDO,,1,1
     87,     49,   4004,       ,35 SEMINARY HILL #40,0.000000,,,5,1020,CONDO,,1,1
     87,     49,   4104,       ,35 SEMINARY HILL 41,0.000000,,,5,1020,CONDO,,1,1
     87,     49,   4204,       ,35 SEMINARY HILL 42,0.000000,,,5,1020,CONDO,,1,1
     87,     49,   4304,       ,35 SEMINARY HILL 43,0.000000,,,5,1020,CONDO,,1,1
     87,     49,   4404,       ,35 SEMINARY HILL 44,0.000000,,,5,1020,CONDO,,1,1
     87,     50,       ,       ,0 SEMINARY HILL ,0.240000,,,5,1320,UNDEV,16500.00,1,1
     87,     51,       ,       ,43 SEMINARY HILL,0.230000,,,5,1010,ONE FAM,69200.00,1,1
     87,     52,       ,       ,1 FLOYD AVE,0.490000,,,5,1010,ONE FAM,84300.00,1,1
     87,     53,       ,       ,5 FLOYD AVE,0.400000,,,5,1010,ONE FAM,94500.00,1,1
     87,     54,       ,       ,7 FLOYD AVE,0.400000,,,5,1010,ONE FAM,94500.00,1,1
     87,     55,       ,       ,9 FLOYD AVE,0.400000,,,5,1010,ONE FAM,94500.00,1,1
     87,     56,       ,       ,13 FLOYD AVE,0.410000,,,5,1010,ONE FAM,95000.00,1,1
     87,     57,       ,       ,15 FLOYD AVE,0.321396,,,5,1010,ONE FAM,89600.00,1,1
     87,     58,       ,       ,17 FLOYD AVE,0.410000,,,5,1010,ONE FAM,95000.00,1,1
     87,     59,       ,       ,19 FLOYD AVE,0.400000,,,5,1010,ONE FAM,94500.00,1,1
     87,     60,       ,       ,25 FLOYD AVE,0.380000,,,5,1010,ONE FAM,93400.00,1,1
     87,     61,       ,       ,27 FLOYD AVE,0.240000,,,5,1010,ONE FAM,82300.00,1,1
     87,     62,       ,       ,3 POWERS ST,0.520000,,,5,1010,ONE FAM,100700.00,1,1
     87,     63,       ,       ,26 FLOYD AVE ,0.400000,,,5,1010,ONE FAM,94500.00,1,1
     87,     64,       ,       ,10 FLOYD AVE,0.400000,,,5,1010,ONE FAM,94500.00,1,1
     87,     65,       ,       ,6 FLOYD AVE,0.410000,,,5,1010,ONE FAM,95000.00,1,1
     87,     66,       ,       ,4 FLOYD AVE,0.390000,,,5,1010,ONE FAM,94000.00,1,1
     87,     67,       ,       ,51 SEMINARY HILL,0.490000,,,5,1010,ONE FAM,84300.00,1,1
     87,     68,       ,       ,9 BATCHELDER AVE,0.390000,,,5,1010,ONE FAM,94000.00,1,1
     87,     69,       ,       ,15 BATCHELDER AVE,0.400000,,,5,1010,ONE FAM,94500.00,1,1
     87,     70,       ,       ,17 BATCHELDER AVE,0.400000,,,5,1010,ONE FAM,94500.00,1,1
     87,     71,       ,       ,19 BATCHELDER AVE,0.400000,,,5,1010,ONE FAM,94500.00,1,1
     87,     72,       ,       ,7 POWERS ST,0.540000,,,5,1010,ONE FAM,96700.00,1,1
     87,     73,       ,       ,26 BATCHELDER AVE,0.320000,,,5,1010,ONE FAM,89400.00,1,1
     87,     74,       ,       ,24 BATCHELDER AVE,0.370000,,,5,1300,RES LAND,83600.00,1,1
     87,     75,       ,       ,22 BATCHELDER AVE,0.370000,,,5,1010,ONE FAM,92900.00,1,1
     87,     76,       ,       ,20 BATCHELDER AVE,0.370000,,,5,1010,ONE FAM,92900.00,1,1
     87,     77,       ,       ,18 BATCHELDER AVE,0.370000,,,5,1010,ONE FAM,92900.00,1,1
     87,     78,       ,       ,16 BATCHELDER AVE,0.370000,,,5,1010,ONE FAM,92900.00,1,1
     87,     79,       ,       ,10 BATCHELDER AVE,0.370000,,,5,1010,ONE FAM,92900.00,1,1
     87,     80,       ,       ,8 BATCHELDER AVE,0.370000,,,5,1010,ONE FAM,92900.00,1,1
     87,     81,       ,       ,6 BATCHELDER AVE,0.370000,,,5,1010,ONE FAM,92900.00,1,1
     87,     82,       ,       ,57 SEMINARY HILL ,0.450000,,,5,1010,ONE FAM,82500.00,1,1
     87,     83,       ,       ,1 WHITCOMB AVE,0.470000,,,5,1010,ONE FAM,83400.00,1,1
     87,     84,       ,       ,3 WHITCOMB AVE,0.380000,,,5,1010,ONE FAM,93400.00,1,1
     87,     85,       ,       ,5 WHITCOMB AVE,0.380000,,,5,1010,ONE FAM,93400.00,1,1
     87,     86,       ,       ,7 WHITCOMB AVE,0.380000,,,5,1010,ONE FAM,93400.00,1,1
     87,     87,       ,       ,9 WHITCOMB AVE,0.380000,,,5,1010,ONE FAM,93400.00,1,1
     87,     88,       ,       ,11 WHITCOMB AVE,0.780000,,,5,1010,ONE FAM,113500.00,1,1
     87,     89,       ,       ,15 WHITCOMB AVE,0.400000,,,5,1010,ONE FAM,94500.00,1,1
     87,     90,       ,       ,17 WHITCOMB AVE,0.320000,,,5,1010,ONE FAM,89400.00,1,1
     87,     91,       ,       ,20 POWERS ST,0.220000,,,5,1010,ONE FAM,76800.00,1,1
     87,     92,       ,       ,14 WHITCOMB AVE,0.380000,,,5,1010,ONE FAM,93400.00,1,1
     87,     93,       ,       ,12 WHITCOMB AVE,0.320000,,,5,1010,ONE FAM,89400.00,1,1
     87,     94,       ,       ,10 WHITCOMB AVE ,0.320000,,,5,1010,ONE FAM,89400.00,1,1
     87,     95,       ,       ,8 WHITCOMB AVE ,0.320000,,,5,1010,ONE FAM,89400.00,1,1
     87,     96,       ,       ,6 WHITCOMB AVE,0.320000,,,5,1040,2 FAMILY,89400.00,1,1
     87,     97,       ,       ,4 WHITCOMB AVE,0.320000,,,5,1010,ONE FAM,89400.00,1,1
     87,     98,       ,       ,2 WHITCOMB AVE,0.490000,,,5,1010,ONE FAM,84300.00,1,1
     87,     99,       ,       ,1 JONES AVE,0.550000,,,5,1010,ONE FAM,86900.00,1,1
     87,    100,       ,       ,5 JONES AVE ,0.330000,,,5,1010,ONE FAM,90300.00,1,1
     87,    101,       ,       ,7 JONES AVE ,0.330000,,,5,1010,ONE FAM,90300.00,1,1
     87,    102,       ,       ,9 JONES AVE,0.330000,,,5,1010,ONE FAM,90300.00,1,1
     87,    103,       ,       ,11 JONES AVE,0.330000,,,5,1010,ONE FAM,90300.00,1,1
     87,    104,       ,       ,13 JONES AVE,0.234619,,,5,1010,ONE FAM,81900.00,1,1
     87,    104,    100,       ,40 POWERS ST,0.250574,,,5,1010,ONE FAM,83300.00,1,1
     87,    105,       ,       ,0 COTTAGE CIR ,0.470000,,,0,9090,OPEN SPACE,0.00,1,1
     87,    106,       ,       ,7 COTTAGE CIR,0.410000,,,5,1010,ONE FAM,95000.00,1,1
     87,    107,       ,       ,11 COTTAGE CIR,0.490000,,,5,1010,ONE FAM,99100.00,1,1
     87,    108,       ,       ,13 COTTAGE CIR,0.420000,,,5,1010,ONE FAM,95500.00,1,1
     87,    109,       ,       ,17 COTTAGE CIR,0.480000,,,5,1010,ONE FAM,98600.00,1,1
     87,    110,       ,       ,21 COTTAGE CIR,0.670000,,,5,1010,ONE FAM,109300.00,1,1
     87,    111,       ,       ,25 COTTAGE CIR,0.560000,,,5,1010,ONE FAM,102800.00,1,1
     87,    112,       ,       ,29 COTTAGE CIR,0.700000,,,5,1010,ONE FAM,110800.00,1,1
     87,    113,       ,       ,31 COTTAGE CIR ,1.170000,,,0,1010,ONE FAM,500.00,2,1
     87,    113,       ,       ,31 COTTAGE CIR ,1.170000,,,5,1010,ONE FAM,114700.00,1,1
     87,    114,       ,       ,33 COTTAGE CIR,0.700000,,,5,1010,ONE FAM,110800.00,1,1
     87,    115,       ,       ,35 COTTAGE CIR,0.390000,,,5,1010,ONE FAM,94000.00,1,1
     87,    116,       ,       ,37 COTTAGE CIR,0.340000,,,5,1010,ONE FAM,91200.00,1,1
     87,    117,       ,       ,39 COTTAGE CIR,0.460000,,,5,1010,ONE FAM,97600.00,1,1
     87,    118,       ,       ,43 COTTAGE CIR ,0.510000,,,5,1010,ONE FAM,100200.00,1,1
     87,    119,       ,       ,47 COTTAGE CIR,0.420000,,,5,1010,ONE FAM,95500.00,1,1
     87,    120,       ,       ,49 COTTAGE CIR,0.450000,,,5,1010,ONE FAM,97100.00,1,1
     87,    121,       ,       ,53 COTTAGE CIR,0.490000,,,5,1010,ONE FAM,94200.00,1,1
     87,    122,       ,       ,57 COTTAGE CIR,0.530000,,,5,1010,ONE FAM,101200.00,1,1
     87,    123,       ,       ,61 COTTAGE CIR ,0.640000,,,5,1010,ONE FAM,107500.00,1,1
     87,    124,       ,       ,65 COTTAGE CIR,2.970000,,,0,1010,ONE FAM,5100.00,2,1
     87,    124,       ,       ,65 COTTAGE CIR,2.970000,,,5,1010,ONE FAM,114700.00,1,1
     87,    125,       ,       ,68 COTTAGE CIR,0.330000,,,5,1010,ONE FAM,90300.00,1,1
     87,    126,       ,       ,62 COTTAGE CIR,0.390000,,,5,1010,ONE FAM,94000.00,1,1
     87,    127,       ,       ,58 COTTAGE CIR ,0.390000,,,5,1010,ONE FAM,94000.00,1,1
     87,    128,       ,       ,52 COTTAGE CIR,0.380000,,,5,1010,ONE FAM,84100.00,1,1
     87,    129,       ,       ,48 COTTAGE CIR ,0.410000,,,5,1010,ONE FAM,95000.00,1,1
     87,    130,       ,       ,42 COTTAGE CIR ,0.380000,,,5,1010,ONE FAM,93400.00,1,1
     87,    131,       ,       ,32 COTTAGE CIR,0.340000,,,5,1010,ONE FAM,91200.00,1,1
     87,    132,       ,       ,26 COTTAGE CIR,0.290000,,,5,1010,ONE FAM,86800.00,1,1
     87,    133,       ,       ,22 COTTAGE CIR,0.380000,,,5,1010,ONE FAM,93400.00,1,1
     87,    134,       ,       ,18 COTTAGE CIR,0.400000,,,5,1010,ONE FAM,94500.00,1,1
     87,    135,       ,       ,14 COTTAGE CIR,0.390000,,,5,1010,ONE FAM,94000.00,1,1
     87,    136,       ,       ,10 COTTAGE CIR,0.340000,,,5,1010,ONE FAM,91200.00,1,1
     87,    137,       ,       ,6 COTTAGE CIR,0.310000,,,5,1010,ONE FAM,88600.00,1,1
     87,    138,       ,       ,0 HITCHCOCK AVE ,0.450000,,,0,9090,OPEN SPACE,0.00,1,1
     87,    139,       ,       ,71 COTTAGE CIR ,1.190000,,,0,1010,ONE FAM,500.00,2,1
     87,    139,       ,       ,71 COTTAGE CIR ,1.190000,,,5,1010,ONE FAM,114700.00,1,1
     87,    140,       ,       ,21 HITCHCOCK AVE,0.560000,,,5,1010,ONE FAM,102800.00,1,1
     87,    141,       ,       ,27 HITCHCOCK AVE,0.730000,,,5,1010,ONE FAM,106200.00,1,1
     87,    142,       ,       ,29 HITCHCOCK AVE,1.710000,,,0,1010,ONE FAM,2000.00,2,1
     87,    142,       ,       ,29 HITCHCOCK AVE,1.710000,,,5,1010,ONE FAM,114700.00,1,1
     87,    143,       ,       ,28 HITCHCOCK AVE,0.570000,,,5,1010,ONE FAM,103300.00,1,1
     87,    144,       ,       ,26 HITCHCOCK AVE ,0.260000,,,5,1010,ONE FAM,84100.00,1,1
     87,    145,       ,       ,22 HITCHCOCK AVE,0.350000,,,5,1010,ONE FAM,91900.00,1,1
     87,    146,       ,       ,18 HITCHCOCK AVE ,0.350000,,,5,1010,ONE FAM,91900.00,1,1
     87,    147,       ,       ,16 HITCHCOCK AVE,0.360000,,,5,1010,ONE FAM,92400.00,1,1
     87,    148,       ,       ,12 HITCHCOCK AVE,0.340000,,,5,1010,ONE FAM,91200.00,1,1
     87,    149,       ,       ,0 HITCHCOCK AVE ,0.230000,,,0,9090,OPEN SPACE,0.00,1,1
     87,    150,       ,       ,1A TENLEY DR ,0.260000,,,5,1010,ONE FAM,84100.00,1,1
     87,    151,       ,       ,1 TENLEY DR,0.280000,,,5,1010,ONE FAM,77300.00,1,1
     87,    152,       ,       ,3 TENLEY DR,0.300000,,,5,1010,ONE FAM,87700.00,1,1
     87,    153,       ,       ,5 TENLEY DR,0.230000,,,5,1010,ONE FAM,81500.00,1,1
     87,    154,       ,       ,7 TENLEY DR,0.250000,,,5,1010,ONE FAM,83200.00,1,1
     87,    155,       ,       ,9 TENLEY DR,0.330000,,,5,1010,ONE FAM,85800.00,1,1
     87,    156,       ,       ,8 TENLEY DR,0.360000,,,5,1010,ONE FAM,92400.00,1,1
     87,    157,       ,       ,6 TENLEY DR,0.230000,,,5,1010,ONE FAM,81500.00,1,1
     87,    158,       ,       ,4 TENLEY DR,0.230000,,,5,1010,ONE FAM,81500.00,1,1
     87,    159,       ,       ,2 TENLEY DR,0.270000,,,5,1010,ONE FAM,85000.00,1,1
     87,    160,       ,       ,12 JONES AVE,0.330000,,,5,1010,ONE FAM,90300.00,1,1
     87,    161,       ,       ,10 JONES AVE,0.280000,,,5,1010,ONE FAM,85900.00,1,1
     87,    162,       ,       ,8 JONES AVE ,0.430000,,,5,1010,ONE FAM,96000.00,1,1
     87,    163,       ,       ,6 JONES AVE,0.180000,,,5,1010,ONE FAM,78500.00,1,1
     87,    164,       ,       ,4 JONES AVE,0.610000,,,5,1010,ONE FAM,105700.00,1,1
     87,    165,       ,       ,70 SEMINARY HILL,0.410000,,,5,1010,ONE FAM,80800.00,1,1
     87,    166,       ,       ,66 SEMINARY HILL,0.460000,,,0,301R,MOTEL-Res,,1,2
     87,    166,       ,       ,66 SEMINARY HILL,0.460000,,,5,301R,MOTEL-Res,83000.00,1,1
     87,    167,       ,       ,62 SEMINARY HILL,0.410000,,,5,1010,ONE FAM,80800.00,1,1
     87,    168,       ,       ,3 JOHNSON AVE,0.500000,,,5,1010,ONE FAM,84700.00,1,1
     87,    169,       ,       ,11 JOHNSON AVE,0.320000,,,5,1010,ONE FAM,89400.00,1,1
     87,    170,       ,       ,13 JOHNSON AVE,0.310000,,,5,1010,ONE FAM,88600.00,1,1
     89,      1,       ,       ,0 MASCOMA ST ,6.430005,,,C,903C,MUNICPAL-Comm,392800.00,1,1
     89,      2,       ,       ,0 MASCOMA ST,4.039991,,,C,9030,MUNICPAL,493600.00,1,1
     89,      3,       ,       ,0 MASCOMA ST,5.250000,,,5,4420,UNDEV,10500.00,1,1
     89,      4,       ,       ,0 MECHANIC ST,2.280005,,,5,4420,UNDEV,3000.00,1,1
     89,      5,       ,       ,290 MASCOMA ST,0.330000,,,5,1030,MOBIL HM,74600.00,1,1
     89,      6,       ,       ,294 MASCOMA ST,0.340000,,,5,1010,ONE FAM,75300.00,1,1
     89,      7,       ,       ,300 MASCOMA ST,0.320000,,,5,1010,ONE FAM,73900.00,1,1
     89,      8,       ,       ,220 MASCOMA ST ,31.500000,,,0,9550,CONDO MSTR,0.00,2,1
     89,      8,       ,       ,220 MASCOMA ST ,31.500000,,,C,9550,CONDO MSTR,0.00,1,1
     89,      8,    101,       ,220 MASCOMA ST #1,0.000000,,,5,1020,CONDO,,1,1
     89,      8,    201,       ,220 MASCOMA ST #2,0.000000,,,5,1020,CONDO,,1,1
     89,      8,    301,       ,220 MASCOMA ST #3,0.000000,,,5,1020,CONDO,,1,1
     89,      8,    401,       ,220 MASCOMA ST #4,0.000000,,,5,1020,CONDO,,1,1
     89,      8,    501,       ,220 MASCOMA ST #5,0.000000,,,5,1020,CONDO,,1,1
     89,      8,    601,       ,220 MASCOMA ST #6,0.000000,,,5,1020,CONDO,,1,1
     89,      8,    701,       ,220 MASCOMA ST #7,0.000000,,,5,1020,CONDO,,1,1
     89,      8,    801,       ,220 MASCOMA ST #8,0.000000,,,5,1020,CONDO,,1,1
     89,      8,    901,       ,220 MASCOMA ST 9,0.000000,,,5,1020,CONDO,,1,1
     89,      8,   1001,       ,220 MASCOMA ST 10,0.000000,,,5,1020,CONDO,,1,1
     89,      8,   1101,       ,220 MASCOMA ST 11,0.000000,,,5,1020,CONDO,,1,1
     89,      8,   1201,       ,220 MASCOMA ST 12,0.000000,,,5,1020,CONDO,,1,1
     89,      8,   1301,       ,220 MASCOMA ST 13,0.000000,,,5,1020,CONDO,,1,1
     89,      8,   1401,       ,220 MASCOMA ST 14,0.000000,,,5,1020,CONDO,,1,1
     89,      8,   1501,       ,220 MASCOMA ST #15,0.000000,,,5,1020,CONDO,,1,1
     89,      8,   1601,       ,220 MASCOMA ST 16,0.000000,,,5,1020,CONDO,,1,1
     89,      8,   1702,       ,220 MASCOMA ST 17,0.000000,,,5,1020,CONDO,,1,1
     89,      8,   1802,       ,220 MASCOMA ST 18,0.000000,,,5,1020,CONDO,,1,1
     89,      8,   1902,       ,220 MASCOMA ST 19,0.000000,,,5,1020,CONDO,,1,1
     89,      8,   2002,       ,220 MASCOMA ST 20,0.000000,,,5,1020,CONDO,,1,1
     89,      8,   2102,       ,220 MASCOMA ST 21,0.000000,,,5,1020,CONDO,,1,1
     89,      8,   2202,       ,220 MASCOMA ST 22,0.000000,,,5,1020,CONDO,,1,1
     89,      8,   2302,       ,220 MASCOMA ST #23,0.000000,,,5,1020,CONDO,,1,1
     89,      8,   2402,       ,220 MASCOMA ST 24,0.000000,,,5,1020,CONDO,,1,1
     89,      8,   2502,       ,220 MASCOMA ST #25,0.000000,,,5,1020,CONDO,,1,1
     89,      8,   2602,       ,220 MASCOMA ST 26,0.000000,,,5,1020,CONDO,,1,1
     89,      8,   2702,       ,220 MASCOMA ST 27,0.000000,,,5,1020,CONDO,,1,1
     89,      8,   2802,       ,220 MASCOMA ST 28,0.000000,,,5,1020,CONDO,,1,1
     89,      8,   2902,       ,220 MASCOMA ST 29,0.000000,,,5,1020,CONDO,,1,1
     89,      8,   3002,       ,220 MASCOMA ST 30,0.000000,,,5,1020,CONDO,,1,1
     89,      8,   3102,       ,220 MASCOMA ST #31,0.000000,,,5,1020,CONDO,,1,1
     89,      8,   3202,       ,220 MASCOMA ST 32,0.000000,,,5,1020,CONDO,,1,1
     89,      8,   3303,       ,220 MASCOMA ST #33,0.000000,,,5,1020,CONDO,,1,1
     89,      8,   3403,       ,220 MASCOMA ST 34,0.000000,,,5,1020,CONDO,,1,1
     89,      8,   3503,       ,220 MASCOMA ST 35,0.000000,,,5,1020,CONDO,,1,1
     89,      8,   3603,       ,220 MASCOMA ST #36,0.000000,,,5,1020,CONDO,,1,1
     89,      8,   3703,       ,220 MASCOMA ST 37,0.000000,,,5,1020,CONDO,,1,1
     89,      8,   3803,       ,220 MASCOMA ST 38,0.000000,,,5,1020,CONDO,,1,1
     89,      8,   3903,       ,220 MASCOMA ST 39,0.000000,,,5,1020,CONDO,,1,1
     89,      8,   4003,       ,220 MASCOMA ST 40,0.000000,,,5,1020,CONDO,,1,1
     89,      8,   4103,       ,220 MASCOMA ST #41,0.000000,,,5,1020,CONDO,,1,1
     89,      8,   4203,       ,220 MASCOMA ST 42,0.000000,,,5,1020,CONDO,,1,1
     89,      8,   4303,       ,220 MASCOMA ST 43,0.000000,,,5,1020,CONDO,,1,1
     89,      8,   4403,       ,220 MASCOMA ST 44,0.000000,,,5,1020,CONDO,,1,1
     89,      8,   4503,       ,220 MASCOMA ST 45,0.000000,,,5,1020,CONDO,,1,1
     89,      8,   4603,       ,220 MASCOMA ST 46,0.000000,,,5,1020,CONDO,,1,1
     89,      8,   4703,       ,220 MASCOMA ST #47,0.000000,,,5,1020,CONDO,,1,1
     89,      8,   4803,       ,220 MASCOMA ST #48,0.000000,,,5,1020,CONDO,,1,1
     89,      8,   4904,       ,220 MASCOMA ST 49,0.000000,,,5,1020,CONDO,,1,1
     89,      8,   5004,       ,220 MASCOMA ST 50,0.000000,,,5,1020,CONDO,,1,1
     89,      8,   5104,       ,220 MASCOMA ST 51,0.000000,,,5,1020,CONDO,,1,1
     89,      8,   5204,       ,220 MASCOMA ST 52,0.000000,,,5,1020,CONDO,,1,1
     89,      8,   5304,       ,220 MASCOMA ST 53,0.000000,,,5,1020,CONDO,,1,1
     89,      8,   5404,       ,220 MASCOMA ST #54,0.000000,,,5,1020,CONDO,,1,1
     89,      8,   5504,       ,220 MASCOMA ST 55,0.000000,,,5,1020,CONDO,,1,1
     89,      8,   5604,       ,220 MASCOMA ST 56,0.000000,,,5,1020,CONDO,,1,1
     89,      8,   5704,       ,220 MASCOMA ST 57,0.000000,,,5,1020,CONDO,,1,1
     89,      8,   5804,       ,220 MASCOMA ST 58,0.000000,,,5,1020,CONDO,,1,1
     89,      8,   5904,       ,220 MASCOMA ST 59,0.000000,,,5,1020,CONDO,,1,1
     89,      8,   6004,       ,220 MASCOMA ST 60,0.000000,,,5,1020,CONDO,,1,1
     89,      8,   6104,       ,220 MASCOMA ST 61,0.000000,,,5,1020,CONDO,,1,1
     89,      8,   6204,       ,220 MASCOMA ST 62,0.000000,,,5,1020,CONDO,,1,1
     89,      8,   6304,       ,220 MASCOMA ST 63,0.000000,,,5,1020,CONDO,,1,1
     89,      8,   6404,       ,220 MASCOMA ST 64,0.000000,,,5,1020,CONDO,,1,1
     89,      8,   6505,       ,220 MASCOMA ST 65,0.000000,,,5,1020,CONDO,,1,1
     89,      8,   6605,       ,220 MASCOMA ST 66,0.000000,,,5,1020,CONDO,,1,1
     89,      8,   6705,       ,220 MASCOMA ST 67,0.000000,,,5,1020,CONDO,,1,1
     89,      8,   6805,       ,220 MASCOMA ST 68,0.000000,,,5,1020,CONDO,,1,1
     89,      8,   6905,       ,220 MASCOMA ST 69,0.000000,,,5,1020,CONDO,,1,1
     89,      8,   7005,       ,220 MASCOMA ST 70,0.000000,,,5,1020,CONDO,,1,1
     89,      8,   7105,       ,220 MASCOMA ST 71,0.000000,,,5,1020,CONDO,,1,1
     89,      8,   7205,       ,220 MASCOMA ST 72,0.000000,,,5,1020,CONDO,,1,1
     89,      8,   7305,       ,220 MASCOMA ST 73,0.000000,,,5,1020,CONDO,,1,1
     89,      8,   7405,       ,220 MASCOMA ST 74,0.000000,,,5,1020,CONDO,,1,1
     89,      8,   7505,       ,220 MASCOMA ST #75,0.000000,,,5,1020,CONDO,,1,1
     89,      8,   7605,       ,220 MASCOMA ST #76,0.000000,,,5,1020,CONDO,,1,1
     89,      8,   7705,       ,220 MASCOMA ST 77,0.000000,,,5,1020,CONDO,,1,1
     89,      8,   7805,       ,220 MASCOMA ST #78,0.000000,,,5,1020,CONDO,,1,1
     89,      8,   7905,       ,220 MASCOMA ST 79,0.000000,,,5,1020,CONDO,,1,1
     89,      8,   8005,       ,220 MASCOMA ST 80,0.000000,,,5,1020,CONDO,,1,1
     89,      8,   8106,       ,220 MASCOMA ST 81,0.000000,,,5,1020,CONDO,,1,1
     89,      8,   8206,       ,220 MASCOMA ST 82,0.000000,,,5,1020,CONDO,,1,1
     89,      8,   8306,       ,220 MASCOMA ST 83,0.000000,,,5,1020,CONDO,,1,1
     89,      8,   8406,       ,220 MASCOMA ST 84,0.000000,,,5,1020,CONDO,,1,1
     89,      8,   8506,       ,220 MASCOMA ST 85,0.000000,,,5,1020,CONDO,,1,1
     89,      8,   8606,       ,220 MASCOMA ST 86,0.000000,,,5,1020,CONDO,,1,1
     89,      8,   8706,       ,220 MASCOMA ST 87,0.000000,,,5,1020,CONDO,,1,1
     89,      8,   8806,       ,220 MASCOMA ST #88,0.000000,,,5,1020,CONDO,,1,1
     89,      8,   8906,       ,220 MASCOMA ST 89,0.000000,,,5,1020,CONDO,,1,1
     89,      8,   9006,       ,220 MASCOMA ST 90,0.000000,,,5,1020,CONDO,,1,1
     89,      8,   9106,       ,220 MASCOMA ST 91,0.000000,,,5,1020,CONDO,,1,1
     89,      8,   9206,       ,220 MASCOMA ST 92,0.000000,,,5,1020,CONDO,,1,1
     89,      8,   9306,       ,220 MASCOMA ST 93,0.000000,,,5,1020,CONDO,,1,1
     89,      8,   9406,       ,220 MASCOMA ST 94,0.000000,,,5,1020,CONDO,,1,1
     89,      8,   9506,       ,220 MASCOMA ST 95,0.000000,,,5,1020,CONDO,,1,1
     89,      8,   9606,       ,220 MASCOMA ST 96,0.000000,,,5,1020,CONDO,,1,1
     89,      8,   9707,       ,220 MASCOMA ST 97,0.000000,,,5,1020,CONDO,,1,1
     89,      8,   9807,       ,220 MASCOMA ST 98,0.000000,,,5,1020,CONDO,,1,1
     89,      8,   9907,       ,220 MASCOMA ST 99,0.000000,,,5,1020,CONDO,,1,1
     89,      8,  10007,       ,220 MASCOMA ST 100,0.000000,,,5,1020,CONDO,,1,1
     89,      8,  10107,       ,220 MASCOMA ST 101,0.000000,,,5,1020,CONDO,,1,1
     89,      8,  10207,       ,220 MASCOMA ST 102,0.000000,,,5,1020,CONDO,,1,1
     89,      8,  10307,       ,220 MASCOMA ST 103,0.000000,,,5,1020,CONDO,,1,1
     89,      8,  10407,       ,220 MASCOMA ST 104,0.000000,,,5,1020,CONDO,,1,1
     89,      8,  10507,       ,220 MASCOMA ST 105,0.000000,,,5,1020,CONDO,,1,1
     89,      8,  10607,       ,220 MASCOMA ST 106,0.000000,,,5,1020,CONDO,,1,1
     89,      8,  10707,       ,220 MASCOMA ST 107,0.000000,,,5,1020,CONDO,,1,1
     89,      8,  10807,       ,220 MASCOMA ST #108,0.000000,,,5,1020,CONDO,,1,1
     89,      8,  10907,       ,220 MASCOMA ST 109,0.000000,,,5,1020,CONDO,,1,1
     89,      8,  11007,       ,220 MASCOMA ST 110,0.000000,,,5,1020,CONDO,,1,1
     89,      8,  11107,       ,220 MASCOMA ST 111,0.000000,,,5,1020,CONDO,,1,1
     89,      8,  11207,       ,220 MASCOMA ST #112,0.000000,,,5,1020,CONDO,,1,1
     89,      8,  11308,       ,220 MASCOMA ST 113,0.000000,,,5,1020,CONDO,,1,1
     89,      8,  11408,       ,220 MASCOMA ST 114,0.000000,,,5,1020,CONDO,,1,1
     89,      8,  11508,       ,220 MASCOMA ST 115,0.000000,,,5,1020,CONDO,,1,1
     89,      8,  11608,       ,220 MASCOMA ST 116,0.000000,,,5,1020,CONDO,,1,1
     89,      8,  11708,       ,220 MASCOMA ST 117,0.000000,,,5,1020,CONDO,,1,1
     89,      8,  11808,       ,220 MASCOMA ST 118,0.000000,,,5,1020,CONDO,,1,1
     89,      8,  11908,       ,220 MASCOMA ST 119,0.000000,,,5,1020,CONDO,,1,1
     89,      8,  12008,       ,220 MASCOMA ST 120,0.000000,,,5,1020,CONDO,,1,1
     89,      8,  12108,       ,220 MASCOMA ST 121,0.000000,,,5,1020,CONDO,,1,1
     89,      8,  12208,       ,220 MASCOMA ST 122,0.000000,,,5,1020,CONDO,,1,1
     89,      8,  12308,       ,220 MASCOMA ST 123,0.000000,,,5,1020,CONDO,,1,1
     89,      8,  12408,       ,220 MASCOMA ST 124,0.000000,,,5,1020,CONDO,,1,1
     89,      8,  12508,       ,220 MASCOMA ST 125,0.000000,,,5,1020,CONDO,,1,1
     89,      8,  12608,       ,220 MASCOMA ST 126,0.000000,,,5,1020,CONDO,,1,1
     89,      8,  12708,       ,220 MASCOMA ST 127,0.000000,,,5,1020,CONDO,,1,1
     89,      8,  12808,       ,220 MASCOMA ST 128,0.000000,,,5,1020,CONDO,,1,1
     89,      9,       ,       ,320 MASCOMA ST,0.950000,,,5,1040,2 FAMILY,94700.00,1,1
     89,     10,       ,       ,354 MASCOMA ST ,0.340000,,,C,3320,AUTO REP,135700.00,1,1
     89,     10,    100,       ,322 MASCOMA ST ,0.720000,,,5,1010,ONE FAM,96900.00,1,1
     89,     11,       ,       ,307 MASCOMA ST,0.440000,,,5,1010,ONE FAM,84000.00,1,1
     89,     12,       ,       ,189 OLD PINE TREE CEMETERY RD ,1.000000,,,5,1010,ONE FAM,89800.00,1,1
     89,     15,       ,       ,311 MASCOMA ST,0.280000,,,5,1010,ONE FAM,63900.00,1,1
     89,     16,       ,       ,305 MASCOMA ST,0.330000,,,5,1300,RES LAND,67200.00,1,1
     89,     17,       ,       ,293 MASCOMA ST,0.330000,,,5,1040,2 FAMILY,67200.00,1,1
     89,     18,       ,       ,287 MASCOMA ST ,2.500000,,,0,9550,CONDO MSTR,1360000.00,2,1
     89,     18,       ,       ,287 MASCOMA ST ,2.500000,,,C,9550,CONDO MSTR,580400.00,1,1
     89,     18,    101,       ,287 MASCOMA ST #101,0.000000,,,5,1020,CONDO,,1,1
     89,     18,    102,       ,287 MASCOMA ST #102,0.000000,,,5,1020,CONDO,,1,1
     89,     18,    103,       ,287 MASCOMA ST 103,0.000000,,,5,1020,CONDO,,1,1
     89,     18,    104,       ,287 MASCOMA ST #104,0.000000,,,5,1020,CONDO,,1,1
     89,     18,    105,       ,287 MASCOMA ST 105,0.000000,,,5,1020,CONDO,,1,1
     89,     18,    106,       ,287 MASCOMA ST #106,0.000000,,,5,1020,CONDO,,1,1
     89,     18,    107,       ,287 MASCOMA ST 107,0.000000,,,5,1020,CONDO,,1,1
     89,     18,    108,       ,287 MASCOMA ST 108,0.000000,,,5,1020,CONDO,,1,1
     89,     18,    201,       ,287 MASCOMA ST 201,0.000000,,,5,1020,CONDO,,1,1
     89,     18,    202,       ,287 MASCOMA ST 202,0.000000,,,5,1020,CONDO,,1,1
     89,     18,    203,       ,287 MASCOMA ST #203,0.000000,,,5,1020,CONDO,,1,1
     89,     18,    204,       ,287 MASCOMA ST 204,0.000000,,,5,1020,CONDO,,1,1
     89,     18,    205,       ,287 MASCOMA ST 205,0.000000,,,5,1020,CONDO,,1,1
     89,     18,    206,       ,287 MASCOMA ST 206,0.000000,,,5,1020,CONDO,,1,1
     89,     18,    207,       ,287 MASCOMA ST 207,0.000000,,,5,1020,CONDO,,1,1
     89,     18,    208,       ,287 MASCOMA ST 208,0.000000,,,5,1020,CONDO,,1,1
     89,     18,    209,       ,287 MASCOMA ST 209,0.000000,,,5,1020,CONDO,,1,1
     89,     18,    210,       ,287 MASCOMA ST 210,0.000000,,,5,1020,CONDO,,1,1
     89,     18,    211,       ,287 MASCOMA ST 211,0.000000,,,5,1020,CONDO,,1,1
     89,     18,    212,       ,287 MASCOMA ST 212,0.000000,,,5,1020,CONDO,,1,1
     89,     18,    213,       ,287 MASCOMA ST 213,0.000000,,,5,1020,CONDO,,1,1
     89,     18,    215,       ,287 MASCOMA ST 215,0.000000,,,5,1020,CONDO,,1,1
     89,     18,    301,       ,287 MASCOMA ST #301,0.000000,,,5,1020,CONDO,,1,1
     89,     18,    302,       ,287 MASCOMA ST 302,0.000000,,,5,1020,CONDO,,1,1
     89,     18,    303,       ,287 MASCOMA ST 303,0.000000,,,5,1020,CONDO,,1,1
     89,     18,    304,       ,287 MASCOMA ST #304,0.000000,,,5,1020,CONDO,,1,1
     89,     18,    305,       ,287 MASCOMA ST #305,0.000000,,,5,1020,CONDO,,1,1
     89,     18,    306,       ,287 MASCOMA ST 306,0.000000,,,5,1020,CONDO,,1,1
     89,     18,    307,       ,287 MASCOMA ST #307,0.000000,,,5,1020,CONDO,,1,1
     89,     18,    308,       ,287 MASCOMA ST 308,0.000000,,,5,1020,CONDO,,1,1
     89,     18,    309,       ,287 MASCOMA ST 309,0.000000,,,5,1020,CONDO,,1,1
     89,     18,    311,       ,287 MASCOMA ST #311,0.000000,,,5,1020,CONDO,,1,1
     89,     18,    313,       ,287 MASCOMA ST 313,0.000000,,,5,1020,CONDO,,1,1
     89,     18,    315,       ,287 MASCOMA ST 315,0.000000,,,5,1020,CONDO,,1,1
     90,      1,       ,       ,0 ORA AVE,0.160000,,,5,1060,OUT BLDS,67300.00,1,1
     90,      2,       ,       ,2 ORA AVE,0.100000,,,5,1010,ONE FAM,64000.00,1,1
     90,      3,       ,       ,6 ORA AVE,0.230000,,,5,1030,MOBIL HM,70800.00,1,1
     90,      4,       ,       ,8 ORA AVE,0.220000,,,5,1010,ONE FAM,70300.00,1,1
     90,      5,       ,       ,12 ORA AVE,0.230000,,,5,1010,ONE FAM,70800.00,1,1
     90,      6,       ,       ,14 ORA AVE,0.230372,,,5,1010,ONE FAM,70900.00,1,1
     90,      7,       ,       ,0 ORA AVE,0.230000,,,C,9030,MUNICPAL,145400.00,1,1
     90,      9,       ,       ,21 ORA AVE,0.460000,,,5,1010,ONE FAM,84900.00,1,1
     90,     10,       ,       ,9 MYRA AVE,0.230000,,,5,1010,ONE FAM,70800.00,1,1
     90,     11,       ,       ,7 MYRA AVE,0.230000,,,5,1010,ONE FAM,70800.00,1,1
     90,     13,       ,       ,2 FREEMAN AVE ,0.490000,,,,1090,MULT HS,0.00,1,2
     90,     13,       ,       ,2 FREEMAN AVE ,0.490000,,,5,1090,MULT HS,86200.00,1,1
     90,     14,       ,       ,6 MYRA AVE,0.410000,,,5,1010,ONE FAM,78500.00,1,1
     90,     15,       ,       ,8 MYRA AVE,0.290000,,,5,1010,ONE FAM,75500.00,1,1
     90,     16,       ,       ,3 AVON AVE ,0.230000,,,5,1010,ONE FAM,70800.00,1,1
     90,     17,       ,       ,1 AVON AVE ,0.110000,,,5,1010,ONE FAM,64700.00,1,1
     90,     18,       ,       ,158 MASCOMA ST,0.220000,,,5,1010,ONE FAM,66800.00,1,1
     90,     19,       ,       ,192 MASCOMA ST ,0.922842,,,5,1010,ONE FAM,94600.00,1,1
     90,     20,       ,       ,0 MASCOMA ST,8.590000,,,0,9030,MUNICPAL,9500.00,2,1
     90,     20,       ,       ,0 MASCOMA ST,8.590000,,,C,9030,MUNICPAL,36700.00,1,1
     90,     21,       ,       ,198 MASCOMA ST,0.131614,,,5,1010,ONE FAM,62600.00,1,1
     90,     22,       ,       ,200 MASCOMA ST ,0.260000,,,5,1010,ONE FAM,69500.00,1,1
     90,     23,       ,       ,210 MASCOMA ST,0.490000,,,5,1010,ONE FAM,81900.00,1,1
     90,     24,       ,       ,216 MASCOMA ST ,1.980000,,,0,1010,ONE FAM,2500.00,2,1
     90,     24,       ,       ,216 MASCOMA ST ,1.980000,,,5,1010,ONE FAM,84800.00,1,1
     90,     25,       ,       ,222 MASCOMA ST,0.410000,,,5,1010,ONE FAM,78500.00,1,1
     90,     26,       ,       ,226 MASCOMA ST ,0.770000,,,5,1010,ONE FAM,83600.00,1,1
     90,     27,       ,       ,0 MASCOMA ST,4.489991,,,C,9030,MUNICPAL,548600.00,1,1
     90,     27,    100,       ,0 MASCOMA ST ,0.520000,,,C,9200,CEMETERY,199900.00,1,1
     90,     28,       ,       ,233 MASCOMA ST ,1.119995,,,C,3160,COMMWHSE,246300.00,1,1
     90,     29,       ,       ,223 MASCOMA ST,1.150000,,,0,1010,ONE FAM,400.00,2,1
     90,     29,       ,       ,223 MASCOMA ST,1.150000,,,5,1010,ONE FAM,84800.00,1,1
     90,     30,       ,       ,219 MASCOMA ST,2.500000,,,0,1010,ONE FAM,3800.00,2,1
     90,     30,       ,       ,219 MASCOMA ST,2.500000,,,5,1010,ONE FAM,94800.00,1,1
     90,     31,       ,       ,205 MASCOMA ST,0.470000,,,5,1010,ONE FAM,81000.00,1,1
     90,     32,       ,       ,203 MASCOMA ST,0.480000,,,5,1010,ONE FAM,81500.00,1,1
     90,     33,       ,       ,173 MASCOMA ST,1.540000,,,0,1010,ONE FAM,1400.00,2,1
     90,     33,       ,       ,173 MASCOMA ST,1.540000,,,5,1010,ONE FAM,94800.00,1,1
     90,     34,       ,       ,171 MASCOMA ST,0.850000,,,5,1010,ONE FAM,80600.00,1,1
     90,     34,    100,       ,171A MASCOMA ST ,0.240000,,,5,1010,ONE FAM,68000.00,1,1
     90,     35,       ,       ,169 MASCOMA ST,0.290000,,,5,1010,ONE FAM,71700.00,1,1
     90,     36,       ,       ,167 MASCOMA ST,0.370000,,,5,1010,ONE FAM,76800.00,1,1
     90,     37,       ,       ,1 BOMHOWER ST,0.350000,,,5,1010,ONE FAM,75900.00,1,1
     90,     38,       ,       ,3 BOMHOWER ST,0.220000,,,5,1010,ONE FAM,70300.00,1,1
     90,     39,       ,       ,5 BOMHOWER ST,0.230000,,,5,1010,ONE FAM,70800.00,1,1
     90,     40,       ,       ,7 BOMHOWER ST,0.450000,,,5,1010,ONE FAM,84400.00,1,1
     90,     41,       ,       ,9 BOMHOWER ST,0.280000,,,5,1010,ONE FAM,74700.00,1,1
     90,     42,       ,       ,14 BOMHOWER ST ,16.000000,,,0,1100,TRALR PK,37500.00,2,1
     90,     42,       ,       ,14 BOMHOWER ST ,16.000000,,,5,1100,TRALR PK,174600.00,1,1
     90,     42,    100,       ,1 MICHAEL ST,0.000000,,,5,1030,MOBIL HM,,1,1
     90,     42,    200,       ,2 MICHAEL ST,0.000000,,,5,1030,MOBIL HM,0.00,1,1
     90,     42,    300,       ,3 MICHAEL ST,0.000000,,,5,1030,MOBIL HM,0.00,1,1
     90,     42,    400,       ,4 MICHAEL ST ,0.000000,,,5,1030,MOBIL HM,0.00,1,1
     90,     42,    500,       ,5 MICHAEL ST,0.000000,,,5,1030,MOBIL HM,0.00,1,1
     90,     42,    600,       ,6 MICHAEL ST ,0.000000,,,5,1030,MOBIL HM,0.00,1,1
     90,     42,    700,       ,7 MICHAEL ST,0.000000,,,5,1030,MOBIL HM,0.00,1,1
     90,     42,    800,       ,8 MICHAEL ST,0.000000,,,5,1030,MOBIL HM,0.00,1,1
     90,     42,    900,       ,9 MICHAEL ST,0.000000,,,5,1030,MOBIL HM,0.00,1,1
     90,     42,   1000,       ,10 MICHAEL ST,0.000000,,,5,1030,MOBIL HM,0.00,1,1
     90,     42,   1100,       ,11 MICHAEL ST,0.000000,,,5,1030,MOBIL HM,0.00,1,1
     90,     42,   1200,       ,12 MICHAEL ST,0.000000,,,5,1030,MOBIL HM,0.00,1,1
     90,     42,   1300,       ,13 MICHAEL ST,0.000000,,,5,1030,MOBIL HM,0.00,1,1
     90,     42,   1400,       ,14 HANNAH ST,0.000000,,,5,1030,MOBIL HM,0.00,1,1
     90,     42,   1500,       ,15 MICHAEL ST,0.000000,,,5,1030,MOBIL HM,0.00,1,1
     90,     42,   1600,       ,16 MICHAEL ST,0.000000,,,5,1030,MOBIL HM,0.00,1,1
     90,     42,   1700,       ,17 MICHAEL ST,0.000000,,,5,1030,MOBIL HM,0.00,1,1
     90,     42,   1800,       ,18 MICHAEL ST,0.000000,,,5,1030,MOBIL HM,0.00,1,1
     90,     42,   1900,       ,19 MICHAEL ST,0.000000,,,5,1030,MOBIL HM,0.00,1,1
     90,     42,   2000,       ,20 MICHAEL ST,0.000000,,,5,1030,MOBIL HM,0.00,1,1
     90,     42,   2100,       ,21 MICHAEL ST,0.000000,,,5,1030,MOBIL HM,0.00,1,1
     90,     42,   2200,       ,22 MICHAEL ST ,0.000000,,,5,1030,MOBIL HM,0.00,1,1
     90,     42,   2300,       ,23 MICHAEL ST,0.000000,,,5,1030,MOBIL HM,0.00,1,1
     90,     42,   2400,       ,24 MICHAEL ST,0.000000,,,5,1030,MOBIL HM,0.00,1,1
     90,     42,   2500,       ,25 T ANDREW ST,0.000000,,,5,1030,MOBIL HM,0.00,1,1
     90,     42,   2600,       ,26 T ANDREW ST,0.000000,,,5,1030,MOBIL HM,0.00,1,1
     90,     42,   2700,       ,27 T ANDREW ST,0.000000,,,5,1030,MOBIL HM,0.00,1,1
     90,     42,   2800,       ,28 T ANDREW ST ,0.000000,,,5,1030,MOBIL HM,0.00,1,1
     90,     42,   2900,       ,29 T ANDREW ST,0.000000,,,5,1030,MOBIL HM,0.00,1,1
     90,     42,   3000,       ,30 T ANDREW ST,0.000000,,,5,1030,MOBIL HM,0.00,1,1
     90,     42,   3100,       ,31 T ANDREW ST,0.000000,,,5,1030,MOBIL HM,0.00,1,1
     90,     42,   3200,       ,32 T ANDREW ST,0.000000,,,5,1030,MOBIL HM,0.00,1,1
     90,     42,   3300,       ,33 T ANDREW ST,0.000000,,,5,1030,MOBIL HM,0.00,1,1
     90,     42,   3400,       ,34 T ANDREW ST,0.000000,,,5,1030,MOBIL HM,0.00,1,1
     90,     42,   3500,       ,35 HANNAH ST ,0.000000,,,5,1030,MOBIL HM,0.00,1,1
     90,     42,   3600,       ,36 HANNAH ST,0.000000,,,5,1030,MOBIL HM,0.00,1,1
     90,     42,   3700,       ,37 T ANDREW ST,0.000000,,,5,1030,MOBIL HM,0.00,1,1
     90,     42,   3800,       ,38 T ANDREW ST ,0.000000,,,5,1030,MOBIL HM,0.00,1,1
     90,     42,   3900,       ,39 T ANDREW ST,0.000000,,,5,1030,MOBIL HM,0.00,1,1
     90,     42,   4000,       ,40 T ANDREW ST ,0.000000,,,5,1030,MOBIL HM,0.00,1,1
     90,     42,   4100,       ,41 T ANDREW ST ,0.000000,,,5,1030,MOBIL HM,0.00,1,1
     90,     42,   4200,       ,42 T ANDREW ST,0.000000,,,5,1030,MOBIL HM,0.00,1,1
     90,     42,   4300,       ,43 T ANDREW ST,0.000000,,,5,1030,MOBIL HM,0.00,1,1
     90,     42,   4400,       ,44 T ANDREW ST,0.000000,,,5,1030,MOBIL HM,0.00,1,1
     90,     42,   4500,       ,45 T ANDREW ST,0.000000,,,5,1030,MOBIL HM,0.00,1,1
     90,     42,   4600,       ,46 T ANDREW ST ,0.000000,,,5,1030,MOBIL HM,0.00,1,1
     90,     42,   4700,       ,47 HANNAH ST,0.000000,,,5,1030,MOBIL HM,0.00,1,1
     90,     42,   4800,       ,48 HANNAH ST,0.000000,,,5,1030,MOBIL HM,0.00,1,1
     90,     42,   4900,       ,49 HANNAH ST,0.000000,,,5,1030,MOBIL HM,0.00,1,1
     90,     42,   5000,       ,50 HANNAH ST ,0.000000,,,5,1030,MOBIL HM,0.00,1,1
     90,     42,   5100,       ,51 HANNAH ST ,0.000000,,,5,1030,MOBIL HM,0.00,1,1
     90,     42,   5200,       ,52 HANNAH ST,0.000000,,,5,1030,MOBIL HM,0.00,1,1
     90,     42,   5300,       ,53 LOWER B ST,0.000000,,,5,1030,MOBIL HM,0.00,1,1
     90,     42,   5400,       ,54 LOWER B ST,0.000000,,,5,1030,MOBIL HM,0.00,1,1
     90,     42,   5500,       ,55 LOWER B ST,0.000000,,,5,1030,MOBIL HM,0.00,1,1
     90,     42,   5600,       ,56 LOWER B ST,0.000000,,,5,1030,MOBIL HM,0.00,1,1
     90,     42,   5700,       ,57 LOWER B ST,0.000000,,,5,1030,MOBIL HM,0.00,1,1
     90,     42,   5800,       ,58 LOWER B ST,0.000000,,,5,1030,MOBIL HM,0.00,1,1
     90,     42,   5900,       ,59 LOWER B ST,0.000000,,,5,1030,MOBIL HM,0.00,1,1
     90,     42,   6000,       ,60 LOWER B ST,0.000000,,,5,1030,MOBIL HM,0.00,1,1
     90,     42,   6100,       ,61 LOWER B ST,0.000000,,,5,1030,MOBIL HM,0.00,1,1
     90,     42,   6200,       ,62 LOWER B ST ,0.000000,,,5,1030,MOBIL HM,,1,1
     90,     42,   6300,       ,63 BOMHOWER ST EXT,0.000000,,,5,1030,MOBIL HM,0.00,1,1
     90,     42,   6400,       ,64 BOMHOWER ST EXT,0.000000,,,5,1030,MOBIL HM,0.00,1,1
     90,     42,   6500,       ,65 BOMHOWER ST EXT,0.000000,,,5,1030,MOBIL HM,0.00,1,1
     90,     42,   6600,       ,66 BOMHOWER ST EXT,0.000000,,,5,1030,MOBIL HM,0.00,1,1
     90,     42,   6700,       ,67 BOMHOWER EXT ,0.000000,,,5,1030,MOBIL HM,0.00,1,1
     90,     42,   6800,       ,68 BOMHOWER ST EXT,0.000000,,,5,1030,MOBIL HM,0.00,1,1
     90,     42,   6900,       ,69 BOMHOWER ST EXT,0.000000,,,5,1030,MOBIL HM,0.00,1,1
     90,     42,   7000,       ,70 BOMHOWER ST EXT,0.000000,,,5,1030,MOBIL HM,0.00,1,1
     90,     42,   7100,       ,71 LOWER B ST,0.000000,,,5,1030,MOBIL HM,,1,1
     90,     42,   7200,       ,72 BOMHOWER ST EXT,0.000000,,,5,1030,MOBIL HM,0.00,1,1
     90,     42,   7300,       ,73 BOMHOWER ST EXT,0.000000,,,5,1030,MOBIL HM,0.00,1,1
     90,     42,   7400,       ,74 BOMHOWER ST EXT ,0.000000,,,5,1030,MOBIL HM,0.00,1,1
     90,     42,   7500,       ,75 BOMHOWER ST EXT,0.000000,,,5,1030,MOBIL HM,0.00,1,1
     90,     42,   7600,       ,76 BOMHOWER ST EXT,0.000000,,,5,1030,MOBIL HM,0.00,1,1
     90,     42,   7700,       ,77 BOMHOWER ST EXT ,0.000000,,,5,1030,MOBIL HM,0.00,1,1
     90,     42,   7800,       ,78 BOMHOWER ST EXT,0.000000,,,5,1030,MOBIL HM,0.00,1,1
     90,     42,   7900,       ,12 BOMHOWER ST EXT,0.000000,,,5,1030,MOBIL HM,0.00,1,1
     90,     42,   8000,       ,10 BOMHOWER EXT ,0.000000,,,5,1030,MOBIL HM,0.00,1,1
     90,     42,   8100,       ,8 BOMHOWER EXT ,0.000000,,,5,1030,MOBIL HM,,1,1
     90,     44,       ,       ,4 BOMHOWER ST,0.515955,,,5,1010,ONE FAM,87400.00,1,1
     90,     44,    100,       ,6 BOMHOWER ST,0.455418,,,5,1010,ONE FAM,84700.00,1,1
     90,     44,  70100,       ,2 BOMHOWER ST,0.000000,,,5,1030,MOBIL HM,0.00,1,1
     90,     45,       ,       ,163 MASCOMA ST,0.310000,,,5,1010,ONE FAM,73200.00,1,1
     90,     46,       ,       ,8 PEABODY ST,0.370000,,,5,1010,ONE FAM,80800.00,1,1
     90,     47,       ,       ,12 PEABODY ST,0.190000,,,5,1010,ONE FAM,68800.00,1,1
     90,     48,       ,       ,16 PEABODY ST ,0.290000,,,5,1010,ONE FAM,75500.00,1,1
     90,     49,       ,       ,18 PEABODY ST,0.210000,,,5,1010,ONE FAM,69800.00,1,1
     90,     50,       ,       ,20 PEABODY ST,0.170000,,,5,1010,ONE FAM,67800.00,1,1
     90,     51,       ,       ,22 PEABODY ST,0.229660,,,5,1010,ONE FAM,70800.00,1,1
     90,     52,       ,       ,24 PEABODY ST,0.150000,,,5,1030,MOBIL HM,66800.00,1,1
     90,     53,       ,       ,25 PEABODY ST,0.190000,,,5,1010,ONE FAM,68800.00,1,1
     90,     54,       ,       ,023B PEABODY ST,0.150000,,,5,1020,CONDO,33400.00,1,1
     90,     54,    100,       ,023A PEABODY ST,0.150000,,,5,1020,CONDO,33400.00,1,1
     90,     55,       ,       ,19 PEABODY ST,0.200000,,,5,1010,ONE FAM,69300.00,1,1
     90,     56,       ,       ,15 PEABODY ST ,0.200000,,,5,1010,ONE FAM,69300.00,1,1
     90,     57,       ,       ,11 PEABODY ST,0.250000,,,5,1010,ONE FAM,72400.00,1,1
     90,     58,       ,       ,155 MASCOMA ST,0.290000,,,5,1040,2 FAMILY,71700.00,1,1
     90,     59,       ,       ,10 ALICE PECK DAY DR ,18.377176,,,0,9050,CHARITABLE,,1,2
     90,     59,       ,       ,10 ALICE PECK DAY DR ,18.377176,,,0,9050,CHARITABLE,,1,3
     90,     59,       ,       ,10 ALICE PECK DAY DR ,18.377176,,,0,9050,CHARITABLE,,1,4
     90,     59,       ,       ,10 ALICE PECK DAY DR ,18.377176,,,0,9050,CHARITABLE,,1,5
     90,     59,       ,       ,10 ALICE PECK DAY DR ,18.377176,,,0,9050,CHARITABLE,,1,6
     90,     59,       ,       ,10 ALICE PECK DAY DR ,18.377176,,,0,9050,CHARITABLE,,1,7
     90,     59,       ,       ,10 ALICE PECK DAY DR ,18.377176,,,0,9050,CHARITABLE,662600.00,2,1
     90,     59,       ,       ,10 ALICE PECK DAY DR ,18.377176,,,C,9050,CHARITABLE,2491900.00,1,1
     90,     59,  70300,       ,117 MASCOMA ST ,3.000000,,,C,3910,POTNLDEV,274900.00,1,1
     90,     59,  70400,       ,10 ALICE PECK DAY DR ,0.000000,,,0,3050,HOSPITAL,,1,1
     90,     60,       ,       ,0 ORA AVE,0.237259,,,5,1300,RES LAND,71400.00,1,1
     91,      1,       ,       ,77 MASCOMA ST,0.420000,,,5,1010,ONE FAM,78900.00,1,1
     91,      2,       ,       ,71 MASCOMA ST,0.220000,,,5,1010,ONE FAM,66800.00,1,1
     91,      3,       ,       ,69 MASCOMA ST,0.250000,,,5,1010,ONE FAM,68800.00,1,1
     91,      4,       ,       ,65 MASCOMA ST ,0.330000,,,5,1110,APT 4-8,70900.00,1,1
     91,      5,       ,       ,63 MASCOMA ST,0.230000,,,5,1010,ONE FAM,67300.00,1,1
     91,      6,       ,       ,8 CAMERON AVE,0.280000,,,5,1010,ONE FAM,97100.00,1,1
     91,      7,       ,       ,8 WORTHEN ST,0.230000,,,5,1010,ONE FAM,92100.00,1,1
     91,      8,       ,       ,12 WORTHEN ST,0.270000,,,5,1010,ONE FAM,96100.00,1,1
     91,      9,       ,       ,14 WORTHEN ST,0.280000,,,5,1010,ONE FAM,97100.00,1,1
     91,     10,       ,       ,14 YOUNG ST,0.300000,,,5,1010,ONE FAM,99100.00,1,1
     91,     11,       ,       ,16 YOUNG ST,0.130000,,,5,1010,ONE FAM,85500.00,1,1
     91,     12,       ,       ,18 YOUNG ST,0.130000,,,5,1010,ONE FAM,85500.00,1,1
     91,     13,       ,       ,22 YOUNG ST,0.310000,,,5,1010,ONE FAM,100100.00,1,1
     91,     14,       ,       ,24 YOUNG ST,0.260000,,,5,1040,2 FAMILY,95100.00,1,1
     91,     15,       ,       ,26 YOUNG ST,0.310000,,,5,1010,ONE FAM,100100.00,1,1
     91,     16,       ,       ,28 YOUNG ST ,0.330000,,,5,1010,ONE FAM,102100.00,1,1
     91,     17,       ,       ,32 YOUNG ST,0.370000,,,5,1010,ONE FAM,105000.00,1,1
     91,     18,       ,       ,34 YOUNG ST,0.200000,,,5,1010,ONE FAM,90100.00,1,1
     91,     19,       ,       ,36 YOUNG ST,0.220000,,,5,1010,ONE FAM,91400.00,1,1
     91,     20,       ,       ,44 YOUNG ST,0.190000,,,5,1010,ONE FAM,89400.00,1,1
     91,     21,       ,       ,48 YOUNG ST ,0.220000,,,5,1040,2 FAMILY,91400.00,1,1
     91,     22,       ,       ,52 YOUNG ST ,0.330000,,,5,1010,ONE FAM,102100.00,1,1
     91,     23,       ,       ,54 YOUNG ST,0.450000,,,5,1040,2 FAMILY,109700.00,1,1
     91,     24,       ,       ,58 YOUNG ST,0.360000,,,5,1010,ONE FAM,104500.00,1,1
     91,     25,       ,       ,60 YOUNG ST,0.190000,,,5,1010,ONE FAM,89400.00,1,1
     91,     26,       ,       ,40 HOUGH ST,0.540000,,,5,1010,ONE FAM,115000.00,1,1
     91,     27,       ,       ,41 HOUGH ST,0.600000,,,5,1010,ONE FAM,118800.00,1,1
     91,     28,       ,       ,66 YOUNG ST,0.530000,,,5,1010,ONE FAM,114400.00,1,1
     91,     29,       ,       ,70 YOUNG ST,0.220000,,,5,1010,ONE FAM,91400.00,1,1
     91,     30,       ,       ,84 ELDRIDGE ST ,0.290000,,,5,1010,ONE FAM,98100.00,1,1
     91,     31,       ,       ,38 ELDRIDGE ST,0.170000,,,5,1010,ONE FAM,88100.00,1,1
     91,     32,       ,       ,42 ELDRIDGE ST,0.170000,,,5,1050,3 FAMILY,88100.00,1,1
     91,     33,       ,       ,46 ELDRIDGE ST ,0.170000,,,5,1010,ONE FAM,88100.00,1,1
     91,     34,       ,       ,50 ELDRIDGE ST,0.260000,,,5,1010,ONE FAM,95100.00,1,1
     91,     35,       ,       ,54 ELDRIDGE ST,0.260000,,,5,1010,ONE FAM,95100.00,1,1
     91,     36,       ,       ,56 ELDRIDGE ST,0.230000,,,5,1010,ONE FAM,92100.00,1,1
     91,     37,       ,       ,31 HOUGH ST,0.350000,,,5,1010,ONE FAM,103900.00,1,1
     91,     38,       ,       ,27 HOUGH ST,0.200000,,,5,1010,ONE FAM,90100.00,1,1
     91,     39,       ,       ,25 HOUGH ST,0.340000,,,5,1010,ONE FAM,103100.00,1,1
     91,     40,       ,       ,23 HOUGH ST,0.170000,,,5,1010,ONE FAM,88100.00,1,1
     91,     41,       ,       ,21 HOUGH ST,0.200000,,,5,1010,ONE FAM,90100.00,1,1
     91,     42,       ,       ,48 GRANITE ST,0.240000,,,5,1010,ONE FAM,93100.00,1,1
     91,     43,       ,       ,22 HOUGH ST,0.180000,,,5,1010,ONE FAM,88800.00,1,1
     91,     44,       ,       ,24 HOUGH ST,0.410000,,,5,1010,ONE FAM,107400.00,1,1
     91,     45,       ,       ,26 HOUGH ST ,0.320000,,,5,1010,ONE FAM,101100.00,1,1
     91,     45,    100,       ,28 HOUGH ST,0.260000,,,5,1010,ONE FAM,95100.00,1,1
     91,     46,       ,       ,30 HOUGH ST,0.230000,,,5,1010,ONE FAM,92100.00,1,1
     91,     47,       ,       ,32 HOUGH ST,0.273186,,,5,1010,ONE FAM,96400.00,1,1
     91,     48,       ,       ,62 YOUNG ST,0.300000,,,5,1010,ONE FAM,99100.00,1,1
     91,     49,       ,       ,29 FAIRVIEW AVE,0.300000,,,5,1050,3 FAMILY,99100.00,1,1
     91,     50,       ,       ,25 FAIRVIEW AVE,0.130000,,,5,1010,ONE FAM,81200.00,1,1
     91,     51,       ,       ,24 FAIRVIEW AVE ,0.380000,,,5,1010,ONE FAM,105600.00,1,1
     91,     52,       ,       ,26 FAIRVIEW AVE,0.360000,,,5,1010,ONE FAM,104500.00,1,1
     91,     53,       ,       ,0 FAIRVIEW AVE,0.160000,,,5,1320,UNDEV,63300.00,1,1
     91,     54,       ,       ,61 YOUNG ST,0.330000,,,5,1010,ONE FAM,102100.00,1,1
     91,     55,       ,       ,59 YOUNG ST,0.220000,,,5,1010,ONE FAM,91400.00,1,1
     91,     56,       ,       ,33 MASON ST,0.160000,,,5,1050,3 FAMILY,87500.00,1,1
     91,     57,       ,       ,27 MASON ST,0.160000,,,5,1050,3 FAMILY,87500.00,1,1
     91,     58,       ,       ,23 MASON ST,0.120000,,,5,1040,2 FAMILY,84800.00,1,1
     91,     59,       ,       ,19 MASON ST,0.120000,,,5,1010,ONE FAM,84800.00,1,1
     91,     60,       ,       ,32 GRANITE ST,0.130000,,,5,1050,3 FAMILY,85500.00,1,1
     91,     61,       ,       ,24 MASON ST,0.120000,,,5,1050,3 FAMILY,84800.00,1,1
     91,     62,       ,       ,26-28 MASON ST ,0.160000,,,0,1110,APT 4-8,,1,2
     91,     62,       ,       ,26-28 MASON ST ,0.160000,,,5,1110,APT 4-8,87500.00,1,1
     91,     63,       ,       ,35 WEST ST,0.290000,,,5,1040,2 FAMILY,98100.00,1,1
     91,     64,       ,       ,55 YOUNG ST,0.100000,,,5,1010,ONE FAM,83200.00,1,1
     91,     65,       ,       ,39 WEST ST,0.160000,,,5,1010,ONE FAM,87500.00,1,1
     91,     66,       ,       ,37 WEST ST,0.180000,,,5,1010,ONE FAM,88800.00,1,1
     91,     67,       ,       ,33 WEST ST,0.120000,,,5,1010,ONE FAM,84800.00,1,1
     91,     68,       ,       ,29 WEST ST,0.140000,,,5,1010,ONE FAM,86200.00,1,1
     91,     69,       ,       ,25 WEST ST,0.160000,,,5,1050,3 FAMILY,87500.00,1,1
     91,     70,       ,       ,21 WEST ST,0.130000,,,5,1010,ONE FAM,85500.00,1,1
     91,     71,       ,       ,20 WEST ST ,0.120000,,,5,013R,RES/COM-Res,84800.00,1,1
     91,     72,       ,       ,24 WEST ST ,0.200000,,,5,1110,APT 4-8,99100.00,1,1
     91,     73,       ,       ,30 WEST ST,0.080000,,,5,1010,ONE FAM,73400.00,1,1
     91,     74,       ,       ,8 CHILD ST ,0.110000,,,5,1010,ONE FAM,84100.00,1,1
     91,     75,       ,       ,36 WEST ST,0.110000,,,5,1010,ONE FAM,84100.00,1,1
     91,     76,       ,       ,38 WEST ST,0.120000,,,5,1010,ONE FAM,84800.00,1,1
     91,     77,       ,       ,40 WEST ST,0.280000,,,5,1010,ONE FAM,97100.00,1,1
     91,     78,       ,       ,14 CHILD ST,0.130000,,,5,1010,ONE FAM,85500.00,1,1
     91,     79,       ,       ,10 CHILD ST,0.160000,,,5,1040,2 FAMILY,87500.00,1,1
     91,     80,       ,       ,4 CHILD ST ,0.232904,,,5,1010,ONE FAM,92400.00,1,1
     91,     80,      1,       ,6 CHILD ST,0.159783,,,5,1010,ONE FAM,87500.00,1,1
     91,     81,       ,       ,24 GRANITE ST,0.300000,,,5,1110,APT 4-8,109000.00,1,1
     91,     82,       ,       ,18 GRANITE ST ,0.270000,,,5,1010,ONE FAM,96100.00,1,1
     91,     83,       ,       ,5 CHILD ST ,0.390000,,,5,1040,2 FAMILY,100900.00,1,1
     91,     84,       ,       ,7 CHILD ST,0.250000,,,5,1010,ONE FAM,94100.00,1,1
     91,     85,       ,       ,9 CHILD ST,0.290000,,,5,1010,ONE FAM,98100.00,1,1
     91,     86,       ,       ,37 YOUNG ST,0.280000,,,5,1010,ONE FAM,97100.00,1,1
     91,     87,       ,       ,33 YOUNG ST,0.290000,,,5,1040,2 FAMILY,98100.00,1,1
     91,     88,       ,       ,6 BLISS ST,0.220000,,,5,1010,ONE FAM,82300.00,1,1
     91,     89,       ,       ,5 BLISS ST,0.200000,,,5,1010,ONE FAM,90100.00,1,1
     91,     90,       ,       ,44 GUYER ST,0.180000,,,5,1010,ONE FAM,88800.00,1,1
     91,     91,       ,       ,42 GUYER ST,0.180000,,,5,1010,ONE FAM,88800.00,1,1
     91,     92,       ,       ,40 GUYER ST ,0.130000,,,5,1010,ONE FAM,85500.00,1,1
     91,     93,       ,       ,38 GUYER ST,0.190000,,,5,1010,ONE FAM,89400.00,1,1
     91,     94,       ,       ,34 GUYER ST,0.260000,,,5,1040,2 FAMILY,95100.00,1,1
     91,     95,       ,       ,30 GUYER ST,0.450000,,,5,1010,ONE FAM,109700.00,1,1
     91,     96,       ,       ,26 GUYER ST,0.190000,,,5,1010,ONE FAM,89400.00,1,1
     91,     97,       ,       ,24 GUYER ST,0.110000,,,5,1010,ONE FAM,84100.00,1,1
     91,     98,       ,       ,12 GRANITE ST,0.100000,,,5,1010,ONE FAM,67400.00,1,1
     91,     99,       ,       ,27 GUYER ST,0.500000,,,5,1010,ONE FAM,112700.00,1,1
     91,    100,       ,       ,31 GUYER ST,0.280000,,,,1012,ONE FAM W ACC,0.00,1,2
     91,    100,       ,       ,31 GUYER ST,0.280000,,,5,1012,ONE FAM W ACC,97100.00,1,1
     91,    101,       ,       ,35 GUYER ST,0.240000,,,5,1010,ONE FAM,93100.00,1,1
     91,    102,       ,       ,39 GUYER ST,0.190000,,,5,1040,2 FAMILY,89400.00,1,1
     91,    103,       ,       ,43 GUYER ST,0.210000,,,5,1010,ONE FAM,90800.00,1,1
     91,    104,       ,       ,7 WORTHEN ST,0.190000,,,5,1010,ONE FAM,89400.00,1,1
     91,    105,       ,       ,10 CAMERON AVE,0.180000,,,5,1300,RES LAND,88800.00,1,1
     91,    106,       ,       ,9 CAMERON AVE,0.290000,,,5,1010,ONE FAM,98100.00,1,1
     91,    107,       ,       ,7 CAMERON AVE,0.190000,,,5,1010,ONE FAM,89400.00,1,1
     91,    108,       ,       ,57 MASCOMA ST,0.160000,,,5,1010,ONE FAM,63900.00,1,1
     91,    109,       ,       ,55 MASCOMA ST,0.420000,,,5,1110,APT 4-8,75000.00,1,1
     91,    110,       ,       ,51 MASCOMA ST,0.280000,,,5,1010,ONE FAM,67400.00,1,1
     91,    111,       ,       ,49 MASCOMA ST ,0.300000,,,5,1010,ONE FAM,72400.00,1,1
     91,    112,       ,       ,47 MASCOMA ST,0.320000,,,5,1050,3 FAMILY,73900.00,1,1
     91,    113,       ,       ,43 MASCOMA ST,0.250000,,,5,1040,2 FAMILY,68800.00,1,1
     91,    114,       ,       ,6 GRANITE ST ,0.160000,,,5,1012,ONE FAM W ACC,78700.00,1,1
     91,    115,       ,       ,8 GRANITE ST,0.270000,,,5,1040,2 FAMILY,96100.00,1,1
     91,    116,       ,       ,10 GRANITE ST ,0.210000,,,5,1010,ONE FAM,81700.00,1,1
     91,    117,       ,       ,9 GRANITE ST,0.130000,,,5,1040,2 FAMILY,85500.00,1,1
     91,    118,       ,       ,5 GRANITE ST,0.240000,,,5,1040,2 FAMILY,93100.00,1,1
     91,    119,       ,       ,39 MASCOMA ST,0.400000,,,5,1110,APT 4-8,90400.00,1,1
     91,    120,       ,       ,37 MASCOMA ST,0.220000,,,5,1040,2 FAMILY,66800.00,1,1
     91,    121,       ,       ,35 MASCOMA ST,0.220000,,,5,1010,ONE FAM,66800.00,1,1
     91,    122,       ,       ,7 GUYER ST ,0.160000,,,5,1040,2 FAMILY,87500.00,1,1
     91,    123,       ,       ,9 GUYER ST,0.130000,,,5,1010,ONE FAM,85500.00,1,1
     91,    124,       ,       ,13 GUYER ST,0.120000,,,5,1010,ONE FAM,84800.00,1,1
     91,    125,       ,       ,13 GRANITE ST ,0.160000,,,5,1010,ONE FAM,87500.00,1,1
     91,    126,       ,       ,14 GUYER ST,0.160000,,,5,1010,ONE FAM,87500.00,1,1
     91,    127,       ,       ,12 GUYER ST,0.300000,,,5,1010,ONE FAM,99100.00,1,1
     91,    128,       ,       ,29 MASCOMA ST ,0.201125,,,C,0310,COM/RES,71200.00,1,1
     91,    129,       ,       ,4 HIGH ST,0.390000,,,5,1050,3 FAMILY,90300.00,1,1
     91,    130,       ,       ,8 HIGH ST,0.268255,,,5,1110,APT 4-8,105500.00,1,1
     91,    131,       ,       ,12 HIGH ST,0.290000,,,5,1110,APT 4-8,98100.00,1,1
     91,    132,       ,       ,14 HIGH ST,0.260000,,,5,1110,APT 4-8,104600.00,1,1
     91,    133,       ,       ,16 HIGH ST ,0.180000,,,C,112C,APT 9+UP-Comm,197600.00,1,1
     91,    134,       ,       ,18 HIGH ST,0.080000,,,5,1040,2 FAMILY,69300.00,1,1
     91,    135,       ,       ,4 WEST ST,0.090000,,,5,1040,2 FAMILY,82400.00,1,1
     91,    136,       ,       ,06 1/2 BENNETT CT,0.070000,,,5,1040,2 FAMILY,72600.00,1,1
     91,    137,       ,       ,6 BENNETT CT ,0.100000,,,5,1010,ONE FAM,74900.00,1,1
     91,    138,       ,       ,6 WEST ST,0.090000,,,5,1010,ONE FAM,74200.00,1,1
     91,    139,       ,       ,10 WEST ST ,0.129477,,,0,9550,CONDO MSTR,0.00,2,1
     91,    139,       ,       ,10 WEST ST ,0.129477,,,C,9550,CONDO MSTR,142300.00,1,1
     91,    139,    101,       ,10 WEST ST 1,0.000000,,,5,1020,CONDO,,1,1
     91,    139,    201,       ,10 WEST ST 2,0.000000,,,5,1020,CONDO,,1,1
     91,    139,    301,       ,10 WEST ST 3,0.000000,,,5,1020,CONDO,,1,1
     91,    139,    401,       ,10 WEST ST 4,0.000000,,,5,1020,CONDO,,1,1
     91,    140,       ,       ,12 WEST ST ,0.160000,,,5,1010,ONE FAM,87500.00,1,1
     91,    141,       ,       ,24 JORDAN CT,0.110000,,,5,1040,2 FAMILY,84100.00,1,1
     91,    142,       ,       ,10 JORDAN CT,0.270000,,,5,1040,2 FAMILY,91300.00,1,1
     91,    143,       ,       ,7 JORDAN CT,0.270000,,,5,1010,ONE FAM,86500.00,1,1
     91,    144,       ,       ,4 JORDAN CT,0.220000,,,5,1050,3 FAMILY,91400.00,1,1
     91,    145,       ,       ,16 WEST ST,0.160000,,,5,1040,2 FAMILY,87500.00,1,1
     91,    146,       ,       ,17 WEST ST,0.140000,,,5,1040,2 FAMILY,86200.00,1,1
     91,    147,       ,       ,15 WEST ST ,0.150000,,,5,1110,APT 4-8,86800.00,1,1
     91,    148,       ,       ,9 WEST ST,0.070000,,,5,1012,ONE FAM W ACC,80700.00,1,1
     91,    149,       ,       ,5 WEST ST,0.070000,,,5,1040,2 FAMILY,80700.00,1,1
     91,    150,       ,       ,3 WEST ST,0.070000,,,5,1040,2 FAMILY,80700.00,1,1
     91,    151,       ,       ,1 WEST ST,0.069995,,,5,1040,2 FAMILY,80700.00,1,1
     91,    154,       ,       ,24 HIGH ST ,0.339991,,,C,9030,MUNICPAL,188100.00,1,1
     91,    155,       ,       ,4 LIGHT ST,0.100000,,,5,1060,OUT BLDS,83200.00,1,1
     91,    156,       ,       ,6 LIGHT ST,0.100000,,,5,1010,ONE FAM,83200.00,1,1
     91,    157,       ,       ,8 LIGHT ST,0.170000,,,5,1040,2 FAMILY,88100.00,1,1
     91,    158,       ,       ,10 LIGHT ST ,0.090000,,,5,1010,ONE FAM,41200.00,1,1
     91,    159,       ,       ,31 GRANITE ST,0.120000,,,5,1040,2 FAMILY,84800.00,1,1
     91,    160,       ,       ,33 GRANITE ST,0.120000,,,5,1010,ONE FAM,84800.00,1,1
     91,    161,       ,       ,15 LIGHT ST ,0.210000,,,0,1090,MULT HS,,1,2
     91,    161,       ,       ,15 LIGHT ST ,0.210000,,,5,1090,MULT HS,90800.00,1,1
     91,    162,       ,       ,11 LIGHT ST,0.190000,,,5,1010,ONE FAM,89400.00,1,1
     91,    163,       ,       ,7 LIGHT ST ,0.300000,,,5,1050,3 FAMILY,99100.00,1,1
     91,    164,       ,       ,5 LIGHT ST,0.130000,,,5,1010,ONE FAM,85500.00,1,1
     91,    165,       ,       ,38 HIGH ST ,0.220000,,,5,1110,APT 4-8,91400.00,1,1
     91,    166,       ,       ,2 FAIRVIEW AVE ,0.180000,,,5,1110,APT 4-8,88800.00,1,1
     91,    167,       ,       ,6 FAIRVIEW AVE ,0.380000,,,5,1010,ONE FAM,105600.00,1,1
     91,    168,       ,       ,14 FAIRVIEW AVE ,0.250000,,,,1012,ONE FAM W ACC,0.00,1,2
     91,    168,       ,       ,14 FAIRVIEW AVE ,0.250000,,,5,1012,ONE FAM W ACC,94100.00,1,1
     91,    170,       ,       ,18 FAIRVIEW AVE,0.280000,,,5,1040,2 FAMILY,97100.00,1,1
     91,    171,       ,       ,22 FAIRVIEW AVE,0.290000,,,5,1010,ONE FAM,98100.00,1,1
     91,    172,       ,       ,21 FAIRVIEW AVE,0.150000,,,5,1010,ONE FAM,86800.00,1,1
     91,    173,       ,       ,19 FAIRVIEW AVE,0.160000,,,5,1040,2 FAMILY,87500.00,1,1
     91,    174,       ,       ,17 FAIRVIEW AVE,0.180000,,,5,1050,3 FAMILY,88800.00,1,1
     91,    175,       ,       ,13 FAIRVIEW AVE,0.230000,,,5,1040,2 FAMILY,92100.00,1,1
     91,    176,       ,       ,11 FAIRVIEW AVE ,0.310000,,,C,906R,CHURCH-Res,342500.00,1,1
     91,    177,       ,       ,2 HOUGH ST ,1.280005,,,0,906R,CHURCH-Res,,1,2
     91,    177,       ,       ,2 HOUGH ST ,1.280005,,,C,9060,CHURCH,469200.00,1,1
     91,    178,       ,       ,4 HOUGH ST,0.160000,,,5,1010,ONE FAM,87500.00,1,1
     91,    179,       ,       ,8 HOUGH ST,0.240000,,,5,1010,ONE FAM,93100.00,1,1
     91,    181,       ,       ,12 HOUGH ST,0.380000,,,5,1010,ONE FAM,105600.00,1,1
     91,    182,       ,       ,14 HOUGH ST,0.180000,,,5,1010,ONE FAM,88800.00,1,1
     91,    183,       ,       ,16 HOUGH ST ,0.180000,,,5,1040,2 FAMILY,88800.00,1,1
     91,    184,       ,       ,19 HOUGH ST ,0.180000,,,5,1010,ONE FAM,88800.00,1,1
     91,    185,       ,       ,17 HOUGH ST,0.170000,,,5,1010,ONE FAM,88100.00,1,1
     91,    186,       ,       ,13 HOUGH ST,0.170000,,,5,1010,ONE FAM,88100.00,1,1
     91,    187,       ,       ,11 HOUGH ST,0.170000,,,5,1040,2 FAMILY,88100.00,1,1
     91,    188,       ,       ,9 HOUGH ST,0.250000,,,5,1010,ONE FAM,94100.00,1,1
     91,    189,       ,       ,07-1/2 HOUGH ST,0.171166,,,5,1010,ONE FAM,83800.00,1,1
     91,    190,       ,       ,7 HOUGH ST,0.170000,,,5,1010,ONE FAM,88100.00,1,1
     91,    191,       ,       ,5 HOUGH ST,0.170000,,,5,1050,3 FAMILY,88100.00,1,1
     91,    192,       ,       ,3 HOUGH ST,0.140000,,,5,1050,3 FAMILY,86200.00,1,1
     91,    193,       ,       ,1 HOUGH ST,0.210000,,,5,1010,ONE FAM,81700.00,1,1
     91,    194,       ,       ,60 HANOVER ST ,0.210000,,,C,9050,CHARITABLE,236600.00,1,1
     91,    195,       ,       ,62 HANOVER ST,0.160000,,,5,1110,APT 4-8,100900.00,1,1
     91,    196,       ,       ,66 HANOVER ST,0.160000,,,C,3370,PARK LOT,111100.00,1,1
     91,    197,       ,       ,70 HANOVER ST ,0.240000,,,C,3250,STORE,220500.00,1,1
     91,    198,       ,       ,72 HANOVER ST,0.280000,,,5,1050,3 FAMILY,112000.00,1,1
     91,    199,       ,       ,74 HANOVER ST,0.110000,,,5,1050,3 FAMILY,97000.00,1,1
     91,    200,       ,       ,76 HANOVER ST ,0.419559,,,5,1110,APT 4-8,124600.00,1,1
     91,    201,       ,       ,12 ELDRIDGE ST,0.190000,,,5,1050,3 FAMILY,89400.00,1,1
     91,    202,       ,       ,14 ELDRIDGE ST,0.070000,,,5,1010,ONE FAM,80700.00,1,1
     91,    203,       ,       ,16 ELDRIDGE ST,0.090000,,,5,1050,3 FAMILY,82400.00,1,1
     91,    204,       ,       ,18 ELDRIDGE ST,0.170000,,,5,1050,3 FAMILY,88100.00,1,1
     91,    205,       ,       ,22 ELDRIDGE ST,0.170000,,,0,1110,APT 4-8,,1,2
     91,    205,       ,       ,22 ELDRIDGE ST,0.170000,,,5,1110,APT 4-8,88100.00,1,1
     91,    206,       ,       ,24 ELDRIDGE ST,0.170000,,,5,1050,3 FAMILY,88100.00,1,1
     91,    207,       ,       ,26 ELDRIDGE ST,0.050000,,,5,1010,ONE FAM,62400.00,1,1
     91,    208,       ,       ,28 ELDRIDGE ST,0.120000,,,5,1010,ONE FAM,84800.00,1,1
     91,    209,       ,       ,32 ELDRIDGE ST,0.170000,,,5,1010,ONE FAM,88100.00,1,1
     91,    210,       ,       ,84 HANOVER ST,0.423783,,,C,3400,OFFICE,284900.00,1,1
     91,    211,       ,       ,87 HANOVER ST,1.260009,,,0,3160,COMMWHSE,,1,2
     91,    211,       ,       ,87 HANOVER ST,1.260009,,,C,3160,COMMWHSE,461900.00,1,1
     91,    212,       ,       ,79 HANOVER ST,0.550000,,,C,3400,OFFICE,304500.00,1,1
     91,    213,       ,       ,75 HANOVER ST ,0.670000,,,5,1040,2 FAMILY,142500.00,1,1
     91,    214,       ,       ,71 HANOVER ST,0.370000,,,5,1210,BOARDING,109100.00,1,1
     91,    215,       ,       ,67 HANOVER ST,0.070000,,,5,3910,POTNLDEV,46600.00,1,1
     91,    216,       ,       ,69 HANOVER ST,0.180000,,,A,3250,STORE,91200.00,1,1
     91,    217,       ,       ,65 HANOVER ST ,0.330005,,,5,1120,APT 9+UP,106000.00,1,1
     91,    218,       ,       ,63 HANOVER ST ,0.230000,,,C,0310,COM/RES,218200.00,1,1
     91,    219,       ,       ,59 HANOVER ST ,0.310000,,,C,0310,COM/RES,263500.00,1,1
     91,    220,       ,       ,57 HANOVER ST,0.110000,,,C,3250,STORE,145500.00,1,1
     91,    221,       ,       ,55 HANOVER ST,0.060000,,,C,3250,STORE,116100.00,1,1
     91,    222,       ,       ,9 HIGH ST ,1.869995,,,C,112C,APT 9+UP-Comm,685500.00,1,1
     91,    223,       ,       ,0 HANOVER ST,0.080000,,,5,3920,UNDV-COM,7100.00,1,1
     91,    225,       ,       ,5 HIGH ST,0.170000,,,C,3250,STORE,143500.00,1,1
     91,    226,       ,       ,1 HIGH ST,0.080000,,,C,3250,STORE,149400.00,1,1
     91,    227,       ,       ,0 MASCOMA ST,0.112029,,,C,9030,MUNICPAL,20800.00,1,1
     91,    228,       ,       ,17 MASCOMA ST,0.470000,,,C,3400,OFFICE,204400.00,1,1
     91,    229,       ,       ,0 HANOVER ST,0.180000,,,C,9030,MUNICPAL,2300.00,1,1
     91,    230,       ,       ,0 HANOVER ST,3.389991,,,C,9030,MUNICPAL,1242600.00,1,1
     91,    232,       ,       ,20 W PARK ST ,0.330000,,,C,3400,OFFICE,268700.00,1,1
     91,    233,       ,       ,2 W PARK ST,0.220000,,,C,3400,OFFICE,239500.00,1,1
     91,    235,       ,       ,20-22 HANOVER ST,0.180000,,,C,3250,STORE,228000.00,1,1
     91,    236,       ,       ,24 HANOVER ST ,0.150000,,,C,3250,STORE,219400.00,1,1
     91,    237,       ,       ,0 HANOVER ST ,0.600000,,,C,9030,MUNICPAL,313300.00,1,1
     91,    238,       ,       ,45 HANOVER ST ,0.220000,,,C,3260,REST/BAR,239500.00,1,1
     91,    239,      E,       ,39 HANOVER ST ,0.180005,,,C,9040,SCHOOL,228000.00,1,1
     91,    241,       ,       ,31 HANOVER ST,0.110000,,,C,3400,OFFICE,207900.00,1,1
     91,    242,       ,       ,15 HANOVER ST,0.220000,,,C,9040,SCHOOL,239500.00,1,1
     91,    243,       ,       ,9 HANOVER ST,0.100000,,,C,3400,OFFICE,205000.00,1,1
     91,    244,       ,       ,1 COURT ST,0.210000,,,C,3400,OFFICE,236600.00,1,1
     91,    245,       ,       ,0 FLYNN ST,1.169605,,,C,9030,MUNICPAL,428700.00,1,1
     91,    246,       ,       ,51 N PARK ST,0.523416,,,C,903C,MUNICPAL-Comm,300400.00,1,1
     91,    246,    100,       ,0 COURT ST,0.194789,,,C,3370,PARK LOT,232300.00,1,1
     91,    247,       ,       ,67 N PARK ST ,0.180000,,,C,3410,BANK,228000.00,1,1
     91,    248,       ,       ,55 N PARK ST ,0.070000,,,C,0310,COM/RES,196400.00,1,1
     91,    249,       ,       ,10 S PARK ST ,0.560000,,,C,9060,CHURCH,306100.00,1,1
     91,    250,       ,       ,CHURCH ST ,0.269995,,,0,9550,CONDO MSTR,80000.00,2,1
     91,    250,       ,       ,CHURCH ST ,0.269995,,,C,9550,CONDO MSTR,168600.00,1,1
     91,    250,    100,       ,24 CHURCH ST ,0.000000,,,5,1020,CONDO,,1,1
     91,    250,    200,       ,26 CHURCH ST ,0.000000,,,5,1020,CONDO,,1,1
     91,    251,       ,       ,20 CHURCH ST ,0.289991,,,0,9550,CONDO MSTR,80000.00,2,1
     91,    251,       ,       ,20 CHURCH ST ,0.289991,,,C,9550,CONDO MSTR,172100.00,1,1
     91,    251,    100,       ,20 CHURCH ST,0.000000,,,5,1020,CONDO,,1,1
     91,    251,    200,       ,22 CHURCH ST ,0.000000,,,5,1020,CONDO,,1,1
     91,    252,       ,       ,14 CHURCH ST,0.280000,,,C,905R,CHARITABLE-Res,85200.00,1,1
     91,    253,       ,       ,12 S PARK ST ,0.789991,,,C,903I,MUNICPAL-Ind,341400.00,1,1
     91,    254,       ,       ,2 MASCOMA ST ,2.100000,,,0,3240,SUPERMKT,0.00,1,2
     91,    254,       ,       ,2 MASCOMA ST ,2.100000,,,C,3240,SUPERMKT,692800.00,1,1
     91,    255,       ,       ,0 WATER ST ,1.470000,,,0,3900,DEV LAND,2300.00,2,1
     91,    255,       ,       ,0 WATER ST ,1.470000,,,C,3900,DEV LAND,183300.00,1,1
     91,    257,       ,       ,21 WATER ST ,0.610000,,,C,0310,COM/RES,184400.00,1,1
     91,    258,       ,       ,12 WATER ST,1.450000,,,0,3160,COMMWHSE,3500.00,2,1
     91,    258,       ,       ,12 WATER ST,1.450000,,,C,3160,COMMWHSE,348200.00,1,1
     91,    259,       ,       ,10 WATER ST ,0.460000,,,C,4020,IND OFC,290600.00,1,1
     91,    260,       ,       ,18 MASCOMA ST,0.170000,,,C,3250,STORE,90100.00,1,1
     91,    261,       ,       ,18 1/2 MASCOMA ST ,0.150000,,,C,3310,AUTOPART,142600.00,1,1
     91,    262,       ,       ,0 FOUNDRY ST ,0.200000,,,5,3370,PARK LOT,19800.00,1,1
     91,    263,       ,       ,1 FOUNDRY ST ,3.669789,,,0,4000,FACTORY,0.00,1,2
     91,    263,       ,       ,1 FOUNDRY ST ,3.669789,,,C,4000,FACTORY,403600.00,1,1
     91,    264,       ,       ,1 MECHANIC ST ,0.320000,,,C,1120,APT 9+UP,185700.00,1,1
     91,    265,       ,       ,5 MECHANIC ST,0.130000,,,5,1050,3 FAMILY,88800.00,1,1
     91,    266,       ,       ,9 MECHANIC ST,0.130000,,,5,1110,APT 4-8,88800.00,1,1
     91,    269,       ,       ,39 MECHANIC ST ,0.550000,,,C,0310,COM/RES,304500.00,1,1
     91,    270,       ,       ,50 MECHANIC ST,0.480000,,,0,1110,APT 4-8,,1,2
     91,    270,       ,       ,50 MECHANIC ST,0.480000,,,0,1110,APT 4-8,,1,3
     91,    270,       ,       ,50 MECHANIC ST,0.480000,,,5,1110,APT 4-8,80200.00,1,1
     91,    271,       ,       ,48 MECHANIC ST ,0.220000,,,5,1040,2 FAMILY,59800.00,1,1
     91,    272,       ,       ,44 MECHANIC ST,0.120000,,,5,1010,ONE FAM,55500.00,1,1
     91,    273,       ,       ,42 MECHANIC ST,0.140000,,,5,1010,ONE FAM,50700.00,1,1
     91,    274,       ,       ,40 MECHANIC ST,0.220000,,,5,1010,ONE FAM,59800.00,1,1
     91,    275,       ,       ,36 MECHANIC ST,0.200000,,,5,1040,2 FAMILY,58900.00,1,1
     91,    276,       ,       ,34 MECHANIC ST,0.140000,,,5,1040,2 FAMILY,56300.00,1,1
     91,    277,       ,       ,32 MECHANIC ST ,0.080000,,,4,1040,2 FAMILY,59600.00,1,1
     91,    278,       ,       ,26 MECHANIC ST ,0.160000,,,5,1040,2 FAMILY,57200.00,1,1
     91,    279,       ,       ,30 MECHANIC ST ,0.110000,,,5,1010,ONE FAM,55000.00,1,1
     91,    280,       ,       ,20 MECHANIC ST ,0.270000,,,5,1110,APT 4-8,69100.00,1,1
     91,    281,       ,       ,6 MECHANIC ST ,0.195381,,,C,3320,AUTO REP,193700.00,1,1
     91,    282,       ,       ,40 MASCOMA ST,0.103857,,,5,1010,ONE FAM,55000.00,1,1
     91,    283,       ,       ,46 MASCOMA ST,0.160000,,,5,1010,ONE FAM,54300.00,1,1
     91,    284,       ,       ,50 MASCOMA ST ,0.320000,,,5,1040,2 FAMILY,73900.00,1,1
     91,    285,       ,       ,54 MASCOMA ST,0.230000,,,5,1040,2 FAMILY,67300.00,1,1
     91,    286,       ,       ,56 MASCOMA ST,0.220000,,,5,1040,2 FAMILY,66800.00,1,1
     91,    287,       ,       ,62 MASCOMA ST,0.640000,,,5,1010,ONE FAM,88800.00,1,1
     91,    288,       ,       ,66 MASCOMA ST,0.320000,,,5,1040,2 FAMILY,73900.00,1,1
     91,    289,       ,       ,11 ELDRIDGE ST ,0.782828,,,C,3400,OFFICE,340600.00,1,1
     92,      1,       ,       ,0 SCHOOL ST,4.980005,,,C,9200,CEMETERY,791000.00,1,1
     92,      2,       ,       ,22 SCHOOL ST ,0.990000,,,C,0310,COM/RES,316600.00,1,1
     92,      3,       ,       ,18 SCHOOL ST ,0.570000,,,C,9060,CHURCH,533200.00,1,1
     92,      4,       ,       ,14 SCHOOL ST ,0.690000,,,0,3250,STORE,0.00,1,2
     92,      4,       ,       ,14 SCHOOL ST ,0.690000,,,5,013R,RES/COM-Res,124900.00,1,1
     92,      5,       ,       ,10 SCHOOL ST,0.231887,,,5,1050,3 FAMILY,83000.00,1,1
     92,      6,       ,       ,8 SCHOOL ST ,0.149059,,,5,1110,APT 4-8,95400.00,1,1
     92,      7,       ,       ,2 S PARK ST,0.320000,,,C,3400,OFFICE,252800.00,1,1
     92,      8,       ,       ,4 S PARK ST ,0.583884,,,C,1120,APT 9+UP,310200.00,1,1
     92,      9,       ,       ,6 S PARK ST,0.520000,,,C,3400,OFFICE,284900.00,1,1
     92,     10,       ,       ,8 S PARK ST ,0.510000,,,C,9050,CHARITABLE,298300.00,1,1
     92,     11,       ,       ,0 N PARK ST,2.380005,,,C,9030,MUNICPAL,872400.00,1,1
     92,     12,       ,       ,39 N PARK ST ,0.639991,,,C,9080,HOUSING,641900.00,1,1
     92,     13,       ,       ,31 N PARK ST,0.090000,,,C,903C,MUNICPAL-Comm,202100.00,1,1
     92,     14,       ,       ,1 N PARK ST,0.260000,,,C,3260,REST/BAR,250300.00,1,1
     92,     15,       ,       ,2 CAMPBELL ST ,0.150000,,,C,3420,MEDICAL OFF,219400.00,1,1
     92,     19,       ,       ,15 FLYNN ST,0.230000,,,5,1110,APT 4-8,106300.00,1,1
     92,     20,       ,       ,11 FLYNN ST,0.060000,,,5,1010,ONE FAM,46100.00,1,1
     92,     21,       ,       ,13 FLYNN ST ,0.070000,,,5,1010,ONE FAM,44200.00,1,1
     92,     22,       ,       ,0 CAMPBELL ST,0.200000,,,C,3370,PARK LOT,187000.00,1,1
     92,     23,       ,       ,10-12 CAMPBELL ST ,1.130000,,,0,9050,CHARITABLE,,1,2
     92,     23,       ,       ,10-12 CAMPBELL ST ,1.130000,,,C,9050,CHARITABLE,414200.00,1,1
     92,     25,       ,       ,1 TAYLOR ST ,9.400000,,,0,9050,CHARITABLE,36100.00,2,1
     92,     25,       ,       ,1 TAYLOR ST ,9.400000,,,C,9050,CHARITABLE,733100.00,1,1
     92,     28,       ,       ,5 SPENCER ST,0.350000,,,0,1110,APT 4-8,,1,2
     92,     28,       ,       ,5 SPENCER ST,0.350000,,,5,1110,APT 4-8,89900.00,1,1
     92,     29,       ,       ,15 SPENCER ST,0.080000,,,5,1010,ONE FAM,42300.00,1,1
     92,     30,       ,       ,17 SPENCER ST ,3.300000,,,0,9030,MUNICPAL,6300.00,2,1
     92,     30,       ,       ,17 SPENCER ST ,3.300000,,,C,9030,MUNICPAL,329900.00,1,1
     92,     31,       ,       ,20 SPENCER ST,1.922062,,,C,9030,MUNICPAL,704500.00,1,1
     92,     33,       ,       ,10 SPENCER ST ,0.309229,,,C,316C,COMMWHSE-Comm,263300.00,1,1
     92,     34,       ,       ,4 SPENCER ST ,0.140000,,,5,1110,APT 4-8,99400.00,1,1
     92,     36,       ,       ,2 SPENCER ST ,0.756061,,,,1120,APT 9+UP,0.00,1,2
     92,     36,       ,       ,2 SPENCER ST ,0.756061,,,C,1120,APT 9+UP,337700.00,1,1
     92,     37,       ,       ,19 PARKHURST ST,0.180000,,,5,1050,3 FAMILY,88800.00,1,1
     92,     38,       ,       ,23 PARKHURST ST ,0.200000,,,5,1110,APT 4-8,90100.00,1,1
     92,     39,       ,       ,27 PARKHURST ST,0.170000,,,5,1110,APT 4-8,88100.00,1,1
     92,     40,       ,       ,29 PARKHURST ST,0.180000,,,5,1040,2 FAMILY,88800.00,1,1
     92,     41,       ,       ,33 PARKHURST ST ,0.160000,,,5,1050,3 FAMILY,87500.00,1,1
     92,     42,       ,       ,35 PARKHURST ST,0.150000,,,5,1050,3 FAMILY,86800.00,1,1
     92,     43,       ,       ,37 PARKHURST ST,0.310000,,,5,1050,3 FAMILY,100100.00,1,1
     92,     44,       ,       ,9 ALLEN ST ,0.400000,,,5,1040,2 FAMILY,106800.00,1,1
     92,     45,       ,       ,5 ALLEN ST,0.250000,,,5,1040,2 FAMILY,94100.00,1,1
     92,     46,       ,       ,3 ALLEN ST,0.140000,,,5,1010,ONE FAM,86200.00,1,1
     92,     47,       ,       ,4 ALLEN ST,0.160000,,,5,1040,2 FAMILY,87500.00,1,1
     92,     48,       ,       ,6 ALLEN ST ,0.160000,,,5,013R,RES/COM-Res,96200.00,1,1
     92,     49,       ,       ,32 PARKHURST ST,0.180000,,,5,1040,2 FAMILY,88800.00,1,1
     92,     50,       ,       ,28 PARKHURST ST,0.110000,,,5,1040,2 FAMILY,84100.00,1,1
     92,     51,       ,       ,26 PARKHURST ST ,0.140000,,,5,1050,3 FAMILY,86200.00,1,1
     92,     52,       ,       ,24 PARKHURST ST,0.050000,,,5,1050,3 FAMILY,59000.00,1,1
     92,     53,       ,       ,22 PARKHURST ST ,0.110000,,,5,1010,ONE FAM,84100.00,1,1
     92,     54,       ,       ,1 ELM ST ,0.080000,,,5,1010,ONE FAM,81500.00,1,1
     92,     55,       ,       ,3 ELM ST,0.150000,,,5,1040,2 FAMILY,86800.00,1,1
     92,     56,       ,       ,5 ELM ST,0.150000,,,5,1010,ONE FAM,86800.00,1,1
     92,     57,       ,       ,ELM ST ,0.393618,,,0,9550,CONDO MSTR,312000.00,2,1
     92,     57,       ,       ,ELM ST ,0.393618,,,C,9550,CONDO MSTR,242800.00,1,1
     92,     57,    200,       ,2 ELM ST ,0.000000,,,5,1020,CONDO,,1,1
     92,     57,    400,       ,4 ELM ST,0.000000,,,5,1020,CONDO,,1,1
     92,     57,    600,       ,6 ELM ST,0.000000,,,5,1020,CONDO,,1,1
     92,     57,    800,       ,8 ELM ST ,0.000000,,,5,1020,CONDO,,1,1
     92,     57,   1000,       ,10 ELM ST,0.000000,,,5,1020,CONDO,,1,1
     92,     57,   1200,       ,12 ELM ST,0.000000,,,5,1020,CONDO,,1,1
     92,     60,       ,       ,20 PARKHURST ST ,0.180000,,,5,1040,2 FAMILY,88800.00,1,1
     92,     61,       ,       ,16 PARKHURST ST,0.240000,,,5,1040,2 FAMILY,93100.00,1,1
     92,     62,       ,       ,14 PARKHURST ST ,0.318641,,,C,1120,APT 9+UP,265700.00,1,1
     92,     63,       ,       ,10 PARKHURST ST ,0.339302,,,C,9080,HOUSING,271100.00,1,1
     92,     64,       ,       ,1 CAMPBELL ST,0.360000,,,C,9050,CHARITABLE,274900.00,1,1
     92,     65,       ,       ,3 CAMPBELL ST ,0.510000,,,0,111C,APT 4-8-Comm,,1,2
     92,     65,       ,       ,3 CAMPBELL ST ,0.510000,,,5,111C,APT 4-8-Comm,130700.00,1,1
     92,     66,       ,       ,1 BANK ST,0.460000,,,C,905R,CHARITABLE-Res,290500.00,1,1
     92,     67,       ,       ,11 BANK ST ,0.148200,,,C,3250,STORE,54327.00,1,1
     92,     67,      E,       ,11 BANK ST ,0.991791,,,0,9050,CHARITABLE,0.00,1,2
     92,     67,      E,       ,11 BANK ST ,0.991791,,,C,9050,CHARITABLE,363573.00,1,1
     92,     68,       ,       ,7 BANK ST ,0.330000,,,C,3250,STORE,188100.00,1,1
     92,     70,       ,       ,21 BANK ST,0.310000,,,C,3400,OFFICE,263400.00,1,1
     92,     71,       ,       ,23 BANK ST,0.290000,,,C,3400,OFFICE,258200.00,1,1
     92,     72,       ,       ,27 BANK ST,0.320000,,,C,3400,OFFICE,266100.00,1,1
     92,     73,       ,       ,31 BANK ST ,0.310000,,,5,1040,2 FAMILY,115500.00,1,1
     92,     74,       ,       ,33 BANK ST,0.300000,,,5,1110,APT 4-8,114300.00,1,1
     92,     75,       ,       ,37 BANK ST ,0.260000,,,C,0310,COM/RES,214000.00,1,1
     92,     76,       ,       ,41 BANK ST,0.330000,,,5,1050,3 FAMILY,106000.00,1,1
     92,     77,       ,       ,43 BANK ST ,0.330000,,,5,1010,ONE FAM,106000.00,1,1
     92,     78,       ,       ,75 BANK ST ,6.920000,,,0,1120,APT 9+UP,1270700.00,1,1
     92,     78,       ,       ,75 BANK ST ,6.920000,,,C,1120,APT 9+UP,47700.00,3,1
     92,     78,       ,       ,75 BANK ST ,6.920000,,,C,1120,APT 9+UP,105700.00,2,1
     92,     79,       ,       ,77 BANK ST ,0.640000,,,C,3400,OFFICE,320900.00,1,1
     92,     80,       ,       ,79 BANK ST,0.570000,,,5,1010,ONE FAM,121300.00,1,1
     92,     81,       ,       ,81 BANK ST,0.530000,,,5,1050,3 FAMILY,118800.00,1,1
     92,     82,       ,       ,85 BANK ST,0.560000,,,5,1110,APT 4-8,134100.00,1,1
     92,     83,       ,       ,87 BANK ST ,0.580000,,,5,1040,2 FAMILY,121900.00,1,1
     92,     84,       ,       ,93 BANK ST,0.670000,,,5,1040,2 FAMILY,142500.00,1,1
     92,     86,       ,       ,99 BANK ST,0.306015,,,5,1050,3 FAMILY,98400.00,1,1
     92,     86,    200,       ,97 BANK ST ,0.410009,,,5,1010,ONE FAM,96700.00,1,1
     92,     87,       ,       ,103 BANK ST ,0.470000,,,C,0310,COM/RES,262900.00,1,1
     92,     88,       ,       ,105 BANK ST ,0.200000,,,C,101C,ONE FAM-Comm,175300.00,1,1
     92,     89,       ,       ,102 BANK ST,1.720000,,,0,1010,ONE FAM,2300.00,2,1
     92,     89,       ,       ,102 BANK ST,1.720000,,,5,1010,ONE FAM,116700.00,1,1
     92,     90,       ,       ,98 BANK ST,2.320000,,,0,1010,ONE FAM,4300.00,2,1
     92,     90,       ,       ,98 BANK ST,2.320000,,,5,1010,ONE FAM,110900.00,1,1
     92,     91,       ,       ,94 BANK ST,1.130000,,,0,1010,ONE FAM,400.00,2,1
     92,     91,       ,       ,94 BANK ST,1.130000,,,5,1010,ONE FAM,110900.00,1,1
     92,     92,       ,       ,90 BANK ST,0.670000,,,5,1010,ONE FAM,111200.00,1,1
     92,     93,       ,       ,86 BANK ST,0.320000,,,5,1010,ONE FAM,91000.00,1,1
     92,     94,       ,       ,3 FOREST AVE,0.360000,,,5,1010,ONE FAM,104500.00,1,1
     92,     95,       ,       ,7 FOREST AVE,4.880000,,,0,1040,2 FAMILY,4900.00,3,1
     92,     95,       ,       ,7 FOREST AVE,4.880000,,,0,1040,2 FAMILY,5200.00,2,1
     92,     95,       ,       ,7 FOREST AVE,4.880000,,,5,1040,2 FAMILY,129700.00,1,1
     92,     96,       ,       ,9 FOREST AVE,0.232071,,,5,1010,ONE FAM,92300.00,1,1
     92,     97,       ,       ,15 FOREST AVE,0.530000,,,5,1010,ONE FAM,114400.00,1,1
     92,     98,       ,       ,17 FOREST AVE,1.900000,,,0,1010,ONE FAM,2200.00,2,1
     92,     98,       ,       ,17 FOREST AVE,1.900000,,,5,1010,ONE FAM,123200.00,1,1
     92,     99,       ,       ,41 FOREST AVE ,0.900000,,,5,1040,2 FAMILY,116500.00,1,1
     92,    100,       ,       ,45 FOREST AVE,0.610000,,,5,1010,ONE FAM,107500.00,1,1
     92,    101,       ,       ,46 FOREST AVE,0.180000,,,5,1010,ONE FAM,69400.00,1,1
     92,    102,       ,       ,44 FOREST AVE,0.280000,,,5,1010,ONE FAM,82500.00,1,1
     92,    103,       ,       ,18 FOREST AVE ,0.630000,,,5,1010,ONE FAM,84600.00,1,1
     92,    104,       ,       ,0 FOREST AVE,0.174894,,,5,1060,OUT BLDS,17700.00,1,1
     92,    105,       ,       ,3 FOREST AVE,0.050000,,,5,1060,OUT BLDS,3500.00,1,1
     92,    106,       ,       ,78 BANK ST ,0.450000,,,5,1010,ONE FAM,114000.00,1,1
     92,    107,       ,       ,72 BANK ST,0.599541,,,5,1110,APT 4-8,137000.00,1,1
     92,    108,       ,       ,68 BANK ST ,1.540000,,,0,1010,ONE FAM,2000.00,2,1
     92,    108,       ,       ,68 BANK ST ,1.540000,,,5,1010,ONE FAM,134700.00,1,1
     92,    109,       ,       ,64 BANK ST,0.570000,,,5,1010,ONE FAM,121300.00,1,1
     92,    110,       ,       ,60 BANK ST ,0.560000,,,5,1110,APT 4-8,134100.00,1,1
     92,    111,       ,       ,56 BANK ST ,0.490000,,,C,0310,COM/RES,295200.00,1,1
     92,    112,       ,       ,54 BANK ST ,0.200000,,,C,0310,COM/RES,233700.00,1,1
     92,    113,       ,       ,50 BANK ST,0.290000,,,5,1010,ONE FAM,101900.00,1,1
     92,    114,       ,       ,48 BANK ST,0.620000,,,5,1010,ONE FAM,124800.00,1,1
     92,    115,       ,       ,44 BANK ST,0.710000,,,5,1010,ONE FAM,130500.00,1,1
     92,    116,       ,       ,38 BANK ST,0.370000,,,C,9050,CHARITABLE,248800.00,1,1
     92,    117,       ,       ,34 BANK ST ,0.330000,,,5,9050,CHARITABLE,129600.00,1,1
     92,    118,       ,       ,36 BANK ST ,0.180000,,,C,905R,CHARITABLE-Res,168900.00,1,1
     92,    119,       ,       ,32 BANK ST,0.500000,,,5,1050,3 FAMILY,117000.00,1,1
     92,    120,       ,       ,30 BANK ST ,0.310000,,,C,3400,OFFICE,263400.00,1,1
     92,    121,       ,       ,26 BANK ST,0.370000,,,C,3400,OFFICE,276500.00,1,1
     92,    122,       ,       ,20 BANK ST ,0.270000,,,C,4300,TEL XSTA,252900.00,1,1
     92,    122,      P,       ,20 BANK ST ,0.000000,,,0,4400,IND LAND,0.00,1,1
     92,    123,       ,       ,18 BANK ST,0.460000,,,C,3400,OFFICE,276000.00,1,1
     92,    124,       ,       ,14 BANK ST ,1.150000,,,5,1110,APT 4-8,72500.00,1,2
     92,    124,       ,       ,14 BANK ST ,1.150000,,,5,1210,BOARDING,149600.00,1,1
     92,    126,       ,       ,9 E PARK ST ,0.807897,,,C,903C,MUNICPAL-Comm,343400.00,1,1
     92,    127,       ,       ,11 E PARK ST,0.370000,,,C,9000,US GOVT,276500.00,1,1
     92,    128,       ,       ,1 SCHOOL ST,0.320000,,,C,3400,OFFICE,266100.00,1,1
     92,    129,       ,       ,3 SCHOOL ST,0.260000,,,5,1110,APT 4-8,95100.00,1,1
     92,    130,       ,       ,4 GREEN ST,0.270000,,,5,1050,3 FAMILY,96100.00,1,1
     92,    131,       ,       ,12 GREEN ST ,0.340000,,,0,908R,HOUSING-Res,,1,2
     92,    131,       ,       ,12 GREEN ST ,0.340000,,,C,908R,HOUSING-Res,235200.00,1,1
     92,    132,       ,       ,14 GREEN ST,0.230000,,,5,1050,3 FAMILY,92100.00,1,1
     92,    133,       ,       ,16 GREEN ST ,0.250000,,,5,1110,APT 4-8,103500.00,1,1
     92,    134,       ,       ,18 GREEN ST,0.200000,,,5,1050,3 FAMILY,90100.00,1,1
     92,    135,       ,       ,20 GREEN ST ,0.220000,,,5,1010,ONE FAM,91400.00,1,1
     92,    136,       ,       ,22 GREEN ST ,0.190000,,,5,1110,APT 4-8,89400.00,1,1
     92,    137,       ,       ,20 ELM ST,0.300000,,,5,1050,3 FAMILY,99100.00,1,1
     92,    138,       ,       ,23 ELM ST,0.280000,,,5,1040,2 FAMILY,92200.00,1,1
     92,    139,       ,       ,21 ELM ST,0.100000,,,5,1040,2 FAMILY,79100.00,1,1
     92,    140,       ,       ,24 GREEN ST,0.240000,,,5,1050,3 FAMILY,93100.00,1,1
     92,    141,       ,       ,28 GREEN ST,0.360000,,,5,1040,2 FAMILY,104500.00,1,1
     92,    142,       ,       ,38 GREEN ST,0.570000,,,5,1110,APT 4-8,128400.00,1,1
     92,    143,       ,       ,42 GREEN ST,0.270000,,,5,1050,3 FAMILY,96100.00,1,1
     92,    144,       ,       ,46 GREEN ST,0.210000,,,5,1010,ONE FAM,90800.00,1,1
     92,    145,       ,       ,52 GREEN ST,0.250000,,,5,1040,2 FAMILY,94100.00,1,1
     92,    146,       ,       ,10 SHAW ST,0.110000,,,5,1010,ONE FAM,84100.00,1,1
     92,    147,       ,       ,8 SHAW ST,0.120000,,,5,1010,ONE FAM,84800.00,1,1
     92,    148,       ,       ,5 SHAW ST,0.150000,,,5,1010,ONE FAM,86800.00,1,1
     92,    149,       ,       ,7 SHAW ST,0.140000,,,5,1010,ONE FAM,86200.00,1,1
     92,    150,       ,       ,9 SHAW ST,0.240000,,,5,1040,2 FAMILY,88400.00,1,1
     92,    151,       ,       ,11 SHAW ST,0.530000,,,5,1010,ONE FAM,114400.00,1,1
     92,    152,       ,       ,13 SHAW ST,0.460000,,,5,1010,ONE FAM,110300.00,1,1
     92,    153,       ,       ,15 SHAW ST,0.360000,,,5,1010,ONE FAM,99200.00,1,1
     92,    154,       ,       ,17 SHAW ST ,0.310000,,,5,1040,2 FAMILY,100100.00,1,1
     92,    155,       ,       ,19 SHAW ST,0.550000,,,5,1040,2 FAMILY,115600.00,1,1
     92,    156,       ,       ,21 SHAW ST,0.950000,,,5,1010,ONE FAM,129600.00,1,1
     92,    157,       ,       ,27 SHAW ST,0.400000,,,5,1110,APT 4-8,117500.00,1,1
     92,    158,       ,       ,29 SHAW ST,0.560000,,,5,1010,ONE FAM,116200.00,1,1
     92,    159,       ,       ,0 SHAW ST,0.250000,,,5,1300,RES LAND,70600.00,1,1
     92,    160,       ,       ,74 FOREST AVE,0.340000,,,5,1010,ONE FAM,92800.00,1,1
     92,    161,       ,       ,36 KIMBALL ST,0.390000,,,5,1010,ONE FAM,95600.00,1,1
     92,    162,       ,       ,34 KIMBALL ST,0.460000,,,5,1010,ONE FAM,110300.00,1,1
     92,    163,       ,       ,30 KIMBALL ST,0.760000,,,5,1040,2 FAMILY,127500.00,1,1
     92,    164,       ,       ,28 KIMBALL ST ,0.450000,,,5,1110,APT 4-8,109700.00,1,1
     92,    166,       ,       ,28 UNION ST,0.260000,,,5,1010,ONE FAM,95100.00,1,1
     92,    167,       ,       ,18 KIMBALL ST ,0.070000,,,5,1010,ONE FAM,80700.00,1,1
     92,    168,       ,       ,16 KIMBALL ST ,0.070000,,,C,906R,CHURCH-Res,161700.00,1,1
     92,    169,       ,       ,14 KIMBALL ST,0.100000,,,5,1010,ONE FAM,83200.00,1,1
     92,    170,       ,       ,24 UNION ST ,0.290000,,,0,9550,CONDO MSTR,156000.00,2,1
     92,    170,       ,       ,24 UNION ST ,0.290000,,,C,9550,CONDO MSTR,223700.00,1,1
     92,    170,    101,       ,24 UNION ST 1,0.000000,,,5,1020,CONDO,,1,1
     92,    170,    201,       ,24 UNION ST 2,0.000000,,,5,1020,CONDO,,1,1
     92,    170,    301,       ,24 UNION ST 3,0.000000,,,5,1020,CONDO,,1,1
     92,    171,       ,       ,23 UNION ST,0.260000,,,5,1040,2 FAMILY,95100.00,1,1
     92,    172,       ,       ,29 KIMBALL ST,0.260000,,,,1012,ONE FAM W ACC,0.00,1,2
     92,    172,       ,       ,29 KIMBALL ST,0.260000,,,5,1012,ONE FAM W ACC,95100.00,1,1
     92,    173,       ,       ,31 KIMBALL ST,0.180000,,,5,1010,ONE FAM,88800.00,1,1
     92,    174,       ,       ,34 SHAW ST,0.190000,,,5,1010,ONE FAM,89400.00,1,1
     92,    175,       ,       ,32 SHAW ST,0.360000,,,5,1010,ONE FAM,104500.00,1,1
     92,    176,       ,       ,30 SHAW ST,0.250000,,,5,1010,ONE FAM,94100.00,1,1
     92,    177,       ,       ,28 SHAW ST ,0.310000,,,5,1040,2 FAMILY,100100.00,1,1
     92,    178,       ,       ,24 SHAW ST,0.260000,,,5,1110,APT 4-8,95100.00,1,1
     92,    179,       ,       ,22 SHAW ST,0.090000,,,5,1040,2 FAMILY,82400.00,1,1
     92,    180,       ,       ,18 SHAW ST ,0.350138,,,0,9550,CONDO MSTR,208000.00,2,1
     92,    180,       ,       ,18 SHAW ST ,0.350138,,,C,9550,CONDO MSTR,236900.00,1,1
     92,    180,    101,       ,47 GREEN ST #1,0.000000,,,5,1020,CONDO,,1,1
     92,    180,    201,       ,49 GREEN ST #2,0.000000,,,5,1020,CONDO,,1,1
     92,    180,    301,       ,18 SHAW ST 3,0.000000,,,5,1020,CONDO,,1,1
     92,    180,    401,       ,20 SHAW ST 4,0.000000,,,5,1020,CONDO,,1,1
     92,    181,       ,       ,45 GREEN ST ,0.510000,,,5,1110,APT 4-8,124600.00,1,1
     92,    182,       ,       ,41 GREEN ST,0.260000,,,5,1050,3 FAMILY,95100.00,1,1
     92,    183,       ,       ,39 GREEN ST ,0.110000,,,5,1010,ONE FAM,84100.00,1,1
     92,    184,       ,       ,1 UNION ST,0.140000,,,5,1010,ONE FAM,86200.00,1,1
     92,    185,       ,       ,3 UNION ST,0.140000,,,5,1010,ONE FAM,86200.00,1,1
     92,    186,       ,       ,5 UNION ST,0.220000,,,5,1010,ONE FAM,91400.00,1,1
     92,    187,       ,       ,7 UNION ST,0.744146,,,5,1040,2 FAMILY,126900.00,1,1
     92,    188,       ,       ,11 UNION ST ,0.290000,,,5,013R,RES/COM-Res,98100.00,1,1
     92,    189,       ,       ,15 UNION ST,0.200000,,,5,1010,ONE FAM,90100.00,1,1
     92,    190,       ,       ,19 UNION ST ,0.260000,,,5,1110,APT 4-8,104600.00,1,1
     92,    191,       ,       ,20 UNION ST,0.160000,,,5,1010,ONE FAM,87500.00,1,1
     92,    192,       ,       ,18 UNION ST,0.190000,,,5,1110,APT 4-8,98400.00,1,1
     92,    193,       ,       ,14 UNION ST ,0.150000,,,0,1090,MULT HS,,1,2
     92,    193,       ,       ,14 UNION ST ,0.150000,,,5,1090,MULT HS,86800.00,1,1
     92,    194,       ,       ,12 UNION ST,0.170000,,,5,1010,ONE FAM,88100.00,1,1
     92,    195,       ,       ,8 UNION ST,0.400000,,,5,1040,2 FAMILY,106800.00,1,1
     92,    196,       ,       ,33 GREEN ST,0.450000,,,5,1050,3 FAMILY,109700.00,1,1
     92,    197,       ,       ,29 GREEN ST ,0.170000,,,5,1050,3 FAMILY,88100.00,1,1
     92,    198,       ,       ,25 GREEN ST,0.230000,,,C,3530,FRAT ORG,157500.00,1,1
     92,    199,       ,       ,31 ELM ST,0.530000,,,0,1110,APT 4-8,,1,2
     92,    199,       ,       ,31 ELM ST,0.530000,,,5,1110,APT 4-8,128200.00,1,1
     92,    200,       ,       ,37 ELM ST ,0.280000,,,5,1010,ONE FAM,97100.00,1,1
     92,    201,       ,       ,41 ELM ST,0.260000,,,5,1010,ONE FAM,95100.00,1,1
     92,    202,       ,       ,49 ELM ST,0.520000,,,5,1110,APT 4-8,125200.00,1,1
     92,    203,       ,       ,15 KIMBALL ST ,0.140000,,,C,906R,CHURCH-Res,187600.00,1,1
     92,    204,       ,       ,46 ELM ST ,0.250000,,,5,1040,2 FAMILY,94100.00,1,1
     92,    205,       ,       ,42 ELM ST ,0.250000,,,5,1110,APT 4-8,94100.00,1,1
     92,    206,       ,       ,38 ELM ST,0.270000,,,5,1010,ONE FAM,96100.00,1,1
     92,    207,       ,       ,36 ELM ST,0.120000,,,5,1050,3 FAMILY,72100.00,1,1
     92,    208,       ,       ,34 ELM ST,0.110000,,,5,1010,ONE FAM,84100.00,1,1
     92,    209,       ,       ,28 ELM ST,0.160000,,,5,1110,APT 4-8,83100.00,1,1
     92,    210,       ,       ,21 GREEN ST ,0.130000,,,5,1010,ONE FAM,85500.00,1,1
     92,    211,       ,       ,17 GREEN ST,0.340000,,,5,1010,ONE FAM,103100.00,1,1
     92,    212,       ,       ,15 GREEN ST,0.280000,,,5,1010,ONE FAM,97100.00,1,1
     92,    213,       ,       ,13 GREEN ST,0.220000,,,5,1040,2 FAMILY,91400.00,1,1
     92,    214,       ,       ,11 GREEN ST,0.200000,,,5,1040,2 FAMILY,90100.00,1,1
     92,    215,       ,       ,7 GREEN ST,0.140000,,,5,1040,2 FAMILY,86200.00,1,1
     92,    216,       ,       ,3 GREEN ST,0.120000,,,5,1010,ONE FAM,84800.00,1,1
     92,    217,       ,       ,11 SCHOOL ST ,0.283379,,,C,9060,CHURCH,444500.00,1,1
     92,    218,       ,       ,15 SCHOOL ST ,0.125666,,,5,1010,ONE FAM,85200.00,1,1
     92,    219,       ,       ,17 SCHOOL ST ,0.270000,,,C,906R,CHURCH-Res,219200.00,1,1
     92,    220,       ,       ,19 SCHOOL ST ,0.750000,,,0,111C,APT 4-8-Comm,0.00,1,2
     92,    220,       ,       ,19 SCHOOL ST ,0.750000,,,5,111C,APT 4-8-Comm,190700.00,1,1
     92,    221,       ,       ,23 SCHOOL ST,0.220000,,,5,1010,ONE FAM,82300.00,1,1
     92,    222,       ,       ,29 SCHOOL ST,0.780000,,,C,3400,OFFICE,294900.00,1,1
     92,    223,       ,       ,7 KIMBALL ST ,1.269995,,,0,1120,APT 9+UP,,1,2
     92,    223,       ,       ,7 KIMBALL ST ,1.269995,,,0,1120,APT 9+UP,,1,3
     92,    223,       ,       ,7 KIMBALL ST ,1.269995,,,0,1120,APT 9+UP,,1,4
     92,    223,       ,       ,7 KIMBALL ST ,1.269995,,,0,1120,APT 9+UP,,1,5
     92,    223,       ,       ,7 KIMBALL ST ,1.269995,,,0,1120,APT 9+UP,,1,6
     92,    223,       ,       ,7 KIMBALL ST ,1.269995,,,C,1120,APT 9+UP,403500.00,1,1
     92,    224,       ,       ,9 KIMBALL ST,0.190000,,,5,1010,ONE FAM,89400.00,1,1
     93,      1,       ,       ,162 DARTMOUTH COLLEGE HWY,0.780000,,,5,1010,ONE FAM,75500.00,1,1
     93,      2,       ,       ,0 DARTMOUTH COLLEGE HWY,0.510000,,,C,9030,MUNICPAL,19900.00,1,1
     93,      3,       ,       ,156 DARTMOUTH COLLEGE HWY,7.620000,,,0,1010,ONE FAM,3800.00,2,1
     93,      3,       ,       ,156 DARTMOUTH COLLEGE HWY,7.620000,,,0,1010,ONE FAM,8700.00,3,1
     93,      3,       ,       ,156 DARTMOUTH COLLEGE HWY,7.620000,,,5,1010,ONE FAM,67300.00,1,1
     93,      4,       ,       ,0 DARTMOUTH COLLEGE HWY,0.140000,,,C,9030,MUNICPAL,14400.00,1,1
     93,      5,       ,       ,0 RESERVOIR RD ,15.040000,,,0,6220,HDWD,865.00,2,1
     93,      5,       ,       ,0 RESERVOIR RD ,15.040000,,,5,6220,HDWD,215.00,1,1
     93,      6,       ,       ,134 BANK ST ,1.310000,,,0,1010,ONE FAM,1000.00,2,1
     93,      6,       ,       ,134 BANK ST ,1.310000,,,5,1010,ONE FAM,116700.00,1,1
     93,      7,       ,       ,118 BANK ST,5.740000,,,0,1010,ONE FAM,6200.00,2,1
     93,      7,       ,       ,118 BANK ST,5.740000,,,0,1010,ONE FAM,8500.00,3,1
     93,      7,       ,       ,118 BANK ST,5.740000,,,5,1010,ONE FAM,116700.00,1,1
     93,      8,       ,       ,112 BANK ST,1.580000,,,0,1010,ONE FAM,1900.00,2,1
     93,      8,       ,       ,112 BANK ST,1.580000,,,5,1010,ONE FAM,116700.00,1,1
     93,      9,       ,       ,109 BANK ST ,1.240000,,,0,1040,2 FAMILY,0.00,2,1
     93,      9,       ,       ,109 BANK ST ,1.240000,,,5,1040,2 FAMILY,26697.00,1,1
     93,      9,      E,       ,109 BANK ST ,1.240000,,,0,908R,HOUSING-Res,2100.00,2,1
     93,      9,      E,       ,109 BANK ST ,1.240000,,,8,908R,HOUSING-Res,52103.00,1,1
     93,     10,       ,       ,143 BANK ST EXT,3.700000,,,0,1010,ONE FAM,1700.00,3,1
     93,     10,       ,       ,143 BANK ST EXT,3.700000,,,0,1010,ONE FAM,4900.00,2,1
     93,     10,       ,       ,143 BANK ST EXT,3.700000,,,5,1010,ONE FAM,75900.00,1,1
     93,     11,       ,       ,6 RIVERDALE PKWY,0.700000,,,5,1010,ONE FAM,112800.00,1,1
     93,     12,       ,       ,12 RIVERDALE PKWY,0.350000,,,5,1010,ONE FAM,93500.00,1,1
     93,     13,       ,       ,14 RIVERDALE PKWY ,0.390000,,,5,1012,ONE FAM W ACC,95600.00,1,1
     93,     14,       ,       ,16 RIVERDALE PKWY,0.390000,,,5,1010,ONE FAM,95600.00,1,1
     93,     15,       ,       ,2 WALNUT ST,0.300000,,,5,1010,ONE FAM,89100.00,1,1
     93,     16,       ,       ,15 RIVERDALE PKWY,0.370000,,,5,1010,ONE FAM,89700.00,1,1
     93,     17,       ,       ,7 RIVERDALE PKWY,0.350000,,,5,1010,ONE FAM,93500.00,1,1
     93,     18,       ,       ,5 RIVERDALE PKWY ,0.210000,,,5,1010,ONE FAM,81600.00,1,1
     93,     19,       ,       ,3 RIVERDALE PKWY,0.320000,,,5,1040,2 FAMILY,86500.00,1,1
     93,     20,       ,       ,151 BANK ST EXT,0.220000,,,5,1010,ONE FAM,78200.00,1,1
     93,     21,       ,       ,153 BANK ST EXT,0.280000,,,5,1010,ONE FAM,83000.00,1,1
     93,     22,       ,       ,3 LILAC AVE ,0.150000,,,5,1010,ONE FAM,78100.00,1,1
     93,     23,       ,       ,4 BENTON ST,0.330000,,,5,1010,ONE FAM,91800.00,1,1
     93,     24,       ,       ,1 BENTON ST,0.200000,,,5,1010,ONE FAM,81200.00,1,1
     93,     25,       ,       ,3 BENTON ST,0.204890,,,5,1010,ONE FAM,81400.00,1,1
     93,     26,       ,       ,5 BENTON ST ,0.420000,,,5,1010,ONE FAM,108000.00,1,1
     93,     27,       ,       ,3 BARNES AVE ,0.280000,,,5,1010,ONE FAM,87300.00,1,1
     93,     28,       ,       ,13 ALDEN RD,0.620000,,,5,1010,ONE FAM,83200.00,1,1
     93,     29,       ,       ,16 ALDEN RD,1.889991,,,5,1010,ONE FAM,85500.00,1,1
     93,     30,       ,       ,51 TOWNSEND TER,0.770000,,,5,1010,ONE FAM,88600.00,1,1
     93,     31,       ,       ,55 TOWNSEND TER,0.860000,,,5,1010,ONE FAM,85100.00,1,1
     93,     32,       ,       ,61 TOWNSEND TER,1.100000,,,5,1010,ONE FAM,90400.00,1,1
     93,     33,       ,       ,67 TOWNSEND TER,2.500000,,,5,1010,ONE FAM,85400.00,1,1
     93,     34,       ,       ,10 LILAC AVE,0.380000,,,5,1010,ONE FAM,80800.00,1,1
     93,     35,       ,       ,8 LILAC AVE ,0.280000,,,5,1010,ONE FAM,87300.00,1,1
     93,     36,       ,       ,15 BENTON ST,0.310000,,,5,1010,ONE FAM,90100.00,1,1
     93,     37,       ,       ,17 BENTON ST,0.540000,,,5,1010,ONE FAM,103500.00,1,1
     93,     38,       ,       ,18 BENTON ST,0.154729,,,5,1010,ONE FAM,66600.00,1,1
     93,     39,       ,       ,16 BENTON ST,0.130000,,,5,1010,ONE FAM,77000.00,1,1
     93,     40,       ,       ,14 BENTON ST,0.140000,,,5,1010,ONE FAM,77600.00,1,1
     93,     41,       ,       ,4 LILAC AVE ,0.150000,,,5,1010,ONE FAM,78100.00,1,1
     93,     42,       ,       ,157 BANK ST EXT,0.130000,,,5,1010,ONE FAM,73100.00,1,1
     93,     43,       ,       ,159 BANK ST EXT,0.130000,,,5,1010,ONE FAM,73100.00,1,1
     93,     44,       ,       ,161 BANK ST EXT ,0.120000,,,5,1010,ONE FAM,72500.00,1,1
     93,     45,       ,       ,165 BANK ST EXT,0.230000,,,5,1010,ONE FAM,78800.00,1,1
     93,     46,       ,       ,169 BANK ST EXT,0.240000,,,0,1090,MULT HS,,1,2
     93,     46,       ,       ,169 BANK ST EXT,0.240000,,,5,1090,MULT HS,88400.00,1,1
     93,     47,       ,       ,175 BANK ST EXT,0.360000,,,5,1010,ONE FAM,69500.00,1,1
     93,     48,       ,       ,179 BANK ST EXT,0.320000,,,5,1040,2 FAMILY,62400.00,1,1
     93,     49,       ,       ,19 HEATER RD,0.340000,,,5,1010,ONE FAM,98000.00,1,1
     93,     50,       ,       ,23 HEATER RD,0.260000,,,5,1010,ONE FAM,90300.00,1,1
     93,     51,       ,       ,3 ALDEN RD,0.840000,,,5,1010,ONE FAM,122800.00,1,1
     93,     52,       ,       ,4 ALDEN RD ,0.370000,,,5,1010,ONE FAM,99800.00,1,1
     93,     53,       ,       ,2 ALDEN RD ,0.270000,,,5,1010,ONE FAM,91300.00,1,1
     93,     54,       ,       ,191 BANK ST EXT,0.720000,,,5,1110,APT 4-8,126000.00,1,1
     93,     55,       ,       ,195 BANK ST EXT,0.260000,,,5,1010,ONE FAM,90300.00,1,1
     93,     56,       ,       ,201 BANK ST EXT,0.290000,,,5,1010,ONE FAM,93200.00,1,1
     93,     57,       ,       ,205 BANK ST EXT,0.370000,,,5,1010,ONE FAM,99800.00,1,1
     93,     58,       ,       ,207 BANK ST EXT ,0.460000,,,5,1010,ONE FAM,104800.00,1,1
     93,     59,       ,       ,209 BANK ST EXT,0.490000,,,5,1010,ONE FAM,106500.00,1,1
     93,     60,       ,       ,215 BANK ST EXT,0.450000,,,5,1010,ONE FAM,104300.00,1,1
     93,     61,       ,       ,0 BANK ST EXT,0.600000,,,5,1320,UNDEV,5300.00,1,1
     93,     62,       ,       ,219 BANK ST EXT,1.040000,,,0,1010,ONE FAM,100.00,2,1
     93,     62,       ,       ,219 BANK ST EXT,1.040000,,,5,1010,ONE FAM,104700.00,1,1
     93,     63,       ,       ,221 BANK ST EXT ,0.350000,,,0,1090,MULT HS,,1,2
     93,     63,       ,       ,221 BANK ST EXT ,0.350000,,,5,1090,MULT HS,98700.00,1,1
     93,     64,       ,       ,223 BANK ST EXT,0.400000,,,5,1010,ONE FAM,101500.00,1,1
     93,     65,       ,       ,225 BANK ST EXT,0.420000,,,5,1010,ONE FAM,102600.00,1,1
     93,     66,       ,       ,241 BANK ST EXT,0.430000,,,5,1010,ONE FAM,103100.00,1,1
     93,     67,       ,       ,250 BANK ST EXT,1.780000,,,0,3160,COMMWHSE,,1,2
     93,     67,       ,       ,250 BANK ST EXT,1.780000,,,0,3160,COMMWHSE,,1,3
     93,     67,       ,       ,250 BANK ST EXT,1.780000,,,0,3160,COMMWHSE,1300.00,2,1
     93,     67,       ,       ,250 BANK ST EXT,1.780000,,,C,3160,COMMWHSE,301800.00,1,1
     93,     68,       ,       ,1 LIBERTY LN,0.290000,,,5,1010,ONE FAM,93200.00,1,1
     93,     69,       ,       ,3 LIBERTY LN,0.280000,,,5,1010,ONE FAM,97100.00,1,1
     93,     70,       ,       ,5 LIBERTY LN,0.330000,,,5,1010,ONE FAM,102100.00,1,1
     93,     71,       ,       ,6 LIBERTY LN,0.360000,,,5,1010,ONE FAM,104500.00,1,1
     93,     72,       ,       ,4 LIBERTY LN,0.310000,,,5,1010,ONE FAM,100100.00,1,1
     93,     73,       ,       ,220 BANK ST EXT,0.270000,,,5,1010,ONE FAM,91300.00,1,1
     93,     74,       ,       ,202 BANK ST EXT,0.270000,,,5,1010,ONE FAM,91300.00,1,1
     93,     75,       ,       ,8 JEFFERSON PL,0.290000,,,5,1010,ONE FAM,93200.00,1,1
     93,     76,       ,       ,7 JEFFERSON PL,0.320000,,,5,1010,ONE FAM,101100.00,1,1
     93,     77,       ,       ,6 JEFFERSON PL,0.320000,,,5,1010,ONE FAM,101100.00,1,1
     93,     78,       ,       ,5 JEFFERSON PL,0.310000,,,5,1010,ONE FAM,100100.00,1,1
     93,     79,       ,       ,4 JEFFERSON PL,0.290000,,,5,1010,ONE FAM,98100.00,1,1
     93,     80,       ,       ,3 JEFFERSON PL,0.400000,,,5,1010,ONE FAM,106800.00,1,1
     93,     81,       ,       ,2 JEFFERSON PL,0.310000,,,5,1010,ONE FAM,100100.00,1,1
     93,     82,       ,       ,1 JEFFERSON PL,0.290000,,,5,1010,ONE FAM,93200.00,1,1
     93,     83,       ,       ,196 BANK ST EXT,0.270000,,,5,1010,ONE FAM,91300.00,1,1
     93,     84,       ,       ,194 BANK ST EXT,0.780000,,,5,1010,ONE FAM,96200.00,1,1
     93,     85,       ,       ,190 BANK ST EXT,0.400000,,,5,1010,ONE FAM,101500.00,1,1
     93,     86,       ,       ,188 BANK ST EXT ,1.430000,,,0,1010,ONE FAM,1400.00,2,1
     93,     86,       ,       ,188 BANK ST EXT ,1.430000,,,5,1010,ONE FAM,116700.00,1,1
     93,     87,       ,       ,176 BANK ST EXT ,0.310000,,,5,1010,ONE FAM,95100.00,1,1
     93,     88,       ,       ,174 BANK ST EXT ,0.780533,,,5,1010,ONE FAM,121900.00,1,1
     93,     89,    100,       ,6 EXCELSIOR ST,0.100000,,,5,1010,ONE FAM,64000.00,1,1
     93,     89,    200,       ,8 EXCELSIOR ST,0.100000,,,5,1010,ONE FAM,64000.00,1,1
     93,     89,    300,       ,10 EXCELSIOR ST,0.100000,,,5,1010,ONE FAM,57600.00,1,1
     93,     89,    400,       ,12 EXCELSIOR ST ,0.125115,,,5,1310,POTNLDEV,59000.00,1,1
     93,     90,       ,       ,7 EXCELSIOR ST ,0.560000,75,,5,1010,ONE FAM,80400.00,1,1
     93,     91,       ,       ,168 BANK ST EXT ,0.130000,,,5,1010,ONE FAM,62500.00,1,1
     93,     92,       ,       ,1 FORTUNE ST ,0.200000,,,5,1010,ONE FAM,59300.00,1,1
     93,     93,       ,       ,7 FORTUNE ST,0.320000,,,5,1010,ONE FAM,70000.00,1,1
     93,     94,       ,       ,2 FORTUNE ST,0.223026,,,5,1010,ONE FAM,60200.00,1,1
     93,     94,    100,       ,8 FORTUNE ST ,0.326974,,,5,1010,ONE FAM,43600.00,1,1
     93,     95,       ,       ,0 BANK ST EXT,0.130000,,,5,3900,DEV LAND,3300.00,1,1
     93,     96,       ,       ,6 COOPER ST,0.160000,,,5,1010,ONE FAM,60600.00,1,1
     93,     97,       ,       ,8 COOPER ST ,0.090000,,,5,1010,ONE FAM,57100.00,1,1
     93,     98,       ,       ,10 COOPER ST,0.140000,,,5,1010,ONE FAM,59700.00,1,1
     93,     99,       ,       ,7 COOPER ST ,0.240000,,,5,1010,ONE FAM,64400.00,1,1
     93,    100,       ,       ,160 BANK ST EXT,0.290000,,,5,1050,3 FAMILY,67900.00,1,1
     93,    101,       ,       ,150 BANK ST EXT ,1.550000,,,0,9030,MUNICPAL,1800.00,2,1
     93,    101,       ,       ,150 BANK ST EXT ,1.550000,375,,C,9030,MUNICPAL,317700.00,1,1
     93,    102,       ,       ,0 PUMPING STATION RD,0.020000,,,5,1320,UNDEV,1100.00,1,1
     93,    103,       ,       ,0 PUMPING STATION RD ,0.140000,,,5,9030,MUNICPAL,3300.00,1,1
     93,    104,       ,       ,0 PUMPING STATION RD,0.120000,,,5,1320,UNDEV,3300.00,1,1
     93,    105,       ,       ,0 PUMPING STATION RD,0.330000,,,5,1320,UNDEV,3900.00,1,1
     93,    106,       ,       ,0 PUMPING STATION RD,0.120000,,,5,1320,UNDEV,3300.00,1,1
     93,    107,       ,       ,0 PUMPING STATION RD,0.080000,,,C,9030,MUNICPAL,6600.00,1,1
     93,    108,       ,       ,0 PUMPING STATION RD,0.120000,,,C,9030,MUNICPAL,7000.00,1,1
     93,    109,       ,       ,0 PUMPING STATION RD,4.630000,,,C,9030,MUNICPAL,48700.00,1,1
     93,    110,       ,       ,0 PUMPING STATION RD,1.490000,,,C,9030,MUNICPAL,39000.00,1,1
     93,    111,       ,       ,0 PUMPING STATION RD,7.640000,,,C,9030,MUNICPAL,5800.00,1,1
     93,    112,       ,       ,0 PUMPING STATION RD,0.780000,,,C,9030,MUNICPAL,204200.00,1,1
     93,    113,       ,       ,32 PUMPING STATION RD,0.560000,,,5,1010,ONE FAM,72400.00,1,1
     93,    114,       ,       ,26 PUMPING STATION RD,0.490000,,,5,1010,ONE FAM,69800.00,1,1
     93,    115,       ,       ,12 PUMPING STATION RD,0.630000,,,5,1010,ONE FAM,75300.00,1,1
     93,    116,       ,       ,3 FRANKLIN ST,0.240000,,,5,1010,ONE FAM,58000.00,1,1
     93,    117,       ,       ,10 PUMPING STATION RD,0.410000,,,5,1010,ONE FAM,67000.00,1,1
     93,    118,       ,       ,140 BANK ST EXT ,0.640000,,,5,1010,ONE FAM,71900.00,1,1
     93,    119,       ,       ,7 FRANKLIN ST,0.260000,,,5,1010,ONE FAM,65800.00,1,1
     93,    120,       ,       ,10 FRANKLIN ST,0.310009,,,5,1010,ONE FAM,34700.00,1,1
     93,    122,       ,       ,0 FRANKLIN ST,0.210000,,,5,1320,UNDEV,3500.00,1,1
     93,    123,       ,       ,14 FRANKLIN ST ,0.280000,,,5,1300,RES LAND,33600.00,1,1
     93,    124,       ,       ,0 DARTMOUTH COLLEGE HWY,0.560147,,,C,9030,MUNICPAL,10200.00,1,1
     93,    125,       ,       ,0 DARTMOUTH COLLEGE HWY,2.600000,,,0,9030,MUNICPAL,2000.00,2,1
     93,    125,       ,       ,0 DARTMOUTH COLLEGE HWY,2.600000,,,C,9030,MUNICPAL,122200.00,1,1
     93,    126,       ,       ,246 BANK ST EXT ,0.330005,,,5,1010,ONE FAM,97000.00,1,1
     94,      1,       ,       ,250 BANK ST EXT ,4.900000,,,0,013R,RES/COM-Res,167200.00,1,1
     94,      1,       ,       ,250 BANK ST EXT ,4.900000,,,0,3160,COMMWHSE,,1,2
     94,      1,       ,       ,250 BANK ST EXT ,4.900000,,,0,3160,COMMWHSE,1600.00,2,1
     94,      1,       ,       ,250 BANK ST EXT ,4.900000,,,0,3160,COMMWHSE,1900.00,3,1
     94,      2,       ,       ,101 TOWNSEND TER,1.230005,,,5,1010,ONE FAM,91100.00,1,1
     94,      2,    100,       ,93 TOWNSEND TER ,3.000000,,,5,1010,ONE FAM,94100.00,1,1
     94,      3,       ,       ,27 DOROTHY PERLEY RD,2.000000,,,5,1010,ONE FAM,95700.00,1,1
     94,      4,       ,       ,31 DOROTHY PERLEY RD,2.360009,,,5,1010,ONE FAM,95100.00,1,1
     94,      5,       ,       ,35 DOROTHY PERLEY RD,2.050000,,,5,1010,ONE FAM,95600.00,1,1
     94,      6,       ,       ,38 DOROTHY PERLEY RD,1.469995,,,5,1010,ONE FAM,115700.00,1,1
     94,      7,       ,       ,34 DOROTHY PERLEY RD,0.820000,,,5,1010,ONE FAM,111900.00,1,1
     94,      8,       ,       ,32 DOROTHY PERLEY RD ,0.500000,,,5,1010,ONE FAM,97500.00,1,1
     94,      9,       ,       ,0 DOROTHY PERLEY RD ,1.540000,,,5,6001,FARM REC,400.00,1,1
     94,     10,       ,       ,22 DOROTHY PERLEY RD,2.410009,,,5,1010,ONE FAM,118800.00,1,1
     94,     11,       ,       ,243 BANK ST EXT,0.380000,,,5,1010,ONE FAM,100400.00,1,1
     94,     12,       ,       ,245 BANK ST EXT,0.340000,,,5,1010,ONE FAM,93100.00,1,1
     94,     13,       ,       ,10 COLBY AVE,0.200000,,,5,1010,ONE FAM,90100.00,1,1
     94,     14,       ,       ,3 COLBY AVE ,0.390000,,,5,1010,ONE FAM,100900.00,1,1
     94,     15,       ,       ,249 BANK ST EXT,0.260000,,,5,1010,ONE FAM,90300.00,1,1
     94,     16,       ,       ,253 BANK ST EXT,0.410000,,,5,1010,ONE FAM,102000.00,1,1
     94,     17,       ,       ,265 BANK ST EXT ,0.690000,,,0,1040,2 FAMILY,,1,2
     94,     17,       ,       ,265 BANK ST EXT ,0.690000,,,5,1040,2 FAMILY,124900.00,1,1
     94,     18,       ,       ,4 DOROTHY PERLEY RD,1.060000,,,0,1012,ONE FAM W ACC,200.00,2,1
     94,     18,       ,       ,4 DOROTHY PERLEY RD,1.060000,,,5,1012,ONE FAM W ACC,129700.00,1,1
     94,     19,       ,       ,98 WINONA CIR ,0.230000,,,5,1010,ONE FAM,81500.00,1,1
     94,     20,       ,       ,92 WINONA CIR ,0.390000,,,5,1010,ONE FAM,94000.00,1,1
     94,     21,       ,       ,86 WINONA CIR ,0.410000,,,5,1010,ONE FAM,95000.00,1,1
     94,     22,       ,       ,80 WINONA CIR,0.310000,,,5,1010,ONE FAM,88600.00,1,1
     94,     23,       ,       ,74 WINONA CIR,0.250000,,,5,1010,ONE FAM,83200.00,1,1
     94,     24,       ,       ,68 WINONA CIR,0.230000,,,5,1010,ONE FAM,81500.00,1,1
     94,     25,       ,       ,62 WINONA CIR,0.260000,,,5,1010,ONE FAM,84100.00,1,1
     94,     26,       ,       ,56 WINONA CIR,0.260000,,,5,1010,ONE FAM,84100.00,1,1
     94,     27,       ,       ,50 WINONA CIR,0.270000,,,5,1010,ONE FAM,85000.00,1,1
     97,      1,       ,       ,0 MILL RD,0.500000,,,5,1320,UNDEV,3500.00,1,1
     97,      2,       ,       ,0 MILL RD,1.320000,,,0,1320,UNDEV,100.00,2,1
     97,      2,       ,       ,0 MILL RD,1.320000,,,5,1320,UNDEV,4500.00,1,1
     97,      3,       ,       ,125 MILL RD,1.720000,,,0,1320,UNDEV,400.00,2,1
     97,      3,       ,       ,125 MILL RD,1.720000,,,5,1320,UNDEV,4500.00,1,1
     97,      4,       ,       ,0 SUNSET ROCK RD,2.250000,,,C,9010,STATE NH,24700.00,1,1
     97,      5,       ,       ,31 MANCHESTER DR,2.500000,,,5,1010,ONE FAM,105400.00,1,1
     97,      6,       ,       ,35 MANCHESTER DR,3.700000,,,0,1010,ONE FAM,1800.00,2,1
     97,      6,       ,       ,35 MANCHESTER DR,3.700000,,,5,1010,ONE FAM,104500.00,1,1
     97,      7,       ,       ,32 MONICA RD,4.620000,,,0,1010,ONE FAM,3000.00,2,1
     97,      7,       ,       ,32 MONICA RD,4.620000,,,5,1010,ONE FAM,95100.00,1,1
     97,      8,       ,       ,462 DARTMOUTH COLLEGE HWY,8.710000,,,0,6210,PINE,970.00,2,1
     97,      8,       ,       ,462 DARTMOUTH COLLEGE HWY,8.710000,,,5,6210,PINE,510.00,1,1
     97,      9,       ,       ,458 DARTMOUTH COLLEGE HWY,8.830000,,,0,6210,PINE,990.00,2,1
     97,      9,       ,       ,458 DARTMOUTH COLLEGE HWY,8.830000,,,5,6210,PINE,510.00,1,1
     97,     10,       ,       ,452 DARTMOUTH COLLEGE HWY,8.970000,,,0,6210,PINE,95.00,3,1
     97,     10,       ,       ,452 DARTMOUTH COLLEGE HWY,8.970000,,,0,6220,HDWD,475.00,2,1
     97,     10,       ,       ,452 DARTMOUTH COLLEGE HWY,8.970000,,,5,6220,HDWD,265.00,1,1
     97,     11,       ,       ,446 DARTMOUTH COLLEGE HWY,9.170000,,,0,6210,PINE,90.00,3,1
     97,     11,       ,       ,446 DARTMOUTH COLLEGE HWY,9.170000,,,0,6220,HDWD,495.00,2,1
     97,     11,       ,       ,446 DARTMOUTH COLLEGE HWY,9.170000,,,5,6220,HDWD,265.00,1,1
     97,     12,       ,       ,440 DARTMOUTH COLLEGE HWY,9.330000,,,0,6210,PINE,95.00,3,1
     97,     12,       ,       ,440 DARTMOUTH COLLEGE HWY,9.330000,,,0,6220,HDWD,510.00,2,1
     97,     12,       ,       ,440 DARTMOUTH COLLEGE HWY,9.330000,,,5,6220,HDWD,265.00,1,1
     97,     13,       ,       ,434 DARTMOUTH COLLEGE HWY ,9.330000,,,0,6210,PINE,100.00,3,1
     97,     13,       ,       ,434 DARTMOUTH COLLEGE HWY ,9.330000,,,0,6220,HDWD,505.00,2,1
     97,     13,       ,       ,434 DARTMOUTH COLLEGE HWY ,9.330000,,,5,6220,HDWD,265.00,1,1
     97,     14,       ,       ,439 DARTMOUTH COLLEGE HWY,6.080000,,,0,9010,STATE NH,5700.00,2,1
     97,     14,       ,       ,439 DARTMOUTH COLLEGE HWY,6.080000,,,C,9010,STATE NH,138600.00,1,1
     98,      1,       ,       ,36 MANCHESTER DR,2.100000,,,5,1010,ONE FAM,106100.00,1,1
     98,      2,       ,       ,28 MANCHESTER DR,2.000000,,,5,1010,ONE FAM,106300.00,1,1
     98,      3,       ,       ,11 MANCHESTER DR ,2.100000,,,5,1010,ONE FAM,106100.00,1,1
     98,      4,       ,       ,10 MANCHESTER DR,2.000000,,,5,1010,ONE FAM,106300.00,1,1
     98,      5,       ,       ,73 NH ROUTE 4A,0.300000,,,5,1010,ONE FAM,121700.00,1,1
     98,      6,       ,       ,77 NH ROUTE 4A ,0.330000,,,0,1090,MULT HS,0.00,1,2
     98,      6,       ,       ,77 NH ROUTE 4A ,0.330000,,,5,1090,MULT HS,201500.00,1,1
     98,      7,       ,       ,83 NH ROUTE 4A ,0.410000,,,C,3260,REST/BAR,275200.00,1,1
     98,      8,       ,       ,0 NH ROUTE 4A ,0.950000,,,5,3830,BEACHES,213000.00,1,1
     98,      9,       ,       ,101 NH ROUTE 4A,0.239991,,,5,1010,ONE FAM,110200.00,1,1
     98,     10,       ,       ,103 NH ROUTE 4A ,0.170000,,,5,1010,ONE FAM,88900.00,1,1
     98,     11,       ,       ,105 NH ROUTE 4A ,0.120000,60,,5,1010,ONE FAM,85600.00,1,1
     98,     12,       ,       ,107 NH ROUTE 4A,0.119995,,,5,1300,RES LAND,85600.00,1,1
     98,     13,       ,       ,109 NH ROUTE 4A,0.220000,,,5,1010,ONE FAM,108200.00,1,1
     98,     14,       ,       ,111 NH ROUTE 4A ,0.145087,,,5,1012,ONE FAM W ACC,91000.00,1,1
     98,     15,       ,       ,113 NH ROUTE 4A,0.300000,,,5,1010,ONE FAM,108600.00,1,1
     98,     16,       ,       ,0 NH ROUTE 4A,0.092631,34,,5,1300,RES LAND,54300.00,1,1
     98,     17,       ,       ,115 NH ROUTE 4A,0.190000,,,5,1010,ONE FAM,88200.00,1,1
     98,     18,       ,       ,117 NH ROUTE 4A,0.150000,,,5,1010,ONE FAM,87500.00,1,1
     98,     19,       ,       ,125 NH ROUTE 4A,0.380005,,,0,112C,APT 9+UP-Comm,,1,2
     98,     19,       ,       ,125 NH ROUTE 4A,0.380005,,,5,1120,APT 9+UP,310800.00,1,1
     98,     20,       ,       ,118 NH ROUTE 4A ,1.080005,,,5,1110,APT 4-8,90200.00,1,1
     98,     21,       ,       ,102 NH ROUTE 4A,1.750000,,,0,1300,RES LAND,1700.00,2,1
     98,     21,       ,       ,102 NH ROUTE 4A,1.750000,,,5,1300,RES LAND,115100.00,1,1
     98,     22,       ,       ,86 NH ROUTE 4A ,13.700000,,,0,1100,TRALR PK,32300.00,2,1
     98,     22,       ,       ,86 NH ROUTE 4A ,13.700000,,,5,1100,TRALR PK,80800.00,1,1
     98,     22,    200,       ,86 NH ROUTE 4A 1LOW,0.000023,,,5,1030,MOBIL HM,0.00,1,1
     98,     22,    300,       ,86 NH ROUTE 4A 11LOW,0.000000,,,5,1030,MOBIL HM,,1,1
     98,     22,    400,       ,86 NH ROUTE 4A 12LOW,0.000000,,,5,1030,MOBIL HM,,1,1
     98,     22,    500,       ,86 NH ROUTE 4A 3LOW,0.000000,,,5,1030,MOBIL HM,,1,1
     98,     22,    600,       ,86 NH ROUTE 4A 5LOW,0.000000,,,5,1030,MOBIL HM,,1,1
     98,     22,    700,       ,86 NH ROUTE 4A 13LOW,0.000000,,,5,1030,MOBIL HM,,1,1
     98,     22,    800,       ,86 NH ROUTE 4A #14LOW,0.000000,,,5,1030,MOBIL HM,,1,1
     98,     22,    900,       ,86 NH ROUTE 4A 7LOW,0.000000,,,5,1030,MOBIL HM,,1,1
     98,     22,   1000,       ,86 NH ROUTE 4A 9LOW,0.000000,,,5,1030,MOBIL HM,,1,1
     98,     22,   1100,       ,86 NH ROUTE 4A 15LOW,0.000000,,,5,1030,MOBIL HM,,1,1
     98,     22,   1200,       ,86 NH ROUTE 4A 16LOW,0.000000,,,5,1030,MOBIL HM,,1,1
     98,     22,   1300,       ,86 NH ROUTE 4A #22UP,0.000000,,,5,1030,MOBIL HM,,1,1
     98,     22,   1400,       ,86 NH ROUTE 4A 25UP,0.000000,,,5,1030,MOBIL HM,,1,1
     98,     22,   1500,       ,86 NH ROUTE 4A 24UP,0.000000,,,5,1030,MOBIL HM,,1,1
     98,     22,   1600,       ,86 NH ROUTE 4A 23UP,0.000000,,,5,1030,MOBIL HM,,1,1
     98,     22,   1700,       ,86 NH ROUTE 4A #21UP,0.000000,,,5,1030,MOBIL HM,,1,1
     98,     22,   1800,       ,86 NH ROUTE 4A 20UP,0.000000,,,5,1030,MOBIL HM,,1,1
     98,     22,   1900,       ,86 NH ROUTE 4A 19UP,0.000000,,,5,1030,MOBIL HM,,1,1
     98,     22,   2000,       ,86 NH ROUTE 4A 18UP,0.000000,,,5,1030,MOBIL HM,,1,1
     98,     22,   2100,       ,86 NH ROUTE 4A 17UP,0.000000,,,5,1030,MOBIL HM,,1,1
     98,     22,   2200,       ,86 NH ROUTE 4A 16UP,0.000000,,,5,1030,MOBIL HM,,1,1
     98,     22,   2300,       ,86 NH ROUTE 4A 15UP,0.000000,,,5,1030,MOBIL HM,,1,1
     98,     22,   2400,       ,86 NH ROUTE 4A #14UP,0.000000,,,5,1030,MOBIL HM,,1,1
     98,     22,   2500,       ,86 NH ROUTE 4A 13UP,0.000000,,,5,1030,MOBIL HM,,1,1
     98,     22,   2600,       ,86 NH ROUTE 4A #12UP,0.000000,,,5,1030,MOBIL HM,,1,1
     98,     22,   2700,       ,86 NH ROUTE 4A #11UP,0.000000,,,5,1030,MOBIL HM,,1,1
     98,     22,   2800,       ,86 NH ROUTE 4A 9UP,0.000000,,,5,1030,MOBIL HM,0.00,1,1
     98,     22,   2900,       ,86 NH ROUTE 4A 8UP,0.000000,,,5,1030,MOBIL HM,,1,1
     98,     22,   3000,       ,86 NH ROUTE 4A 7UP,0.000000,,,5,1030,MOBIL HM,,1,1
     98,     22,   3200,       ,86 NH ROUTE 4A #6UP,0.000000,,,5,1030,MOBIL HM,,1,1
     98,     22,   3500,       ,86 NH ROUTE 4A 3UP,0.000000,,,5,1030,MOBIL HM,,1,1
     98,     22,   3600,       ,86 NH ROUTE 4A #2UP,0.000000,,,5,1030,MOBIL HM,0.00,1,1
     98,     22,   3700,       ,86 NH ROUTE 4A 1UP,0.000000,,,5,1030,MOBIL HM,,1,1
     98,     22,   3800,       ,86 NH ROUTE 4A 10LOW,0.000000,,,5,1030,MOBIL HM,,1,1
     98,     22,   4000,       ,86 NH ROUTE 4A 6LOW,0.000023,,,5,1030,MOBIL HM,0.00,1,1
     98,     22,   4100,       ,86 NH ROUTE 4A 4LOW,0.000000,,,5,1030,MOBIL HM,,1,1
     98,     22,   4200,       ,86 NH ROUTE 4A #2LOW,0.000023,,,5,1030,MOBIL HM,0.00,1,1
     98,     23,    100,       ,78 NH ROUTE 4A ,0.761938,,,5,1010,ONE FAM,125900.00,1,1
     98,     23,    200,       ,0 NH ROUTE 4A,1.200000,,,0,1300,RES LAND,500.00,2,1
     98,     23,    200,       ,0 NH ROUTE 4A,1.200000,,,5,1300,RES LAND,127900.00,1,1
     98,     24,       ,       ,74 NH ROUTE 4A ,0.570340,,,5,1010,ONE FAM,65300.00,1,1
     98,     25,       ,       ,13 MANCHESTER DR,2.000000,,,5,1010,ONE FAM,106300.00,1,1
     98,     26,       ,       ,0 MANCHESTER DR,3.000000,,,5,1060,OUT BLDS,10500.00,1,1
     98,     27,       ,       ,21 MANCHESTER DR,3.000000,,,5,1010,ONE FAM,104500.00,1,1
     98,     28,       ,       ,25 MANCHESTER DR,2.700000,,,5,1010,ONE FAM,131300.00,1,1
     99,      1,       ,       ,114 NH ROUTE 4A,31.100000,,,0,1300,RES LAND,3400.00,2,1
     99,      1,       ,       ,114 NH ROUTE 4A,31.100000,,,0,1300,RES LAND,47400.00,3,1
     99,      1,       ,       ,114 NH ROUTE 4A,31.100000,,,5,1300,RES LAND,127900.00,1,1
     99,      2,       ,       ,92 NH ROUTE 4A ,31.650000,,,0,3860,CAMPGRND,,1,2
     99,      2,       ,       ,92 NH ROUTE 4A ,31.650000,,,0,3860,CAMPGRND,,1,3
     99,      2,       ,       ,92 NH ROUTE 4A ,31.650000,,,0,386C,CAMPGRND-Comm,34500.00,2,1
     99,      2,       ,       ,92 NH ROUTE 4A ,31.650000,,,C,386C,CAMPGRND-Comm,219900.00,1,1
     99,      3,       ,       ,17 MANCHESTER DR ,52.800000,,,0,6230,OTHER,2085.00,2,1
     99,      3,       ,       ,17 MANCHESTER DR ,52.800000,,,5,1010,ONE FAM,101000.00,1,1
     99,      3,    100,       ,15 MANCHESTER DR,5.000000,,,0,1010,ONE FAM,3800.00,2,1
     99,      3,    100,       ,15 MANCHESTER DR,5.000000,,,5,1010,ONE FAM,98000.00,1,1
     99,      4,       ,       ,19 MANCHESTER DR ,60.400000,,,0,6221,HDWD REC,3385.00,2,1
     99,      4,       ,       ,19 MANCHESTER DR ,60.400000,,,5,1010,ONE FAM,101000.00,1,1
     99,      5,       ,       ,599 DARTMOUTH COLLEGE HWY,2.730005,,,5,1010,ONE FAM,85100.00,1,1
     99,      6,       ,       ,625 DARTMOUTH COLLEGE HWY,4.390000,,,0,1010,ONE FAM,3100.00,3,1
     99,      6,       ,       ,625 DARTMOUTH COLLEGE HWY,4.390000,,,0,1010,ONE FAM,4500.00,2,1
     99,      6,       ,       ,625 DARTMOUTH COLLEGE HWY,4.390000,,,5,1010,ONE FAM,80800.00,1,1
     99,      7,       ,       ,15 RUDSBORO RD ,2.060000,,,0,1010,ONE FAM,2400.00,2,1
     99,      7,       ,       ,15 RUDSBORO RD ,2.060000,,,5,1010,ONE FAM,89800.00,1,1
     99,      7,    100,       ,7 RUDSBORO RD,0.750000,,,5,1320,UNDEV,4400.00,1,1
     99,      8,       ,       ,695 DARTMOUTH COLLEGE HWY ,90.900000,,,0,6000,FARM,3250.00,2,1
     99,      8,       ,       ,695 DARTMOUTH COLLEGE HWY ,90.900000,,,0,6230,OTHER,2865.00,3,1
     99,      8,       ,       ,695 DARTMOUTH COLLEGE HWY ,90.900000,,,5,1100,TRALR PK,379500.00,1,1
     99,      8,    100,       ,695 DARTMOUTH COLLEGE HWY #1,0.000000,,,5,1030,MOBIL HM,,1,1
     99,      8,    200,       ,695 DARTMOUTH COLLEGE HWY #2,0.000000,,,5,1030,MOBIL HM,,1,1
     99,      8,    300,       ,695 DARTMOUTH COLLEGE HWY #3,0.000000,,,5,1030,MOBIL HM,,1,1
     99,      8,    400,       ,695 DARTMOUTH COLLEGE HWY #4,0.000000,,,5,1030,MOBIL HM,0.00,1,1
     99,      8,    500,       ,695 DARTMOUTH COLLEGE HWY 5,0.000000,,,5,1030,MOBIL HM,0.00,1,1
     99,      8,    600,       ,695 DARTMOUTH COLLEGE HWY 6,0.000000,,,5,1030,MOBIL HM,0.00,1,1
     99,      8,    700,       ,695 DARTMOUTH COLLEGE HWY 7,0.000000,,,5,1030,MOBIL HM,0.00,1,1
     99,      8,    800,       ,695 DARTMOUTH COLLEGE HWY #8,0.000000,,,5,1030,MOBIL HM,,1,1
     99,      8,    900,       ,695 DARTMOUTH COLLEGE HWY #9,0.000000,,,5,1030,MOBIL HM,,1,1
     99,      8,   1000,       ,695 DARTMOUTH COLLEGE HWY ,0.000000,,,5,1030,MOBIL HM,,1,1
     99,      8,   1100,       ,695 DARTMOUTH COLLEGE HWY #11,0.000000,,,5,1030,MOBIL HM,0.00,1,1
     99,      8,   1200,       ,695 DARTMOUTH COLLEGE HWY 12,0.000000,,,5,1030,MOBIL HM,0.00,1,1
     99,      8,   1300,       ,695 DARTMOUTH COLLEGE HWY 13,0.000000,,,5,1030,MOBIL HM,0.00,1,1
     99,      8,   1400,       ,695 DARTMOUTH COLLEGE HWY #14,0.000000,,,5,1030,MOBIL HM,0.00,1,1
     99,      8,   1600,       ,695 DARTMOUTH COLLEGE HWY #16,0.000000,,,5,1030,MOBIL HM,0.00,1,1
     99,      8,   1700,       ,695 DARTMOUTH COLLEGE HWY 17,0.000000,,,5,1030,MOBIL HM,0.00,1,1
     99,      8,   1800,       ,695 DARTMOUTH COLLEGE HWY 18,0.000000,,,5,1030,MOBIL HM,0.00,1,1
     99,      8,   1900,       ,695 DARTMOUTH COLLEGE HWY 19,0.000000,,,5,1030,MOBIL HM,,1,1
     99,      8,   2000,       ,695 DARTMOUTH COLLEGE HWY 20,0.000000,,,5,1030,MOBIL HM,0.00,1,1
    101,      1,       ,       ,2-8 MARKET ST ,7.630854,,,0,3240,SUPERMKT,,1,2
    101,      1,       ,       ,2-8 MARKET ST ,7.630854,,,C,3240,SUPERMKT,6992900.00,1,1
    101,      2,       ,       ,28 MARKET ST ,36.710000,,,0,903C,MUNICPAL-Comm,,1,2
    101,      2,       ,       ,28 MARKET ST ,36.710000,,,0,903C,MUNICPAL-Comm,,1,3
    101,      2,       ,       ,28 MARKET ST ,36.710000,,,0,903C,MUNICPAL-Comm,,1,5
    101,      2,       ,       ,28 MARKET ST ,36.710000,,,0,903C,MUNICPAL-Comm,665800.00,2,1
    101,      2,       ,       ,28 MARKET ST ,36.710000,,,0,903C,MUNICPAL-Comm,1112500.00,3,1
    101,      2,       ,       ,28 MARKET ST ,36.710000,,,0,903I,MUNICPAL-Ind,,1,4
    101,      2,       ,       ,28 MARKET ST ,36.710000,,,C,903C,MUNICPAL-Comm,7331100.00,1,1
    101,      2,    100,       ,28 MARKET ST ,0.000000,,,C,9030,MUNICPAL,,1,1
    101,      5,       ,       ,120 S MAIN ST ,0.200000,,,C,3400,OFFICE,233700.00,1,1
    101,      9,       ,       ,108 S MAIN ST,0.400000,,,5,1010,ONE FAM,80300.00,1,1
    101,     10,       ,       ,102 S MAIN ST,0.260000,,,5,1010,ONE FAM,71500.00,1,1
    101,     11,       ,       ,3 WATERMAN AVE,0.260000,,,5,1010,ONE FAM,84100.00,1,1
    101,     12,       ,       ,5 WATERMAN AVE,0.610000,,,5,1010,ONE FAM,105700.00,1,1
    101,     13,       ,       ,9 WATERMAN AVE ,1.090000,,,0,1010,ONE FAM,300.00,2,1
    101,     13,       ,       ,9 WATERMAN AVE ,1.090000,,,5,1010,ONE FAM,103200.00,1,1
    101,     14,       ,       ,10 WATERMAN AVE,1.130000,,,0,1010,ONE FAM,400.00,2,1
    101,     14,       ,       ,10 WATERMAN AVE,1.130000,,,5,1010,ONE FAM,103200.00,1,1
    101,     15,       ,       ,2 WATERMAN AVE,0.270000,,,5,1010,ONE FAM,85000.00,1,1
    101,     16,       ,       ,1 WATERMAN AVE ,0.330000,,,5,1010,ONE FAM,90300.00,1,1
    101,     17,       ,       ,4 WATERMAN AVE ,0.812943,,,5,1010,ONE FAM,114300.00,1,1
    101,     18,    100,       ,6 WATERMAN AVE ,0.330234,,,5,1010,ONE FAM,76800.00,1,1
    101,     18,    200,       ,8 WATERMAN AVE,0.257805,,,5,1010,ONE FAM,71300.00,1,1
    101,     19,       ,       ,98 S MAIN ST ,0.246272,,,5,1010,ONE FAM,70500.00,1,1
    101,     20,       ,       ,31 ROMANO CIR ,7.911000,,,0,9080,HOUSING,,1,2
    101,     20,       ,       ,31 ROMANO CIR ,7.911000,,,0,9080,HOUSING,,1,3
    101,     20,       ,       ,31 ROMANO CIR ,7.911000,,,0,9080,HOUSING,,1,4
    101,     20,       ,       ,31 ROMANO CIR ,7.911000,,,0,9080,HOUSING,,1,5
    101,     20,       ,       ,31 ROMANO CIR ,7.911000,,,0,9080,HOUSING,3800.00,2,1
    101,     20,       ,       ,31 ROMANO CIR ,7.911000,,,C,9080,HOUSING,3372300.00,1,1
    101,     20,    200,       ,32-47 ROMANO CIR ,0.000000,,,0,1120,APT 9+UP,,1,3
    101,     20,    200,       ,32-47 ROMANO CIR ,0.000000,,,0,1120,APT 9+UP,0.00,1,1
    101,     20,    200,       ,32-47 ROMANO CIR ,0.000000,,,0,1120,APT 9+UP,0.00,1,2
    101,     21,       ,       ,86 S MAIN ST,0.460000,,,5,1050,3 FAMILY,74700.00,1,1
    101,     22,       ,       ,84 S MAIN ST,0.190000,,,5,1010,ONE FAM,67300.00,1,1
    101,     23,       ,       ,82 S MAIN ST,0.180000,,,5,1010,ONE FAM,66800.00,1,1
    101,     25,       ,       ,69 S MAIN ST,0.330000,,,5,1010,ONE FAM,76800.00,1,1
    101,     26,       ,       ,77 S MAIN ST ,0.560000,,,5,1300,RES LAND,87400.00,1,1
    101,     27,       ,       ,89 S MAIN ST ,0.530000,,,C,3400,OFFICE,231100.00,1,1
    101,     28,       ,       ,93 S MAIN ST ,1.080000,,,0,3400,OFFICE,200.00,2,1
    101,     28,       ,       ,93 S MAIN ST ,1.080000,,,C,3400,OFFICE,281000.00,1,1
    101,     29,       ,       ,95 S MAIN ST ,0.590000,,,5,1010,ONE FAM,88800.00,1,1
    101,     30,       ,       ,97 S MAIN ST ,0.730000,,,5,1010,ONE FAM,111800.00,1,1
    101,     31,       ,       ,103 S MAIN ST ,0.853076,,,C,3420,MEDICAL OFF,267400.00,1,1
    101,     33,       ,       ,107 S MAIN ST,1.980000,,,0,3900,DEV LAND,1400.00,2,1
    101,     33,       ,       ,107 S MAIN ST,1.980000,,,5,3900,DEV LAND,309700.00,1,1
    101,     36,       ,       ,35 GLEN RD ,9.790000,,,0,4000,FACTORY,,1,2
    101,     36,       ,       ,35 GLEN RD ,9.790000,,,0,4000,FACTORY,,1,3
    101,     36,       ,       ,35 GLEN RD ,9.790000,,,0,4000,FACTORY,15600.00,3,1
    101,     36,       ,       ,35 GLEN RD ,9.790000,,,0,4000,FACTORY,22800.00,2,1
    101,     36,       ,       ,35 GLEN RD ,9.790000,,,C,4000,FACTORY,366600.00,1,1
    101,     37,       ,       ,1 GLEN RD ,4.540000,,,0,3250,STORE,,1,2
    101,     37,       ,       ,1 GLEN RD ,4.540000,,,0,3250,STORE,,1,3
    101,     37,       ,       ,1 GLEN RD ,4.540000,,,0,3250,STORE,196800.00,2,1
    101,     37,       ,       ,1 GLEN RD ,4.540000,,,C,3250,STORE,2199300.00,1,1
    101,     38,       ,       ,27 GLEN RD ,0.970000,,,C,3400,OFFICE,145200.00,1,1
    102,      1,       ,       ,169 GLEN RD,0.330000,,,5,1010,ONE FAM,81300.00,1,1
    102,      2,       ,       ,231 GLEN RD,0.960000,,,5,1010,ONE FAM,103200.00,1,1
    102,      3,       ,       ,122 SEMINARY HILL,0.080000,,,5,1010,ONE FAM,61300.00,1,1
    102,      4,       ,       ,118 SEMINARY HILL,17.200000,,,0,1010,ONE FAM,34900.00,2,1
    102,      4,       ,       ,118 SEMINARY HILL,17.200000,1000,,5,1010,ONE FAM,292500.00,1,1
    102,      5,       ,       ,114 SEMINARY HILL ,1.000000,,,C,9060,CHURCH,983600.00,1,1
    102,      6,       ,       ,110 SEMINARY HILL,0.410000,,,5,1010,ONE FAM,80800.00,1,1
    102,      8,       ,       ,2 HAMPSHIRE TER,0.653306,,,5,1010,ONE FAM,108300.00,1,1
    102,      9,       ,       ,108 SEMINARY HILL ,0.550000,,,5,1010,ONE FAM,86900.00,1,1
    102,     10,       ,       ,104 SEMINARY HILL,0.300000,,,5,1010,ONE FAM,74500.00,1,1
    102,     11,       ,       ,100 SEMINARY HILL,0.230000,,,5,1010,ONE FAM,69200.00,1,1
    102,     12,       ,       ,96 SEMINARY HILL ,11.720000,,,0,9550,CONDO MSTR,16400.00,2,1
    102,     12,       ,       ,96 SEMINARY HILL ,11.720000,,,0,9550,CONDO MSTR,1518000.00,3,1
    102,     12,       ,       ,96 SEMINARY HILL ,11.720000,,,C,9550,CONDO MSTR,1433200.00,1,1
    102,     12,      1,       ,5 WESTBORO WOODS LN F1,0.000000,,,5,1020,CONDO,,1,1
    102,     12,      2,       ,23 WESTBORO WOODS LN B2,0.000000,,,5,1020,CONDO,,1,1
    102,     12,      3,       ,55 WESTBORO WOODS LN F3,0.000000,,,5,1020,CONDO,,1,1
    102,     12,      4,       ,61 WESTBORO WOODS LN B4,0.000000,,,0,102V,CONDO-Vac,15000.00,1,1
    102,     12,      5,       ,1 WESTBORO WOODS LN A5,0.000000,,,5,1020,CONDO,,1,1
    102,     12,      6,       ,3 WESTBORO WOODS LN A6,0.000000,,,5,1020,CONDO,,1,1
    102,     12,      7,       ,2 WESTBORO WOODS LN A7,0.000000,,,5,1020,CONDO,,1,1
    102,     12,      8,       ,4 WESTBORO WOODS LN #A8,0.000000,,,5,1020,CONDO,,1,1
    102,     12,      9,       ,6 WESTBORO WOODS LN E9,0.000000,,,5,1020,CONDO,,1,1
    102,     12,     10,       ,8 WESTBORO WOODS LN E10,0.000000,,,5,1020,CONDO,,1,1
    102,     12,     11,       ,10 WESTBORO WOODS LN F11,0.000000,,,0,102V,CONDO-Vac,15000.00,1,1
    102,     12,     12,       ,14 WESTBORO WOODS LN B12,0.000000,,,5,1020,CONDO,,1,1
    102,     12,     13,       ,18 WESTBORO WOODS LN D13,0.000000,,,5,1020,CONDO,,1,1
    102,     12,     14,       ,20 WESTBORO WOODS LN #D14,0.000000,,,5,1020,CONDO,,1,1
    102,     12,     15,       ,22 WESTBORO WOODS LN #F15,0.000000,,,5,1020,CONDO,,1,1
    102,     12,     16,       ,26 WESTBORO WOODS LN D16,0.000000,,,0,102V,CONDO-Vac,15000.00,1,1
    102,     12,     17,       ,28 WESTBORO WOODS LN D17,0.000000,,,0,102V,CONDO-Vac,15000.00,1,1
    102,     12,     18,       ,34 WESTBORO WOODS LN D18,0.000000,,,0,102V,CONDO-Vac,15000.00,1,1
    102,     12,     19,       ,36 WESTBORO WOODS LN D19,0.000000,,,0,102V,CONDO-Vac,15000.00,1,1
    102,     12,     20,       ,38 WESTBORO WOODS LN D20,0.000000,,,0,102V,CONDO-Vac,15000.00,1,1
    102,     12,     21,       ,40 WESTBORO WOODS LN D21,0.000000,,,0,102V,CONDO-Vac,15000.00,1,1
    102,     12,     22,       ,42 WESTBORO WOODS LN D22,1.000000,,,0,102V,CONDO-Vac,,1,1
    102,     12,     23,       ,44 WESTBORO WOODS LN D23,0.000000,,,0,102V,CONDO-Vac,15000.00,1,1
    102,     12,     24,       ,46 WESTBORO WOODS LN D24,0.000000,,,0,102V,CONDO-Vac,15000.00,1,1
    102,     12,     25,       ,48 WESTBORO WOODS LN D25,0.000000,,,0,102V,CONDO-Vac,15000.00,1,1
    102,     12,     26,       ,50 WESTBORO WOODS LN D26,0.000000,,,0,102V,CONDO-Vac,15000.00,1,1
    102,     12,     27,       ,52 WESTBORO WOODS LN D27,0.000000,,,0,102V,CONDO-Vac,15000.00,1,1
    102,     12,     28,       ,54 WESTBORO WOODS LN D28,0.000000,,,0,102V,CONDO-Vac,15000.00,1,1
    102,     12,     29,       ,56 WESTBORO WOODS LN #D29,0.000000,,,0,102V,CONDO-Vac,15000.00,1,1
    102,     12,     30,       ,58 WESTBORO WOODS LN #A30,0.000000,,,5,1020,CONDO,,1,1
    102,     12,     31,       ,60 WESTBORO WOODS LN #A31,0.000000,,,5,1020,CONDO,,1,1
    102,     12,     32,       ,62 WESTBORO WOODS LN F32,0.000000,,,5,1020,CONDO,,1,1
    102,     12,     33,       ,96 SEMINARY HILL 33,0.000000,,,5,1020,CONDO,,1,1
    102,     13,       ,       ,76 SEMINARY HILL ,1.120000,,,0,3520,DAY CARE,300.00,2,1
    102,     13,       ,       ,76 SEMINARY HILL ,1.120000,,,C,3520,DAY CARE,262800.00,1,1
    102,     14,       ,       ,1 ARMSTRONG AVE,0.300000,,,5,1010,ONE FAM,87700.00,1,1
    102,     15,       ,       ,3 ARMSTRONG AVE,0.300000,,,5,1010,ONE FAM,87700.00,1,1
    102,     16,       ,       ,1 HATHORN AVE,0.310000,,,5,1010,ONE FAM,88600.00,1,1
    102,     17,       ,       ,3 HATHORN AVE,0.590000,,,5,1010,ONE FAM,104500.00,1,1
    102,     19,       ,       ,4 HATHORN AVE,0.650000,,,5,1010,ONE FAM,108100.00,1,1
    102,     20,       ,       ,2 HATHORN AVE,0.980000,,,5,1010,ONE FAM,114700.00,1,1
    102,     21,       ,       ,8 ARMSTRONG AVE,0.560000,,,5,1010,ONE FAM,102800.00,1,1
    102,     22,       ,       ,6 ARMSTRONG AVE,0.310000,,,5,1010,ONE FAM,88600.00,1,1
    102,     23,       ,       ,4 ARMSTRONG AVE,0.310000,,,5,1010,ONE FAM,88600.00,1,1
    102,     24,       ,       ,2 ARMSTRONG AVE,0.320000,,,5,1010,ONE FAM,89400.00,1,1
    102,     25,       ,       ,17 JOHNSON AVE,0.345937,,,5,1010,ONE FAM,91700.00,1,1
    102,     25,    100,       ,15 JOHNSON AVE,0.230142,,,5,1010,ONE FAM,81500.00,1,1
    102,     26,       ,       ,18 JOHNSON AVE,0.380000,,,5,1040,2 FAMILY,93400.00,1,1
    102,     27,       ,       ,13 TENLEY DR,0.390000,,,5,1010,ONE FAM,94000.00,1,1
    102,     28,       ,       ,15 TENLEY DR,0.740000,,,5,1010,ONE FAM,112100.00,1,1
    102,     29,       ,       ,16 TENLEY DR,0.430000,,,5,1010,ONE FAM,91200.00,1,1
    102,     30,       ,       ,17 TENLEY DR,0.290000,,,5,1010,ONE FAM,86800.00,1,1
    102,     31,       ,       ,18 TENLEY DR ,0.270000,,,5,1010,ONE FAM,85000.00,1,1
    102,     32,       ,       ,19 TENLEY DR,0.340000,,,5,1010,ONE FAM,91200.00,1,1
    102,     33,       ,       ,20 TENLEY DR,0.270000,,,5,1010,ONE FAM,85000.00,1,1
    102,     34,       ,       ,14 TENLEY DR,0.350000,,,5,1010,ONE FAM,78100.00,1,1
    102,     35,       ,       ,12 TENLEY DR,0.310000,,,5,1010,ONE FAM,88600.00,1,1
    102,     36,       ,       ,10 TENLEY DR,0.230000,,,5,1010,ONE FAM,81500.00,1,1
    102,     37,       ,       ,2 JONES AVE,0.230000,,,5,1010,ONE FAM,69200.00,1,1
    102,     38,       ,       ,75 SEMINARY HILL,0.240000,,,5,1010,ONE FAM,70000.00,1,1
    102,     39,       ,       ,79 SEMINARY HILL ,2.590000,,,0,1120,APT 9+UP,,1,2
    102,     39,       ,       ,79 SEMINARY HILL ,2.590000,,,0,1120,APT 9+UP,,1,3
    102,     39,       ,       ,79 SEMINARY HILL ,2.590000,,,0,1120,APT 9+UP,1700.00,2,1
    102,     39,       ,       ,79 SEMINARY HILL ,2.590000,,,C,1120,APT 9+UP,562100.00,1,1
    102,     40,       ,       ,5 CARLTON DR,0.230000,,,5,1010,ONE FAM,69200.00,1,1
    102,     41,       ,       ,9 CARLTON DR,0.230000,,,5,1010,ONE FAM,81500.00,1,1
    102,     42,       ,       ,15 CARLTON DR,0.250000,,,5,1010,ONE FAM,83200.00,1,1
    102,     44,       ,       ,26 CARLTON DR,0.230000,,,5,1010,ONE FAM,81500.00,1,1
    102,     45,       ,       ,22 CARLTON DR ,0.240000,,,5,1010,ONE FAM,82300.00,1,1
    102,     46,       ,       ,18 CARLTON DR,0.250000,,,5,1010,ONE FAM,83200.00,1,1
    102,     47,       ,       ,14 CARLTON DR,0.250000,,,5,1010,ONE FAM,83200.00,1,1
    102,     48,       ,       ,10 CARLTON DR,0.230000,,,5,1010,ONE FAM,81500.00,1,1
    102,     49,       ,       ,6 CARLTON DR,0.230000,,,5,1010,ONE FAM,69200.00,1,1
    102,     50,       ,       ,115 SEMINARY HILL ,3.960000,,,0,1010,ONE FAM,8500.00,2,1
    102,     50,       ,       ,115 SEMINARY HILL ,3.960000,,,5,1010,ONE FAM,114700.00,1,1
    102,     53,       ,       ,123 SEMINARY HILL,1.800000,,,0,1010,ONE FAM,2300.00,2,1
    102,     53,       ,       ,123 SEMINARY HILL,1.800000,,,5,1010,ONE FAM,97500.00,1,1
    102,     54,       ,       ,129 SEMINARY HILL,2.050000,,,0,1010,ONE FAM,3000.00,2,1
    102,     54,       ,       ,129 SEMINARY HILL,2.050000,,,5,1010,ONE FAM,97500.00,1,1
    102,     54,    200,       ,24 OLD PINE TREE CEMETERY RD,3.480000,,,0,1010,ONE FAM,5500.00,2,1
    102,     54,    200,       ,24 OLD PINE TREE CEMETERY RD,3.480000,,,5,1010,ONE FAM,138900.00,1,1
    102,     55,       ,       ,10 OLD PINE TREE CEMETERY RD,3.650000,,,0,1010,ONE FAM,7600.00,2,1
    102,     55,       ,       ,10 OLD PINE TREE CEMETERY RD,3.650000,,,5,1010,ONE FAM,114700.00,1,1
    102,     57,       ,       ,15 OLD PINE TREE CEMETERY RD ,3.700000,,,0,1010,ONE FAM,7800.00,2,1
    102,     57,       ,       ,15 OLD PINE TREE CEMETERY RD ,3.700000,,,5,1010,ONE FAM,97500.00,1,1
    102,     58,       ,       ,0 GLEN RD,1.500000,,,0,1320,UNDEV,1000.00,2,1
    102,     58,       ,       ,0 GLEN RD,1.500000,,,5,1320,UNDEV,28700.00,1,1
    102,     59,       ,       ,0 GLEN RD,0.610000,,,5,1320,UNDEV,26400.00,1,1
    102,     60,       ,       ,130 GLEN RD,5.200000,,,0,9030,MUNICPAL,6000.00,2,1
    102,     60,       ,       ,130 GLEN RD,5.200000,,,C,9030,MUNICPAL,281000.00,1,1
    102,     61,       ,       ,0 GLEN RD,0.819995,,,5,1320,UNDEV,5700.00,1,1
    102,     62,       ,       ,0 GLEN RD,0.060009,,,5,4420,UNDEV,3500.00,1,1
    103,      1,       ,       ,432 MIRACLE MILE ,1.060000,,,0,3900,DEV LAND,800.00,2,1
    103,      1,       ,       ,432 MIRACLE MILE ,1.060000,,,5,3900,DEV LAND,119700.00,1,1
    103,      2,       ,       ,424 MIRACLE MILE,1.700000,,,0,4270,GAS STOR,,1,2
    103,      2,       ,       ,424 MIRACLE MILE,1.700000,,,C,4270,GAS STOR,830900.00,1,1
    103,      3,       ,       ,422 MIRACLE MILE ,3.469995,,,C,3230,SHOP CTR,1695900.00,1,1
    103,      4,       ,       ,400 MIRACLE MILE ,0.840000,,,C,3250,STORE,694500.00,1,1
    103,      6,       ,       ,388 MIRACLE MILE ,11.229991,,,0,3250,STORE,,1,2
    103,      6,       ,       ,388 MIRACLE MILE ,11.229991,,,0,3250,STORE,13500.00,2,1
    103,      6,       ,       ,388 MIRACLE MILE ,11.229991,,,C,3250,STORE,4760400.00,1,1
    103,      8,       ,       ,360 MIRACLE MILE ,3.869995,,,C,3250,STORE,2553400.00,1,1
    103,      8,    100,       ,364 MIRACLE MILE ,0.400000,,,C,3330,GAS STA,457300.00,1,1
    103,      9,       ,       ,351 MIRACLE MILE,2.480005,,,C,3250,STORE,1212100.00,1,1
    103,     10,       ,       ,361 MIRACLE MILE ,0.520000,,,C,3340,SERV STA,399800.00,1,1
    103,     11,       ,       ,369 MIRACLE MILE ,3.380005,,,C,3260,REST/BAR,1652000.00,1,1
    103,     12,       ,       ,377 MIRACLE MILE ,0.800000,,,C,3250,STORE,456600.00,1,1
    103,     13,       ,       ,387 MIRACLE MILE ,1.689991,,,0,905I,CHARITABLE-Ind,,1,2
    103,     13,       ,       ,387 MIRACLE MILE ,1.689991,,,C,9050,CHARITABLE,826000.00,1,1
    103,     14,       ,       ,407 MIRACLE MILE,3.760009,,,0,450I,STATE ED TAX-Ind,,1,2
    103,     14,       ,       ,407 MIRACLE MILE,3.760009,,,C,450I,STATE ED TAX-Ind,1837700.00,1,1
    103,     15,       ,       ,425 MIRACLE MILE ,3.510009,,,C,3300,AUTO S+S,1715500.00,1,1
    103,     16,       ,       ,443 MIRACLE MILE,1.520000,,,0,3250,STORE,800.00,2,1
    103,     16,       ,       ,443 MIRACLE MILE,1.520000,,,C,3250,STORE,391000.00,1,1
    104,      1,       ,       ,345 MIRACLE MILE ,0.860000,,,0,3250,STORE,,1,2
    104,      1,       ,       ,345 MIRACLE MILE ,0.860000,,,C,3250,STORE,466200.00,1,1
    104,      2,       ,       ,336 MECHANIC ST ,26.700000,,,0,4000,FACTORY,,1,2
    104,      2,       ,       ,336 MECHANIC ST ,26.700000,,,0,4000,FACTORY,738300.00,2,1
    104,      2,       ,       ,336 MECHANIC ST ,26.700000,,,C,4000,FACTORY,4496400.00,1,1
    104,      5,       ,       ,260 MECHANIC ST ,4.120009,,,0,325I,STORE-Ind,0.00,1,4
    104,      5,       ,       ,260 MECHANIC ST ,4.120009,,,0,3910,POTNLDEV,15800.00,2,4
    104,      5,       ,       ,260 MECHANIC ST ,4.120009,,,C,3250,STORE,0.00,1,3
    104,      5,       ,       ,260 MECHANIC ST ,4.120009,,,C,3250,STORE,792400.00,1,1
    104,      5,       ,       ,260 MECHANIC ST ,4.120009,,,F,325I,STORE-Ind,0.00,1,2
    104,      6,       ,       ,268 MECHANIC ST ,0.884068,,,C,3340,SERV STA,352600.00,1,1
    104,      7,       ,       ,258 MECHANIC ST ,0.610000,,,C,3320,AUTO REP,315200.00,1,1
    104,      8,       ,       ,256 MECHANIC ST,0.320000,,,C,3250,STORE,266100.00,1,1
    104,      9,       ,       ,242 MECHANIC ST ,1.150000,,,C,3250,STORE,379400.00,1,1
    104,     10,       ,       ,60 BUCKINGHAM PL,1.000000,,,5,1010,ONE FAM,118700.00,1,1
    104,     11,       ,       ,54 BUCKINGHAM PL,0.980000,,,5,1010,ONE FAM,118700.00,1,1
    105,      1,       ,       ,50 BUCKINGHAM PL ,0.860000,,,5,1010,ONE FAM,125400.00,1,1
    105,      2,       ,       ,32 BUCKINGHAM PL,1.290000,,,0,1010,ONE FAM,900.00,2,1
    105,      2,       ,       ,32 BUCKINGHAM PL,1.290000,,,5,1010,ONE FAM,125700.00,1,1
    105,      3,       ,       ,240 MECHANIC ST ,1.830000,,,0,3400,OFFICE,7300.00,2,1
    105,      3,       ,       ,240 MECHANIC ST ,1.830000,,,C,3400,OFFICE,293200.00,1,1
    105,      4,       ,       ,252 MECHANIC ST ,1.150000,,,0,3560,PRO ASSOC,100.00,2,1
    105,      4,       ,       ,252 MECHANIC ST ,1.150000,,,C,3560,PRO ASSOC,274900.00,1,1
    105,      5,       ,       ,220 MECHANIC ST ,15.600000,,,0,3250,STORE,0.00,1,2
    105,      5,       ,       ,220 MECHANIC ST ,15.600000,,,0,3250,STORE,28300.00,2,1
    105,      5,       ,       ,220 MECHANIC ST ,15.600000,,,0,325I,STORE-Ind,0.00,1,3
    105,      5,       ,       ,220 MECHANIC ST ,15.600000,,,C,3250,STORE,1026400.00,1,1
    105,      6,       ,       ,216 MECHANIC ST,0.520000,,,5,1010,ONE FAM,74400.00,1,1
    105,      7,       ,       ,214 MECHANIC ST ,2.480000,,,0,1040,2 FAMILY,3700.00,2,1
    105,      7,       ,       ,214 MECHANIC ST ,2.480000,,,5,1040,2 FAMILY,84800.00,1,1
    105,      8,       ,       ,208 MECHANIC ST,0.470000,,,5,1040,2 FAMILY,72500.00,1,1
    105,      9,       ,       ,204 MECHANIC ST ,2.900000,,,0,9550,CONDO MSTR,1600000.00,2,1
    105,      9,       ,       ,204 MECHANIC ST ,2.900000,,,C,9550,CONDO MSTR,708700.00,1,1
    105,      9,    101,       ,204 MECHANIC ST #01,0.000000,,,5,1020,CONDO,,1,1
    105,      9,    201,       ,204 MECHANIC ST #02,0.000000,,,5,1020,CONDO,,1,1
    105,      9,    301,       ,204 MECHANIC ST 03,0.000000,,,5,1020,CONDO,,1,1
    105,      9,    401,       ,204 MECHANIC ST 04,0.000000,,,5,1020,CONDO,,1,1
    105,      9,    501,       ,204 MECHANIC ST 05,0.000000,,,5,1020,CONDO,,1,1
    105,      9,    601,       ,204 MECHANIC ST #06,0.000000,,,5,1020,CONDO,,1,1
    105,      9,    701,       ,204 MECHANIC ST 07,0.000000,,,5,1020,CONDO,,1,1
    105,      9,    801,       ,204 MECHANIC ST 08,0.000000,,,5,1020,CONDO,,1,1
    105,      9,    902,       ,204 MECHANIC ST 09,0.000000,,,5,1020,CONDO,,1,1
    105,      9,   1002,       ,204 MECHANIC ST 10,0.000000,,,5,1020,CONDO,,1,1
    105,      9,   1102,       ,204 MECHANIC ST 11,0.000000,,,5,1020,CONDO,,1,1
    105,      9,   1202,       ,204 MECHANIC ST 12,0.000000,,,5,1020,CONDO,,1,1
    105,      9,   1302,       ,204 MECHANIC ST 13,0.000000,,,5,1020,CONDO,,1,1
    105,      9,   1402,       ,204 MECHANIC ST 14,0.000000,,,5,1020,CONDO,,1,1
    105,      9,   1502,       ,204 MECHANIC ST 15,0.000000,,,5,1020,CONDO,,1,1
    105,      9,   1602,       ,204 MECHANIC ST 16,0.000000,,,5,1020,CONDO,,1,1
    105,      9,   1703,       ,204 MECHANIC ST 17,0.000000,,,5,1020,CONDO,,1,1
    105,      9,   1803,       ,204 MECHANIC ST 18,0.000000,,,5,1020,CONDO,,1,1
    105,      9,   1903,       ,204 MECHANIC ST 19,0.000000,,,5,1020,CONDO,,1,1
    105,      9,   2003,       ,204 MECHANIC ST 20,0.000000,,,5,1020,CONDO,,1,1
    105,      9,   2103,       ,204 MECHANIC ST 21,0.000000,,,5,1020,CONDO,,1,1
    105,      9,   2203,       ,204 MECHANIC ST 22,0.000000,,,5,1020,CONDO,,1,1
    105,      9,   2303,       ,204 MECHANIC ST 23,0.000000,,,5,1020,CONDO,,1,1
    105,      9,   2403,       ,204 MECHANIC ST 24,0.000000,,,5,1020,CONDO,,1,1
    105,      9,   2504,       ,204 MECHANIC ST 25,0.000000,,,5,1020,CONDO,,1,1
    105,      9,   2604,       ,204 MECHANIC ST 26,0.000000,,,5,1020,CONDO,,1,1
    105,      9,   2704,       ,204 MECHANIC ST #27,0.000000,,,5,1020,CONDO,,1,1
    105,      9,   2804,       ,204 MECHANIC ST 28,0.000000,,,5,1020,CONDO,,1,1
    105,      9,   2904,       ,204 MECHANIC ST 29,0.000000,,,5,1020,CONDO,,1,1
    105,      9,   3004,       ,204 MECHANIC ST 30,0.000000,,,5,1020,CONDO,,1,1
    105,      9,   3104,       ,204 MECHANIC ST 31,0.000000,,,5,1020,CONDO,,1,1
    105,      9,   3204,       ,204 MECHANIC ST 32,0.000000,,,5,1020,CONDO,,1,1
    105,      9,   3305,       ,204 MECHANIC ST 33,0.000000,,,5,1020,CONDO,,1,1
    105,      9,   3405,       ,204 MECHANIC ST 34,0.000000,,,5,1020,CONDO,,1,1
    105,      9,   3505,       ,204 MECHANIC ST 35,0.000000,,,5,1020,CONDO,,1,1
    105,      9,   3605,       ,204 MECHANIC ST 36,0.000000,,,5,1020,CONDO,,1,1
    105,      9,   3705,       ,204 MECHANIC ST 37,0.000000,,,5,1020,CONDO,,1,1
    105,      9,   3805,       ,204 MECHANIC ST 38,0.000000,,,5,1020,CONDO,,1,1
    105,      9,   3905,       ,204 MECHANIC ST 39,0.000000,,,5,1020,CONDO,,1,1
    105,      9,   4005,       ,204 MECHANIC ST #40,0.000000,,,5,1020,CONDO,,1,1
    105,     10,       ,       ,198 MECHANIC ST ,0.470000,,,5,1010,ONE FAM,72500.00,1,1
    105,     11,       ,       ,194 MECHANIC ST,1.270000,,,0,1040,2 FAMILY,700.00,2,1
    105,     11,       ,       ,194 MECHANIC ST,1.270000,,,5,1040,2 FAMILY,84800.00,1,1
    105,     12,       ,       ,178 MECHANIC ST ,3.730000,,,0,9050,CHARITABLE,6800.00,2,1
    105,     12,       ,       ,178 MECHANIC ST ,3.730000,,,C,9050,CHARITABLE,733100.00,1,1
    105,     13,       ,       ,170 MECHANIC ST,0.740000,,,5,1010,ONE FAM,82900.00,1,1
    105,     14,       ,       ,162 MECHANIC ST ,0.360000,,,5,013R,RES/COM-Res,68300.00,1,1
    105,     15,       ,       ,154 MASCOMA ST ,0.230000,,,C,9030,MUNICPAL,16200.00,1,1
    105,     16,       ,       ,156 MASCOMA ST ,1.920000,,,0,1040,2 FAMILY,2300.00,2,1
    105,     16,       ,       ,156 MASCOMA ST ,1.920000,,,5,1040,2 FAMILY,94800.00,1,1
    105,     17,       ,       ,149 MASCOMA ST ,3.020000,,,0,1010,ONE FAM,5100.00,2,1
    105,     17,       ,       ,149 MASCOMA ST ,3.020000,,,0,3320,AUTO REP,0.00,1,2
    105,     17,       ,       ,149 MASCOMA ST ,3.020000,,,5,031R,COM/RES-Res,94800.00,1,1
    105,     22,       ,       ,116 MASCOMA ST,0.250000,,,5,1010,ONE FAM,68800.00,1,1
    105,     23,       ,       ,0 MASCOMA ST ,0.700000,,,5,1320,UNDEV,57800.00,1,1
    105,     26,       ,       ,0 MASCOMA ST,0.020000,,,C,9030,MUNICPAL,2200.00,1,1
    105,     27,       ,       ,160 MECHANIC ST ,0.230000,,,C,903C,MUNICPAL-Comm,129300.00,1,1
    105,     28,       ,       ,0 MECHANIC ST ,0.130000,,,C,9030,MUNICPAL,7100.00,1,1
    105,     29,       ,       ,119 MECHANIC ST ,2.300000,,,0,3250,STORE,,1,2
    105,     29,       ,       ,119 MECHANIC ST ,2.300000,,,0,3250,STORE,,1,3
    105,     29,       ,       ,119 MECHANIC ST ,2.300000,,,5,325R,STORE-Res,477900.00,1,1
    105,     31,       ,       ,129 MECHANIC ST,0.380000,,,C,3420,MEDICAL OFF,278000.00,1,1
    105,     32,       ,       ,7 SLAYTON HILL RD ,0.430000,,,C,3420,MEDICAL OFF,285800.00,1,1
    105,     33,       ,       ,9 SLAYTON HILL RD,0.630000,,,5,1010,ONE FAM,66200.00,1,1
    105,     34,       ,       ,2 DULAC ST ,0.370000,,,5,1010,ONE FAM,72900.00,1,1
    105,     35,       ,       ,4 DULAC ST,0.370000,,,5,1010,ONE FAM,69100.00,1,1
    105,     36,       ,       ,6 DULAC ST,0.370000,,,5,1010,ONE FAM,69100.00,1,1
    105,     37,       ,       ,8 DULAC ST ,0.360000,,,5,1010,ONE FAM,61700.00,1,1
    105,     38,       ,       ,10 DULAC ST,0.350000,,,5,1010,ONE FAM,61500.00,1,1
    105,     39,       ,       ,12 DULAC ST,0.360000,,,5,1010,ONE FAM,61700.00,1,1
    105,     40,       ,       ,14 DULAC ST,0.430000,,,5,1010,ONE FAM,64300.00,1,1
    105,     45,       ,       ,11 DULAC ST,1.040000,,,0,1010,ONE FAM,100.00,2,1
    105,     45,       ,       ,11 DULAC ST,1.040000,,,5,1010,ONE FAM,66300.00,1,1
    105,     46,       ,       ,1 DULAC ST ,0.440000,,,5,1010,ONE FAM,71800.00,1,1
    105,     48,       ,       ,0 SLAYTON HILL RD ,26.860000,,,0,1300,RES LAND,55800.00,2,1
    105,     48,       ,       ,0 SLAYTON HILL RD ,26.860000,,,5,1300,RES LAND,80300.00,1,1
    105,     93,       ,       ,0 SLAYTON HILL RD,0.230000,,,5,1310,POTNLDEV,4100.00,1,1
    105,     94,       ,       ,29 SLAYTON HILL RD ,2.870000,,,0,1010,ONE FAM,5400.00,2,1
    105,     94,       ,       ,29 SLAYTON HILL RD ,2.870000,,,5,1010,ONE FAM,114700.00,1,1
    105,     95,       ,       ,0 SLAYTON HILL RD,0.230000,,,5,1310,POTNLDEV,4100.00,1,1
    105,     98,       ,       ,0 SLAYTON HILL RD,0.230000,,,5,1310,POTNLDEV,4100.00,1,1
    105,     99,       ,       ,33 SLAYTON HILL RD,0.630000,,,5,1010,ONE FAM,101500.00,1,1
    105,    100,       ,       ,32 SLAYTON HILL RD ,0.800000,,,5,1012,ONE FAM W ACC,102800.00,1,1
    105,    101,       ,       ,21-22 TANNERY LN ,24.100000,,,0,1120,APT 9+UP,,1,2
    105,    101,       ,       ,21-22 TANNERY LN ,24.100000,,,0,1120,APT 9+UP,3800.00,3,1
    105,    101,       ,       ,21-22 TANNERY LN ,24.100000,,,0,6231,OTHER REC,780.00,2,1
    105,    101,       ,       ,21-22 TANNERY LN ,24.100000,,,C,1120,APT 9+UP,843100.00,1,1
    105,    102,       ,       ,28 SLAYTON HILL RD ,0.590000,,,5,1050,3 FAMILY,104500.00,1,1
    105,    103,       ,       ,4 TANNERY LN ,0.358127,,,5,1010,ONE FAM,80300.00,1,1
    105,    104,       ,       ,2 TANNERY LN,0.510000,,,5,1010,ONE FAM,87100.00,1,1
    105,    105,       ,       ,5 BAXTER CT,1.120000,,,0,4500,STATE ED TAX,1100.00,2,1
    105,    105,       ,       ,5 BAXTER CT,1.120000,,,5,4500,STATE ED TAX,149600.00,1,1
    105,    106,       ,       ,10 SLAYTON HILL RD ,0.600000,,,C,3400,OFFICE,313300.00,1,1
    105,    107,       ,       ,4 SLAYTON HILL RD,0.420000,,,C,3250,STORE,284300.00,1,1
    105,    108,       ,       ,165 MECHANIC ST,0.557048,,,C,3400,OFFICE,183400.00,1,1
    105,    110,       ,       ,177 MECHANIC ST ,1.939991,,,0,3130,LUMBER,,1,2
    105,    110,       ,       ,177 MECHANIC ST ,1.939991,,,0,3130,LUMBER,,1,4
    105,    110,       ,       ,177 MECHANIC ST ,1.939991,,,0,3130,LUMBER,,1,5
    105,    110,       ,       ,177 MECHANIC ST ,1.939991,,,0,313C,LUMBER-Comm,,1,3
    105,    110,       ,       ,177 MECHANIC ST ,1.939991,,,C,313C,LUMBER-Comm,640000.00,1,1
    105,    111,       ,       ,181 MECHANIC ST ,0.230000,,,5,1010,ONE FAM,90300.00,1,1
    105,    112,       ,       ,187 MECHANIC ST,0.620000,,,C,3250,STORE,253700.00,1,1
    105,    113,       ,       ,189 MECHANIC ST ,0.850000,,,C,9050,CHARITABLE,331000.00,1,1
    105,    114,       ,       ,195 MECHANIC ST ,1.320000,,,0,3250,STORE,0.00,1,2
    105,    114,       ,       ,195 MECHANIC ST ,1.320000,,,C,112C,APT 9+UP-Comm,725800.00,1,1
    105,    115,       ,       ,207 MECHANIC ST,1.589991,,,C,316C,COMMWHSE-Comm,524500.00,1,1
    105,    116,       ,       ,213 MECHANIC ST,1.500000,,,C,3250,STORE,549800.00,1,1
    105,    117,       ,       ,227 MECHANIC ST ,4.469995,,,0,3400,OFFICE,0.00,1,8
    105,    117,       ,       ,227 MECHANIC ST ,4.469995,,,0,3400,OFFICE,0.00,1,9
    105,    117,       ,       ,227 MECHANIC ST ,4.469995,,,0,340I,OFFICE-Ind,0.00,1,2
    105,    117,       ,       ,227 MECHANIC ST ,4.469995,,,0,340I,OFFICE-Ind,0.00,1,3
    105,    117,       ,       ,227 MECHANIC ST ,4.469995,,,0,340I,OFFICE-Ind,0.00,1,4
    105,    117,       ,       ,227 MECHANIC ST ,4.469995,,,0,340I,OFFICE-Ind,0.00,1,5
    105,    117,       ,       ,227 MECHANIC ST ,4.469995,,,0,340I,OFFICE-Ind,0.00,1,6
    105,    117,       ,       ,227 MECHANIC ST ,4.469995,,,0,340I,OFFICE-Ind,0.00,1,7
    105,    117,       ,       ,227 MECHANIC ST ,4.469995,,,C,3400,OFFICE,1638500.00,1,1
    105,    118,       ,       ,45 BUCKINGHAM PL ,9.150000,,,0,9060,CHURCH,12800.00,2,1
    105,    118,       ,       ,45 BUCKINGHAM PL ,9.150000,,,C,9060,CHURCH,838200.00,1,1
    105,    119,       ,       ,225 MECHANIC ST ,1.150000,,,C,3410,BANK,421500.00,1,1
    106,     14,       ,       ,16 DULAC ST,0.440000,,,5,1010,ONE FAM,64600.00,1,1
    106,     15,       ,       ,18 DULAC ST,0.350000,,,5,1010,ONE FAM,61500.00,1,1
    106,     16,       ,       ,20 DULAC ST,0.354132,,,5,1010,ONE FAM,61700.00,1,1
    106,     17,       ,       ,22 DULAC ST,0.380000,,,5,1010,ONE FAM,62600.00,1,1
    106,     18,       ,       ,24 DULAC ST,0.310000,,,5,1010,ONE FAM,52700.00,1,1
    106,     20,       ,       ,90 DULAC ST,5.080000,,,0,1040,2 FAMILY,7700.00,2,1
    106,     20,       ,       ,90 DULAC ST,5.080000,,,5,1040,2 FAMILY,94800.00,1,1
    106,     21,       ,       ,1 LOGAN LN ,0.540000,,,5,1010,ONE FAM,84000.00,1,1
    106,     22,       ,       ,1 BROOKSIDE DR,0.350000,,,5,1010,ONE FAM,79900.00,1,1
    106,     23,       ,       ,3 BROOKSIDE DR,0.370000,,,5,1010,ONE FAM,80800.00,1,1
    106,     24,       ,       ,5 BROOKSIDE DR,0.540000,,,5,1010,ONE FAM,88500.00,1,1
    106,     25,       ,       ,6 BROOKSIDE DR,1.000000,,,5,1010,ONE FAM,89800.00,1,1
    106,     26,       ,       ,4 BROOKSIDE DR,0.227273,,,5,1010,ONE FAM,70700.00,1,1
    106,     27,       ,       ,6 LOGAN LN,0.140000,,,5,1010,ONE FAM,66300.00,1,1
    106,     28,       ,       ,4 LOGAN LN,0.350000,,,5,1010,ONE FAM,79900.00,1,1
    106,     29,       ,       ,2 LOGAN LN,0.400000,,,5,1010,ONE FAM,78100.00,1,1
    106,     30,       ,       ,50 WATER ST ,2.520000,,,0,9030,MUNICPAL,3000.00,2,1
    106,     30,       ,       ,50 WATER ST ,2.520000,,,C,9030,MUNICPAL,391000.00,1,1
    106,     31,       ,       ,0 WATER ST,0.070000,,,C,9030,MUNICPAL,13100.00,1,1
    106,     32,       ,       ,0 WATER ST,0.260000,,,C,9030,MUNICPAL,16700.00,1,1
    106,     33,       ,       ,0 WATER ST,1.100000,,,5,1320,UNDEV,9500.00,1,1
    106,     34,       ,       ,43 MECHANIC ST ,0.521304,,,5,1110,APT 4-8,111700.00,1,1
    106,     36,       ,       ,45 MECHANIC ST ,0.360000,,,C,325V,STORE-Vac,274900.00,1,1
    106,     37,       ,       ,1 BLACKSMITH ST ,0.190000,,,5,1010,ONE FAM,51600.00,1,1
    106,     38,       ,       ,3 BLACKSMITH ST,0.200000,,,5,1010,ONE FAM,52000.00,1,1
    106,     39,       ,       ,5 BLACKSMITH ST,0.090000,,,5,1010,ONE FAM,47500.00,1,1
    106,     40,       ,       ,7 BLACKSMITH ST,0.060000,,,5,1010,ONE FAM,46100.00,1,1
    106,     41,       ,       ,9 BLACKSMITH ST,0.110000,,,5,1010,ONE FAM,48500.00,1,1
    106,     42,       ,       ,15 BLACKSMITH ST,0.270000,,,5,1040,2 FAMILY,55400.00,1,1
    106,     43,       ,       ,4 BLACKSMITH ST,0.240000,,,0,1010,ONE FAM,,1,2
    106,     43,       ,       ,4 BLACKSMITH ST,0.240000,,,5,1110,APT 4-8,107400.00,1,1
    106,     44,       ,       ,2 BLACKSMITH ST,0.080000,,,5,1010,ONE FAM,76200.00,1,1
    106,     45,       ,       ,55 MECHANIC ST ,0.000000,,,C,3270,CONDO-RETAI,,1,1
    106,     46,       ,       ,85 MECHANIC ST ,0.000000,,,0,3430,CONDO-OFF,,1,2
    106,     46,       ,       ,85 MECHANIC ST ,0.000000,,,0,3430,CONDO-OFF,,1,3
    106,     46,       ,       ,85 MECHANIC ST ,0.000000,,,0,3430,CONDO-OFF,,1,4
    106,     46,       ,       ,85 MECHANIC ST ,0.000000,,,0,3430,CONDO-OFF,,1,5
    106,     46,       ,       ,85 MECHANIC ST ,0.000000,,,0,3430,CONDO-OFF,,1,6
    106,     46,       ,       ,85 MECHANIC ST ,0.000000,,,C,3430,CONDO-OFF,,1,1
    106,     46,      A,       ,85 MECHANIC ST,0.000000,,,C,316C,COMMWHSE-Comm,,1,1
    106,     46,    907,       ,85 MECHANIC ST C2-1,0.000000,,,C,3430,CONDO-OFF,,1,1
    106,     46,    DAM,       ,MECHANIC ST ,0.000000,,,,9030,MUNICPAL,,1,1
    106,     47,       ,       ,91 MECHANIC ST ,1.979982,,,C,3160,COMMWHSE,689500.00,1,1
    106,     48,       ,       ,95 MECHANIC ST ,0.840000,,,C,316C,COMMWHSE-Comm,312700.00,1,1
    106,     49,       ,       ,0 MECHANIC ST ,0.830000,,,C,9030,MUNICPAL,173000.00,1,1
    106,     50,       ,       ,0 MECHANIC ST ,0.070000,,,C,9030,MUNICPAL,6500.00,1,1
    106,     51,       ,       ,90 MECHANIC ST ,0.234389,,,5,1040,2 FAMILY,60500.00,1,1
    106,     52,       ,       ,88 MECHANIC ST,0.170000,,,5,1040,2 FAMILY,57600.00,1,1
    106,     52,    100,       ,86 MECHANIC ST ,0.160000,,,5,1040,2 FAMILY,57200.00,1,1
    106,     53,       ,       ,84 MECHANIC ST,0.160000,,,5,1010,ONE FAM,51500.00,1,1
    106,     54,       ,       ,82 MECHANIC ST,0.110000,,,5,1010,ONE FAM,49500.00,1,1
    106,     55,       ,       ,80 MECHANIC ST ,0.140000,,,5,1010,ONE FAM,56300.00,1,1
    106,     56,       ,       ,78 MECHANIC ST ,0.160000,,,5,1110,APT 4-8,54300.00,1,1
    106,     57,       ,       ,74 MECHANIC ST,0.360000,,,5,1040,2 FAMILY,68300.00,1,1
    106,     58,       ,       ,70 MECHANIC ST,0.170000,,,5,1050,3 FAMILY,57600.00,1,1
    106,     59,       ,       ,68 MECHANIC ST,0.290000,,,5,1110,APT 4-8,70600.00,1,1
    106,     60,       ,       ,62 MECHANIC ST,0.180000,,,5,1110,APT 4-8,58100.00,1,1
    106,     61,       ,       ,60 MECHANIC ST,0.260000,,,5,1010,ONE FAM,62200.00,1,1
    106,     62,       ,       ,56 MECHANIC ST,0.250000,,,5,1110,APT 4-8,61500.00,1,1
    106,     63,       ,       ,68 MASCOMA ST ,0.470000,,,5,1110,APT 4-8,89200.00,1,1
    106,     64,       ,       ,70 MASCOMA ST,0.280000,,,5,1010,ONE FAM,71000.00,1,1
    106,     65,       ,       ,74 MASCOMA ST,0.420000,,,5,1040,2 FAMILY,78900.00,1,1
    106,     66,       ,       ,76 MASCOMA ST,0.560000,,,5,1040,2 FAMILY,84900.00,1,1
    106,     67,       ,       ,78 MASCOMA ST,0.253673,,,5,1040,2 FAMILY,69000.00,1,1
    106,     67,    100,       ,82 MASCOMA ST ,0.233287,,,5,1110,APT 4-8,78200.00,1,1
    106,     68,       ,       ,84 MASCOMA ST,0.110000,,,5,1040,2 FAMILY,64700.00,1,1
    106,     69,       ,       ,80 MASCOMA ST,0.210000,,,5,1010,ONE FAM,66300.00,1,1
    106,     70,       ,       ,86 MASCOMA ST ,0.330000,,,5,1110,APT 4-8,74600.00,1,1
    106,     71,       ,       ,90 MASCOMA ST ,0.380000,,,5,1040,2 FAMILY,77200.00,1,1
    106,     72,       ,       ,92 MASCOMA ST,0.290000,,,5,1010,ONE FAM,71700.00,1,1
    106,     73,       ,       ,94 MASCOMA ST ,0.680000,,,5,1110,APT 4-8,99800.00,1,1
    106,     74,       ,       ,98 MASCOMA ST,0.180000,,,5,1010,ONE FAM,64900.00,1,1
    106,     75,       ,       ,100 MASCOMA ST,0.330000,,,5,1010,ONE FAM,74600.00,1,1
    106,     76,       ,       ,106 MASCOMA ST,0.300000,,,5,1050,3 FAMILY,72400.00,1,1
    106,     77,       ,       ,110 MASCOMA ST,0.250000,,,5,1040,2 FAMILY,68800.00,1,1
    106,     78,       ,       ,112 MASCOMA ST,0.280000,,,5,1010,ONE FAM,71000.00,1,1
    106,     80,       ,       ,103 MASCOMA ST,1.340000,,,0,1040,2 FAMILY,900.00,2,1
    106,     80,       ,       ,103 MASCOMA ST,1.340000,,,5,1040,2 FAMILY,94800.00,1,1
    106,     81,       ,       ,95 MASCOMA ST,0.680000,,,5,1040,2 FAMILY,90800.00,1,1
    106,     82,       ,       ,91 MASCOMA ST,0.379270,,,5,1040,2 FAMILY,77200.00,1,1
    106,     83,       ,       ,89 MASCOMA ST ,0.600000,,,5,1010,ONE FAM,86800.00,1,1
    106,     84,       ,       ,85 MASCOMA ST,0.420000,,,5,1040,2 FAMILY,78900.00,1,1
    106,     85,       ,       ,81 MASCOMA ST ,0.420000,,,5,1110,APT 4-8,78900.00,1,1
    106,     86,       ,       ,29 WATER ST,0.440000,,,0,1090,MULT HS,,1,2
    106,     86,       ,       ,29 WATER ST,0.440000,,,5,1090,MULT HS,84000.00,1,1
    106,     87,       ,       ,35 WATER ST ,0.131198,,,5,1010,ONE FAM,65800.00,1,1
    106,     87,    100,       ,37 WATER ST,0.192378,,,5,1040,2 FAMILY,62000.00,1,1
    106,     88,       ,       ,41 WATER ST,0.370000,,,5,1010,ONE FAM,72600.00,1,1
    106,     89,       ,       ,43 WATER ST,0.200000,,,5,1050,3 FAMILY,62400.00,1,1
    106,     90,       ,       ,47 WATER ST,0.250000,,,5,1040,2 FAMILY,65200.00,1,1
    106,     91,       ,       ,53 WATER ST,0.240000,,,5,1110,APT 4-8,71600.00,1,1
    106,     92,       ,       ,55 WATER ST,0.100000,,,5,1040,2 FAMILY,64000.00,1,1
    106,     93,       ,       ,57 WATER ST,0.100000,,,5,1010,ONE FAM,64000.00,1,1
    106,     94,       ,       ,59 WATER ST,0.210000,,,5,1010,ONE FAM,69800.00,1,1
    106,     95,       ,       ,63 WATER ST,0.250000,,,5,1010,ONE FAM,72400.00,1,1
    106,     96,       ,       ,69 WATER ST,0.300000,,,5,1010,ONE FAM,76200.00,1,1
    106,     97,       ,       ,71 WATER ST,0.110000,,,5,1010,ONE FAM,61500.00,1,1
    106,     98,       ,       ,51 SPRING ST,0.350000,,,5,1010,ONE FAM,75900.00,1,1
    106,     99,       ,       ,47 SPRING ST,0.110000,,,5,1040,2 FAMILY,61500.00,1,1
    106,    100,       ,       ,64 CHURCH ST,0.240000,,,5,1010,ONE FAM,71600.00,1,1
    106,    101,       ,       ,62 CHURCH ST,0.220000,,,5,1040,2 FAMILY,70300.00,1,1
    106,    102,       ,       ,60 CHURCH ST,0.120000,,,5,1010,ONE FAM,65300.00,1,1
    106,    103,       ,       ,58 CHURCH ST,0.170000,,,5,1040,2 FAMILY,67800.00,1,1
    106,    104,       ,       ,54 CHURCH ST,0.250000,,,5,1110,APT 4-8,79600.00,1,1
    106,    105,       ,       ,48 CHURCH ST ,0.270000,,,5,1040,2 FAMILY,73900.00,1,1
    106,    106,       ,       ,46 CHURCH ST,0.210000,,,5,1010,ONE FAM,69800.00,1,1
    106,    107,       ,       ,44 CHURCH ST,0.180000,,,5,1010,ONE FAM,68300.00,1,1
    106,    108,       ,       ,40 CHURCH ST,0.190000,,,5,1010,ONE FAM,68800.00,1,1
    106,    109,       ,       ,36 CHURCH ST ,0.080000,,,5,1010,ONE FAM,62700.00,1,1
    106,    110,       ,       ,32 CHURCH ST ,0.230000,,,5,1110,APT 4-8,63800.00,1,1
    106,    111,       ,       ,28 CHURCH ST,0.110000,,,5,1050,3 FAMILY,64700.00,1,1
    106,    112,       ,       ,80 CHURCH ST,0.710000,,,5,1040,2 FAMILY,87000.00,1,1
    106,    113,       ,       ,78 CHURCH ST ,0.390000,,,5,1010,ONE FAM,69900.00,1,1
    106,    114,       ,       ,52 SPRING ST,0.490000,,,5,1010,ONE FAM,77600.00,1,1
    106,    115,       ,       ,0 DULAC ST,2.190000,,,0,9030,MUNICPAL,2400.00,2,1
    106,    115,       ,       ,0 DULAC ST,2.190000,,,C,9030,MUNICPAL,219900.00,1,1
    106,    116,       ,       ,0 SPRING ST,0.920000,,,C,9030,MUNICPAL,214100.00,1,1
    106,    117,       ,       ,23 DULAC ST,0.350000,,,5,1010,ONE FAM,68300.00,1,1
    106,    118,       ,       ,21 DULAC ST,0.290000,,,5,1010,ONE FAM,50200.00,1,1
    106,    119,       ,       ,19 DULAC ST,0.200000,,,5,1010,ONE FAM,59300.00,1,1
    106,    120,       ,       ,17 DULAC ST ,0.312672,,,5,1010,ONE FAM,51300.00,1,1
    106,    133,       ,       ,92 MECHANIC ST ,0.194674,,,5,1010,ONE FAM,58700.00,1,1
    107,      1,       ,       ,140 SCHOOL ST,0.470000,,,5,1010,ONE FAM,61400.00,1,1
    107,      2,       ,       ,138 SCHOOL ST,0.700000,,,0,101C,ONE FAM-Comm,,1,2
    107,      2,       ,       ,138 SCHOOL ST,0.700000,,,5,1010,ONE FAM,69400.00,1,1
    107,      3,       ,       ,136 SCHOOL ST,0.860000,,,5,1010,ONE FAM,71600.00,1,1
    107,      4,       ,       ,114 SCHOOL ST ,1.500000,,,0,1120,APT 9+UP,1300.00,2,1
    107,      4,       ,       ,114 SCHOOL ST ,1.500000,,,C,1120,APT 9+UP,244400.00,1,1
    107,      5,       ,       ,112 SCHOOL ST,2.830000,,,0,1110,APT 4-8,1100.00,2,1
    107,      5,       ,       ,112 SCHOOL ST,2.830000,,,5,1110,APT 4-8,79800.00,1,1
    107,      6,       ,       ,108 SCHOOL ST ,0.420000,,,5,1040,2 FAMILY,74800.00,1,1
    107,      7,       ,       ,104 SCHOOL ST,0.110000,,,5,1010,ONE FAM,58200.00,1,1
    107,      8,    100,       ,102 SCHOOL ST ,0.350000,,,5,1110,APT 4-8,79900.00,1,1
    107,      8,    200,       ,5 COLLEGE AVE,0.240000,,,5,1010,ONE FAM,71600.00,1,1
    107,      8,    300,       ,7 COLLEGE AVE ,0.230000,,,5,1010,ONE FAM,70800.00,1,1
    107,      9,       ,       ,92 SCHOOL ST,0.350000,,,5,1010,ONE FAM,71900.00,1,1
    107,     10,       ,       ,0 COLLEGE AVE,3.360000,,,0,1320,UNDEV,600.00,2,1
    107,     10,       ,       ,0 COLLEGE AVE,3.360000,,,5,1320,UNDEV,10000.00,1,1
    107,     11,       ,       ,6 COLLEGE AVE ,0.160000,,,5,1010,ONE FAM,67300.00,1,1
    107,     12,       ,       ,2 COLLEGE AVE ,0.140000,,,5,1010,ONE FAM,66300.00,1,1
    107,     13,       ,       ,2 SOUTH ST,0.130000,,,5,1050,3 FAMILY,65800.00,1,1
    107,     14,       ,       ,6 SOUTH ST ,0.130000,,,5,1010,ONE FAM,65800.00,1,1
    107,     15,       ,       ,8 SOUTH ST,0.374747,,,5,1040,2 FAMILY,81000.00,1,1
    107,     16,       ,       ,10 SOUTH ST,0.350000,,,5,1040,2 FAMILY,79900.00,1,1
    107,     17,       ,       ,14 SOUTH ST ,0.350000,,,5,1040,2 FAMILY,79900.00,1,1
    107,     18,       ,       ,18 SOUTH ST ,2.710000,,,0,1120,APT 9+UP,,1,2
    107,     18,       ,       ,18 SOUTH ST ,2.710000,,,0,1120,APT 9+UP,,1,3
    107,     18,       ,       ,18 SOUTH ST ,2.710000,,,0,1120,APT 9+UP,,1,4
    107,     18,       ,       ,18 SOUTH ST ,2.710000,,,C,1120,APT 9+UP,58300.00,2,1
    107,     18,       ,       ,18 SOUTH ST ,2.710000,,,C,1120,APT 9+UP,464300.00,1,1
    107,     19,       ,       ,24 SOUTH ST,0.590000,,,5,1040,2 FAMILY,90800.00,1,1
    107,     20,       ,       ,0 SOUTH ST,0.030000,,,C,9030,MUNICPAL,3400.00,1,1
    107,     21,       ,       ,4 CALVIN ST,1.140000,,,0,1010,ONE FAM,300.00,2,1
    107,     21,       ,       ,4 CALVIN ST,1.140000,,,5,1010,ONE FAM,99800.00,1,1
    107,     22,       ,       ,0 CALVIN ST,0.300000,,,C,9030,MUNICPAL,8700.00,1,1
    107,     23,       ,       ,32 SOUTH ST,0.640000,,,5,1010,ONE FAM,84100.00,1,1
    107,     24,       ,       ,82 CHURCH ST,0.870000,,,5,1040,2 FAMILY,89600.00,1,1
    107,     25,       ,       ,73 CHURCH ST,0.250000,,,5,1050,3 FAMILY,72400.00,1,1
    107,     26,       ,       ,79 CHURCH ST,0.160000,,,5,1010,ONE FAM,67300.00,1,1
    107,     27,       ,       ,31 SOUTH ST,0.230000,,,5,1010,ONE FAM,70800.00,1,1
    107,     28,       ,       ,23 SOUTH ST,0.470000,,,5,1010,ONE FAM,85300.00,1,1
    107,     29,       ,       ,19 SOUTH ST,0.160000,,,5,1040,2 FAMILY,67300.00,1,1
    107,     30,       ,       ,17 SOUTH ST,0.240000,,,5,1010,ONE FAM,71600.00,1,1
    107,     31,       ,       ,15 SOUTH ST,0.160000,,,5,1010,ONE FAM,67300.00,1,1
    107,     32,       ,       ,11 SOUTH ST,0.230000,,,5,1050,3 FAMILY,70800.00,1,1
    107,     33,       ,       ,9 SOUTH ST,0.240000,,,5,1040,2 FAMILY,71600.00,1,1
    107,     34,       ,       ,7 SOUTH ST,0.300000,,,5,1040,2 FAMILY,76200.00,1,1
    107,     35,       ,       ,84 SCHOOL ST,0.210000,,,5,1010,ONE FAM,62800.00,1,1
    107,     36,       ,       ,80 SCHOOL ,0.540000,,,0,1110,APT 4-8,,1,2
    107,     36,       ,       ,80 SCHOOL ,0.540000,,,5,1110,APT 4-8,97300.00,1,1
    107,     37,       ,       ,16 SPRING ST,0.280000,,,5,1010,ONE FAM,71000.00,1,1
    107,     38,       ,       ,20 SPRING ST ,0.210000,,,5,1040,2 FAMILY,66300.00,1,1
    107,     39,       ,       ,24 SPRING ST,0.230000,,,5,1040,2 FAMILY,67300.00,1,1
    107,     40,       ,       ,26 SPRING ST ,0.160000,,,5,1010,ONE FAM,63900.00,1,1
    107,     42,       ,       ,3 LEWIS CT,0.070000,,,5,1010,ONE FAM,62100.00,1,1
    107,     43,       ,       ,2 LEWIS CT ,0.087695,,,5,1010,ONE FAM,63200.00,1,1
    107,     44,       ,       ,30 SPRING ST ,0.350000,,,5,1050,3 FAMILY,75900.00,1,1
    107,     45,       ,       ,34 SPRING ST,0.200000,,,5,1010,ONE FAM,65800.00,1,1
    107,     46,       ,       ,36 SPRING ST,0.230000,,,5,1040,2 FAMILY,67300.00,1,1
    107,     47,       ,       ,40 SPRING ST,0.210000,,,5,1010,ONE FAM,66300.00,1,1
    107,     48,       ,       ,42 SPRING ST,0.231175,,,5,1040,2 FAMILY,67400.00,1,1
    107,     49,       ,       ,39 CHURCH ST ,0.220000,,,5,1040,2 FAMILY,70300.00,1,1
    107,     50,       ,       ,43 CHURCH ST,0.220000,,,5,1040,2 FAMILY,70300.00,1,1
    107,     51,       ,       ,45 CHURCH ST,0.220000,,,5,1010,ONE FAM,70300.00,1,1
    107,     52,       ,       ,47 CHURCH ST,0.110000,,,5,1010,ONE FAM,64700.00,1,1
    107,     53,       ,       ,49 CHURCH ST,0.110000,,,5,1010,ONE FAM,61500.00,1,1
    107,     54,       ,       ,51 CHURCH ST,0.220000,,,5,1010,ONE FAM,63300.00,1,1
    107,     55,       ,       ,55 CHURCH ST,0.220000,,,5,1010,ONE FAM,70300.00,1,1
    107,     56,       ,       ,57 CHURCH ST,0.220000,,,5,1110,APT 4-8,70300.00,1,1
    107,     57,       ,       ,61 CHURCH ST,0.220000,,,5,1040,2 FAMILY,70300.00,1,1
    107,     58,       ,       ,63 CHURCH ST,0.140000,,,5,1010,ONE FAM,63000.00,1,1
    107,     59,       ,       ,65 CHURCH ST,0.160124,,,5,1010,ONE FAM,63900.00,1,1
    107,     60,       ,       ,45 SPRING ST ,0.210000,,,5,1010,ONE FAM,66300.00,1,1
    107,     61,       ,       ,43 SPRING ST,0.290000,,,5,1010,ONE FAM,71700.00,1,1
    107,     62,       ,       ,39 SPRING ST,0.090000,,,5,1010,ONE FAM,60200.00,1,1
    107,     63,       ,       ,20 PINE ST,0.199495,,,5,1040,2 FAMILY,62400.00,1,1
    107,     64,       ,       ,16 PINE ST ,0.279614,,,5,1010,ONE FAM,74700.00,1,1
    107,     65,       ,       ,14 PINE ST,0.159091,,,5,1010,ONE FAM,67200.00,1,1
    107,     66,       ,       ,12 PINE ST,0.220000,,,5,1010,ONE FAM,70300.00,1,1
    107,     67,       ,       ,10 PINE ST,0.220000,,,5,1010,ONE FAM,70300.00,1,1
    107,     68,       ,       ,8 PINE ST,0.220000,,,5,1040,2 FAMILY,70300.00,1,1
    107,     69,       ,       ,6 PINE ST ,0.220000,,,5,1040,2 FAMILY,70300.00,1,1
    107,     70,       ,       ,2 PINE ST,0.220000,,,5,1040,2 FAMILY,70300.00,1,1
    107,     71,       ,       ,35 CHURCH ST,0.390000,,,5,1040,2 FAMILY,81700.00,1,1
    107,     72,       ,       ,1 VALLEY ST,0.450000,,,5,1010,ONE FAM,76000.00,1,1
    107,     73,       ,       ,1 PINE ST,0.590000,,,0,1090,MULT HS,,1,2
    107,     73,       ,       ,1 PINE ST,0.590000,,,5,1090,MULT HS,81800.00,1,1
    107,     74,       ,       ,3 PINE ST,0.220000,,,5,1040,2 FAMILY,70300.00,1,1
    107,     75,       ,       ,7 PINE ST ,0.460009,,,5,1110,APT 4-8,84900.00,1,1
    107,     76,       ,       ,0 PINE ST,0.218756,,,C,9030,MUNICPAL,143500.00,1,1
    107,     77,       ,       ,11 PINE ST,0.320000,,,5,1010,ONE FAM,70000.00,1,1
    107,     78,       ,       ,23 PINE ST,0.500000,,,5,1010,ONE FAM,78000.00,1,1
    107,     79,       ,       ,35 SPRING ST,0.300000,,,5,1040,2 FAMILY,72400.00,1,1
    107,     80,       ,       ,33 SPRING ST,0.320000,,,5,1010,ONE FAM,73900.00,1,1
    107,     81,       ,       ,6 CHESTNUT ST,0.160000,,,5,1010,ONE FAM,60600.00,1,1
    107,     82,       ,       ,4 CHESTNUT ST,0.050000,,,5,1010,ONE FAM,45400.00,1,1
    107,     83,       ,       ,2 CHESTNUT ST,0.320000,,,5,1010,ONE FAM,70000.00,1,1
    107,     84,       ,       ,15 ABBOTT ST,0.430000,,,5,1110,APT 4-8,97700.00,1,1
    107,     85,       ,       ,9 ABBOTT ST,0.370000,,,5,1010,ONE FAM,94500.00,1,1
    107,     86,       ,       ,5-7 ABBOTT ST,0.210000,,,5,1040,2 FAMILY,90800.00,1,1
    107,     87,       ,       ,2-4 ABBOTT ST ,0.390000,,,5,1040,2 FAMILY,106200.00,1,1
    107,     88,       ,       ,6 ABBOTT ST ,0.260000,,,5,1010,ONE FAM,95100.00,1,1
    107,     89,       ,       ,10 ABBOTT ST ,0.470000,,,5,1010,ONE FAM,110900.00,1,1
    107,     90,       ,       ,14 ABBOTT ST,0.530000,,,5,1010,ONE FAM,114400.00,1,1
    107,     91,       ,       ,7 CHESTNUT ST,0.180000,,,5,1010,ONE FAM,88800.00,1,1
    107,     92,       ,       ,27 SPRING ST,0.190000,,,5,1010,ONE FAM,65400.00,1,1
    107,     93,       ,       ,23 SPRING ST,0.210000,,,5,1010,ONE FAM,66300.00,1,1
    107,     94,       ,       ,19 SPRING ST,0.230000,,,5,1010,ONE FAM,67300.00,1,1
    107,     95,       ,       ,15 SPRING ST ,0.280000,,,5,1040,2 FAMILY,71000.00,1,1
    107,     96,       ,       ,5 SPRING ST,0.310000,,,5,1110,APT 4-8,77000.00,1,1
    107,     97,       ,       ,72 SCHOOL ST,0.210000,,,5,1010,ONE FAM,62800.00,1,1
    107,     98,       ,       ,70 SCHOOL ST ,0.210000,,,5,1010,ONE FAM,62800.00,1,1
    107,     99,       ,       ,58 SCHOOL ST ,0.293848,,,5,1110,APT 4-8,118200.00,1,1
    107,    100,       ,       ,56 SCHOOL ST,0.588843,,,C,3550,FUNRL HM,512300.00,1,1
    107,    101,       ,       ,52 SCHOOL ST ,0.370000,,,5,1120,APT 9+UP,105000.00,1,1
    107,    102,       ,       ,46 SCHOOL ST,0.430000,,,5,1040,2 FAMILY,97700.00,1,1
    107,    103,       ,       ,44 SCHOOL ST,0.270000,,,C,3400,OFFICE,284900.00,1,1
    107,    104,       ,       ,6 GERRISH CT ,0.130000,,,5,1010,ONE FAM,85500.00,1,1
    107,    105,       ,       ,13 GERRISH CT,0.220000,,,5,1010,ONE FAM,91400.00,1,1
    107,    106,       ,       ,16 GERRISH CT,0.150000,,,5,1010,ONE FAM,86800.00,1,1
    107,    107,       ,       ,12 GERRISH CT,0.680000,,,5,1010,ONE FAM,111800.00,1,1
    107,    108,       ,       ,9 GERRISH CT,0.680000,,,5,1010,ONE FAM,111800.00,1,1
    107,    109,       ,       ,42 SCHOOL ST,0.170000,,,5,1040,2 FAMILY,79300.00,1,1
    107,    110,       ,       ,2 KIMBALL ST,0.180000,,,5,1010,ONE FAM,88800.00,1,1
    107,    111,       ,       ,37 SCHOOL ST,0.240000,,,5,1040,2 FAMILY,83800.00,1,1
    107,    112,       ,       ,39 SCHOOL ST,0.580000,,,5,1010,ONE FAM,105700.00,1,1
    107,    113,       ,       ,45 SCHOOL ST,0.350000,,,5,1040,2 FAMILY,88800.00,1,1
    107,    114,       ,       ,47 SCHOOL ST ,0.340000,,,5,1050,3 FAMILY,103100.00,1,1
    107,    115,       ,       ,53 SCHOOL ST,0.410000,,,5,1040,2 FAMILY,96700.00,1,1
    107,    116,       ,       ,55 SCHOOL ST,0.040000,,,C,3250,STORE,116400.00,1,1
    107,    117,       ,       ,57 SCHOOL ST ,0.280000,,,5,1040,2 FAMILY,97100.00,1,1
    107,    118,       ,       ,3 PROSPECT ST,0.280000,,,5,1050,3 FAMILY,97100.00,1,1
    107,    119,       ,       ,5 PROSPECT ST,0.230000,,,5,1010,ONE FAM,92100.00,1,1
    107,    120,       ,       ,66 ELM ST,0.150000,,,5,1060,OUT BLDS,56400.00,1,1
    107,    121,       ,       ,64 ELM ST,0.390000,,,5,1010,ONE FAM,106200.00,1,1
    107,    122,       ,       ,62 ELM ST,0.240000,,,5,1040,2 FAMILY,93100.00,1,1
    107,    123,       ,       ,58 ELM ST,0.230000,,,5,1040,2 FAMILY,92100.00,1,1
    107,    124,       ,       ,56 ELM ST,0.150000,,,5,1010,ONE FAM,86800.00,1,1
    107,    125,       ,       ,52 ELM ST ,0.230000,,,5,1110,APT 4-8,110500.00,1,1
    107,    126,       ,       ,31 UNION ST,0.390000,,,5,1010,ONE FAM,106200.00,1,1
    107,    127,       ,       ,41 UNION ST,0.800000,,,5,1010,ONE FAM,103300.00,1,1
    107,    128,       ,       ,38 UNION ST,0.330000,,,5,1050,3 FAMILY,102100.00,1,1
    107,    129,       ,       ,34 UNION ST ,0.240000,,,5,1010,ONE FAM,93100.00,1,1
    107,    130,       ,       ,30 UNION ST,0.260000,,,5,1010,ONE FAM,95100.00,1,1
    107,    131,       ,       ,53 ELM ST,0.270000,,,5,1110,APT 4-8,105700.00,1,1
    107,    132,       ,       ,59 ELM ST,0.240000,,,5,1050,3 FAMILY,93100.00,1,1
    107,    133,       ,       ,61 ELM ST ,0.230000,,,5,1010,ONE FAM,92100.00,1,1
    107,    134,       ,       ,65 ELM ST ,0.270000,,,5,1010,ONE FAM,96100.00,1,1
    107,    135,       ,       ,67 ELM ST,0.100000,,,5,1010,ONE FAM,83200.00,1,1
    107,    136,       ,       ,69 ELM ST,0.520000,,,5,1010,ONE FAM,113800.00,1,1
    107,    137,       ,       ,71 ELM ST ,0.160000,,,5,1010,ONE FAM,87500.00,1,1
    107,    138,       ,       ,77 ELM ST,0.450000,,,5,1010,ONE FAM,109700.00,1,1
    107,    139,       ,       ,23 PROSPECT ST,0.110000,,,5,1010,ONE FAM,75700.00,1,1
    107,    140,       ,       ,4 MILLEN LN,0.170000,,,5,1040,2 FAMILY,79300.00,1,1
    107,    141,       ,       ,8 MILLEN LN,0.990000,,,5,1300,RES LAND,77800.00,1,1
    107,    142,       ,       ,25 PROSPECT ST,0.430000,,,5,1010,ONE FAM,108600.00,1,1
    107,    143,       ,       ,27 PROSPECT ST,1.020000,,,0,1110,APT 4-8,100.00,2,1
    107,    143,       ,       ,27 PROSPECT ST,1.020000,,,5,1110,APT 4-8,142600.00,1,1
    107,    144,       ,       ,80 FOREST AVE,0.390000,,,5,1010,ONE FAM,106200.00,1,1
    107,    145,       ,       ,78 FOREST AVE,0.470000,,,5,1010,ONE FAM,105400.00,1,1
    107,    146,       ,       ,76 FOREST AVE ,0.310000,,,5,1010,ONE FAM,90100.00,1,1
    107,    147,       ,       ,75 FOREST AVE,0.310000,,,5,1010,ONE FAM,100100.00,1,1
    107,    148,       ,       ,77 FOREST AVE,0.459137,,,5,1010,ONE FAM,110300.00,1,1
    107,    149,       ,       ,79 FOREST AVE,0.240000,,,5,1010,ONE FAM,93100.00,1,1
    107,    150,       ,       ,3 WOODLEY RD,0.969200,,,5,1010,ONE FAM,129600.00,1,1
    107,    151,       ,       ,2 WOODLEY RD,0.230000,,,5,1010,ONE FAM,92100.00,1,1
    107,    152,       ,       ,35 PROSPECT ST,0.460000,,,5,1010,ONE FAM,110300.00,1,1
    107,    153,       ,       ,39 PROSPECT ST,0.780000,,,5,1010,ONE FAM,152400.00,1,1
    107,    154,       ,       ,59 PROSPECT ST,3.320000,,,0,1050,3 FAMILY,7500.00,2,1
    107,    154,       ,       ,59 PROSPECT ST,3.320000,600,,5,1050,3 FAMILY,129700.00,1,1
    107,    156,       ,       ,75 PROSPECT ST,2.450000,,,0,1010,ONE FAM,4700.00,2,1
    107,    156,       ,       ,75 PROSPECT ST,2.450000,,,5,1010,ONE FAM,129700.00,1,1
    107,    157,       ,       ,72 PROSPECT ST,1.100000,,,0,1010,ONE FAM,300.00,2,1
    107,    157,       ,       ,72 PROSPECT ST,1.100000,,,5,1010,ONE FAM,99800.00,1,1
    107,    158,       ,       ,64 PROSPECT ST,4.540000,,,0,1010,ONE FAM,10400.00,2,1
    107,    158,       ,       ,64 PROSPECT ST,4.540000,,,5,1010,ONE FAM,123200.00,1,1
    107,    159,       ,       ,60 PROSPECT ST,1.310000,,,0,1010,ONE FAM,1000.00,2,1
    107,    159,       ,       ,60 PROSPECT ST,1.310000,,,5,1010,ONE FAM,129700.00,1,1
    107,    160,       ,       ,62 PROSPECT ST,4.960000,,,0,1010,ONE FAM,12900.00,2,1
    107,    160,       ,       ,62 PROSPECT ST,4.960000,,,5,1010,ONE FAM,123200.00,1,1
    107,    161,       ,       ,58 PROSPECT ST,1.480000,,,0,1010,ONE FAM,1600.00,2,1
    107,    161,       ,       ,58 PROSPECT ST,1.480000,,,5,1010,ONE FAM,129700.00,1,1
    107,    162,       ,       ,50 PROSPECT ST ,0.544307,,,5,1010,ONE FAM,115300.00,1,1
    107,    162,    100,       ,46 PROSPECT ST,3.040000,,,0,1010,ONE FAM,3300.00,2,1
    107,    162,    100,       ,46 PROSPECT ST,3.040000,,,5,1010,ONE FAM,123200.00,1,1
    107,    163,       ,       ,40 PROSPECT ST ,1.750000,,,0,1010,ONE FAM,2400.00,2,1
    107,    163,       ,       ,40 PROSPECT ST ,1.750000,,,5,1010,ONE FAM,129700.00,1,1
    107,    164,       ,       ,33 PERLEY AVE ,0.410000,,,5,1010,ONE FAM,107400.00,1,1
    107,    165,       ,       ,31 PERLEY AVE,0.310000,,,5,1010,ONE FAM,100100.00,1,1
    107,    166,       ,       ,25 PERLEY AVE,0.362603,,,5,1040,2 FAMILY,104600.00,1,1
    107,    167,       ,       ,21 PERLEY AVE,0.406566,,,5,1040,2 FAMILY,107200.00,1,1
    107,    168,       ,       ,17 PERLEY AVE,0.260000,,,5,1010,ONE FAM,95100.00,1,1
    107,    169,       ,       ,13 PERLEY AVE,0.160000,,,5,1010,ONE FAM,83100.00,1,1
    107,    170,       ,       ,9 PERLEY AVE ,0.990000,,,0,1090,MULT HS,,1,2
    107,    170,       ,       ,9 PERLEY AVE ,0.990000,,,5,1090,MULT HS,123200.00,1,1
    107,    171,       ,       ,7 PERLEY AVE,0.230000,,,5,1010,ONE FAM,87500.00,1,1
    107,    172,       ,       ,5 PERLEY AVE,0.560000,,,5,1010,ONE FAM,110400.00,1,1
    107,    173,       ,       ,31 MESSENGER ST,0.480000,,,5,1040,2 FAMILY,100300.00,1,1
    107,    174,       ,       ,18 PERLEY AVE,0.390000,,,5,1010,ONE FAM,106200.00,1,1
    107,    175,       ,       ,20 PERLEY AVE,0.380000,,,5,1010,ONE FAM,105600.00,1,1
    107,    176,       ,       ,22 PERLEY AVE,0.410000,,,5,1010,ONE FAM,107400.00,1,1
    107,    177,       ,       ,24 PERLEY AVE,0.410000,,,5,1040,2 FAMILY,107400.00,1,1
    107,    178,       ,       ,30 PROSPECT ST ,0.430000,,,5,1010,ONE FAM,108600.00,1,1
    107,    179,       ,       ,26 PROSPECT ST,0.220000,,,5,1010,ONE FAM,91400.00,1,1
    107,    180,       ,       ,4 FOLLENSBEE AVE,0.270000,,,5,1010,ONE FAM,96100.00,1,1
    107,    181,       ,       ,6 FOLLENSBEE AVE,0.220000,,,5,1010,ONE FAM,91400.00,1,1
    107,    182,       ,       ,8 FOLLENSBEE AVE,0.460000,,,5,1010,ONE FAM,110300.00,1,1
    107,    183,       ,       ,5 FOLLENSBEE AVE,0.319789,,,5,1010,ONE FAM,101100.00,1,1
    107,    184,       ,       ,1 FOLLENSBEE AVE,0.700000,,,5,1110,APT 4-8,125200.00,1,1
    107,    185,       ,       ,8 PROSPECT ST,0.220000,,,5,1040,2 FAMILY,91400.00,1,1
    107,    186,       ,       ,67 SCHOOL ST,0.500000,,,5,1110,APT 4-8,123900.00,1,1
    107,    187,       ,       ,3 MESSENGER ST ,0.450000,,,5,1010,ONE FAM,109700.00,1,1
    107,    188,       ,       ,5 MESSENGER ST,0.270000,,,5,1010,ONE FAM,96100.00,1,1
    107,    189,       ,       ,9 MESSENGER ST ,0.230000,,,5,1010,ONE FAM,92100.00,1,1
    107,    190,       ,       ,15 MESSENGER ST,0.311180,,,5,1010,ONE FAM,100200.00,1,1
    107,    191,       ,       ,19 MESSENGER ST ,0.440000,,,5,1010,ONE FAM,109200.00,1,1
    107,    192,       ,       ,25 MESSENGER ST,0.450000,,,5,1010,ONE FAM,109700.00,1,1
    107,    193,       ,       ,29 MESSENGER ST,0.640000,,,5,1010,ONE FAM,121500.00,1,1
    107,    194,       ,       ,28 MESSENGER ST ,0.160000,,,5,1010,ONE FAM,87500.00,1,1
    107,    195,       ,       ,26 MESSENGER ST,0.180000,,,5,1010,ONE FAM,88800.00,1,1
    107,    196,       ,       ,24 MESSENGER ST,0.200000,,,5,1010,ONE FAM,90100.00,1,1
    107,    197,       ,       ,20 MESSENGER ST,0.230000,,,5,1010,ONE FAM,92100.00,1,1
    107,    198,       ,       ,16 MESSENGER ST ,0.344697,,,5,1040,2 FAMILY,103600.00,1,1
    107,    199,       ,       ,6 MESSENGER ST ,0.402305,,,5,1010,ONE FAM,101600.00,1,1
    107,    200,       ,       ,2 MESSENGER ST,0.290000,,,5,1010,ONE FAM,88300.00,1,1
    107,    201,       ,       ,91 SCHOOL ST ,0.410000,,,5,1010,ONE FAM,96700.00,1,1
    107,    202,       ,       ,93 SCHOOL ST,0.236742,,,5,1040,2 FAMILY,83500.00,1,1
    107,    203,       ,       ,99 SCHOOL ST,0.160000,,,5,1010,ONE FAM,63000.00,1,1
    107,    204,       ,       ,101 SCHOOL ST ,0.180000,,,5,1010,ONE FAM,75900.00,1,1
    107,    205,       ,       ,103 SCHOOL ST ,0.240000,,,5,1010,ONE FAM,83800.00,1,1
    107,    206,       ,       ,105 SCHOOL ST,0.290000,,,5,1010,ONE FAM,88300.00,1,1
    107,    207,       ,       ,115 SCHOOL ST,0.110000,,,5,1010,ONE FAM,75700.00,1,1
    107,    208,       ,       ,119 SCHOOL ST,0.220000,,,5,1010,ONE FAM,82300.00,1,1
    107,    209,       ,       ,125 SCHOOL ST,2.790000,,,0,1010,ONE FAM,4700.00,2,1
    107,    209,       ,       ,125 SCHOOL ST,2.790000,,,5,1010,ONE FAM,116700.00,1,1
    107,    210,       ,       ,127 SCHOOL ST,0.740000,,,5,1010,ONE FAM,97000.00,1,1
    107,    211,       ,       ,129 SCHOOL ST,0.630000,,,5,1010,ONE FAM,103300.00,1,1
    107,    212,       ,       ,131 SCHOOL ST,2.080000,,,0,1010,ONE FAM,2200.00,2,1
    107,    212,       ,       ,131 SCHOOL ST,2.080000,,,5,1010,ONE FAM,80800.00,1,1
    107,    213,       ,       ,161 MERIDEN RD,1.160000,,,0,1090,MULT HS,,1,2
    107,    213,       ,       ,161 MERIDEN RD,1.160000,,,0,1090,MULT HS,300.00,2,1
    107,    213,       ,       ,161 MERIDEN RD,1.160000,,,5,1090,MULT HS,80600.00,1,1
    107,    214,       ,       ,0 PROSPECT ST ,15.182500,,,0,9760,HRDWD,925.00,3,1
    107,    214,       ,       ,0 PROSPECT ST ,15.182500,,,0,9770,PINE,535.00,2,1
    107,    214,       ,       ,0 PROSPECT ST ,15.182500,,,5,9740,UNPROD,60.00,1,1
    108,      1,       ,       ,98 PROSPECT ST ,0.370000,,,5,1010,ONE FAM,80800.00,1,1
    108,      2,       ,       ,0 PROSPECT ST ,39.480000,,,0,9550,CONDO MSTR,305500.00,1,1
    108,      2,       ,       ,0 PROSPECT ST ,39.480000,,,0,9550,CONDO MSTR,1298700.00,2,1
    108,      2,     55,       ,6 ORCHARD ST ,0.000000,,,0,102V,CONDO-Vac,14000.00,1,1
    108,      2,     56,       ,8 ORCHARD ST ,0.000000,,,0,102V,CONDO-Vac,14000.00,1,1
    108,      2,     57,       ,2 HICKORY CT ,0.000000,,,0,102V,CONDO-Vac,14000.00,1,1
    108,      2,     58,       ,4 HICKORY CT ,0.000000,,,0,102V,CONDO-Vac,14000.00,1,1
    108,      2,     59,       ,6 HICKORY LN ,0.000000,,,0,102V,CONDO-Vac,14000.00,1,1
    108,      2,     60,       ,8 HICKORY LN ,0.000000,,,0,102V,CONDO-Vac,14000.00,1,1
    108,      2,     61,       ,10 HICKORY LN ,0.000000,,,0,102V,CONDO-Vac,14000.00,1,1
    108,      2,     62,       ,12 HICKORY LN ,0.000000,,,0,102V,CONDO-Vac,14000.00,1,1
    108,      2,     63,       ,14 HICKORY LN ,0.000000,,,0,102V,CONDO-Vac,14000.00,1,1
    108,      2,     64,       ,16 HICKORY LN ,0.000000,,,0,102V,CONDO-Vac,14000.00,1,1
    108,      2,     65,       ,18 HICKORY LN ,0.000000,,,0,102V,CONDO-Vac,14000.00,1,1
    108,      2,     66,       ,20 HICKORY LN ,0.000000,,,0,102V,CONDO-Vac,14000.00,1,1
    108,      2,     67,       ,22 HICKORY LN ,0.000000,,,0,102V,CONDO-Vac,14000.00,1,1
    108,      2,     68,       ,24 HICKORY LN ,0.000000,,,0,102V,CONDO-Vac,14000.00,1,1
    108,      2,     69,       ,25 HICKORY LN ,0.000000,,,0,102V,CONDO-Vac,14000.00,1,1
    108,      2,     70,       ,23 HICKORY LN ,0.000000,,,0,102V,CONDO-Vac,14000.00,1,1
    108,      2,     71,       ,21 HICKORY LN ,0.000000,,,0,102V,CONDO-Vac,14000.00,1,1
    108,      2,     72,       ,19 HICKORY LN ,0.000000,,,0,102V,CONDO-Vac,14000.00,1,1
    108,      2,     73,       ,17 HICKORY CIR ,0.000000,,,0,102V,CONDO-Vac,14000.00,1,1
    108,      2,     74,       ,15 HICKORY LN ,0.000000,,,0,102V,CONDO-Vac,14000.00,1,1
    108,      2,     75,       ,13 HICKORY LN ,0.000000,,,0,102V,CONDO-Vac,14000.00,1,1
    108,      2,     76,       ,11 HICKORY LN ,0.000000,,,0,102V,CONDO-Vac,14000.00,1,1
    108,      2,     77,       ,9 HICKORY LN ,0.000000,,,0,102V,CONDO-Vac,14000.00,1,1
    108,      2,     78,       ,7 HICKORY LN ,0.000000,,,0,102V,CONDO-Vac,14000.00,1,1
    108,      2,     79,       ,5 HICKORY LN ,0.000000,,,0,102V,CONDO-Vac,14000.00,1,1
    108,      2,     80,       ,3 HICKORY LN ,0.000000,,,0,102V,CONDO-Vac,14000.00,1,1
    108,      2,     81,       ,2 LOCUST CT ,0.000000,,,0,102V,CONDO-Vac,14000.00,1,1
    108,      2,     82,       ,4 LOCUST CT ,0.000000,,,0,102V,CONDO-Vac,14000.00,1,1
    108,      2,     83,       ,6 LOCUST CT ,0.000000,,,0,102V,CONDO-Vac,14000.00,1,1
    108,      2,     84,       ,8 LOCUST CT ,0.000000,,,0,102V,CONDO-Vac,14000.00,1,1
    108,      2,     85,       ,10 LOCUST CT ,0.000000,,,0,102V,CONDO-Vac,14000.00,1,1
    108,      2,     86,       ,12 LOCUST CT ,0.000000,,,0,102V,CONDO-Vac,14000.00,1,1
    108,      2,     87,       ,14 LOCUST CT ,0.000000,,,0,102V,CONDO-Vac,14000.00,1,1
    108,      2,     88,       ,16 LOCUST CT ,0.000000,,,0,102V,CONDO-Vac,14000.00,1,1
    108,      2,     89,       ,18 LOCUST CT ,0.000000,,,0,102V,CONDO-Vac,14000.00,1,1
    108,      2,     90,       ,20 LOCUST CT ,0.000000,,,0,102V,CONDO-Vac,14000.00,1,1
    108,      2,     91,       ,22 LOCUST CT ,0.000000,,,0,102V,CONDO-Vac,14000.00,1,1
    108,      2,     92,       ,24 LOCUST CT ,0.000000,,,0,102V,CONDO-Vac,14000.00,1,1
    108,      2,     93,       ,26 LOCUST CT ,0.000000,,,0,102V,CONDO-Vac,14000.00,1,1
    108,      2,     94,       ,28 LOCUST CT ,0.000000,,,0,102V,CONDO-Vac,14000.00,1,1
    108,      2,     95,       ,30 LOCUST CT ,0.000000,,,0,102V,CONDO-Vac,14000.00,1,1
    108,      2,     96,       ,32 LOCUST CT ,0.000000,,,0,102V,CONDO-Vac,14000.00,1,1
    108,      2,     97,       ,34 LOCUST CT ,0.000000,,,0,102V,CONDO-Vac,14000.00,1,1
    108,      2,     98,       ,36 LOCUST CT ,0.000000,,,0,102V,CONDO-Vac,14000.00,1,1
    108,      2,     99,       ,9 LOCUST CT,0.000000,,,0,102V,CONDO-Vac,14000.00,1,1
    108,      2,    100,       ,7 LOCUST CT,0.000000,,,0,102V,CONDO-Vac,14000.00,1,1
    108,      2,    101,       ,5 LOCUST CT,0.000000,,,0,102V,CONDO-Vac,14000.00,1,1
    108,      2,    102,       ,3 LOCUST CT,0.000000,,,0,102V,CONDO-Vac,14000.00,1,1
    108,      2,    103,       ,2 CROWES CT,0.000000,,,0,102V,CONDO-Vac,14000.00,1,1
    108,      2,    104,       ,4 CROWES CT,0.000000,,,0,102V,CONDO-Vac,14000.00,1,1
    108,      2,    105,       ,6 CROWES CT,0.000000,,,0,102V,CONDO-Vac,14000.00,1,1
    108,      2,    106,       ,8 CROWES CT,0.000000,,,0,102V,CONDO-Vac,14000.00,1,1
    108,      2,    107,       ,10 CROWES CT,0.000000,,,0,102V,CONDO-Vac,14000.00,1,1
    108,      2,    108,       ,12 CROWES CT,0.000000,,,0,102V,CONDO-Vac,14000.00,1,1
    108,      2,    109,       ,14 CROWES CT,0.000000,,,0,102V,CONDO-Vac,14000.00,1,1
    108,      2,    110,       ,16 CROWES CT,0.000000,,,0,102V,CONDO-Vac,14000.00,1,1
    108,      2,    111,       ,18 CROWES CT,0.000000,,,0,102V,CONDO-Vac,14000.00,1,1
    108,      2,    112,       ,20 CROWES CT,0.000000,,,0,102V,CONDO-Vac,14000.00,1,1
    108,      2,    113,       ,22 CROWES CT,0.000000,,,0,102V,CONDO-Vac,14000.00,1,1
    108,      2,    114,       ,24 CROWES CT ,0.000000,,,0,102V,CONDO-Vac,14000.00,1,1
    108,      2,    115,       ,26 CROWES CT ,0.000000,,,0,102V,CONDO-Vac,14000.00,1,1
    108,      2,    116,       ,25 CROWES CT ,0.000000,,,0,102V,CONDO-Vac,14000.00,1,1
    108,      2,    117,       ,23 CROWES CT,0.000000,,,0,102V,CONDO-Vac,14000.00,1,1
    108,      2,    118,       ,21 CROWES CT,0.000000,,,0,102V,CONDO-Vac,14000.00,1,1
    108,      2,    119,       ,19 CROWES CT,0.000000,,,0,102V,CONDO-Vac,14000.00,1,1
    108,      2,    120,       ,17 CROWES CT,0.000000,,,0,102V,CONDO-Vac,14000.00,1,1
    108,      2,    121,       ,15 CROWES CT,0.000000,,,0,102V,CONDO-Vac,14000.00,1,1
    108,      2,    122,       ,13 CROWES CT,0.000000,,,0,102V,CONDO-Vac,14000.00,1,1
    108,      2,    123,       ,11 CROWES CT,0.000000,,,0,102V,CONDO-Vac,14000.00,1,1
    108,      2,    124,       ,9 CROWES CT,0.000000,,,0,102V,CONDO-Vac,14000.00,1,1
    108,      2,    125,       ,7 CROWES CT,0.000000,,,0,102V,CONDO-Vac,14000.00,1,1
    108,      2,    126,       ,5 CROWES CT,0.000000,,,0,102V,CONDO-Vac,14000.00,1,1
    108,      2,    127,       ,3 CROWES CT,0.000000,,,0,102V,CONDO-Vac,14000.00,1,1
    108,      2,    128,       ,1 CROWES CT,0.000000,,,0,102V,CONDO-Vac,14000.00,1,1
    108,      2,    129,       ,13 SYCAMORE  ST ,0.000000,,,0,1020,CONDO,0.00,1,1
    108,      2,    130,       ,15 SYCAMORE  ST ,0.000000,,,0,1020,CONDO,0.00,1,1
    108,      2,    131,       ,2 STARDUST ST ,0.000000,,,0,102V,CONDO-Vac,14000.00,1,1
    108,      2,    132,       ,4 STARDUST LN ,0.000000,,,0,102V,CONDO-Vac,14000.00,1,1
    108,      2,    133,       ,6 STARDUST LN ,0.000000,,,0,102V,CONDO-Vac,14000.00,1,1
    108,      2,    134,       ,91 STARDUST LN ,0.000000,,,0,102V,CONDO-Vac,14000.00,1,1
    108,      2,    135,       ,10 STARDUST DR ,0.000000,,,0,102V,CONDO-Vac,14000.00,1,1
    108,      2,    136,       ,89 STARDUST LN ,0.000000,,,0,102V,CONDO-Vac,14000.00,1,1
    108,      2,    137,       ,86 STARDUST LN ,0.000000,,,0,102V,CONDO-Vac,14000.00,1,1
    108,      2,    138,       ,85 STARDUST LN ,0.000000,,,0,102V,CONDO-Vac,14000.00,1,1
    108,      2,    139,       ,84 STARDUST LN ,0.000000,,,0,102V,CONDO-Vac,14000.00,1,1
    108,      2,    140,       ,81 STARDUST LN ,0.000000,,,0,102V,CONDO-Vac,14000.00,1,1
    108,      2,    141,       ,80 STARDUST LN ,0.000000,,,0,102V,CONDO-Vac,14000.00,1,1
    108,      2,    142,       ,73 STARDUST LN ,0.000000,,,0,102V,CONDO-Vac,14000.00,1,1
    108,      2,    143,       ,78 STARDUST LN ,0.000000,,,0,102V,CONDO-Vac,14000.00,1,1
    108,      2,    144,       ,63 STARDUST LN ,0.000000,,,0,102V,CONDO-Vac,14000.00,1,1
    108,      2,    145,       ,76 STARDUST LN ,0.000000,,,0,102V,CONDO-Vac,14000.00,1,1
    108,      2,    146,       ,37 STARDUST LN ,0.000000,,,0,102V,CONDO-Vac,14000.00,1,1
    108,      2,    147,       ,70 STARDUST LN ,0.000000,,,0,102V,CONDO-Vac,14000.00,1,1
    108,      2,    148,       ,29 STARDUST LN ,0.000000,,,0,102V,CONDO-Vac,14000.00,1,1
    108,      2,    149,       ,60 STARDUST LN ,0.000000,,,0,102V,CONDO-Vac,14000.00,1,1
    108,      2,    150,       ,14 SYCAMORE  DR ,0.000000,,,0,1020,CONDO,0.00,1,1
    108,      2,    151,       ,56 STARDUST LN ,0.000000,,,0,102V,CONDO-Vac,14000.00,1,1
    108,      2,    152,       ,4 STARDUST LA ,0.000000,,,0,102V,CONDO-Vac,14000.00,1,1
    108,      2,    153,       ,54 STARDUST LN ,0.000000,,,0,102V,CONDO-Vac,14000.00,1,1
    108,      2,    154,       ,8 STARDUST DR ,0.000000,,,0,102V,CONDO-Vac,14000.00,1,1
    108,      2,    155,       ,48 STARDUST LN ,0.000000,,,0,102V,CONDO-Vac,14000.00,1,1
    108,      2,    156,       ,12 STARDUST DR ,0.000000,,,0,102V,CONDO-Vac,14000.00,1,1
    108,      2,    157,       ,46 STARDUST LN ,0.000000,,,0,102V,CONDO-Vac,14000.00,1,1
    108,      2,    158,       ,91 STARDUST DR ,0.000000,,,0,102V,CONDO-Vac,14000.00,1,1
    108,      2,    159,       ,2 HEMLOCK RIDGE LN ,0.000000,,,0,1020,CONDO,0.00,1,1
    108,      2,    160,       ,6 HEMLOCK RIDGE DR ,0.000000,,,0,1020,CONDO,0.00,1,1
    108,      2,    161,       ,10 HEMLOCK RIDGE LN ,0.000000,,,0,1020,CONDO,0.00,1,1
    108,      2,    162,       ,14 HEMLOCK RIDGE DR ,0.000000,,,0,1020,CONDO,0.00,1,1
    108,      2,    163,       ,20 HEMLOCK RIDGE DR ,0.000000,,,0,1020,CONDO,0.00,1,1
    108,      2,    164,       ,22 HEMLOCK RIDGE DR ,0.000000,,,0,1020,CONDO,0.00,1,1
    108,      2,    165,       ,3 HEMLOCK RIDGE LN ,0.000000,,,0,1020,CONDO,0.00,1,1
    108,      2,    166,       ,9 HEMLOCK RIDGE DR ,0.000000,,,0,1020,CONDO,0.00,1,1
    108,      2,    167,       ,13 HEMLOCK RIDGE LN ,0.000000,,,0,1020,CONDO,0.00,1,1
    108,      2,    168,       ,15 HEMLOCK RIDGE DR ,0.000000,,,0,1020,CONDO,0.00,1,1
    108,      2,    169,       ,19 HEMLOCK RIDGE LN ,0.000000,,,0,1020,CONDO,0.00,1,1
    108,      2,    170,       ,21 HEMLOCK RIDGE DR ,0.000000,,,0,1020,CONDO,0.00,1,1
    108,      2,    171,       ,23 HEMLOCK RIDGE LA ,0.000000,,,0,1020,CONDO,0.00,1,1
    108,      3,       ,       ,82 PROSPECT ST ,12.830000,,,0,1010,ONE FAM,1900.00,2,1
    108,      3,       ,       ,82 PROSPECT ST ,12.830000,,,0,6230,OTHER,595.00,3,1
    108,      3,       ,       ,82 PROSPECT ST ,12.830000,,,5,1010,ONE FAM,99800.00,1,1
    108,      3,    100,       ,80 PROSPECT ST ,6.890000,,,0,1010,ONE FAM,10300.00,2,1
    108,      3,    100,       ,80 PROSPECT ST ,6.890000,,,5,1010,ONE FAM,99800.00,1,1
    108,      4,       ,       ,78 PROSPECT ST,1.500000,,,0,1010,ONE FAM,600.00,2,1
    108,      4,       ,       ,78 PROSPECT ST,1.500000,,,5,1010,ONE FAM,94800.00,1,1
    108,      5,       ,       ,74 PROSPECT ST,2.190000,,,0,1010,ONE FAM,2200.00,2,1
    108,      5,       ,       ,74 PROSPECT ST,2.190000,,,5,1010,ONE FAM,99800.00,1,1
    108,      6,       ,       ,70 PROSPECT ST,2.290000,,,0,1010,ONE FAM,2400.00,2,1
    108,      6,       ,       ,70 PROSPECT ST,2.290000,,,5,1010,ONE FAM,99800.00,1,1
    108,      7,       ,       ,3 PORTER RD,1.600000,,,0,1010,ONE FAM,2000.00,2,1
    108,      7,       ,       ,3 PORTER RD,1.600000,,,5,1010,ONE FAM,129700.00,1,1
    108,      8,       ,       ,2 PORTER RD,3.570000,,,0,1010,ONE FAM,8400.00,2,1
    108,      8,       ,       ,2 PORTER RD,3.570000,,,5,1010,ONE FAM,129700.00,1,1
    108,     10,       ,       ,8 RESERVOIR RD ,2.030000,,,0,1010,ONE FAM,2600.00,2,1
    108,     10,       ,       ,8 RESERVOIR RD ,2.030000,,,5,1010,ONE FAM,99800.00,1,1
    108,     11,       ,       ,79 PROSPECT ST,0.780000,,,5,1010,ONE FAM,98700.00,1,1
    108,     12,       ,       ,65 PROSPECT ST,0.730000,,,5,1010,ONE FAM,97200.00,1,1
    108,     13,       ,       ,77 PROSPECT ST,11.770000,,,0,1090,MULT HS,,1,2
    108,     13,       ,       ,77 PROSPECT ST,11.770000,,,0,1090,MULT HS,22600.00,2,1
    108,     13,       ,       ,77 PROSPECT ST,11.770000,,,5,1090,MULT HS,99800.00,1,1
    108,     14,       ,       ,26 MOUNTAIN VIEW DR ,31.060000,,,0,9550,CONDO MSTR,0.00,1,1
    108,     14,       ,       ,26 MOUNTAIN VIEW DR ,31.060000,,,0,9550,CONDO MSTR,0.00,2,1
    108,     14,      1,       ,15 MOUNTAIN VIEW DR ,0.000000,,,5,1020,CONDO,,1,1
    108,     14,      2,       ,17 MOUNTAIN VIEW DR ,0.000000,,,5,1020,CONDO,,1,1
    108,     14,      3,       ,19 MOUNTAIN VIEW DR ,0.000000,,,5,1020,CONDO,,1,1
    108,     14,      4,       ,21 MOUNTAIN VIEW DR ,0.000000,,,5,1020,CONDO,,1,1
    108,     14,      5,       ,23 MOUNTAIN VIEW DR ,0.000000,,,5,1020,CONDO,,1,1
    108,     14,      6,       ,25 MOUNTAIN VIEW DR ,0.000000,,,5,1020,CONDO,,1,1
    108,     14,      7,       ,27 MOUNTAIN VIEW DR ,0.000000,,,5,1020,CONDO,,1,1
    108,     14,      8,       ,29 MOUNTAIN VIEW DR ,0.000000,,,5,1020,CONDO,,1,1
    108,     14,      9,       ,31 MOUNTAIN VIEW DR ,0.000000,,,5,1020,CONDO,,1,1
    108,     14,     10,       ,33 MOUNTAIN VIEW DR ,0.000000,,,5,1020,CONDO,,1,1
    108,     14,     11,       ,35 MOUNTAIN VIEW DR ,0.000000,,,5,1020,CONDO,,1,1
    108,     14,     12,       ,37 MOUNTAIN VIEW DR ,0.000000,,,5,1020,CONDO,,1,1
    108,     14,     13,       ,39 MOUNTAIN VIEW DR ,0.000000,,,5,1020,CONDO,,1,1
    108,     14,     14,       ,41 MOUNTAIN VIEW DR ,0.000000,,,5,1020,CONDO,,1,1
    108,     14,     15,       ,43 MOUNTAIN VIEW DR ,0.000000,,,5,1020,CONDO,,1,1
    108,     14,     16,       ,45 MOUNTAIN VIEW DR ,0.000000,,,5,1020,CONDO,,1,1
    108,     14,     17,       ,47 MOUNTAIN VIEW DR ,0.000000,,,5,1020,CONDO,,1,1
    108,     14,     18,       ,49 MOUNTAIN VIEW DR ,0.000000,,,5,1020,CONDO,,1,1
    108,     14,     19,       ,36 MOUNTAIN VIEW DR ,0.000000,,,5,1020,CONDO,,1,1
    108,     14,     20,       ,38 MOUNTAIN VIEW DR ,0.000000,,,5,1020,CONDO,,1,1
    108,     14,     21,       ,40 MOUNTAIN VIEW DR ,0.000000,,,5,1020,CONDO,,1,1
    108,     14,     22,       ,42 MOUNTAIN VIEW DR ,0.000000,,,5,1020,CONDO,,1,1
    108,     14,     23,       ,44 MOUNTAIN VIEW DR ,0.000000,,,5,1020,CONDO,,1,1
    108,     14,     24,       ,46 MOUNTAIN VIEW DR ,0.000000,,,5,1020,CONDO,,1,1
    108,     14,     25,       ,48 MOUNTAIN VIEW DR ,0.000000,,,5,1020,CONDO,,1,1
    108,     14,     26,       ,50 MOUNTAIN VIEW DR ,0.000000,,,5,1020,CONDO,,1,1
    108,     14,     27,       ,51 MOUNTAIN VIEW DR ,0.000000,,,5,1020,CONDO,,1,1
    108,     14,     28,       ,52 MOUNTAIN VIEW DR ,0.000000,,,5,1020,CONDO,,1,1
    108,     14,     29,       ,53 MOUNTAIN VIEW DR ,0.000000,,,5,1020,CONDO,,1,1
    108,     14,     30,       ,54 MOUNTAIN VIEW DR ,0.000000,,,5,1020,CONDO,,1,1
    108,     14,     31,       ,59 MOUNTAIN VIEW DR ,0.000000,,,5,1020,CONDO,,1,1
    108,     14,     32,       ,56 MOUNTAIN VIEW DR ,0.000000,,,5,1020,CONDO,,1,1
    108,     14,     33,       ,65 MOUNTAIN VIEW DR ,0.000000,,,5,1020,CONDO,,1,1
    108,     14,     34,       ,60 MOUNTAIN VIEW DR ,0.000000,,,0,1020,CONDO,,1,1
    108,     14,     35,       ,9 CHERRY CIR ,0.000000,,,5,1020,CONDO,,1,1
    108,     14,     36,       ,62 MOUNTAIN VIEW DR ,0.000000,,,5,1020,CONDO,,1,1
    108,     14,     37,       ,12 CHERRY CIR ,0.000000,,,5,1020,CONDO,,1,1
    108,     14,     38,       ,66 MOUNTAIN VIEW DR ,0.000000,,,5,1020,CONDO,,1,1
    108,     14,     39,       ,10 CHERRY CIR ,0.000000,,,5,1020,CONDO,,1,1
    108,     14,     40,       ,68 MOUNTAIN VIEW DR ,0.000000,,,5,1020,CONDO,,1,1
    108,     14,     41,       ,8 CHERRY CIR ,0.000000,,,5,1020,CONDO,,1,1
    108,     14,     42,       ,72 MOUNTAIN VIEW DR ,0.000000,,,5,1020,CONDO,,1,1
    108,     14,     43,       ,75 MOUNTAIN VIEW DR ,0.000000,,,5,1020,CONDO,,1,1
    108,     14,     44,       ,74 MOUNTAIN VIEW DR ,0.000000,,,5,1020,CONDO,,1,1
    108,     14,     45,       ,87 MOUNTAIN VIEW DR ,0.000000,,,5,1020,CONDO,,1,1
    108,     14,     46,       ,78 MOUNTAIN VIEW DR ,0.000000,,,5,1020,CONDO,,1,1
    108,     14,     47,       ,89 MOUNTAIN VIEW DR ,0.000000,,,5,1020,CONDO,,1,1
    108,     14,     48,       ,80 MOUNTAIN VIEW DR ,0.000000,,,5,1020,CONDO,,1,1
    108,     14,     49,       ,91 MOUNTAIN VIEW DR ,0.000000,,,5,1020,CONDO,,1,1
    108,     14,     50,       ,84 MOUNTAIN VIEW DR ,0.000000,,,5,1020,CONDO,,1,1
    108,     14,     51,       ,93 MOUNTAIN VIEW DR ,0.000000,,,5,1020,CONDO,,1,1
    108,     14,     52,       ,88 MOUNTAIN VIEW DR ,0.000000,,,5,1020,CONDO,,1,1
    108,     14,     53,       ,95 MOUNTAIN VIEW DR ,0.000000,,,5,1020,CONDO,,1,1
    108,     14,     54,       ,90 MOUNTAIN VIEW DR ,0.000000,,,5,1020,CONDO,,1,1
    108,     15,       ,       ,103 PROSPECT STREET EXT ,1.550000,,,,1050,3 FAMILY,0.00,1,2
    108,     15,       ,       ,103 PROSPECT STREET EXT ,1.550000,,,0,1050,3 FAMILY,1400.00,2,1
    108,     15,       ,       ,103 PROSPECT STREET EXT ,1.550000,,,5,1050,3 FAMILY,124700.00,1,1
    108,     17,       ,       ,194 DARTMOUTH COLLEGE HWY,0.840000,,,C,9040,SCHOOL,578700.00,1,1
    108,     19,       ,       ,184 DARTMOUTH COLLEGE HWY,1.080000,,,0,1010,ONE FAM,200.00,2,1
    108,     19,       ,       ,184 DARTMOUTH COLLEGE HWY,1.080000,,,5,1010,ONE FAM,89800.00,1,1
    108,     20,       ,       ,180 DARTMOUTH COLLEGE HWY ,1.040000,,,0,1010,ONE FAM,100.00,2,1
    108,     20,       ,       ,180 DARTMOUTH COLLEGE HWY ,1.040000,,,5,1010,ONE FAM,89800.00,1,1
    108,     21,       ,       ,168 DARTMOUTH COLLEGE HWY,0.600000,,,5,1010,ONE FAM,61700.00,1,1
    108,     22,       ,       ,0 DARTMOUTH COLLEGE HWY,14.370000,,,0,903C,MUNICPAL-Comm,34800.00,2,1
    108,     22,       ,       ,0 DARTMOUTH COLLEGE HWY,14.370000,,,C,903C,MUNICPAL-Comm,285900.00,1,1
    108,     23,       ,       ,67 PUMPING STATION RD ,21.750000,,,0,903C,MUNICPAL-Comm,,1,2
    108,     23,       ,       ,67 PUMPING STATION RD ,21.750000,,,0,903C,MUNICPAL-Comm,,1,3
    108,     23,       ,       ,67 PUMPING STATION RD ,21.750000,,,0,903C,MUNICPAL-Comm,,1,4
    108,     23,       ,       ,67 PUMPING STATION RD ,21.750000,,,0,903C,MUNICPAL-Comm,,1,5
    108,     23,       ,       ,67 PUMPING STATION RD ,21.750000,,,0,903C,MUNICPAL-Comm,22200.00,2,1
    108,     23,       ,       ,67 PUMPING STATION RD ,21.750000,,,C,903C,MUNICPAL-Comm,4887400.00,1,1
    108,     23,    100,       ,65 PUMPING STATION RD ,0.000000,,,C,9030,MUNICPAL,,1,1
    108,     24,       ,       ,0 ROBERTS ST,0.830000,,,C,9130,SCHLDEPT,11500.00,1,1
    108,     25,       ,       ,13 MOULTON AVE,0.870000,,,5,1010,ONE FAM,99500.00,1,1
    108,     26,       ,       ,115 PROSPECT STREET EXT,0.748049,,,5,1010,ONE FAM,97800.00,1,1
    108,     27,       ,       ,119 PROSPECT STREET EXT,0.770000,,,5,1010,ONE FAM,98400.00,1,1
    108,     28,       ,       ,120 PROSPECT STREET EXT,0.670000,,,5,1010,ONE FAM,95000.00,1,1
    108,     29,       ,       ,116 PROSPECT ST,0.710000,,,5,1010,ONE FAM,120800.00,1,1
    108,     30,       ,       ,110 PROSPECT ST,0.700000,,,5,1010,ONE FAM,120400.00,1,1
    109,      1,       ,       ,0 LAPLANTE RD,1.370000,,,0,1320,UNDEV,900.00,2,1
    109,      1,       ,       ,0 LAPLANTE RD,1.370000,,,5,1320,UNDEV,29900.00,1,1
    109,      2,       ,       ,7 SKYLARK RD,0.940000,,,5,1010,ONE FAM,99600.00,1,1
    109,      3,       ,       ,148 PROSPECT STREET EXT ,0.970000,,,5,1010,ONE FAM,99700.00,1,1
    109,      4,       ,       ,144 PROSPECT STREET EXT,1.010000,,,0,1010,ONE FAM,0.00,2,1
    109,      4,       ,       ,144 PROSPECT STREET EXT,1.010000,,,5,1010,ONE FAM,99800.00,1,1
    109,      5,       ,       ,140 PROSPECT ST,1.050000,,,0,1010,ONE FAM,100.00,2,1
    109,      5,       ,       ,140 PROSPECT ST,1.050000,,,5,1010,ONE FAM,99800.00,1,1
    109,      6,       ,       ,136 PROSPECT STREET EXT ,0.810000,,,5,1010,ONE FAM,99400.00,1,1
    109,      7,       ,       ,132 PROSPECT STREET EXT,0.750000,,,5,1010,ONE FAM,97800.00,1,1
    109,      8,       ,       ,128 PROSPECT STREET EXT,0.700000,,,5,1010,ONE FAM,96300.00,1,1
    109,      9,       ,       ,124 PROSPECT STREET EXT,0.690000,,,5,1010,ONE FAM,96000.00,1,1
    109,     10,       ,       ,123 PROSPECT STREET EXT,0.770000,,,5,1010,ONE FAM,140200.00,1,1
    109,     11,       ,       ,127 PROSPECT ST,0.780000,,,5,1010,ONE FAM,148100.00,1,1
    109,     12,       ,       ,131 PROSPECT STREET EXT,0.790000,,,5,1010,ONE FAM,148500.00,1,1
    109,     13,       ,       ,135 PROSPECT ST ,0.790000,,,5,1010,ONE FAM,148500.00,1,1
    109,     14,       ,       ,139 PROSPECT ST,0.780000,,,5,1010,ONE FAM,148100.00,1,1
    109,     15,       ,       ,141 PROSPECT STREET EXT ,0.790000,,,5,1010,ONE FAM,148500.00,1,1
    109,     16,       ,       ,145 PROSPECT STREET EXT,0.780000,,,5,1010,ONE FAM,148100.00,1,1
    109,     17,       ,       ,149 PROSPECT STREET EXT ,0.790000,,,5,1010,ONE FAM,123800.00,1,1
    109,     18,       ,       ,153 PROSPECT STREET EXT,0.920000,,,5,1010,ONE FAM,149400.00,1,1
    109,     19,       ,       ,159 PROSPECT STREET EXT,0.970000,,,5,1010,ONE FAM,149500.00,1,1
    109,     20,       ,       ,12 LAPLANTE RD,0.900000,,,5,1010,ONE FAM,149400.00,1,1
    109,     21,       ,       ,0 ROBERTS ST,0.740000,,,C,9130,SCHLDEPT,11200.00,1,1
    109,     22,       ,       ,0 ROBERTS ST,0.740000,,,C,9130,SCHLDEPT,11200.00,1,1
    109,     23,       ,       ,0 ROBERTS ST,0.740000,,,C,9130,SCHLDEPT,11200.00,1,1
    109,     24,       ,       ,0 ROBERTS ST,0.740000,,,C,9130,SCHLDEPT,11200.00,1,1
    109,     25,       ,       ,0 ROBERTS ST,0.740000,,,C,9130,SCHLDEPT,11200.00,1,1
    109,     26,       ,       ,0 ROBERTS ST,0.740000,,,C,9130,SCHLDEPT,11200.00,1,1
    109,     27,       ,       ,0 ROBERTS ST,0.740000,,,C,9130,SCHLDEPT,11200.00,1,1
    109,     28,       ,       ,0 ROBERTS ST,0.740000,,,C,9130,SCHLDEPT,11200.00,1,1
    109,     29,       ,       ,0 ROBERTS ST,0.830000,,,C,9130,SCHLDEPT,11500.00,1,1
    109,     30,       ,       ,3 MOULTON AVE ,19.420000,,,0,913C,SCHLDEPT-Comm,41100.00,2,1
    109,     30,       ,       ,3 MOULTON AVE ,19.420000,,,C,913C,SCHLDEPT-Comm,733100.00,1,1
    109,     30,    100,       ,4 LAPLANTE RD ,1.220000,,,0,1010,ONE FAM,600.00,2,1
    109,     30,    100,       ,4 LAPLANTE RD ,1.220000,,,5,1010,ONE FAM,99800.00,1,1
    109,     30,    200,       ,2 LAPLANTE RD,1.260000,,,0,1010,ONE FAM,700.00,2,1
    109,     30,    200,       ,2 LAPLANTE RD,1.260000,,,5,1010,ONE FAM,99800.00,1,1
    109,     30,    300,       ,6 LAPLANTE RD,1.950000,,,0,1010,ONE FAM,2400.00,2,1
    109,     30,    300,       ,6 LAPLANTE RD,1.950000,,,5,1010,ONE FAM,99800.00,1,1
    109,     31,       ,       ,216 DARTMOUTH COLLEGE HWY ,1.240000,,,0,1010,ONE FAM,600.00,2,1
    109,     31,       ,       ,216 DARTMOUTH COLLEGE HWY ,1.240000,,,5,1010,ONE FAM,89800.00,1,1
    109,     32,       ,       ,0 DARTMOUTH COLLEGE HWY,0.210000,,,C,9130,SCHLDEPT,120700.00,1,1
    109,     33,       ,       ,207 DARTMOUTH COLLEGE HWY,0.920000,,,5,1040,2 FAMILY,89600.00,1,1
    109,     34,       ,       ,209 DARTMOUTH COLLEGE HWY,1.400000,,,0,1040,2 FAMILY,1000.00,2,1
    109,     34,       ,       ,209 DARTMOUTH COLLEGE HWY,1.400000,,,5,1040,2 FAMILY,89800.00,1,1
    109,     36,       ,       ,213 DARTMOUTH COLLEGE HWY ,2.480000,,,0,1010,ONE FAM,3700.00,2,1
    109,     36,       ,       ,213 DARTMOUTH COLLEGE HWY ,2.480000,,,5,1010,ONE FAM,89800.00,1,1
    109,     37,       ,       ,0 DARTMOUTH COLLEGE HWY ,1.600000,,,5,6100,UNPROD,30.00,1,1
    109,     38,       ,       ,0 DARTMOUTH COLLEGE HWY,0.500000,,,C,9010,STATE NH,9900.00,1,1
    109,     39,       ,       ,0 DARTMOUTH COLLEGE HWY,2.600000,,,0,9030,MUNICPAL,2000.00,2,1
    109,     39,       ,       ,0 DARTMOUTH COLLEGE HWY,2.600000,,,C,9030,MUNICPAL,195500.00,1,1
    109,     40,       ,       ,247 DARTMOUTH COLLEGE HWY,2.480000,,,0,1010,ONE FAM,3700.00,2,1
    109,     40,       ,       ,247 DARTMOUTH COLLEGE HWY,2.480000,,,5,1010,ONE FAM,89800.00,1,1
    109,     41,       ,       ,255 DARTMOUTH COLLEGE HWY,1.200000,,,0,340R,OFFICE-Res,200.00,2,1
    109,     41,       ,       ,255 DARTMOUTH COLLEGE HWY,1.200000,,,5,340R,OFFICE-Res,112200.00,1,1
    109,     42,       ,       ,259 DARTMOUTH COLLEGE HWY ,0.240000,,,C,3400,OFFICE,245000.00,1,1
    109,     43,       ,       ,261 DARTMOUTH COLLEGE HWY,1.060000,,,0,1010,ONE FAM,600.00,2,1
    109,     43,       ,       ,261 DARTMOUTH COLLEGE HWY,1.060000,,,5,1010,ONE FAM,67300.00,1,1
    109,     44,       ,       ,274 BANK ST EXT,6.050000,,,0,1010,ONE FAM,12300.00,2,1
    109,     44,       ,       ,274 BANK ST EXT,6.050000,,,5,1010,ONE FAM,123200.00,1,1
    109,     44,    100,       ,0 BANK ST EXT,0.040000,,,5,1320,UNDEV,1900.00,1,1
    109,     44,  70100,       ,0 BANK ST EXT,0.000000,,,C,9030,MUNICPAL,,1,1
    109,     45,       ,       ,3 WINONA CIR ,0.270000,,,5,1010,ONE FAM,85000.00,1,1
    109,     46,       ,       ,9 WINONA CIR,0.240000,,,5,1010,ONE FAM,82300.00,1,1
    109,     47,       ,       ,15 WINONA CIR,0.270000,,,5,1010,ONE FAM,85000.00,1,1
    109,     48,       ,       ,21 WINONA CIR,0.280000,,,5,1010,ONE FAM,85900.00,1,1
    109,     49,       ,       ,27 WINONA CIR,0.260000,,,5,1010,ONE FAM,84100.00,1,1
    109,     50,       ,       ,44 WINONA CIR,0.280000,,,5,1010,ONE FAM,85900.00,1,1
    109,     51,       ,       ,38 WINONA CIR,0.290000,,,5,1010,ONE FAM,86800.00,1,1
    109,     52,       ,       ,32 WINONA CIR,0.781451,,,5,1010,ONE FAM,113600.00,1,1
    109,     53,       ,       ,26 WINONA CIR,0.540000,,,5,1040,2 FAMILY,101700.00,1,1
    109,     54,       ,       ,20 WINONA CIR,0.330000,,,5,1010,ONE FAM,90300.00,1,1
    109,     55,       ,       ,14 WINONA CIR,0.260000,,,5,1010,ONE FAM,84100.00,1,1
    109,     56,       ,       ,8 WINONA CIR,0.270000,,,5,1010,ONE FAM,85000.00,1,1
    109,     57,       ,       ,6 WINONA CIR,0.380000,,,5,1010,ONE FAM,93400.00,1,1
    109,     58,       ,       ,1 HARDY HILL RD,2.650000,,,0,1010,ONE FAM,2300.00,2,1
    109,     58,       ,       ,1 HARDY HILL RD,2.650000,,,5,1010,ONE FAM,98100.00,1,1
    109,     58,    100,       ,3 HARDY HILL RD ,0.626951,,,5,1010,ONE FAM,91300.00,1,1
    109,     58,    200,       ,5 HARDY HILL RD,0.768595,,,5,1010,ONE FAM,101800.00,1,1
    109,     58,    300,       ,7 HARDY HILL RD,0.456841,,,5,1010,ONE FAM,87700.00,1,1
    109,     59,       ,       ,0 HARDY HILL RD,5.250000,,,0,9030,MUNICPAL,6900.00,2,1
    109,     59,       ,       ,0 HARDY HILL RD,5.250000,,,C,9030,MUNICPAL,254100.00,1,1
    109,     61,       ,       ,15 RIVERSIDE DR,1.460000,,,0,1010,ONE FAM,1000.00,2,1
    109,     61,       ,       ,15 RIVERSIDE DR,1.460000,,,5,1010,ONE FAM,85300.00,1,1
    109,     62,       ,       ,17 RIVERSIDE DR ,1.350000,,,0,1010,ONE FAM,800.00,2,1
    109,     62,       ,       ,17 RIVERSIDE DR ,1.350000,,,5,1010,ONE FAM,85300.00,1,1
    109,     63,       ,       ,23 RIVERSIDE DR,2.870000,,,0,1010,ONE FAM,4200.00,2,1
    109,     63,       ,       ,23 RIVERSIDE DR,2.870000,,,5,1010,ONE FAM,85300.00,1,1
    109,     64,       ,       ,260 DARTMOUTH COLLEGE HWY,0.951676,,,0,332R,AUTO REP-Res,,1,2
    109,     64,       ,       ,260 DARTMOUTH COLLEGE HWY,0.951676,,,C,3320,AUTO REP,175300.00,1,1
    109,     65,       ,       ,254 DARTMOUTH COLLEGE HWY ,1.640000,,,0,3400,OFFICE,1600.00,2,1
    109,     65,       ,       ,254 DARTMOUTH COLLEGE HWY ,1.640000,,,C,3400,OFFICE,197900.00,1,1
    109,     67,       ,       ,250 DARTMOUTH COLLEGE HWY ,1.160000,,,0,1010,ONE FAM,1600.00,2,1
    109,     67,       ,       ,250 DARTMOUTH COLLEGE HWY ,1.160000,,,5,1010,ONE FAM,50500.00,1,1
    109,     68,       ,       ,3 LAPLANTE RD,0.310000,,,5,1010,ONE FAM,69300.00,1,1
    109,     69,       ,       ,7 LAPLANTE RD,1.030000,,,0,1010,ONE FAM,100.00,2,1
    109,     69,       ,       ,7 LAPLANTE RD,1.030000,,,5,1010,ONE FAM,99800.00,1,1
    109,     70,       ,       ,11 LAPLANTE RD,1.750000,,,0,1010,ONE FAM,1900.00,2,1
    109,     70,       ,       ,11 LAPLANTE RD,1.750000,,,5,1010,ONE FAM,99800.00,1,1
    109,     71,       ,       ,15 LAPLANTE RD,2.900000,,,0,1010,ONE FAM,4800.00,2,1
    109,     71,       ,       ,15 LAPLANTE RD,2.900000,,,5,1010,ONE FAM,99800.00,1,1
    109,     72,       ,       ,27 RIVERSIDE DR ,2.770000,,,0,1010,ONE FAM,4000.00,2,1
    109,     72,       ,       ,27 RIVERSIDE DR ,2.770000,,,5,1010,ONE FAM,85300.00,1,1
    109,     73,       ,       ,31 RIVERSIDE DR,4.600000,,,0,1010,ONE FAM,8100.00,2,1
    109,     73,       ,       ,31 RIVERSIDE DR,4.600000,,,5,1010,ONE FAM,85300.00,1,1
    109,     74,       ,       ,0 LAPLANTE RD,1.450000,,,0,3900,DEV LAND,4400.00,2,1
    109,     74,       ,       ,0 LAPLANTE RD,1.450000,,,5,3900,DEV LAND,82300.00,1,1
    110,      1,       ,       ,0 DARTMOUTH COLLEGE HWY,1.020000,,,0,1320,UNDEV,0.00,2,1
    110,      1,       ,       ,0 DARTMOUTH COLLEGE HWY,1.020000,,,5,1320,UNDEV,1500.00,1,1
    110,      2,       ,       ,266 DARTMOUTH COLLEGE HWY,0.640000,,,5,1010,ONE FAM,63100.00,1,1
    110,      3,       ,       ,263 DARTMOUTH COLLEGE HWY,1.160000,,,0,3250,STORE,400.00,2,1
    110,      3,       ,       ,263 DARTMOUTH COLLEGE HWY,1.160000,,,C,3250,STORE,137500.00,1,1
    110,      5,       ,       ,42 RIVERSIDE DR ,3.200000,,,0,3160,COMMWHSE,,1,2
    110,      5,       ,       ,42 RIVERSIDE DR ,3.200000,,,0,3160,COMMWHSE,,1,3
    110,      5,       ,       ,42 RIVERSIDE DR ,3.200000,,,0,3160,COMMWHSE,,1,4
    110,      5,       ,       ,42 RIVERSIDE DR ,3.200000,,,0,3160,COMMWHSE,,1,5
    110,      5,       ,       ,42 RIVERSIDE DR ,3.200000,,,0,3160,COMMWHSE,,1,6
    110,      5,       ,       ,42 RIVERSIDE DR ,3.200000,,,0,3160,COMMWHSE,,1,7
    110,      5,       ,       ,42 RIVERSIDE DR ,3.200000,,,0,3160,COMMWHSE,,1,8
    110,      5,       ,       ,42 RIVERSIDE DR ,3.200000,,,C,316C,COMMWHSE-Comm,1173000.00,1,1
    110,      7,       ,       ,285 DARTMOUTH COLLEGE HWY ,0.930000,,,5,101A,RSA 75:11,49800.00,1,1
    110,      8,       ,       ,39 RIVERSIDE DR ,1.350000,,,0,3320,AUTO REP,200.00,2,1
    110,      8,       ,       ,39 RIVERSIDE DR ,1.350000,,,C,3320,AUTO REP,351900.00,1,1
    110,      9,       ,       ,45 RIVERSIDE DR,0.870000,,,5,1050,3 FAMILY,76700.00,1,1
    110,     10,       ,       ,0 RIVERSIDE DR,1.189991,,,C,9010,STATE NH,13100.00,1,1
    110,     11,       ,       ,0 RIVERSIDE DR,3.620000,,,0,9010,STATE NH,100.00,2,1
    110,     11,       ,       ,0 RIVERSIDE DR,3.620000,,,C,9010,STATE NH,33000.00,1,1
    110,     12,       ,       ,65 RIVERSIDE DR ,0.940000,,,C,3250,STORE,215600.00,1,1
    110,     13,       ,       ,71 RIVERSIDE DR,2.039991,,,5,1010,ONE FAM,82100.00,1,1
    110,     14,       ,       ,75 RIVERSIDE DR,4.290000,,,0,1040,2 FAMILY,2200.00,2,1
    110,     14,       ,       ,75 RIVERSIDE DR,4.290000,,,5,1040,2 FAMILY,84700.00,1,1
    110,     17,       ,       ,10 MILL RD,1.769995,,,5,1010,ONE FAM,68600.00,1,1
    110,     18,       ,       ,3 FELLOWS HILL RD,0.669995,,,5,1010,ONE FAM,58600.00,1,1
    110,     19,       ,       ,81 RIVERSIDE DR,0.107897,,,C,3250,STORE,136800.00,1,1
    110,     20,       ,       ,88 RIVERSIDE DR ,1.240000,,,0,3420,MEDICAL OFF,500.00,2,1
    110,     20,       ,       ,88 RIVERSIDE DR ,1.240000,,,C,3420,MEDICAL OFF,274900.00,1,1
    110,     21,       ,       ,90 RIVERSIDE DR ,3.090000,,,0,9060,CHURCH,200.00,2,1
    110,     21,       ,       ,90 RIVERSIDE DR ,3.090000,,,C,9060,CHURCH,593800.00,1,1
    110,     22,       ,       ,0 STONEY BROOK RD,3.930000,,,0,1300,RES LAND,1900.00,2,1
    110,     22,       ,       ,0 STONEY BROOK RD,3.930000,,,5,1300,RES LAND,80400.00,1,1
    111,      1,       ,       ,0 FARR RD ,13.600000,,,0,9090,OPEN SPACE,0.00,1,1
    111,      1,       ,       ,0 FARR RD ,13.600000,,,0,9090,OPEN SPACE,0.00,2,1
    111,      2,       ,       ,18 MILL RD,0.070000,,,C,9030,MUNICPAL,58900.00,1,1
    111,      3,       ,       ,83 RIVERSIDE DR,0.880000,,,5,1010,ONE FAM,89600.00,1,1
    111,      4,       ,       ,23 FELLOWS HILL RD ,5.000000,,,0,1010,ONE FAM,2000.00,2,1
    111,      4,       ,       ,23 FELLOWS HILL RD ,5.000000,,,5,1010,ONE FAM,89400.00,1,1
    111,      5,       ,       ,355 DARTMOUTH COLLEGE HWY,5.100000,,,0,1010,ONE FAM,900.00,2,1
    111,      5,       ,       ,355 DARTMOUTH COLLEGE HWY,5.100000,,,5,1010,ONE FAM,83000.00,1,1
    111,      6,       ,       ,363 DARTMOUTH COLLEGE HWY ,12.100000,,,0,6000,FARM,1785.00,2,1
    111,      6,       ,       ,363 DARTMOUTH COLLEGE HWY ,12.100000,,,0,6220,HDWD,505.00,3,1
    111,      6,       ,       ,363 DARTMOUTH COLLEGE HWY ,12.100000,,,5,1010,ONE FAM,84000.00,1,1
    111,      7,       ,       ,373 DARTMOUTH COLLEGE HWY ,5.000000,,,0,9030,MUNICPAL,2300.00,2,1
    111,      7,       ,       ,373 DARTMOUTH COLLEGE HWY ,5.000000,,,C,9030,MUNICPAL,371200.00,1,1
    111,      8,       ,       ,383 DARTMOUTH COLLEGE HWY,8.470000,,,0,1010,ONE FAM,1800.00,2,1
    111,      8,       ,       ,383 DARTMOUTH COLLEGE HWY,8.470000,,,5,1010,ONE FAM,83000.00,1,1
    111,      9,       ,       ,397 DARTMOUTH COLLEGE HWY ,4.680000,,,0,3880,OTH OUTD,2500.00,2,1
    111,      9,       ,       ,397 DARTMOUTH COLLEGE HWY ,4.680000,,,5,3880,OTH OUTD,75300.00,1,1
    111,     10,       ,       ,396 DARTMOUTH COLLEGE HWY,2.019995,,,5,1010,ONE FAM,76600.00,1,1
    111,     11,       ,       ,0 DARTMOUTH COLLEGE HWY ,1.060009,,,5,430V,TEL XSTA-Vac,135200.00,1,1
    111,     12,       ,       ,384 DARTMOUTH COLLEGE HWY ,13.200000,,,0,6210,PINE,1905.00,2,1
    111,     12,       ,       ,384 DARTMOUTH COLLEGE HWY ,13.200000,,,5,1010,ONE FAM,77500.00,1,1
    111,     13,       ,       ,380 DARTMOUTH COLLEGE HWY,3.670000,,,0,1010,ONE FAM,1100.00,2,1
    111,     13,       ,       ,380 DARTMOUTH COLLEGE HWY,3.670000,,,5,1010,ONE FAM,78800.00,1,1
    111,     14,       ,       ,378 DARTMOUTH COLLEGE HWY,3.860000,,,0,1010,ONE FAM,1500.00,2,1
    111,     14,       ,       ,378 DARTMOUTH COLLEGE HWY,3.860000,,,5,1010,ONE FAM,78800.00,1,1
    111,     15,       ,       ,374 DARTMOUTH COLLEGE HWY ,3.390000,,,0,1010,ONE FAM,700.00,2,1
    111,     15,       ,       ,374 DARTMOUTH COLLEGE HWY ,3.390000,,,5,1010,ONE FAM,63500.00,1,1
    111,     16,       ,       ,92 RIVERSIDE DR ,2.939715,,,,3160,COMMWHSE,0.00,1,2
    111,     16,       ,       ,92 RIVERSIDE DR ,2.939715,,,,3160,COMMWHSE,0.00,1,3
    111,     16,       ,       ,92 RIVERSIDE DR ,2.939715,,,,3160,COMMWHSE,0.00,1,4
    111,     16,       ,       ,92 RIVERSIDE DR ,2.939715,,,,3160,COMMWHSE,0.00,1,5
    111,     16,       ,       ,92 RIVERSIDE DR ,2.939715,,,C,316C,COMMWHSE-Comm,1077600.00,1,1
    112,      1,       ,       ,407 DARTMOUTH COLLEGE HWY,5.000000,,,0,1010,ONE FAM,1600.00,2,1
    112,      1,       ,       ,407 DARTMOUTH COLLEGE HWY,5.000000,,,5,1010,ONE FAM,83000.00,1,1
    112,      1,    100,       ,0 DARTMOUTH COLLEGE HWY ,5.200000,,,0,1300,RES LAND,5000.00,2,1
    112,      1,    100,       ,0 DARTMOUTH COLLEGE HWY ,5.200000,,,5,1300,RES LAND,94100.00,1,1
    112,      2,       ,       ,419 DARTMOUTH COLLEGE HWY,2.360009,,,5,101T,ONE FAM-MH,85600.00,1,1
    112,      3,       ,       ,427 DARTMOUTH COLLEGE HWY,3.370000,,,0,1010,ONE FAM,400.00,2,1
    112,      3,       ,       ,427 DARTMOUTH COLLEGE HWY,3.370000,,,5,1010,ONE FAM,66100.00,1,1
    112,      4,       ,       ,430 DARTMOUTH COLLEGE HWY,9.760000,,,0,6210,PINE,90.00,3,1
    112,      4,       ,       ,430 DARTMOUTH COLLEGE HWY,9.760000,,,0,6220,HDWD,550.00,2,1
    112,      4,       ,       ,430 DARTMOUTH COLLEGE HWY,9.760000,,,5,6220,HDWD,265.00,1,1
    112,      5,       ,       ,5 EASTMAN HILL RD,3.010000,,,0,1010,ONE FAM,0.00,2,1
    112,      5,       ,       ,5 EASTMAN HILL RD,3.010000,,,5,1010,ONE FAM,86600.00,1,1
    112,      6,       ,       ,11 EASTMAN HILL RD,9.630000,,,0,1010,ONE FAM,14200.00,2,1
    112,      6,       ,       ,11 EASTMAN HILL RD,9.630000,200,,5,1010,ONE FAM,80400.00,1,1
    112,      7,       ,       ,23 EASTMAN HILL RD,7.650000,,,0,1010,ONE FAM,7800.00,2,1
    112,      7,       ,       ,23 EASTMAN HILL RD,7.650000,,,5,1010,ONE FAM,63500.00,1,1
    112,      9,       ,       ,44 EASTMAN HILL RD ,14.970000,,,0,1010,ONE FAM,1100.00,2,1
    112,      9,       ,       ,44 EASTMAN HILL RD ,14.970000,,,0,6230,OTHER,450.00,3,1
    112,      9,       ,       ,44 EASTMAN HILL RD ,14.970000,,,5,1010,ONE FAM,108200.00,1,1
    112,     10,       ,       ,32 EASTMAN HILL RD ,6.000000,,,0,1010,ONE FAM,1700.00,2,1
    112,     10,       ,       ,32 EASTMAN HILL RD ,6.000000,,,5,1010,ONE FAM,89400.00,1,1
    112,     12,       ,       ,18 EASTMAN HILL RD ,3.040000,,,0,1010,ONE FAM,100.00,2,1
    112,     12,       ,       ,18 EASTMAN HILL RD ,3.040000,,,5,1010,ONE FAM,86600.00,1,1
    112,     13,       ,       ,12 EASTMAN HILL RD,3.000000,,,5,1010,ONE FAM,86600.00,1,1
    112,     14,       ,       ,424 DARTMOUTH COLLEGE HWY ,3.000000,,,5,1300,RES LAND,78800.00,1,1
    112,     15,       ,       ,418 DARTMOUTH COLLEGE HWY ,1.750000,,,5,1010,ONE FAM,79700.00,1,1
    112,     16,       ,       ,412 DARTMOUTH COLLEGE HWY,0.790000,,,5,1010,ONE FAM,76200.00,1,1
    112,     17,    100,       ,402 DARTMOUTH COLLEGE HWY ,7.070000,,,0,1010,ONE FAM,8200.00,2,1
    112,     17,    100,       ,402 DARTMOUTH COLLEGE HWY ,7.070000,,,5,1010,ONE FAM,67700.00,1,1
    112,     17,    200,       ,406 DARTMOUTH COLLEGE HWY ,14.890000,,,0,6210,PINE,2190.00,2,1
    112,     17,    200,       ,406 DARTMOUTH COLLEGE HWY ,14.890000,,,5,1010,ONE FAM,100000.00,1,1
    112,     17,    300,       ,410 DARTMOUTH COLLEGE HWY,5.790000,,,0,1010,ONE FAM,2800.00,2,1
    112,     17,    300,       ,410 DARTMOUTH COLLEGE HWY,5.790000,,,5,1010,ONE FAM,67700.00,1,1
    114,      1,       ,       ,250 PLAINFIELD RD ,29.800000,,,0,3230,SHOP CTR,0.00,1,2
    114,      1,       ,       ,250 PLAINFIELD RD ,29.800000,,,0,3230,SHOP CTR,260600.00,2,1
    114,      1,       ,       ,250 PLAINFIELD RD ,29.800000,,,C,3230,SHOP CTR,19061000.00,1,1
    114,      1,  70100,       ,250 PLAINFIELD RD,0.000000,,,5,3110,LPGAS STOR,,1,1
    114,      2,       ,       ,0 PLAINFIELD RD,3.390000,,,0,9150,CON COMM,3600.00,2,1
    114,      2,       ,       ,0 PLAINFIELD RD,3.390000,,,C,9150,CON COMM,7300.00,1,1
    114,      3,       ,       ,0 S MAIN ST,20.500000,,,0,9150,CON COMM,14400.00,2,1
    114,      3,       ,       ,0 S MAIN ST,20.500000,,,C,9150,CON COMM,7300.00,1,1
    114,      5,       ,       ,200 S MAIN ST ,22.140000,,,0,3230,SHOP CTR,,1,3
    114,      5,       ,       ,200 S MAIN ST ,22.140000,,,0,3230,SHOP CTR,330200.00,2,1
    114,      5,       ,       ,200 S MAIN ST ,22.140000,,,0,325V,STORE-Vac,,1,2
    114,      5,       ,       ,200 S MAIN ST ,22.140000,,,C,3230,SHOP CTR,9530500.00,1,1
    114,      6,       ,       ,3 AIRPORT RD ,1.460009,,,C,3250,STORE,1070400.00,1,1
    114,      8,       ,       ,5 AIRPORT RD ,7.280005,,,0,3230,SHOP CTR,,1,2
    114,      8,       ,       ,5 AIRPORT RD ,7.280005,,,0,3230,SHOP CTR,,1,3
    114,      8,       ,       ,5 AIRPORT RD ,7.280005,,,0,3230,SHOP CTR,,1,4
    114,      8,       ,       ,5 AIRPORT RD ,7.280005,,,C,323I,SHOP CTR-Ind,3202200.00,1,1
    114,      8,  70100,       ,0 AIRPORT RD,0.000000,,,C,4300,TEL XSTA,,1,1
    114,      8,  70200,       ,0 AIRPORT RD,0.013774,,,C,9010,STATE NH,4600.00,1,1
    114,      9,       ,       ,1 INTERCHANGE DR ,0.900000,,,C,3250,STORE,1417900.00,1,1
    114,     10,       ,       ,9 INTERCHANGE DR ,0.872957,,,C,3250,STORE,351200.00,1,1
    115,      1,       ,       ,206 S MAIN ST ,0.781841,,,C,333V,GAS STA-Vac,1361900.00,1,1
    115,      3,       ,       ,196 S MAIN ST ,0.569991,,,C,3250,STORE,1230600.00,1,1
    115,      4,       ,       ,192 S MAIN ST,0.800000,,,C,3320,AUTO REP,1369800.00,1,1
    115,      5,       ,       ,184 S MAIN ST,1.670000,,,0,3250,STORE,41500.00,2,1
    115,      5,       ,       ,184 S MAIN ST,1.670000,,,C,3250,STORE,733100.00,1,1
    115,      7,       ,       ,41 GLEN RD ,0.770000,,,C,3400,OFFICE,135700.00,1,1
    115,      8,       ,       ,51 GLEN RD ,0.451331,,,C,3320,AUTO REP,289100.00,1,1
    115,      9,       ,       ,53 GLEN RD,0.652893,,,5,1010,ONE FAM,84700.00,1,1
    115,     11,       ,       ,8 GLEN RD ,7.890000,,,0,3230,SHOP CTR,,1,2
    115,     11,       ,       ,8 GLEN RD ,7.890000,,,0,3230,SHOP CTR,,1,3
    115,     11,       ,       ,8 GLEN RD ,7.890000,,,0,3230,SHOP CTR,,1,4
    115,     11,       ,       ,8 GLEN RD ,7.890000,,,0,3230,SHOP CTR,,1,5
    115,     11,       ,       ,8 GLEN RD ,7.890000,,,0,3230,SHOP CTR,92700.00,2,1
    115,     11,       ,       ,8 GLEN RD ,7.890000,,,C,3230,SHOP CTR,4178800.00,1,1
    115,     12,       ,       ,0 BENNING ST,1.270000,,,C,9030,MUNICPAL,93100.00,1,1
    115,     12,    100,       ,189 S MAIN ST,0.256313,,,C,9010,STATE NH,24900.00,1,1
    115,     13,       ,       ,82 BENNING ST ,10.190000,,,0,4000,FACTORY,293500.00,2,1
    115,     13,       ,       ,82 BENNING ST ,10.190000,,,C,4000,FACTORY,1967200.00,1,1
    115,     14,       ,       ,66 BENNING ST ,5.210000,,,0,3400,OFFICE,15000.00,2,1
    115,     14,       ,       ,66 BENNING ST ,5.210000,,,C,3400,OFFICE,2199300.00,1,1
    115,     16,       ,       ,191 S MAIN ST ,0.521396,,,C,3260,REST/BAR,1200300.00,1,1
    115,     17,       ,       ,197 S MAIN ST,0.560009,,,C,3260,REST/BAR,1224300.00,1,1
    115,     18,       ,       ,201 S MAIN ST ,1.020000,,,0,3330,GAS STA,7400.00,2,1
    115,     18,       ,       ,201 S MAIN ST ,1.020000,,,C,3330,GAS STA,1466200.00,1,1
    115,     19,       ,       ,10 BENNING ST ,7.389991,,,C,3230,SHOP CTR,5417700.00,1,1
    115,     20,       ,       ,25 AIRPORT RD ,11.190000,,,0,3010,MOTEL,15700.00,2,1
    115,     20,       ,       ,25 AIRPORT RD ,11.190000,,,C,3010,MOTEL,1131700.00,1,1
    115,     21,       ,       ,43 AIRPORT RD ,5.160000,,,0,3400,OFFICE,10100.00,2,1
    115,     21,       ,       ,43 AIRPORT RD ,5.160000,,,C,3400,OFFICE,256600.00,1,1
    115,     22,       ,       ,45 AIRPORT RD ,6.860000,,,0,3010,MOTEL,28600.00,2,1
    115,     22,       ,       ,45 AIRPORT RD ,6.860000,,,C,3010,MOTEL,366600.00,1,1
    115,     23,       ,       ,0 AIRPORT RD ,8.370000,,,0,3160,COMMWHSE,7700.00,2,1
    115,     23,       ,       ,0 AIRPORT RD ,8.370000,,,C,3160,COMMWHSE,106800.00,1,1
    116,      1,       ,       ,103 GLEN RD ,2.000000,,,C,402C,IND OFC-Comm,488700.00,1,1
    116,      2,       ,       ,73 ELM STWEST ,35.000000,,,0,4100,SANDGRVL,,1,3
    116,      2,       ,       ,73 ELM STWEST ,35.000000,,,0,4100,SANDGRVL,,1,4
    116,      2,       ,       ,73 ELM STWEST ,35.000000,,,0,4100,SANDGRVL,48800.00,2,1
    116,      2,       ,       ,73 ELM STWEST ,35.000000,,,0,410I,SANDGRVL-Ind,,1,2
    116,      2,       ,       ,73 ELM STWEST ,35.000000,,,C,4100,SANDGRVL,2443700.00,1,1
    116,      2,  70100,       ,0 ELM STWEST ,0.000000,,,0,442C,UNDEV-Comm,0.00,1,2
    116,      2,  70100,       ,0 ELM STWEST ,0.000000,,,C,442C,UNDEV-Comm,,1,1
    116,      2,  70300,       ,0 ELM STWEST,0.000000,,,C,442C,UNDEV-Comm,,1,1
    116,      3,       ,       ,82 SEMINARY HILL,25.950000,,,0,410V,SANDGRVL-Vac,14600.00,3,1
    116,      3,       ,       ,82 SEMINARY HILL,25.950000,,,0,410V,SANDGRVL-Vac,147600.00,2,1
    116,      3,       ,       ,82 SEMINARY HILL,25.950000,,,5,410V,SANDGRVL-Vac,99800.00,1,1
    116,      3,    100,       ,14 HATHORN AVE ,1.450000,,,0,1010,ONE FAM,1300.00,2,1
    116,      3,    100,       ,14 HATHORN AVE ,1.450000,,,5,1010,ONE FAM,114700.00,1,1
    116,      4,       ,       ,0 GLEN RD,0.570000,,,5,4500,STATE ED TAX,5200.00,1,1
    116,      5,       ,       ,0 GLEN RD,3.269995,,,C,9030,MUNICPAL,45900.00,1,1
    116,      6,       ,       ,100 GLEN RD ,7.900000,,,0,9030,MUNICPAL,19800.00,2,1
    116,      6,       ,       ,100 GLEN RD ,7.900000,,,C,9030,MUNICPAL,140500.00,1,1
    117,      1,       ,       ,36 POVERTY LN,7.663000,,,0,903C,MUNICPAL-Comm,92000.00,2,1
    117,      1,       ,       ,36 POVERTY LN,7.663000,,,0,903C,MUNICPAL-Comm,107200.00,3,1
    117,      1,       ,       ,36 POVERTY LN,7.663000,,,C,903C,MUNICPAL-Comm,562100.00,1,1
    117,      1,    100,       ,36 POVERTY LN ,0.000000,,,C,9030,MUNICPAL,,1,1
    117,      2,       ,       ,20 POVERTY LN ,0.570000,,,5,1010,ONE FAM,46500.00,1,1
    117,      3,       ,       ,12 POVERTY LN ,1.350000,,,0,1010,ONE FAM,29000.00,2,1
    117,      3,       ,       ,12 POVERTY LN ,1.350000,,,5,1010,ONE FAM,51600.00,1,1
    117,      4,       ,       ,0 POVERTY LN,2.080005,,,C,9030,MUNICPAL,292300.00,1,1
    117,      6,       ,       ,17 POVERTY LN,10.200000,,,0,4500,STATE ED TAX,18300.00,2,1
    117,      6,       ,       ,17 POVERTY LN,10.200000,,,5,4500,STATE ED TAX,229400.00,1,1
    117,      7,       ,       ,25 POVERTY LN,5.440000,,,0,1010,ONE FAM,12800.00,2,1
    117,      7,       ,       ,25 POVERTY LN,5.440000,,,5,1010,ONE FAM,114700.00,1,1
    117,      8,       ,       ,33 POVERTY LN,3.910000,,,0,1010,ONE FAM,8400.00,2,1
    117,      8,       ,       ,33 POVERTY LN,3.910000,,,5,1010,ONE FAM,114700.00,1,1
    117,      9,       ,       ,37 POVERTY LN ,3.630000,,,0,1012,ONE FAM W ACC,7600.00,2,1
    117,      9,       ,       ,37 POVERTY LN ,3.630000,,,5,1012,ONE FAM W ACC,91800.00,1,1
    117,     10,       ,       ,53 POVERTY LN ,41.120000,,,0,6221,HDWD REC,130.00,2,1
    117,     10,       ,       ,53 POVERTY LN ,41.120000,,,0,6221,HDWD REC,2440.00,3,1
    117,     10,       ,       ,53 POVERTY LN ,41.120000,,,5,1300,RES LAND,114700.00,1,1
    117,     10,    100,       ,47 POVERTY LN,1.550000,,,0,1010,ONE FAM,1600.00,2,1
    117,     10,    100,       ,47 POVERTY LN,1.550000,,,5,1010,ONE FAM,114700.00,1,1
    117,     11,       ,       ,0 OLD PINE TREE CEMETERY RD,2.130005,,,C,9200,CEMETERY,299300.00,1,1
    117,     12,       ,       ,370 OLD PINE TREE CEMETERY RD,1.439991,,,5,1310,POTNLDEV,63600.00,1,1
    117,     13,       ,       ,69 OLD PINE TREE CEMETERY RD ,2.700000,,,5,1010,ONE FAM,87200.00,1,1
    117,     14,       ,       ,40 OLD PINE TREE CEMETERY RD,1.180005,,,5,1010,ONE FAM,78700.00,1,1
    117,     15,       ,       ,0 MIRACLE MILE,3.810000,,,0,9030,MUNICPAL,1000.00,2,1
    117,     15,       ,       ,0 MIRACLE MILE,3.810000,,,C,9030,MUNICPAL,73300.00,1,1
    117,     16,       ,       ,151 SEMINARY HILL ,6.290000,,,0,1010,ONE FAM,13700.00,2,1
    117,     16,       ,       ,151 SEMINARY HILL ,6.290000,,,5,1010,ONE FAM,98100.00,1,1
    117,     17,       ,       ,30 OLD PINE TREE CEMETERY RD,0.900000,,,5,4500,STATE ED TAX,84600.00,1,1
    118,      1,       ,       ,96 BUCKINGHAM PL,0.540000,,,5,1010,ONE FAM,105300.00,1,1
    118,      2,       ,       ,90 BUCKINGHAM PL ,0.580000,,,5,1010,ONE FAM,107500.00,1,1
    118,      3,       ,       ,86 BUCKINGHAM PL,0.630000,,,5,1010,ONE FAM,110600.00,1,1
    118,      4,       ,       ,82 BUCKINGHAM PL ,0.670000,,,5,1010,ONE FAM,113100.00,1,1
    118,      5,       ,       ,78 BUCKINGHAM PL,0.710000,,,5,1010,ONE FAM,115000.00,1,1
    118,      6,       ,       ,72 BUCKINGHAM PL ,0.770000,,,5,1010,ONE FAM,117100.00,1,1
    118,      7,       ,       ,68 BUCKINGHAM PL ,0.910000,,,5,1010,ONE FAM,125500.00,1,1
    118,      8,       ,       ,64 BUCKINGHAM PL,0.880000,,,5,1010,ONE FAM,125400.00,1,1
    118,      9,       ,       ,65 BUCKINGHAM PL,0.290000,,,5,1010,ONE FAM,105600.00,1,1
    118,     10,       ,       ,71 BUCKINGHAM PL ,0.240000,,,5,1010,ONE FAM,100200.00,1,1
    118,     11,       ,       ,7 TUCK RD,0.280000,,,5,1010,ONE FAM,104600.00,1,1
    118,     12,       ,       ,12 TUCK RD,0.400000,,,5,1010,ONE FAM,115000.00,1,1
    118,     13,       ,       ,8 TUCK RD,0.400000,,,5,1010,ONE FAM,115000.00,1,1
    118,     14,       ,       ,79 BUCKINGHAM PL,0.500000,,,5,1010,ONE FAM,121300.00,1,1
    118,     15,       ,       ,85 BUCKINGHAM PL,0.520000,,,5,1010,ONE FAM,122600.00,1,1
    118,     16,       ,       ,58 NOTTINGHAM CIR,0.440000,,,5,1010,ONE FAM,117500.00,1,1
    118,     17,       ,       ,54 NOTTINGHAM CIR ,0.420000,,,5,1010,ONE FAM,116300.00,1,1
    118,     18,       ,       ,43 NOTTINGHAM CIR ,0.680000,,,5,1010,ONE FAM,127100.00,1,1
    118,     19,       ,       ,53 NOTTINGHAM CIR,0.560000,,,5,1010,ONE FAM,125100.00,1,1
    118,     20,       ,       ,57 NOTTINGHAM CIR,0.530000,,,5,1010,ONE FAM,117100.00,1,1
    118,     21,       ,       ,63 NOTTINGHAM CIR,0.560000,,,5,1010,ONE FAM,125100.00,1,1
    118,     22,       ,       ,93 BUCKINGHAM PL,0.610000,,,5,1010,ONE FAM,128600.00,1,1
    118,     23,       ,       ,101 BUCKINGHAM PL,0.630000,,,5,1010,ONE FAM,130100.00,1,1
    118,     24,       ,       ,11 WELLINGTON CIR,0.480000,,,5,1010,ONE FAM,120100.00,1,1
    118,     25,       ,       ,15 WELLINGTON CIR,0.480000,,,5,1010,ONE FAM,120100.00,1,1
    118,     26,       ,       ,21 WELLINGTON CIR,0.480000,,,5,1010,ONE FAM,120100.00,1,1
    118,     27,       ,       ,25 WELLINGTON CIR,0.440000,,,5,1010,ONE FAM,117500.00,1,1
    118,     28,       ,       ,31 WELLINGTON CIR,0.490000,,,5,1010,ONE FAM,114700.00,1,1
    118,     29,       ,       ,32 WELLINGTON CIR ,0.400000,,,5,1010,ONE FAM,115000.00,1,1
    118,     30,       ,       ,28 WELLINGTON CIR,0.460000,,,5,1010,ONE FAM,118800.00,1,1
    118,     31,       ,       ,22 WELLINGTON CIR,0.420000,,,5,1010,ONE FAM,116300.00,1,1
    118,     32,       ,       ,18 WELLINGTON CIR,0.430000,,,5,1010,ONE FAM,116900.00,1,1
    118,     33,       ,       ,12 WELLINGTON CIR,0.440000,,,5,1010,ONE FAM,99900.00,1,1
    118,     34,       ,       ,8 WELLINGTON CIR,0.940000,,,5,1010,ONE FAM,156900.00,1,1
    118,     36,       ,       ,118 WELLINGTON CIR,0.520000,,,5,1010,ONE FAM,122600.00,1,1
    118,     37,       ,       ,112 WELLINGTON CIR,0.500000,,,5,1300,RES LAND,103100.00,1,1
    118,     38,       ,       ,106 WELLINGTON CIR ,0.420000,,,5,1010,ONE FAM,116300.00,1,1
    118,     39,       ,       ,100 WELLINGTON CIR,0.540000,,,5,1010,ONE FAM,123900.00,1,1
    118,     40,       ,       ,94 WELLINGTON CIR,0.540000,,,5,1010,ONE FAM,123900.00,1,1
    118,     41,       ,       ,86 WELLINGTON CIR,0.590000,,,5,1010,ONE FAM,127200.00,1,1
    118,     42,       ,       ,83 WELLINGTON CIR,0.620000,,,5,1010,ONE FAM,129400.00,1,1
    118,     43,       ,       ,87 WELLINGTON CIR ,0.590000,,,5,1010,ONE FAM,127200.00,1,1
    118,     44,       ,       ,93 WELLINGTON CIR,0.600000,,,5,1010,ONE FAM,127900.00,1,1
    118,     45,       ,       ,97 WELLINGTON CIR,0.540000,,,5,1010,ONE FAM,123900.00,1,1
    118,     46,       ,       ,103 WELLINGTON CIR ,0.540000,,,5,1010,ONE FAM,123900.00,1,1
    118,     47,       ,       ,109 WELLINGTON CIR ,0.540000,,,5,1010,ONE FAM,123900.00,1,1
    118,     48,       ,       ,115 WELLINGTON CIR ,0.540000,,,5,1010,ONE FAM,123900.00,1,1
    118,     49,       ,       ,121 WELLINGTON CIR,0.560000,,,5,1010,ONE FAM,125100.00,1,1
    118,     50,       ,       ,122 BUCKINGHAM PL,2.620000,,,0,1010,ONE FAM,1400.00,2,1
    118,     50,       ,       ,122 BUCKINGHAM PL,2.620000,,,5,1010,ONE FAM,125700.00,1,1
    119,      1,    100,       ,49 WELLINGTON CIR,5.670000,,,0,1010,ONE FAM,13100.00,2,1
    119,      1,    100,       ,49 WELLINGTON CIR,5.670000,,,5,1010,ONE FAM,132700.00,1,1
    119,      1,    200,       ,60 SLAYTON HILL RD ,5.000000,,,0,1010,ONE FAM,5800.00,2,1
    119,      1,    200,       ,60 SLAYTON HILL RD ,5.000000,,,0,6200,WET,45.00,3,1
    119,      1,    200,       ,60 SLAYTON HILL RD ,5.000000,,,5,1010,ONE FAM,114700.00,1,1
    119,      1,    300,       ,0 SLAYTON HILL RD ,15.100000,,,0,6200,WET,15.00,3,1
    119,      1,    300,       ,0 SLAYTON HILL RD ,15.100000,,,0,6230,OTHER,555.00,2,1
    119,      1,    300,       ,0 SLAYTON HILL RD ,15.100000,,,5,6230,OTHER,40.00,1,1
    119,      2,       ,       ,55 BUCKINGHAM PL,0.480000,,,5,1010,ONE FAM,120100.00,1,1
    119,      3,       ,       ,7 NOTTINGHAM CIR,0.570000,,,5,1010,ONE FAM,125800.00,1,1
    119,      4,       ,       ,13 NOTTINGHAM CIR ,0.820000,,,5,1010,ONE FAM,139200.00,1,1
    119,      5,       ,       ,17 NOTTINGHAM CIR,0.630000,,,5,1010,ONE FAM,130100.00,1,1
    119,      6,       ,       ,23 NOTTINGHAM CIR,0.455257,,,5,1010,ONE FAM,118500.00,1,1
    119,      8,       ,       ,29 NOTTINGHAM CIR ,0.400000,,,5,1010,ONE FAM,115000.00,1,1
    119,      9,       ,       ,33 NOTTINGHAM CIR,0.530000,,,5,1010,ONE FAM,123200.00,1,1
    119,     10,       ,       ,37 NOTTINGHAM CIR,1.000000,,,5,1010,ONE FAM,139700.00,1,1
    119,     11,       ,       ,41 NOTTINGHAM CIR,0.760000,,,5,1010,ONE FAM,137400.00,1,1
    119,     12,       ,       ,37 WELLINGTON CIR,0.490000,,,5,1010,ONE FAM,120700.00,1,1
    119,     13,       ,       ,43 WELLINGTON CIR,0.440000,,,5,1010,ONE FAM,117500.00,1,1
    119,     14,       ,       ,47 WELLINGTON CIR ,0.560000,,,5,1010,ONE FAM,125100.00,1,1
    119,     15,       ,       ,51 WELLINGTON CIR ,1.150000,,,0,1010,ONE FAM,500.00,2,1
    119,     15,       ,       ,51 WELLINGTON CIR ,1.150000,,,5,1010,ONE FAM,132700.00,1,1
    119,     16,       ,       ,55 WELLINGTON CIR ,0.530000,,,5,1010,ONE FAM,123200.00,1,1
    119,     17,       ,       ,50 WELLINGTON CIR,0.400000,,,5,1010,ONE FAM,115000.00,1,1
    119,     18,       ,       ,44 WELLINGTON CIR,0.400000,,,5,1010,ONE FAM,115000.00,1,1
    119,     19,       ,       ,38 WELLINGTON CIR ,0.400000,,,5,1010,ONE FAM,115000.00,1,1
    119,     20,       ,       ,48 NOTTINGHAM CIR,0.430000,,,5,1010,ONE FAM,116900.00,1,1
    119,     21,       ,       ,38 NOTTINGHAM CIR,0.360000,,,5,1010,ONE FAM,112500.00,1,1
    119,     22,       ,       ,32 NOTTINGHAM CIR,0.420000,,,5,1010,ONE FAM,116300.00,1,1
    119,     23,       ,       ,18 TUCK RD,0.400000,,,5,1010,ONE FAM,115000.00,1,1
    119,     24,       ,       ,11 TUCK RD ,0.290000,,,5,1010,ONE FAM,105600.00,1,1
    119,     25,       ,       ,15 TUCK RD,0.270000,,,5,1010,ONE FAM,103500.00,1,1
    119,     26,       ,       ,24 NOTTINGHAM CIR ,0.380000,,,5,1010,ONE FAM,102400.00,1,1
    119,     27,       ,       ,16 NOTTINGHAM CIR,0.330000,,,5,1010,ONE FAM,110000.00,1,1
    119,     28,       ,       ,8 NOTTINGHAM CIR,0.300000,,,5,1010,ONE FAM,106700.00,1,1
    119,     29,       ,       ,4 NOTTINGHAM CIR,0.300000,,,5,1010,ONE FAM,106700.00,1,1
    119,     35,       ,       ,37 SLAYTON HILL RD,2.540000,,,0,1010,ONE FAM,4400.00,2,1
    119,     35,       ,       ,37 SLAYTON HILL RD,2.540000,,,5,1010,ONE FAM,114700.00,1,1
    119,     36,       ,       ,41 SLAYTON HILL RD,0.780000,,,5,1010,ONE FAM,113500.00,1,1
    119,     37,       ,       ,45 SLAYTON HILL RD,0.340000,,,5,1010,ONE FAM,91200.00,1,1
    119,     38,       ,       ,47 SLAYTON HILL RD,0.550000,,,5,1010,ONE FAM,102300.00,1,1
    119,     39,       ,       ,49 SLAYTON HILL RD ,0.430000,,,5,1010,ONE FAM,96000.00,1,1
    119,     40,       ,       ,51 SLAYTON HILL RD,0.430000,,,5,1010,ONE FAM,96000.00,1,1
    119,     41,       ,       ,53 SLAYTON HILL RD,0.480000,,,5,1010,ONE FAM,98600.00,1,1
    119,     42,       ,       ,57 SLAYTON HILL RD,1.000000,,,5,1010,ONE FAM,114700.00,1,1
    119,     43,       ,       ,0 SLAYTON HILL RD ,17.700000,,,0,6231,OTHER REC,645.00,2,1
    119,     43,       ,       ,0 SLAYTON HILL RD ,17.700000,,,5,6231,OTHER REC,130.00,1,1
    119,     44,       ,       ,61 SLAYTON HILL RD ,1.060009,,,5,1010,ONE FAM,115200.00,1,1
    119,     45,       ,       ,67 SLAYTON HILL RD ,1.840000,,,0,1010,ONE FAM,2400.00,2,1
    119,     45,       ,       ,67 SLAYTON HILL RD ,1.840000,,,5,1010,ONE FAM,114700.00,1,1
    119,     46,       ,       ,77 SLAYTON HILL RD ,3.050000,,,0,1010,ONE FAM,100.00,2,1
    119,     46,       ,       ,77 SLAYTON HILL RD ,3.050000,,,5,1010,ONE FAM,115400.00,1,1
    119,     47,       ,       ,78 WELLINGTON CIR,0.540000,,,5,1010,ONE FAM,100300.00,1,1
    119,     48,       ,       ,72 WELLINGTON CIR,0.560000,,,5,1010,ONE FAM,125100.00,1,1
    119,     49,       ,       ,60 WELLINGTON CIR,0.530000,,,5,1010,ONE FAM,123200.00,1,1
    119,     50,       ,       ,59 WELLINGTON CIR,8.040000,,,0,1010,ONE FAM,24600.00,2,1
    119,     50,       ,       ,59 WELLINGTON CIR,8.040000,,,5,1010,ONE FAM,139700.00,1,1
    119,     51,       ,       ,61 WELLINGTON CIR,0.870000,,,5,1010,ONE FAM,132400.00,1,1
    119,     52,       ,       ,63 WELLINGTON CIR ,0.890000,,,5,1010,ONE FAM,139400.00,1,1
    119,     53,       ,       ,69 WELLINGTON CIR,0.970000,,,5,1010,ONE FAM,118600.00,1,1
    119,     54,       ,       ,77 WELLINGTON CIR ,0.540000,,,5,1010,ONE FAM,123900.00,1,1
    119,     55,       ,       ,0 NOTTINGHAM CIR,0.177686,,,5,1320,UNDEV,4800.00,1,1
    120,      2,       ,       ,60 SPRING ST ,20.410000,,,0,903C,MUNICPAL-Comm,34500.00,2,1
    120,      2,       ,       ,60 SPRING ST ,20.410000,,,C,903C,MUNICPAL-Comm,366600.00,1,1
    120,      3,       ,       ,0 SLAYTON HILL RD ,107.590000,,,0,9730,M-OTHER,2815.00,2,1
    120,      3,       ,       ,0 SLAYTON HILL RD ,107.590000,,,C,9730,M-OTHER,25.00,1,1
    120,      4,       ,       ,75 SLAYTON HILL RD ,20.650000,,,0,1010,ONE FAM,8500.00,2,1
    120,      4,       ,       ,75 SLAYTON HILL RD ,20.650000,,,0,6231,OTHER REC,645.00,3,1
    120,      4,       ,       ,75 SLAYTON HILL RD ,20.650000,,,5,1010,ONE FAM,162300.00,1,1
    120,      5,       ,       ,0 SPRING ST,22.700000,,,0,9200,CEMETERY,48800.00,2,1
    120,      5,       ,       ,0 SPRING ST,22.700000,,,C,9200,CEMETERY,219900.00,1,1
    120,      6,       ,       ,0 DULAC ST,3.590000,,,0,9200,CEMETERY,5200.00,2,1
    120,      6,       ,       ,0 DULAC ST,3.590000,,,C,9200,CEMETERY,244400.00,1,1
    120,      7,       ,       ,0 TICKNOR RD ,76.200000,,,0,9780,OTHER,135.00,1,1
    120,      7,       ,       ,0 TICKNOR RD ,76.200000,,,0,9780,OTHER,3340.00,2,1
    121,      1,       ,       ,178 MERIDEN RD ,2.380000,,,0,1050,3 FAMILY,,1,2
    121,      1,       ,       ,178 MERIDEN RD ,2.380000,,,0,1050,3 FAMILY,3500.00,2,1
    121,      1,       ,       ,178 MERIDEN RD ,2.380000,,,5,1050,3 FAMILY,94800.00,1,1
    121,      1,    100,       ,0 MERIDEN RD,108.070000,,,C,9030,MUNICPAL,600600.00,1,1
    121,      2,       ,       ,174 MERIDEN RD,0.560000,,,5,1010,ONE FAM,84900.00,1,1
    121,      3,       ,       ,0 MERIDEN RD ,3.270000,,,0,1300,RES LAND,5100.00,2,1
    121,      3,       ,       ,0 MERIDEN RD ,3.270000,200,,5,1300,RES LAND,94800.00,1,1
    121,      4,       ,       ,160 MERIDEN RD ,0.969697,,,5,1010,ONE FAM,85200.00,1,1
    121,      5,       ,       ,0 SCHOOL ST ,0.568000,,,5,1320,UNDEV,32000.00,1,1
    121,      6,       ,       ,163 MERIDEN RD ,0.393572,,,5,1010,ONE FAM,70000.00,1,1
    121,      8,       ,       ,165 MERIDEN RD,0.350000,,,5,1010,ONE FAM,68300.00,1,1
    121,      8,    100,       ,167 MERIDEN RD,0.360000,,,5,1010,ONE FAM,72500.00,1,1
    121,      9,       ,       ,169 MERIDEN RD,2.070000,,,0,1010,ONE FAM,2000.00,2,1
    121,      9,       ,       ,169 MERIDEN RD,2.070000,,,5,1010,ONE FAM,85300.00,1,1
    121,     10,       ,       ,171 MERIDEN RD,1.820000,,,0,1010,ONE FAM,2100.00,2,1
    121,     10,       ,       ,171 MERIDEN RD,1.820000,,,5,1010,ONE FAM,94800.00,1,1
    121,     11,       ,       ,173 MERIDEN RD,0.490000,,,5,1010,ONE FAM,81900.00,1,1
    122,      1,       ,       ,208 MERIDEN RD,0.520000,,,5,1010,ONE FAM,83200.00,1,1
    122,      2,       ,       ,204 MERIDEN RD,0.350000,,,5,1010,ONE FAM,75900.00,1,1
    122,      3,       ,       ,0 MERIDEN RD ,3.100009,,,0,6001,FARM REC,370.00,2,1
    122,      3,       ,       ,0 MERIDEN RD ,3.100009,,,0,6201,WET REC,30.00,4,1
    122,      3,       ,       ,0 MERIDEN RD ,3.100009,,,0,6231,OTHER REC,5.00,3,1
    122,      3,       ,       ,0 MERIDEN RD ,3.100009,,,5,1300,RES LAND,57800.00,1,1
    122,      4,       ,       ,190 MERIDEN RD ,1.220000,,,0,1320,UNDEV,200.00,2,1
    122,      4,       ,       ,190 MERIDEN RD ,1.220000,,,5,1320,UNDEV,5000.00,1,1
    122,      5,       ,       ,184 MERIDEN RD,1.100000,,,0,1010,ONE FAM,300.00,2,1
    122,      5,       ,       ,184 MERIDEN RD,1.100000,,,5,1010,ONE FAM,94800.00,1,1
    122,      6,       ,       ,175 MERIDEN RD,0.500000,,,5,1010,ONE FAM,82300.00,1,1
    122,      7,       ,       ,179 MERIDEN RD,0.550000,,,5,1010,ONE FAM,84500.00,1,1
    122,      8,       ,       ,177 MERIDEN RD,1.230000,,,0,1010,ONE FAM,600.00,2,1
    122,      8,       ,       ,177 MERIDEN RD,1.230000,,,5,1010,ONE FAM,94800.00,1,1
    122,      9,       ,       ,181 MERIDEN RD,0.570000,,,5,1010,ONE FAM,81100.00,1,1
    122,     10,       ,       ,183 MERIDEN RD,0.950000,,,5,1010,ONE FAM,94700.00,1,1
    122,     11,       ,       ,193 MERIDEN RD ,19.170000,,,0,6001,FARM REC,390.00,2,1
    122,     11,       ,       ,193 MERIDEN RD ,19.170000,,,0,6231,OTHER REC,665.00,3,1
    122,     11,       ,       ,193 MERIDEN RD ,19.170000,,,5,1010,ONE FAM,94800.00,1,1
    122,     12,       ,       ,197 MERIDEN RD,0.734619,,,5,1010,ONE FAM,92500.00,1,1
    122,     13,       ,       ,199 MERIDEN RD ,0.900000,,,5,1010,ONE FAM,94600.00,1,1
    122,     14,       ,       ,203 MERIDEN RD,0.560000,,,5,1010,ONE FAM,84900.00,1,1
    122,     15,       ,       ,209 MERIDEN RD,0.580000,,,5,1010,ONE FAM,85800.00,1,1
    122,     16,       ,       ,207 MERIDEN RD ,1.660000,,,0,1010,ONE FAM,1700.00,2,1
    122,     16,       ,       ,207 MERIDEN RD ,1.660000,,,5,1010,ONE FAM,94800.00,1,1
    122,     17,       ,       ,6 RITA ST,0.460000,,,5,1010,ONE FAM,84900.00,1,1
    122,     18,       ,       ,8 RITA ST,0.770000,,,5,1010,ONE FAM,98400.00,1,1
    122,     19,       ,       ,2 WOODLAND DR ,13.200000,,,0,1010,ONE FAM,900.00,2,1
    122,     19,       ,       ,2 WOODLAND DR ,13.200000,,,0,6220,HDWD,940.00,3,1
    122,     19,       ,       ,2 WOODLAND DR ,13.200000,,,5,1010,ONE FAM,94800.00,1,1
    122,     19,    100,       ,10 RITA ST,4.390000,,,0,1010,ONE FAM,3300.00,3,1
    122,     19,    100,       ,10 RITA ST,4.390000,,,0,1010,ONE FAM,5000.00,2,1
    122,     19,    100,       ,10 RITA ST,4.390000,,,5,1010,ONE FAM,94800.00,1,1
    122,     19,    200,       ,11 GARNET ST,3.170000,,,0,1010,ONE FAM,5400.00,2,1
    122,     19,    200,       ,11 GARNET ST,3.170000,,,5,1010,ONE FAM,94800.00,1,1
    122,     21,       ,       ,3 GARNET ST,0.600000,,,5,1010,ONE FAM,91400.00,1,1
    122,     22,       ,       ,7 GARNET ST,1.240000,,,0,1010,ONE FAM,600.00,2,1
    122,     22,       ,       ,7 GARNET ST,1.240000,,,5,1010,ONE FAM,99800.00,1,1
    122,     23,       ,       ,9 GARNET ST,0.620000,,,5,1010,ONE FAM,92400.00,1,1
    122,     24,       ,       ,18 GARNET ST,0.530000,,,5,1010,ONE FAM,88000.00,1,1
    122,     25,       ,       ,8 GARNET ST,0.660000,,,5,1010,ONE FAM,94500.00,1,1
    122,     26,       ,       ,6 GARNET ST,0.580000,,,5,1010,ONE FAM,90300.00,1,1
    122,     27,       ,       ,4 GARNET ST ,0.500000,,,5,1010,ONE FAM,86700.00,1,1
    122,     28,       ,       ,9 GRANDVIEW AVE ,0.520000,,,5,1012,ONE FAM W ACC,87600.00,1,1
    122,     29,       ,       ,13 GRANDVIEW AVE,0.690000,,,5,1010,ONE FAM,96000.00,1,1
    122,     30,       ,       ,17 GRANDVIEW AVE,0.730000,,,5,1010,ONE FAM,97200.00,1,1
    122,     31,       ,       ,23 GRANDVIEW AVE,0.600000,,,5,1010,ONE FAM,91400.00,1,1
    122,     31,    100,       ,18 GRANDVIEW AVE,1.650000,,,0,1010,ONE FAM,1200.00,2,1
    122,     31,    100,       ,18 GRANDVIEW AVE,1.650000,,,5,1010,ONE FAM,99800.00,1,1
    122,     34,       ,       ,16 GRANDVIEW AVE,0.480000,,,5,1010,ONE FAM,81500.00,1,1
    122,     35,       ,       ,15 HILLCREST DR ,0.760000,,,0,1012,ONE FAM W ACC,0.00,1,2
    122,     35,       ,       ,15 HILLCREST DR ,0.760000,,,5,1012,ONE FAM W ACC,98100.00,1,1
    122,     36,       ,       ,11 HILLCREST DR,0.710000,,,5,1010,ONE FAM,96600.00,1,1
    122,     37,       ,       ,7 HILLCREST DR,0.650000,,,5,1010,ONE FAM,94000.00,1,1
    123,      2,       ,       ,18 LEDGE LN,1.150000,,,0,1010,ONE FAM,400.00,2,1
    123,      2,       ,       ,18 LEDGE LN,1.150000,,,5,1010,ONE FAM,99800.00,1,1
    123,      3,       ,       ,31 HILLCREST DR,1.600000,,,0,1010,ONE FAM,1500.00,2,1
    123,      3,       ,       ,31 HILLCREST DR,1.600000,,,5,1010,ONE FAM,124700.00,1,1
    123,      4,       ,       ,27 HILLCREST DR,1.100000,,,0,1010,ONE FAM,300.00,2,1
    123,      4,       ,       ,27 HILLCREST DR,1.100000,,,5,1010,ONE FAM,99800.00,1,1
    123,      5,       ,       ,23 HILLCREST DR,0.830000,,,5,1010,ONE FAM,99400.00,1,1
    123,      6,       ,       ,19 HILLCREST DR,0.810000,,,5,1010,ONE FAM,99400.00,1,1
    123,      7,       ,       ,18 SKYLARK RD,0.690000,,,5,1010,ONE FAM,96000.00,1,1
    123,      8,       ,       ,16 SKYLARK RD,0.660000,,,5,1010,ONE FAM,118100.00,1,1
    123,      9,       ,       ,8 SKYLARK RD,0.650000,,,5,1010,ONE FAM,94000.00,1,1
    123,     10,       ,       ,0 SKYLARK RD ,0.930000,,,5,1310,POTNLDEV,44500.00,1,1
    123,     11,       ,       ,9 SKYLARK RD,1.020000,,,0,1010,ONE FAM,100.00,2,1
    123,     11,       ,       ,9 SKYLARK RD,1.020000,,,5,1010,ONE FAM,99800.00,1,1
    123,     12,       ,       ,11 SKYLARK RD,0.990000,,,5,1010,ONE FAM,99700.00,1,1
    123,     13,       ,       ,13 SKYLARK RD,1.380000,,,0,1010,ONE FAM,1000.00,2,1
    123,     13,       ,       ,13 SKYLARK RD,1.380000,,,5,1010,ONE FAM,99800.00,1,1
    123,     14,       ,       ,17 SKYLARK RD,1.000000,,,5,1010,ONE FAM,99800.00,1,1
    123,     15,       ,       ,26 LEDGE LN ,36.390000,,,0,1010,ONE FAM,1000.00,2,1
    123,     15,       ,       ,26 LEDGE LN ,36.390000,,,0,6100,UNPROD,75.00,4,1
    123,     15,       ,       ,26 LEDGE LN ,36.390000,,,0,6230,OTHER,1710.00,3,1
    123,     15,       ,       ,26 LEDGE LN ,36.390000,,,5,1010,ONE FAM,99800.00,1,1
    123,     16,       ,       ,30 LAPLANTE RD,2.070000,,,0,1010,ONE FAM,2700.00,2,1
    123,     16,       ,       ,30 LAPLANTE RD,2.070000,,,5,1010,ONE FAM,99800.00,1,1
    123,     17,       ,       ,20 LAPLANTE RD,1.430000,,,0,1010,ONE FAM,1100.00,2,1
    123,     17,       ,       ,20 LAPLANTE RD,1.430000,,,5,1010,ONE FAM,124700.00,1,1
    123,     18,    100,       ,19 LAPLANTE RD,0.936639,,,5,1010,ONE FAM,99600.00,1,1
    123,     18,    200,       ,21 LAPLANTE RD,1.320000,,,0,1010,ONE FAM,800.00,2,1
    123,     18,    200,       ,21 LAPLANTE RD,1.320000,,,5,1010,ONE FAM,99800.00,1,1
    123,     18,    300,       ,29 LAPLANTE RD,2.390000,,,0,1010,ONE FAM,3100.00,2,1
    123,     18,    300,       ,29 LAPLANTE RD,2.390000,,,5,1010,ONE FAM,99800.00,1,1
    123,     18,    400,       ,25 LAPLANTE RD ,1.720000,,,0,1010,ONE FAM,1800.00,2,1
    123,     18,    400,       ,25 LAPLANTE RD ,1.720000,,,5,1010,ONE FAM,99800.00,1,1
    123,     18,    500,       ,23 LAPLANTE RD,11.750000,,,0,1010,ONE FAM,26900.00,2,1
    123,     18,    500,       ,23 LAPLANTE RD,11.750000,,,5,1010,ONE FAM,99800.00,1,1
    123,     19,       ,       ,37 LAPLANTE RD,3.370000,,,0,1010,ONE FAM,5900.00,2,1
    123,     19,       ,       ,37 LAPLANTE RD,3.370000,,,5,1010,ONE FAM,99800.00,1,1
    124,      1,       ,       ,40 STONEY BROOK RD ,2.000000,,,5,1040,2 FAMILY,95700.00,1,1
    124,      2,       ,       ,34 STONEY BROOK RD ,4.200000,,,0,1012,ONE FAM W ACC,1000.00,2,1
    124,      2,       ,       ,34 STONEY BROOK RD ,4.200000,,,5,1012,ONE FAM W ACC,89400.00,1,1
    124,      3,       ,       ,32 STONEY BROOK RD,4.400000,,,0,1010,ONE FAM,500.00,2,1
    124,      3,       ,       ,32 STONEY BROOK RD,4.400000,,,5,1010,ONE FAM,89400.00,1,1
    124,      4,       ,       ,22 STONEY BROOK RD,4.000000,,,0,1010,ONE FAM,600.00,2,1
    124,      4,       ,       ,22 STONEY BROOK RD,4.000000,,,5,1010,ONE FAM,89400.00,1,1
    124,      6,       ,       ,20 STONEY BROOK RD,0.250000,,,5,1010,ONE FAM,55700.00,1,1
    124,      7,       ,       ,0 LAPLANTE RD,17.000000,,,0,1320,UNDEV,17500.00,2,1
    124,      7,       ,       ,0 LAPLANTE RD,17.000000,,,5,1320,UNDEV,5200.00,1,1
    124,      8,       ,       ,262 DARTMOUTH COLLEGE HWY,30.200000,,,0,1010,ONE FAM,4000.00,2,1
    124,      8,       ,       ,262 DARTMOUTH COLLEGE HWY,30.200000,,,0,1010,ONE FAM,54400.00,3,1
    124,      8,       ,       ,262 DARTMOUTH COLLEGE HWY,30.200000,,,5,1010,ONE FAM,99800.00,1,1
    124,      9,       ,       ,43 LAPLANTE RD ,20.930000,,,0,6200,WET,120.00,3,1
    124,      9,       ,       ,43 LAPLANTE RD ,20.930000,,,0,6230,OTHER,530.00,2,1
    124,      9,       ,       ,43 LAPLANTE RD ,20.930000,,,5,1010,ONE FAM,104500.00,1,1
    124,     10,       ,       ,33 WALHOWDON WAY,3.000000,,,5,1010,ONE FAM,104500.00,1,1
    124,     10,    100,       ,35 WALHOWDON WAY,3.000000,,,5,1010,ONE FAM,94100.00,1,1
    124,     11,       ,       ,0 STONEY BROOK RD,0.200000,,,C,9030,MUNICPAL,163600.00,1,1
    124,     12,       ,       ,23 STONEY BROOK RD ,0.200000,,,5,1010,ONE FAM,50500.00,1,1
    124,     13,       ,       ,34 FARR RD ,4.000000,,,0,1010,ONE FAM,1100.00,2,1
    124,     13,       ,       ,34 FARR RD ,4.000000,,,5,1010,ONE FAM,84700.00,1,1
    124,     14,       ,       ,44 FARR RD,4.100000,,,0,1010,ONE FAM,1900.00,2,1
    124,     14,       ,       ,44 FARR RD,4.100000,,,5,1010,ONE FAM,94100.00,1,1
    124,     15,       ,       ,52 FARR RD,4.250000,,,0,1010,ONE FAM,2100.00,2,1
    124,     15,       ,       ,52 FARR RD,4.250000,,,5,1010,ONE FAM,107000.00,1,1
    124,     16,       ,       ,54 FARR RD,3.050000,,,0,1010,ONE FAM,100.00,2,1
    124,     16,       ,       ,54 FARR RD,3.050000,,,5,1010,ONE FAM,108200.00,1,1
    124,     17,       ,       ,60 FARR RD,3.000000,,,5,1010,ONE FAM,117600.00,1,1
    124,     18,       ,       ,56 FARR RD,3.300000,,,0,1010,ONE FAM,300.00,2,1
    124,     18,       ,       ,56 FARR RD,3.300000,,,5,1010,ONE FAM,128400.00,1,1
    125,      1,       ,       ,68 STONEY BROOK RD ,10.200000,,,0,1010,ONE FAM,14600.00,2,1
    125,      1,       ,       ,68 STONEY BROOK RD ,10.200000,,,5,1010,ONE FAM,94100.00,1,1
    125,      2,       ,       ,64 STONEY BROOK RD,6.300000,,,0,1010,ONE FAM,6700.00,2,1
    125,      2,       ,       ,64 STONEY BROOK RD,6.300000,,,5,1010,ONE FAM,94100.00,1,1
    125,      3,       ,       ,60 STONEY BROOK RD,0.440000,,,5,1010,ONE FAM,71800.00,1,1
    125,      4,       ,       ,58 STONEY BROOK RD,0.310000,,,5,1010,ONE FAM,65800.00,1,1
    125,      5,       ,       ,56 STONEY BROOK RD,5.100000,,,0,1010,ONE FAM,2600.00,2,1
    125,      5,       ,       ,56 STONEY BROOK RD,5.100000,,,5,1010,ONE FAM,91300.00,1,1
    125,      6,       ,       ,46 STONEY BROOK RD,3.000000,,,5,1010,ONE FAM,88400.00,1,1
    125,      7,       ,       ,44 STONEY BROOK RD,3.000000,,,5,1010,ONE FAM,88400.00,1,1
    125,      8,       ,       ,364 DARTMOUTH COLLEGE HWY ,1.989991,,,5,1010,ONE FAM,81700.00,1,1
    125,      9,       ,       ,326 DARTMOUTH COLLEGE HWY ,6.000000,,,0,3160,COMMWHSE,2800.00,2,1
    125,      9,       ,       ,326 DARTMOUTH COLLEGE HWY ,6.000000,,,0,3160,COMMWHSE,15600.00,3,1
    125,      9,       ,       ,326 DARTMOUTH COLLEGE HWY ,6.000000,,,C,3160,COMMWHSE,1099700.00,1,1
    125,      9,    100,       ,0 DARTMOUTH COLLEGE HWY,9.770000,,,0,3900,DEV LAND,68400.00,2,1
    125,      9,    100,       ,0 DARTMOUTH COLLEGE HWY,9.770000,,,C,3900,DEV LAND,366600.00,1,1
    125,     10,       ,       ,53 STONEY BROOK RD ,0.150000,,,5,1010,ONE FAM,60100.00,1,1
    125,     11,       ,       ,0 DARTMOUTH COLLEGE HWY ,113.900000,,,0,1300,RES LAND,13500.00,2,1
    125,     11,       ,       ,0 DARTMOUTH COLLEGE HWY ,113.900000,,,0,6230,OTHER,5550.00,3,1
    125,     11,       ,       ,0 DARTMOUTH COLLEGE HWY ,113.900000,,,5,1300,RES LAND,84700.00,1,1
    125,     12,       ,       ,67 STONEY BROOK RD,1.219995,,,5,1010,ONE FAM,89200.00,1,1
    125,     13,       ,       ,86 EASTMAN HILL RD,4.910000,,,0,1010,ONE FAM,3400.00,2,1
    125,     13,       ,       ,86 EASTMAN HILL RD,4.910000,,,5,1010,ONE FAM,94100.00,1,1
    125,     14,       ,       ,0 EASTMAN HILL RD,3.500000,,,0,9030,MUNICPAL,1100.00,2,1
    125,     14,       ,       ,0 EASTMAN HILL RD,3.500000,,,C,9030,MUNICPAL,329900.00,1,1
    125,     15,       ,       ,68 EASTMAN HILL RD ,1.889991,,,5,1010,ONE FAM,80800.00,1,1
    125,     16,       ,       ,64 EASTMAN HILL RD,5.600000,,,0,1010,ONE FAM,600.00,2,1
    125,     16,       ,       ,64 EASTMAN HILL RD,5.600000,,,5,1010,ONE FAM,111700.00,1,1
    125,     17,       ,       ,58 EASTMAN HILL RD,2.850000,,,5,1010,ONE FAM,97900.00,1,1
    125,     18,       ,       ,52 EASTMAN HILL RD,2.860009,,,5,1010,ONE FAM,97600.00,1,1
    125,     19,       ,       ,46 EASTMAN HILL RD ,100.417016,,,0,4310,TEL TWR,224900.00,5,1
    125,     19,       ,       ,46 EASTMAN HILL RD ,100.417016,,,0,6001,FARM REC,2565.00,2,1
    125,     19,       ,       ,46 EASTMAN HILL RD ,100.417016,,,0,6111,M WP REC,720.00,3,1
    125,     19,       ,       ,46 EASTMAN HILL RD ,100.417016,,,0,6121,M HDWD REC,2750.00,4,1
    125,     19,       ,       ,46 EASTMAN HILL RD ,100.417016,,,5,1010,ONE FAM,43500.00,1,1
    125,     20,       ,       ,55 EASTMAN HILL RD ,3.270000,,,0,1010,ONE FAM,500.00,2,1
    125,     20,       ,       ,55 EASTMAN HILL RD ,3.270000,,,5,1010,ONE FAM,94100.00,1,1
    125,     21,       ,       ,75 EASTMAN HILL RD ,47.600000,,,0,6120,M HDWD,360.00,3,1
    125,     21,       ,       ,75 EASTMAN HILL RD ,47.600000,,,0,6130,M OTHER,1165.00,2,1
    125,     21,       ,       ,75 EASTMAN HILL RD ,47.600000,,,5,1010,ONE FAM,131800.00,1,1
    125,     21,    100,       ,85 EASTMAN HILL RD ,6.880000,,,0,1010,ONE FAM,5200.00,2,1
    125,     21,    100,       ,85 EASTMAN HILL RD ,6.880000,,,5,1010,ONE FAM,94100.00,1,1
    125,     22,       ,       ,70 FARR RD,4.700000,,,0,1010,ONE FAM,1700.00,2,1
    125,     22,       ,       ,70 FARR RD,4.700000,,,5,1010,ONE FAM,117100.00,1,1
    128,      1,       ,       ,0 PLAINFIELD RD,0.720000,,,C,9010,STATE NH,6700.00,1,1
    128,      2,       ,       ,0 PLAINFIELD RD,7.130000,,,0,9010,STATE NH,313900.00,2,1
    128,      2,       ,       ,0 PLAINFIELD RD,7.130000,,,C,9010,STATE NH,36700.00,1,1
    128,      3,       ,       ,298 PLAINFIELD RD,20.610000,,,0,325V,STORE-Vac,1728800.00,2,1
    128,      3,       ,       ,298 PLAINFIELD RD,20.610000,,,C,325V,STORE-Vac,11729800.00,1,1
    128,      3,  70100,       ,296 PLAINFIELD RD ,0.000000,,,0,3250,STORE,0.00,1,1
    128,      3,  70200,       ,290 PLAINFIELD RD ,0.000000,,,C,3250,STORE,,1,1
    128,      3,  70300,       ,298 PLAINFIELD RD ,0.000000,,,0,3250,STORE,,1,2
    128,      3,  70300,       ,298 PLAINFIELD RD ,0.000000,,,C,3250,STORE,,1,1
    128,      4,       ,       ,288 PLAINFIELD RD ,1.150000,,,C,3260,REST/BAR,758800.00,1,1
    128,      5,       ,       ,0 PLAINFIELD RD,0.420000,,,C,903C,MUNICPAL-Comm,56900.00,1,1
    128,      6,       ,       ,262 PLAINFIELD RD ,15.600000,,,C,325V,STORE-Vac,8806200.00,1,1
    128,      6,  70100,       ,280 PLAINFIELD RD ,0.000000,,,C,3260,REST/BAR,,1,1
    128,      6,  70200,       ,262 PLAINFIELD RD ,0.000000,,,C,3250,STORE,,1,1
    128,      6,  70300,       ,274 PLAINFIELD RD,0.000000,,,C,3250,STORE,,1,1
    128,      7,       ,       ,264 PLAINFIELD RD ,1.400000,,,C,333V,GAS STA-Vac,2052700.00,1,1
    128,      8,       ,       ,258 PLAINFIELD RD,1.660009,,,C,3260,REST/BAR,1825500.00,1,1
    128,      9,       ,       ,0 INTERCHANGE DR ,5.340000,,,0,3920,UNDV-COM,33900.00,2,1
    128,      9,       ,       ,0 INTERCHANGE DR ,5.340000,,,5,3920,UNDV-COM,149600.00,1,1
    128,     10,       ,       ,285 PLAINFIELD RD ,22.880000,,,0,3230,SHOP CTR,,1,2
    128,     10,       ,       ,285 PLAINFIELD RD ,22.880000,,,0,3230,SHOP CTR,,1,3
    128,     10,       ,       ,285 PLAINFIELD RD ,22.880000,,,0,3230,SHOP CTR,484100.00,2,1
    128,     10,       ,       ,285 PLAINFIELD RD ,22.880000,,,C,3230,SHOP CTR,11729800.00,1,1
    128,     11,       ,       ,0 PLAINFIELD RD ,38.200000,,,0,4420,UNDEV,13600.00,1,1
    128,     11,       ,       ,0 PLAINFIELD RD ,38.200000,,,0,4420,UNDEV,16100.00,2,1
    128,     11,       ,       ,0 PLAINFIELD RD ,38.200000,,,0,6100,UNPROD,230.00,3,1
    129,      1,       ,       ,254 PLAINFIELD RD ,5.419995,,,C,325V,STORE-Vac,3378500.00,1,1
    129,      1,  70100,       ,254 PLAINFIELD RD ,0.000000,,,0,3250,STORE,,1,2
    129,      1,  70100,       ,254 PLAINFIELD RD ,0.000000,,,C,3250,STORE,,1,1
    129,      2,       ,       ,11 INTERCHANGE DR ,1.080000,,,0,3250,STORE,0.00,2,1
    129,      2,       ,       ,11 INTERCHANGE DR ,1.080000,,,C,3250,STORE,366600.00,1,1
    129,      3,       ,       ,0 INTERCHANGE DR,0.100000,,,C,9030,MUNICPAL,102500.00,1,1
    129,      4,       ,       ,27 INTERCHANGE DR,2.070000,,,0,3140,TRK TERM,10400.00,2,1
    129,      4,       ,       ,27 INTERCHANGE DR,2.070000,,,C,3140,TRK TERM,293200.00,1,1
    129,      5,       ,       ,35 INTERCHANGE DR,1.150000,,,C,332I,AUTO REP-Ind,421500.00,1,1
    129,      6,       ,       ,41 INTERCHANGE DR,4.520000,,,0,3160,COMMWHSE,,1,2
    129,      6,       ,       ,41 INTERCHANGE DR,4.520000,,,0,3160,COMMWHSE,,1,3
    129,      6,       ,       ,41 INTERCHANGE DR,4.520000,,,0,3160,COMMWHSE,,1,4
    129,      6,       ,       ,41 INTERCHANGE DR,4.520000,,,0,3160,COMMWHSE,,1,5
    129,      6,       ,       ,41 INTERCHANGE DR,4.520000,,,0,3160,COMMWHSE,,1,6
    129,      6,       ,       ,41 INTERCHANGE DR,4.520000,,,0,3160,COMMWHSE,,1,7
    129,      6,       ,       ,41 INTERCHANGE DR,4.520000,,,0,3160,COMMWHSE,11100.00,2,1
    129,      6,       ,       ,41 INTERCHANGE DR,4.520000,,,C,3160,COMMWHSE,1099700.00,1,1
    129,      7,       ,       ,40 INTERCHANGE DR ,2.000000,,,0,3160,COMMWHSE,9800.00,2,1
    129,      7,       ,       ,40 INTERCHANGE DR ,2.000000,,,C,3160,COMMWHSE,366600.00,1,1
    129,      8,       ,       ,24 INTERCHANGE DR,4.180000,,,C,4020,IND OFC,641500.00,1,1
    129,      8,       ,       ,24 INTERCHANGE DR,4.180000,150,,0,4020,IND OFC,23700.00,2,1
    129,      9,       ,       ,14 INTERCHANGE DR,1.290000,,,0,3250,STORE,2800.00,2,1
    129,      9,       ,       ,14 INTERCHANGE DR,1.290000,,,C,3250,STORE,366600.00,1,1
    129,     10,       ,       ,12 INTERCHANGE DR,1.510000,,,0,3400,OFFICE,,1,2
    129,     10,       ,       ,12 INTERCHANGE DR,1.510000,,,0,3400,OFFICE,68300.00,2,1
    129,     10,       ,       ,12 INTERCHANGE DR,1.510000,,,C,3400,OFFICE,733100.00,1,1
    129,     13,       ,       ,249 PLAINFIELD RD,2.750000,,,0,3260,REST/BAR,,1,2
    129,     13,       ,       ,249 PLAINFIELD RD,2.750000,,,0,3260,REST/BAR,150700.00,2,1
    129,     13,       ,       ,249 PLAINFIELD RD,2.750000,,,C,3260,REST/BAR,1144000.00,1,1
    129,     14,       ,       ,253 PLAINFIELD RD,2.000000,,,0,3260,REST/BAR,216500.00,2,1
    129,     14,       ,       ,253 PLAINFIELD RD,2.000000,,,C,3260,REST/BAR,1466200.00,1,1
    129,     15,       ,       ,257 PLAINFIELD RD,0.930000,,,C,3260,REST/BAR,1432400.00,1,1
    129,     16,       ,       ,261 PLAINFIELD RD ,0.820000,,,C,3260,REST/BAR,1035100.00,1,1
    129,     17,       ,       ,253 PLAINFIELD RD,1.170000,,,0,3370,PARK LOT,55900.00,2,1
    129,     17,       ,       ,253 PLAINFIELD RD,1.170000,,,5,3370,PARK LOT,44900.00,1,1
    129,     18,       ,       ,263 PLAINFIELD RD ,4.180000,,,0,9550,CONDO MSTR,291700.00,2,1
    129,     18,       ,       ,263 PLAINFIELD RD ,4.180000,,,C,9550,CONDO MSTR,1173000.00,1,1
    129,     18,      1,       ,263 PLAINFIELD RD ,1.996097,,,0,3260,REST/BAR,379400.00,2,1
    129,     18,      1,       ,263 PLAINFIELD RD ,1.996097,,,C,3260,REST/BAR,394600.00,1,1
    129,     18,      2,       ,263 PLAINFIELD RD,2.187236,,,0,3250,STORE,355100.00,2,1
    129,     18,      2,       ,263 PLAINFIELD RD,2.187236,,,C,3250,STORE,459100.00,1,1
    129,     19,       ,       ,1 MARTIN DR ,1.250000,,,,3350,CAR WASH,0.00,1,2
    129,     19,       ,       ,1 MARTIN DR ,1.250000,,,C,3350,CAR WASH,458200.00,1,1
    129,     20,       ,       ,7 MARTIN DR ,1.250000,,,C,3250,STORE,458200.00,1,1
    129,     21,       ,       ,267 PLAINFIELD RD ,2.570000,,,0,3230,SHOP CTR,213800.00,2,1
    129,     21,       ,       ,267 PLAINFIELD RD ,2.570000,,,C,3230,SHOP CTR,1466200.00,1,1
    130,      3,       ,       ,2 TECHNOLOGY DR ,3.080000,,,0,402C,IND OFC-Comm,49700.00,3,1
    130,      3,       ,       ,2 TECHNOLOGY DR ,3.080000,,,0,402C,IND OFC-Comm,69000.00,2,1
    130,      3,       ,       ,2 TECHNOLOGY DR ,3.080000,,,C,402C,IND OFC-Comm,281000.00,1,1
    130,      4,       ,       ,4 TECHNOLOGY DR ,2.600000,,,0,3160,COMMWHSE,101200.00,2,1
    130,      4,       ,       ,4 TECHNOLOGY DR ,2.600000,,,C,3160,COMMWHSE,421500.00,1,1
    130,      5,       ,       ,16 AIRPARK RD,2.000000,,,0,3160,COMMWHSE,46000.00,2,1
    130,      5,       ,       ,16 AIRPARK RD,2.000000,,,C,3160,COMMWHSE,421500.00,1,1
    130,      6,       ,       ,12 AIRPARK RD ,2.200000,,,0,4010,IND WHSE,89400.00,2,1
    130,      6,       ,       ,12 AIRPARK RD ,2.200000,,,C,4010,IND WHSE,281000.00,1,1
    130,      7,       ,       ,36 AIRPORT RD,10.540000,,,0,3900,DEV LAND,554900.00,2,1
    130,      7,       ,       ,36 AIRPORT RD,10.540000,,,C,3900,DEV LAND,843100.00,1,1
    130,      8,       ,       ,30 AIRPORT RD ,1.400000,,,C,3400,OFFICE,513200.00,1,1
    130,      9,       ,       ,16 AIRPORT RD ,1.610000,,,0,3420,MEDICAL OFF,600.00,2,1
    130,      9,       ,       ,16 AIRPORT RD ,1.610000,,,C,3420,MEDICAL OFF,329900.00,1,1
    130,     10,       ,       ,24 AIRPORT RD,1.689991,,,C,3400,OFFICE,619500.00,1,1
    130,     11,       ,       ,18 PLAZA HEIGHTS RD ,3.090000,,,0,4020,IND OFC,,1,2
    130,     11,       ,       ,18 PLAZA HEIGHTS RD ,3.090000,,,0,402C,IND OFC-Comm,100300.00,2,1
    130,     11,       ,       ,18 PLAZA HEIGHTS RD ,3.090000,,,C,402C,IND OFC-Comm,562100.00,1,1
    130,     12,       ,       ,19 PLAZA HEIGHTS RD,4.024842,,,0,4100,SANDGRVL,66200.00,2,1
    130,     12,       ,       ,19 PLAZA HEIGHTS RD,4.024842,,,C,4100,SANDGRVL,403200.00,1,1
    130,     13,       ,       ,0 PLAZA HEIGHTS RD,9.850000,,,0,4400,IND LAND,325000.00,2,1
    130,     13,       ,       ,0 PLAZA HEIGHTS RD,9.850000,,,C,4400,IND LAND,562100.00,1,1
    130,     14,       ,       ,30 PLAZA HEIGHTS RD ,7.379977,,,0,4010,IND WHSE,341000.00,2,1
    130,     14,       ,       ,30 PLAZA HEIGHTS RD ,7.379977,,,C,4010,IND WHSE,1328300.00,1,1
    130,     15,       ,       ,36 PLAZA HEIGHTS RD,4.397000,,,0,4010,IND WHSE,178600.00,2,1
    130,     15,       ,       ,36 PLAZA HEIGHTS RD,4.397000,,,C,4010,IND WHSE,562100.00,1,1
    130,     16,       ,       ,0 PLAZA HEIGHTS RD ,2.893939,,,C,4420,UNDEV,40700.00,1,1
    131,      1,       ,       ,5 AIRPARK RD ,447.500000,,,0,903C,MUNICPAL-Comm,,1,2
    131,      1,       ,       ,5 AIRPARK RD ,447.500000,,,0,903C,MUNICPAL-Comm,,1,5
    131,      1,       ,       ,5 AIRPARK RD ,447.500000,,,0,903I,MUNICPAL-Ind,,1,3
    131,      1,       ,       ,5 AIRPARK RD ,447.500000,,,0,903I,MUNICPAL-Ind,,1,4
    131,      1,       ,       ,5 AIRPARK RD ,447.500000,,,0,903I,MUNICPAL-Ind,15525000.00,2,1
    131,      1,       ,       ,5 AIRPARK RD ,447.500000,,,C,903I,MUNICPAL-Ind,30913000.00,1,1
    131,      1,    100,       ,43 AIRPARK RD,3.240000,,,0,3540,TRANSPOR,76900.00,2,1
    131,      1,    100,       ,43 AIRPARK RD,3.240000,,,C,3540,TRANSPOR,129300.00,1,1
    131,      1,    101,       ,52 AIRPORT RD #B1 U1,0.000000,,,C,4440,CONDO IND,,1,1
    131,      1,    102,       ,54 AIRPORT RD #B2 U1,0.000000,,,C,4440,CONDO IND,,1,1
    131,      1,    201,       ,52 AIRPORT RD #B1 U2,0.000000,,,C,4440,CONDO IND,,1,1
    131,      1,    202,       ,54 AIRPORT RD B2 U2,0.000000,,,C,4440,CONDO IND,,1,1
    131,      1,    301,       ,52 AIRPORT RD B1 U3,0.000000,,,C,4440,CONDO IND,,1,1
    131,      1,    302,       ,54 AIRPORT RD B2 U3,0.000000,,,C,4440,CONDO IND,,1,1
    131,      1,    401,       ,52 AIRPORT RD B1 U4,0.000000,,,C,4440,CONDO IND,,1,1
    131,      1,    402,       ,54 AIRPORT RD B2 U4,0.000000,,,C,4440,CONDO IND,,1,1
    131,      1,    501,       ,52 AIRPORT RD B1 U5,0.000000,,,C,4440,CONDO IND,,1,1
    131,      1,    502,       ,54 AIRPORT RD B2 U5,0.000000,,,C,4440,CONDO IND,,1,1
    131,      1,    601,       ,52 AIRPORT RD B1 U6,0.000000,,,C,4440,CONDO IND,,1,1
    131,      1,    602,       ,54 AIRPORT RD B2 U6,0.000000,,,C,4440,CONDO IND,,1,1
    131,      1,    701,       ,52 AIRPORT RD B1 U7,0.000000,,,C,4440,CONDO IND,,1,1
    131,      1,    702,       ,54 AIRPORT RD B2 U7,0.000000,,,C,4440,CONDO IND,,1,1
    131,      1,    802,       ,54 AIRPORT RD B2 U8,0.000000,,,C,4440,CONDO IND,,1,1
    131,      1,    901,       ,52 AIRPORT RD #B1 U9,0.000000,,,C,4440,CONDO IND,,1,1
    131,      1,    902,       ,54 AIRPORT RD #B2 U9,0.000000,,,C,4440,CONDO IND,,1,1
    131,      1,   1002,       ,54 AIRPORT RD B2 U10,0.000000,,,C,4440,CONDO IND,,1,1
    131,      1,   1102,       ,54 AIRPORT RD B2 UA,0.000000,,,C,4440,CONDO IND,,1,1
    131,      1,   5000,       ,57 AIRPORT RD,0.000000,,,0,900I,US GOVT-Ind,,1,2
    131,      1,   5000,       ,57 AIRPORT RD,0.000000,,,C,9000,US GOVT,,1,1
    131,      1,  80100,       ,58 AIRPORT RD,8.910009,,,0,3540,TRANSPOR,44200.00,2,1
    131,      1,  80100,       ,58 AIRPORT RD,8.910009,,,C,3540,TRANSPOR,866700.00,1,1
    131,      1,  80200,       ,56 AIRPORT RD,0.000000,,,C,3540,TRANSPOR,,1,1
    131,      1,  80301,       ,5 AIRPARK RD ,0.139348,,,C,3380,OT MTR V,66300.00,1,1
    131,      1,  80302,       ,5 AIRPARK RD ,0.000000,,,C,900I,US GOVT-Ind,,1,1
    131,      1,  80305,       ,5 AIRPARK RD ,0.000000,,,C,3260,REST/BAR,,1,1
    131,      1,  80307,       ,5 AIRPARK RD #108-116,0.000000,,,C,3540,TRANSPOR,,1,1
    131,      1,  80400,       ,31 AIRPARK RD ,0.000000,,,0,3540,TRANSPOR,,1,2
    131,      1,  80400,       ,31 AIRPARK RD ,0.000000,,,C,3540,TRANSPOR,0.00,1,1
    131,      2,       ,       ,17 AIRPARK RD,4.769995,,,C,9030,MUNICPAL,1340500.00,1,1
    131,      2,  80100,       ,17 AIRPARK RD,3.023000,,,0,3540,TRANSPOR,19200.00,2,1
    131,      2,  80100,       ,17 AIRPARK RD,3.023000,,,C,3540,TRANSPOR,281000.00,1,1
    131,      3,       ,       ,0 PLAINFIELD RD ,26.630000,,,0,6201,WET REC,50.00,3,1
    131,      3,       ,       ,0 PLAINFIELD RD ,26.630000,,,0,6201,WET REC,170.00,4,1
    131,      3,       ,       ,0 PLAINFIELD RD ,26.630000,,,0,6231,OTHER REC,525.00,2,1
    131,      3,       ,       ,0 PLAINFIELD RD ,26.630000,,,5,6231,OTHER REC,90.00,1,1
    131,      3,    100,       ,134 AIRPARK RD ,3.900000,,,C,3160,COMMWHSE,9300.00,2,1
    131,      3,    100,       ,134 AIRPARK RD ,3.900000,,,C,3160,COMMWHSE,534000.00,1,1
    131,      3,    200,       ,110 AIRPARK RD ,6.300000,,,C,3160,COMMWHSE,10300.00,3,1
    131,      3,    200,       ,110 AIRPARK RD ,6.300000,,,C,3160,COMMWHSE,43100.00,2,1
    131,      3,    200,       ,110 AIRPARK RD ,6.300000,,,C,3160,COMMWHSE,562100.00,1,1
    131,      4,       ,       ,0 PLAINFIELD RD ,53.170000,,,0,6100,UNPROD,200.00,2,1
    131,      4,       ,       ,0 PLAINFIELD RD ,53.170000,,,0,6210,PINE,790.00,3,1
    131,      4,       ,       ,0 PLAINFIELD RD ,53.170000,,,0,6220,HDWD,1215.00,4,1
    131,      4,       ,       ,0 PLAINFIELD RD ,53.170000,,,0,6230,OTHER,245.00,5,1
    131,      4,       ,       ,0 PLAINFIELD RD ,53.170000,,,5,410V,SANDGRVL-Vac,85500.00,1,1
    131,      5,       ,       ,0 CIVIL AIR PATROL RD ,29.000000,,,0,6000,FARM,1300.00,2,1
    131,      5,       ,       ,0 CIVIL AIR PATROL RD ,29.000000,,,0,6110,M PINE,185.00,4,1
    131,      5,       ,       ,0 CIVIL AIR PATROL RD ,29.000000,,,0,6110,M PINE,930.00,3,1
    131,      5,       ,       ,0 CIVIL AIR PATROL RD ,29.000000,,,0,6200,WET,170.00,5,1
    131,      5,       ,       ,0 CIVIL AIR PATROL RD ,29.000000,,,5,6100,UNPROD,120.00,1,1
    131,      6,       ,       ,0 CIVIL AIR PATROL RD,113.510000,,,0,9030,MUNICPAL,124300.00,3,1
    131,      6,       ,       ,0 CIVIL AIR PATROL RD,113.510000,,,0,9030,MUNICPAL,460000.00,2,1
    131,      6,       ,       ,0 CIVIL AIR PATROL RD,113.510000,,,C,9030,MUNICPAL,1405100.00,1,1
    131,      7,       ,       ,0 POVERTY LN,40.590000,,,0,9030,MUNICPAL,42200.00,3,1
    131,      7,       ,       ,0 POVERTY LN,40.590000,,,0,9030,MUNICPAL,165600.00,2,1
    131,      7,       ,       ,0 POVERTY LN,40.590000,,,C,9030,MUNICPAL,505800.00,1,1
    131,      8,       ,       ,0 AIRPARK RD ,0.226721,,,C,9030,MUNICPAL,18500.00,1,1
    132,      1,       ,       ,162 POVERTY LN,4.140000,,,0,1040,2 FAMILY,3300.00,2,1
    132,      1,       ,       ,162 POVERTY LN,4.140000,,,5,1040,2 FAMILY,102200.00,1,1
    132,      2,       ,       ,136 POVERTY LN,5.850000,,,0,1010,ONE FAM,5700.00,2,1
    132,      2,       ,       ,136 POVERTY LN,5.850000,,,5,1010,ONE FAM,110600.00,1,1
    132,      3,       ,       ,124 POVERTY LN,0.780000,,,5,1010,ONE FAM,141900.00,1,1
    132,      4,       ,       ,98 POVERTY LN ,210.000000,,,0,1010,ONE FAM,3000.00,2,1
    132,      4,       ,       ,98 POVERTY LN ,210.000000,,,0,6000,FARM,24650.00,3,1
    132,      4,       ,       ,98 POVERTY LN ,210.000000,,,0,6100,UNPROD,1160.00,7,1
    132,      4,       ,       ,98 POVERTY LN ,210.000000,,,0,6110,M PINE,745.00,4,1
    132,      4,       ,       ,98 POVERTY LN ,210.000000,,,0,6120,M HDWD,2710.00,5,1
    132,      4,       ,       ,98 POVERTY LN ,210.000000,,,0,6130,M OTHER,515.00,6,1
    132,      4,       ,       ,98 POVERTY LN ,210.000000,,,5,1010,ONE FAM,114700.00,1,1
    132,      5,       ,       ,71 POVERTY LN ,2.490000,,,0,1010,ONE FAM,4300.00,2,1
    132,      5,       ,       ,71 POVERTY LN ,2.490000,,,5,1010,ONE FAM,114700.00,1,1
    132,      6,       ,       ,75 POVERTY LN ,1.770000,,,0,1012,ONE FAM W ACC,2200.00,2,1
    132,      6,       ,       ,75 POVERTY LN ,1.770000,,,5,1012,ONE FAM W ACC,114700.00,1,1
    132,      7,       ,       ,79 POVERTY LN,2.130000,,,0,1010,ONE FAM,3200.00,2,1
    132,      7,       ,       ,79 POVERTY LN,2.130000,,,5,1010,ONE FAM,114700.00,1,1
    132,      8,       ,       ,81 POVERTY LN,1.650000,,,0,1010,ONE FAM,1900.00,2,1
    132,      8,       ,       ,81 POVERTY LN,1.650000,,,5,1010,ONE FAM,114700.00,1,1
    132,      9,       ,       ,83 POVERTY LN,2.050000,,,0,1010,ONE FAM,3000.00,2,1
    132,      9,       ,       ,83 POVERTY LN,2.050000,,,5,1010,ONE FAM,114700.00,1,1
    132,     10,       ,       ,0 FARNUM HILL RD ,940.000000,,,5,9150,CON COMM,4326900.00,1,1
    132,     11,       ,       ,111 POVERTY LN,4.100000,,,0,1010,ONE FAM,3000.00,2,1
    132,     11,       ,       ,111 POVERTY LN,4.100000,,,5,1010,ONE FAM,135300.00,1,1
    132,     12,       ,       ,117 POVERTY LN,1.689991,,,5,1010,ONE FAM,125900.00,1,1
    132,     13,       ,       ,0 POVERTY LN ,13.470000,,,0,6230,OTHER,430.00,2,1
    132,     13,       ,       ,0 POVERTY LN ,13.470000,,,5,6230,OTHER,125.00,1,1
    132,     14,       ,       ,149 POVERTY LN,4.800000,,,0,1010,ONE FAM,2600.00,2,1
    132,     14,       ,       ,149 POVERTY LN,4.800000,,,5,1010,ONE FAM,110600.00,1,1
    132,     15,       ,       ,176 FARNUM HILL RD ,2.000000,,,5,1010,ONE FAM,113700.00,1,1
    132,     16,       ,       ,257 MECHANIC ST ,253.380000,,,0,3800,GOLF CRS,149500.00,2,1
    132,     16,       ,       ,257 MECHANIC ST ,253.380000,,,0,3800,GOLF CRS,403300.00,3,1
    132,     16,       ,       ,257 MECHANIC ST ,253.380000,,,C,3800,GOLF CRS,281000.00,1,1
    132,     17,       ,       ,0 FARNUM HILL RD ,4.400000,,,0,6220,HDWD,300.00,2,1
    132,     17,       ,       ,0 FARNUM HILL RD ,4.400000,,,5,6220,HDWD,90.00,1,1
    132,     18,       ,       ,0 FARNUM HILL RD,8.600000,,,0,6200,WET,80.00,3,1
    132,     18,       ,       ,0 FARNUM HILL RD,8.600000,,,0,6220,HDWD,380.00,2,1
    132,     18,       ,       ,0 FARNUM HILL RD,8.600000,,,5,6220,HDWD,90.00,1,1
    134,      1,       ,       ,168 SLAYTON HILL RD,5.000000,,,0,1010,ONE FAM,5000.00,2,1
    134,      1,       ,       ,168 SLAYTON HILL RD,5.000000,,,5,1010,ONE FAM,109400.00,1,1
    134,      2,       ,       ,158 SLAYTON HILL RD,7.000000,,,0,1010,ONE FAM,5200.00,2,1
    134,      2,       ,       ,158 SLAYTON HILL RD,7.000000,,,5,1010,ONE FAM,102200.00,1,1
    134,      3,       ,       ,0 SLAYTON HILL RD ,91.000000,,,0,6000,FARM,7150.00,2,1
    134,      3,       ,       ,0 SLAYTON HILL RD ,91.000000,,,0,6100,UNPROD,200.00,3,1
    134,      3,       ,       ,0 SLAYTON HILL RD ,91.000000,,,0,6110,M PINE,465.00,4,1
    134,      3,       ,       ,0 SLAYTON HILL RD ,91.000000,,,0,6120,M HDWD,1635.00,6,1
    134,      3,       ,       ,0 SLAYTON HILL RD ,91.000000,,,0,6130,M OTHER,215.00,7,1
    134,      3,       ,       ,0 SLAYTON HILL RD ,91.000000,,,0,6200,WET,120.00,5,1
    134,      3,       ,       ,0 SLAYTON HILL RD ,91.000000,,,5,6000,FARM,975.00,1,1
    134,      4,       ,       ,0 FARNUM HILL RD ,0.700000,,,0,6000,FARM,215.00,2,1
    134,      4,       ,       ,0 FARNUM HILL RD ,0.700000,,,5,1060,OUT BLDS,79700.00,1,1
    134,      5,       ,       ,20 FARNUM HILL RD ,10.389991,,,0,1090,MULT HS,,1,2
    134,      5,       ,       ,20 FARNUM HILL RD ,10.389991,,,0,6000,FARM,4040.00,2,1
    134,      5,       ,       ,20 FARNUM HILL RD ,10.389991,,,5,1090,MULT HS,143100.00,1,1
    134,      6,       ,       ,8 FARNUM HILL RD,2.600000,,,0,1010,ONE FAM,4100.00,2,1
    134,      6,       ,       ,8 FARNUM HILL RD,2.600000,,,5,1010,ONE FAM,103200.00,1,1
    134,      7,       ,       ,120 SLAYTON HILL RD,2.100000,,,0,1010,ONE FAM,2800.00,2,1
    134,      7,       ,       ,120 SLAYTON HILL RD,2.100000,,,5,1010,ONE FAM,103200.00,1,1
    134,      8,       ,       ,116 SLAYTON HILL RD,2.000000,,,0,1010,ONE FAM,2600.00,2,1
    134,      8,       ,       ,116 SLAYTON HILL RD,2.000000,,,5,1010,ONE FAM,103200.00,1,1
    134,      9,       ,       ,112 SLAYTON HILL RD ,0.940000,,,5,101T,ONE FAM-MH,103100.00,1,1
    134,     10,       ,       ,121 SLAYTON HILL RD ,12.000000,,,0,6211,WP REC,815.00,2,1
    134,     10,       ,       ,121 SLAYTON HILL RD ,12.000000,,,0,6231,OTHER REC,220.00,3,1
    134,     10,       ,       ,121 SLAYTON HILL RD ,12.000000,,,5,1010,ONE FAM,114700.00,1,1
    134,     10,    100,       ,SLAYTON HILL RD ,12.000000,,,0,6221,HDWD REC,770.00,2,1
    134,     10,    100,       ,SLAYTON HILL RD ,12.000000,607,,0,6221,HDWD REC,70.00,1,1
    134,     10,    200,       ,SLAYTON HILL RD ,11.740000,,,0,6221,HDWD REC,750.00,2,1
    134,     10,    200,       ,SLAYTON HILL RD ,11.740000,637,,0,6221,HDWD REC,70.00,1,1
    134,     11,       ,       ,13 OLD KINGS HWY,5.100000,,,0,1010,ONE FAM,2400.00,2,1
    134,     11,       ,       ,13 OLD KINGS HWY,5.100000,,,5,1010,ONE FAM,102200.00,1,1
    134,     12,       ,       ,19 OLD KINGS HWY,5.100000,,,0,1010,ONE FAM,4800.00,2,1
    134,     12,       ,       ,19 OLD KINGS HWY,5.100000,,,5,1010,ONE FAM,120200.00,1,1
    134,     13,       ,       ,23 OLD KINGS HWY ,21.800000,,,0,6231,OTHER REC,915.00,2,1
    134,     13,       ,       ,23 OLD KINGS HWY ,21.800000,,,5,1010,ONE FAM,114700.00,1,1
    134,     14,       ,       ,29 OLD KINGS HWY ,21.700000,,,0,6000,FARM,4250.00,2,1
    134,     14,       ,       ,29 OLD KINGS HWY ,21.700000,,,0,6230,OTHER,400.00,3,1
    134,     14,       ,       ,29 OLD KINGS HWY ,21.700000,,,5,1010,ONE FAM,192500.00,1,1
    134,     15,       ,       ,35 OLD KINGS HWY ,7.600000,,,0,1010,ONE FAM,11900.00,2,1
    134,     15,       ,       ,35 OLD KINGS HWY ,7.600000,,,5,1010,ONE FAM,108200.00,1,1
    134,     16,       ,       ,136 STORRS HILL RD ,124.670000,,,0,1010,ONE FAM,2900.00,2,1
    134,     16,       ,       ,136 STORRS HILL RD ,124.670000,,,0,6000,FARM,425.00,3,1
    134,     16,       ,       ,136 STORRS HILL RD ,124.670000,,,0,6000,FARM,41085.00,4,1
    134,     16,       ,       ,136 STORRS HILL RD ,124.670000,,,0,6200,WET,600.00,5,1
    134,     16,       ,       ,136 STORRS HILL RD ,124.670000,,,5,1010,ONE FAM,200800.00,1,1
    134,     17,       ,       ,125 STORRS HILL RD ,78.200000,,,0,1010,ONE FAM,10300.00,2,1
    134,     17,       ,       ,125 STORRS HILL RD ,78.200000,,,0,6001,FARM REC,22985.00,3,1
    134,     17,       ,       ,125 STORRS HILL RD ,78.200000,,,0,6101,UNPROD REC,75.00,4,1
    134,     17,       ,       ,125 STORRS HILL RD ,78.200000,,,5,1010,ONE FAM,120200.00,1,1
    134,     17,    100,       ,135 STORRS HILL RD,3.040000,,,0,1040,2 FAMILY,5900.00,2,1
    134,     17,    100,       ,135 STORRS HILL RD,3.040000,,,5,1040,2 FAMILY,200800.00,1,1
    134,     17,    200,       ,131 STORRS HILL RD,3.000000,,,0,1010,ONE FAM,5800.00,2,1
    134,     17,    200,       ,131 STORRS HILL RD,3.000000,,,5,1010,ONE FAM,200800.00,1,1
    134,     18,       ,       ,0 OLD KINGS HWY,3.000000,,,5,1320,UNDEV,6000.00,1,1
    134,     19,       ,       ,3 HETZEL RD ,3.000000,,,5,1010,ONE FAM,120200.00,1,1
    134,     20,       ,       ,11 HETZEL RD,3.000000,,,5,1010,ONE FAM,120200.00,1,1
    134,     21,       ,       ,17 HETZEL RD ,3.000000,,,5,1010,ONE FAM,120200.00,1,1
    134,     22,       ,       ,11 STAGECOACH RD,3.000000,,,5,1010,ONE FAM,150300.00,1,1
    134,     23,       ,       ,17 STAGECOACH RD,3.000000,,,5,1010,ONE FAM,120200.00,1,1
    134,     24,       ,       ,27 STAGECOACH RD,3.700000,,,0,1010,ONE FAM,2000.00,2,1
    134,     24,       ,       ,27 STAGECOACH RD,3.700000,,,5,1010,ONE FAM,120200.00,1,1
    134,     25,       ,       ,31 STAGECOACH RD,3.000000,,,5,1010,ONE FAM,120200.00,1,1
    134,     26,       ,       ,32 STAGECOACH RD,3.000053,,,0,1010,ONE FAM,0.00,2,1
    134,     26,       ,       ,32 STAGECOACH RD,3.000053,,,5,1010,ONE FAM,120200.00,1,1
    134,     28,       ,       ,26 STAGECOACH RD,3.840000,,,0,1010,ONE FAM,2400.00,2,1
    134,     28,       ,       ,26 STAGECOACH RD,3.840000,,,5,1010,ONE FAM,120200.00,1,1
    134,     31,       ,       ,32 HETZEL RD,3.000000,,,5,1010,ONE FAM,108200.00,1,1
    134,     33,       ,       ,16 HETZEL RD,3.000000,,,5,1010,ONE FAM,108200.00,1,1
    134,     34,       ,       ,8 HETZEL RD,3.100000,,,0,1010,ONE FAM,300.00,2,1
    134,     34,       ,       ,8 HETZEL RD,3.100000,,,5,1010,ONE FAM,108200.00,1,1
    134,     35,       ,       ,24 OLD KINGS HWY,3.000000,,,5,1010,ONE FAM,150300.00,1,1
    134,     36,       ,       ,129 SLAYTON HILL RD,3.100000,,,0,1010,ONE FAM,300.00,2,1
    134,     36,       ,       ,129 SLAYTON HILL RD,3.100000,,,5,1010,ONE FAM,108500.00,1,1
    134,     37,       ,       ,137 SLAYTON HILL RD,3.500000,,,0,1010,ONE FAM,700.00,2,1
    134,     37,       ,       ,137 SLAYTON HILL RD,3.500000,,,5,1010,ONE FAM,109400.00,1,1
    134,     38,       ,       ,141 SLAYTON HILL RD,5.020000,,,0,1010,ONE FAM,5100.00,2,1
    134,     38,       ,       ,141 SLAYTON HILL RD,5.020000,,,5,1010,ONE FAM,109400.00,1,1
    134,     39,       ,       ,147 SLAYTON HILL RD,2.010009,,,5,1010,ONE FAM,113300.00,1,1
    134,     40,       ,       ,153 SLAYTON HILL RD,5.280000,,,0,1010,ONE FAM,5900.00,2,1
    134,     40,       ,       ,153 SLAYTON HILL RD,5.280000,,,5,1010,ONE FAM,109400.00,1,1
    134,     42,       ,       ,159 SLAYTON HILL RD,5.150000,,,0,1010,ONE FAM,4900.00,2,1
    134,     42,       ,       ,159 SLAYTON HILL RD,5.150000,,,5,1010,ONE FAM,109400.00,1,1
    134,     43,       ,       ,78 SLAYTON HILL RD,2.440000,,,0,1010,ONE FAM,4100.00,2,1
    134,     43,       ,       ,78 SLAYTON HILL RD,2.440000,,,5,1010,ONE FAM,114700.00,1,1
    136,      1,       ,       ,48 DAISY HILL RD,5.700000,,,0,1010,ONE FAM,5400.00,2,1
    136,      1,       ,       ,48 DAISY HILL RD,5.700000,,,5,1010,ONE FAM,130700.00,1,1
    136,      2,       ,       ,42 DAISY HILL RD,0.970000,,,5,1010,ONE FAM,99700.00,1,1
    136,      4,       ,       ,38 DAISY HILL RD ,15.300000,,,0,6001,FARM REC,2420.00,3,1
    136,      4,       ,       ,38 DAISY HILL RD ,15.300000,,,0,6231,OTHER REC,220.00,2,1
    136,      4,       ,       ,38 DAISY HILL RD ,15.300000,,,5,1010,ONE FAM,99800.00,1,1
    136,      5,       ,       ,30 DAISY HILL RD,5.700000,,,0,1010,ONE FAM,5400.00,2,1
    136,      5,       ,       ,30 DAISY HILL RD,5.700000,,,5,1010,ONE FAM,104500.00,1,1
    136,      6,       ,       ,26 DAISY HILL RD,5.700000,,,0,1010,ONE FAM,5400.00,2,1
    136,      6,       ,       ,26 DAISY HILL RD,5.700000,,,5,1010,ONE FAM,104500.00,1,1
    136,      7,       ,       ,22 DAISY HILL RD,7.200000,,,0,1010,ONE FAM,8400.00,2,1
    136,      7,       ,       ,22 DAISY HILL RD,7.200000,,,5,1010,ONE FAM,104500.00,1,1
    136,      8,       ,       ,8 DAISY HILL RD,0.850000,,,5,1010,ONE FAM,94500.00,1,1
    136,      9,       ,       ,11 STORRS HILL RD,0.750000,,,5,1010,ONE FAM,92900.00,1,1
    136,     10,       ,       ,15 STORRS HILL RD ,0.330000,,,5,1010,ONE FAM,78500.00,1,1
    136,     11,       ,       ,21 STORRS HILL RD ,2.500000,,,5,1010,ONE FAM,105400.00,1,1
    136,     12,       ,       ,27 STORRS HILL RD,1.019995,,,5,1010,ONE FAM,99900.00,1,1
    136,     13,       ,       ,35 STORRS HILL RD,5.200000,,,0,1010,ONE FAM,4400.00,2,1
    136,     13,       ,       ,35 STORRS HILL RD,5.200000,,,5,1010,ONE FAM,104500.00,1,1
    136,     14,       ,       ,43 STORRS HILL RD,5.300000,,,0,1010,ONE FAM,4600.00,2,1
    136,     14,       ,       ,43 STORRS HILL RD,5.300000,,,5,1010,ONE FAM,104500.00,1,1
    136,     15,       ,       ,49 STORRS HILL RD,6.200000,,,0,1010,ONE FAM,6400.00,2,1
    136,     15,       ,       ,49 STORRS HILL RD,6.200000,,,5,1010,ONE FAM,104500.00,1,1
    136,     16,       ,       ,59 STORRS HILL RD ,21.300000,,,0,1010,ONE FAM,600.00,2,1
    136,     16,       ,       ,59 STORRS HILL RD ,21.300000,,,0,6210,PINE,2250.00,3,1
    136,     16,       ,       ,59 STORRS HILL RD ,21.300000,,,5,1010,ONE FAM,104500.00,1,1
    136,     17,       ,       ,109 STORRS HILL RD ,125.300000,,,0,6001,FARM REC,2990.00,2,1
    136,     17,       ,       ,109 STORRS HILL RD ,125.300000,,,0,6131,M OTHER REC,2880.00,3,1
    136,     17,       ,       ,109 STORRS HILL RD ,125.300000,,,5,6001,FARM REC,780.00,1,1
    136,     17,    100,       ,117 STORRS HILL RD,3.000000,,,5,1012,ONE FAM W ACC,130700.00,1,1
    136,     18,       ,       ,110 STORRS HILL RD ,265.270000,,,0,1010,ONE FAM,,1,2
    136,     18,       ,       ,110 STORRS HILL RD ,265.270000,,,0,1110,APT 4-8,7700.00,2,1
    136,     18,       ,       ,110 STORRS HILL RD ,265.270000,,,0,1400,DIS. EASEMENT,100.00,1,3
    136,     18,       ,       ,110 STORRS HILL RD ,265.270000,,,0,6001,FARM REC,15640.00,3,1
    136,     18,       ,       ,110 STORRS HILL RD ,265.270000,,,0,6131,M OTHER REC,5115.00,4,1
    136,     18,       ,       ,110 STORRS HILL RD ,265.270000,,,5,1110,APT 4-8,130700.00,1,1
    136,     19,       ,       ,48 STORRS HILL RD ,3.480000,,,0,1010,ONE FAM,1200.00,2,1
    136,     19,       ,       ,48 STORRS HILL RD ,3.480000,,,5,1010,ONE FAM,104500.00,1,1
    136,     20,       ,       ,0 STORRS HILL RD ,5.290000,,,0,6131,M OTHER REC,55.00,2,1
    136,     20,       ,       ,0 STORRS HILL RD ,5.290000,,,5,6131,M OTHER REC,70.00,1,1
    136,     21,       ,       ,0 STORRS HILL RD,8.430000,,,0,1300,RES LAND,10200.00,2,1
    136,     21,       ,       ,0 STORRS HILL RD,8.430000,,,5,1300,RES LAND,104500.00,1,1
    136,     22,       ,       ,30 STORRS HILL RD ,5.380000,,,0,1010,ONE FAM,4500.00,2,1
    136,     22,       ,       ,30 STORRS HILL RD ,5.380000,,,5,1010,ONE FAM,94100.00,1,1
    136,     23,       ,       ,28 STORRS HILL RD,0.970000,,,5,1010,ONE FAM,99700.00,1,1
    136,     24,       ,       ,0 STORRS HILL RD ,7.330000,,,0,1300,RES LAND,5400.00,2,1
    136,     24,       ,       ,0 STORRS HILL RD ,7.330000,,,5,1300,RES LAND,68000.00,1,1
    136,     25,       ,       ,14 STORRS HILL RD ,3.050000,,,0,1010,ONE FAM,100.00,2,1
    136,     25,       ,       ,14 STORRS HILL RD ,3.050000,,,5,1010,ONE FAM,94100.00,1,1
    136,     26,       ,       ,0 MERIDEN RD ,57.280000,,,0,6001,FARM REC,780.00,2,1
    136,     26,       ,       ,0 MERIDEN RD ,57.280000,,,0,6211,WP REC,4460.00,3,1
    136,     26,       ,       ,0 MERIDEN RD ,57.280000,,,0,6231,OTHER REC,680.00,4,1
    136,     26,       ,       ,0 MERIDEN RD ,57.280000,,,5,6001,FARM REC,260.00,1,1
    136,     27,       ,       ,4 WOODLAND DR ,29.970000,,,0,1010,ONE FAM,4300.00,2,1
    136,     27,       ,       ,4 WOODLAND DR ,29.970000,,,0,6230,OTHER,1475.00,3,1
    136,     27,       ,       ,4 WOODLAND DR ,29.970000,,,5,1010,ONE FAM,94800.00,1,1
    136,     28,       ,       ,270 MERIDEN RD ,34.490000,,,0,6220,HDWD,90.00,2,1
    136,     28,       ,       ,270 MERIDEN RD ,34.490000,,,0,6220,HDWD,1850.00,3,1
    136,     28,       ,       ,270 MERIDEN RD ,34.490000,,,0,6230,OTHER,575.00,4,1
    136,     28,       ,       ,270 MERIDEN RD ,34.490000,,,5,1010,ONE FAM,106300.00,1,1
    136,     29,       ,       ,258 MERIDEN RD,1.300000,,,0,1010,ONE FAM,800.00,2,1
    136,     29,       ,       ,258 MERIDEN RD,1.300000,,,5,1010,ONE FAM,85300.00,1,1
    136,     29,    100,       ,278 MERIDEN RD ,0.500000,,,5,1010,ONE FAM,74100.00,1,1
    136,     30,       ,       ,1 DAISY HILL RD,1.000000,,,5,1010,ONE FAM,89800.00,1,1
    136,     30,    100,       ,3 DAISY HILL RD ,1.019995,,,5,1010,ONE FAM,89900.00,1,1
    136,     31,       ,       ,31 DAISY HILL RD,1.219995,,,5,1010,ONE FAM,101200.00,1,1
    136,     32,       ,       ,29 DAISY HILL RD,2.719995,,,5,1010,ONE FAM,105000.00,1,1
    136,     33,       ,       ,35 DAISY HILL RD,3.540000,,,0,1010,ONE FAM,1400.00,2,1
    136,     33,       ,       ,35 DAISY HILL RD,3.540000,,,5,1010,ONE FAM,104500.00,1,1
    136,     34,       ,       ,41 DAISY HILL RD,2.880005,,,5,1010,ONE FAM,104800.00,1,1
    136,     35,       ,       ,19 MORSE RD ,4.200000,,,0,1010,ONE FAM,3000.00,2,1
    136,     35,       ,       ,19 MORSE RD ,4.200000,,,5,1010,ONE FAM,104500.00,1,1
    136,     36,       ,       ,29 MORSE RD,4.000000,,,0,1010,ONE FAM,1900.00,2,1
    136,     36,       ,       ,29 MORSE RD,4.000000,,,5,1010,ONE FAM,97200.00,1,1
    136,     37,       ,       ,24 MORSE RD,1.019995,,,5,1010,ONE FAM,99900.00,1,1
    136,     38,       ,       ,6 MORSE RD,4.780000,,,0,1010,ONE FAM,4500.00,2,1
    136,     38,       ,       ,6 MORSE RD,4.780000,,,5,1010,ONE FAM,104500.00,1,1
    136,     39,       ,       ,LAPLANTE RD ,10.560000,,,0,6201,WET REC,55.00,3,1
    136,     39,       ,       ,LAPLANTE RD ,10.560000,,,0,6231,OTHER REC,180.00,2,1
    136,     39,       ,       ,LAPLANTE RD ,10.560000,,,5,6231,OTHER REC,120.00,1,1
    137,      1,       ,       ,240 MERIDEN RD ,6.900000,,,0,3250,STORE,6100.00,2,1
    137,      1,       ,       ,240 MERIDEN RD ,6.900000,,,0,325I,STORE-Ind,0.00,1,2
    137,      1,       ,       ,240 MERIDEN RD ,6.900000,,,0,325I,STORE-Ind,0.00,1,3
    137,      1,       ,       ,240 MERIDEN RD ,6.900000,,,C,3250,STORE,488700.00,1,1
    137,      2,       ,       ,220 MERIDEN RD,0.530000,,,5,1030,MOBIL HM,75300.00,1,1
    137,      3,       ,       ,216 MERIDEN RD,0.300000,,,5,1030,MOBIL HM,65200.00,1,1
    137,      4,       ,       ,212 MERIDEN RD,0.340000,,,5,1010,ONE FAM,75300.00,1,1
    137,      5,       ,       ,211 MERIDEN RD,0.740000,,,5,1010,ONE FAM,92600.00,1,1
    137,      6,       ,       ,0 MERIDEN RD ,4.900000,,,0,6231,OTHER REC,75.00,3,1
    137,      6,       ,       ,0 MERIDEN RD ,4.900000,,,0,6231,OTHER REC,80.00,2,1
    137,      6,       ,       ,0 MERIDEN RD ,4.900000,,,5,6231,OTHER REC,40.00,1,1
    137,      7,       ,       ,217 MERIDEN RD,0.650000,,,5,1010,ONE FAM,80400.00,1,1
    137,      8,       ,       ,219 MERIDEN RD,0.690000,,,5,1040,2 FAMILY,91200.00,1,1
    137,      9,       ,       ,221 MERIDEN RD,0.800000,,,5,1010,ONE FAM,94300.00,1,1
    137,     10,       ,       ,225 MERIDEN RD,0.920000,,,5,1010,ONE FAM,94600.00,1,1
    137,     11,       ,       ,5 KINNE ST,0.500000,,,5,1010,ONE FAM,78000.00,1,1
    137,     12,       ,       ,3 KINNE ST,0.650000,,,5,1040,2 FAMILY,89300.00,1,1
    137,     13,       ,       ,9 KINNE ST,0.340000,,,5,1010,ONE FAM,75300.00,1,1
    137,     14,       ,       ,2 RITA ST,0.340000,,,5,1010,ONE FAM,75300.00,1,1
    137,     15,       ,       ,4 RITA ST,0.460000,,,5,1010,ONE FAM,84900.00,1,1
    137,     16,       ,       ,5 RITA ST,0.700000,,,5,1010,ONE FAM,96300.00,1,1
    137,     17,       ,       ,3 RITA ST ,0.340000,,,5,1010,ONE FAM,79300.00,1,1
    137,     18,       ,       ,11 KINNE ST ,0.340000,,,5,1010,ONE FAM,79300.00,1,1
    137,     19,       ,       ,13 KINNE ST ,0.380000,,,5,1010,ONE FAM,81300.00,1,1
    137,     20,       ,       ,1 GARNET ST,0.550000,,,5,1010,ONE FAM,88900.00,1,1
    137,     21,       ,       ,1 GRAY ST,0.680000,,,5,1010,ONE FAM,95500.00,1,1
    137,     22,       ,       ,5 GRAY ST,0.390000,,,5,1010,ONE FAM,81700.00,1,1
    137,     23,       ,       ,5 GRANDVIEW AVE,0.490000,,,5,1010,ONE FAM,86200.00,1,1
    137,     24,       ,       ,14 GRANDVIEW AVE,0.680000,,,5,1010,ONE FAM,95500.00,1,1
    137,     24,    100,       ,8 GRANDVIEW AVE ,0.450000,,,5,1010,ONE FAM,84400.00,1,1
    137,     25,       ,       ,9 GRAY ST,1.570000,,,0,1010,ONE FAM,1400.00,2,1
    137,     25,       ,       ,9 GRAY ST,1.570000,,,5,1010,ONE FAM,99800.00,1,1
    137,     26,       ,       ,14 LARO ST,0.578237,,,5,1010,ONE FAM,90200.00,1,1
    137,     27,       ,       ,10 LARO ST,0.360000,,,5,1010,ONE FAM,80400.00,1,1
    137,     28,       ,       ,5 MELROSE ST,0.810000,,,5,1010,ONE FAM,99400.00,1,1
    137,     29,       ,       ,8 MELROSE ST,0.400000,,,5,1010,ONE FAM,78100.00,1,1
    137,     30,       ,       ,10 MELROSE ST,0.390000,,,5,1010,ONE FAM,77600.00,1,1
    137,     31,       ,       ,2 MELROSE ST,0.360000,,,5,1010,ONE FAM,76300.00,1,1
    137,     32,       ,       ,6 MELROSE ST ,0.370000,,,5,1010,ONE FAM,76800.00,1,1
    137,     33,       ,       ,6 LARO ST,0.450000,,,5,1010,ONE FAM,84400.00,1,1
    137,     34,       ,       ,4 LARO ST,0.410000,,,5,1010,ONE FAM,82600.00,1,1
    137,     35,       ,       ,5 LARO ST,0.550000,,,5,1010,ONE FAM,88900.00,1,1
    137,     36,       ,       ,7 LARO ST,0.550000,,,5,1010,ONE FAM,88900.00,1,1
    137,     37,       ,       ,9 LARO ST ,0.730000,,,5,1010,ONE FAM,97200.00,1,1
    137,     38,       ,       ,6 GRAY ST ,0.510000,,,5,1010,ONE FAM,87100.00,1,1
    137,     39,       ,       ,8 KINNE ST,0.510000,,,5,1010,ONE FAM,87100.00,1,1
    137,     40,       ,       ,6 KINNE ST,0.730000,,,5,1010,ONE FAM,97200.00,1,1
    137,     41,       ,       ,4 KINNE ST,0.550000,,,5,1010,ONE FAM,88900.00,1,1
    137,     42,       ,       ,2 KINNE ST,0.550000,,,5,1010,ONE FAM,88900.00,1,1
    137,     43,       ,       ,229 MERIDEN RD,0.440000,,,5,1010,ONE FAM,79800.00,1,1
    137,     44,       ,       ,231 MERIDEN RD,0.440000,,,5,1010,ONE FAM,79800.00,1,1
    137,     45,       ,       ,233 MERIDEN RD,0.440000,,,5,1010,ONE FAM,79800.00,1,1
    137,     46,       ,       ,235 MERIDEN RD ,0.440000,,,5,1010,ONE FAM,79800.00,1,1
    137,     47,       ,       ,239 MERIDEN RD,0.520000,,,5,1010,ONE FAM,83200.00,1,1
    137,     48,       ,       ,241 MERIDEN RD,0.480000,,,5,1010,ONE FAM,81500.00,1,1
    137,     49,       ,       ,245 MERIDEN RD,0.440000,,,5,1010,ONE FAM,79800.00,1,1
    137,     50,       ,       ,249 MERIDEN RD,1.460000,,,0,1010,ONE FAM,1200.00,2,1
    137,     50,       ,       ,249 MERIDEN RD,1.460000,,,5,1010,ONE FAM,94800.00,1,1
    137,     51,       ,       ,253 MERIDEN RD,1.020000,,,0,1010,ONE FAM,100.00,2,1
    137,     51,       ,       ,253 MERIDEN RD,1.020000,,,5,1010,ONE FAM,94800.00,1,1
    137,     52,       ,       ,104 LAPLANTE RD,0.380000,,,5,1010,ONE FAM,81300.00,1,1
    137,     53,       ,       ,102 LAPLANTE RD,3.300000,,,0,1010,ONE FAM,800.00,3,1
    137,     53,       ,       ,102 LAPLANTE RD,3.300000,,,0,1010,ONE FAM,5000.00,2,1
    137,     53,       ,       ,102 LAPLANTE RD,3.300000,,,5,1010,ONE FAM,99800.00,1,1
    137,     54,       ,       ,250 MERIDEN RD,1.270000,,,0,1010,ONE FAM,600.00,2,1
    137,     54,       ,       ,250 MERIDEN RD,1.270000,,,5,1010,ONE FAM,85300.00,1,1
    137,     56,       ,       ,248 MERIDEN RD,1.260000,,,0,1010,ONE FAM,600.00,2,1
    137,     56,       ,       ,248 MERIDEN RD,1.260000,,,5,1010,ONE FAM,90000.00,1,1
    137,     57,       ,       ,244 MERIDEN RD,1.000000,,,5,1050,3 FAMILY,94800.00,1,1
    138,      1,       ,       ,300 MERIDEN RD ,25.999962,,,0,6220,HDWD,1840.00,3,1
    138,      1,       ,       ,300 MERIDEN RD ,25.999962,,,0,6220,HDWD,12900.00,2,1
    138,      1,       ,       ,300 MERIDEN RD ,25.999962,,,5,1010,ONE FAM,83000.00,1,1
    138,      2,       ,       ,86 LAPLANTE RD,1.870000,,,0,1010,ONE FAM,2200.00,2,1
    138,      2,       ,       ,86 LAPLANTE RD,1.870000,,,5,1010,ONE FAM,99800.00,1,1
    138,      3,       ,       ,25 WALHOWDON WAY ,0.860000,,,5,1010,ONE FAM,99500.00,1,1
    138,      4,       ,       ,29 WALHOWDON WAY ,0.380000,,,5,1010,ONE FAM,81300.00,1,1
    138,      5,       ,       ,26 WALHOWDON WAY ,194.000000,,,0,1090,MULT HS,,1,2
    138,      5,       ,       ,26 WALHOWDON WAY ,194.000000,,,0,6001,FARM REC,29240.00,2,1
    138,      5,       ,       ,26 WALHOWDON WAY ,194.000000,,,0,6101,UNPROD REC,285.00,3,1
    138,      5,       ,       ,26 WALHOWDON WAY ,194.000000,,,0,6201,WET REC,685.00,4,1
    138,      5,       ,       ,26 WALHOWDON WAY ,194.000000,,,0,6221,HDWD REC,3710.00,5,1
    138,      5,       ,       ,26 WALHOWDON WAY ,194.000000,,,5,1090,MULT HS,139400.00,1,1
    138,      6,       ,       ,12 WALHOWDON WAY,3.260000,,,0,1010,ONE FAM,700.00,2,1
    138,      6,       ,       ,12 WALHOWDON WAY,3.260000,,,5,1010,ONE FAM,104500.00,1,1
    138,      7,       ,       ,263 MERIDEN RD ,9.590000,,,0,1010,ONE FAM,5200.00,2,1
    138,      7,       ,       ,263 MERIDEN RD ,9.590000,,,0,6201,WET REC,55.00,3,1
    138,      7,       ,       ,263 MERIDEN RD ,9.590000,,,5,1010,ONE FAM,99300.00,1,1
    138,      7,    100,       ,97 LAPLANTE RD ,12.330000,,,0,6211,WP REC,280.00,2,1
    138,      7,    100,       ,97 LAPLANTE RD ,12.330000,,,0,6211,WP REC,1150.00,3,1
    138,      7,    100,       ,97 LAPLANTE RD ,12.330000,,,5,1010,ONE FAM,86700.00,1,1
    138,      7,    200,       ,275 MERIDEN RD ,8.070000,,,0,1300,RES LAND,3300.00,2,1
    138,      7,    200,       ,275 MERIDEN RD ,8.070000,,,0,6200,WET,10.00,3,1
    138,      7,    200,       ,275 MERIDEN RD ,8.070000,,,5,1300,RES LAND,57600.00,1,1
    138,      7,    300,       ,0 CHURCHILL WAY ,39.690000,,,0,6001,FARM REC,520.00,2,1
    138,      7,    300,       ,0 CHURCHILL WAY ,39.690000,,,0,6221,HDWD REC,2220.00,3,1
    138,      7,    300,       ,0 CHURCHILL WAY ,39.690000,,,5,6001,FARM REC,780.00,1,1
    138,      7,    400,       ,85 LAPLANTE RD,2.940000,,,0,1010,ONE FAM,4900.00,2,1
    138,      7,    400,       ,85 LAPLANTE RD,2.940000,,,5,1010,ONE FAM,99800.00,1,1
    138,      8,       ,       ,5 CHURCHILL WAY,0.260000,,,5,1010,ONE FAM,73100.00,1,1
    138,      9,       ,       ,0 CHURCHILL WAY ,29.100000,,,0,6000,FARM,720.00,2,1
    138,      9,       ,       ,0 CHURCHILL WAY ,29.100000,,,0,6230,OTHER,980.00,3,1
    138,      9,       ,       ,0 CHURCHILL WAY ,29.100000,,,5,6000,FARM,975.00,1,1
    138,      9,    100,       ,61 CHURCHILL WAY,3.210000,,,0,1010,ONE FAM,500.00,2,1
    138,      9,    100,       ,61 CHURCHILL WAY,3.210000,,,5,1010,ONE FAM,141100.00,1,1
    138,      9,    200,       ,35 CHURCHILL WAY,3.100000,,,0,1010,ONE FAM,300.00,2,1
    138,      9,    200,       ,35 CHURCHILL WAY,3.100000,,,5,1010,ONE FAM,104500.00,1,1
    138,      9,    300,       ,51 CHURCHILL WAY ,27.680000,,,0,1010,ONE FAM,500.00,2,1
    138,      9,    300,       ,51 CHURCHILL WAY ,27.680000,,,0,6000,FARM,2125.00,3,1
    138,      9,    300,       ,51 CHURCHILL WAY ,27.680000,,,0,6230,OTHER,800.00,4,1
    138,      9,    300,       ,51 CHURCHILL WAY ,27.680000,,,5,1010,ONE FAM,130700.00,1,1
    138,      9,    400,       ,57 CHURCHILL WAY ,3.350000,,,0,1010,ONE FAM,900.00,2,1
    138,      9,    400,       ,57 CHURCHILL WAY ,3.350000,,,5,1010,ONE FAM,88900.00,1,1
    138,      9,    500,       ,25 CHURCHILL WAY,3.040000,,,0,1010,ONE FAM,100.00,2,1
    138,      9,    500,       ,25 CHURCHILL WAY,3.040000,,,5,1010,ONE FAM,94100.00,1,1
    138,     10,       ,       ,63 CHURCHILL WAY,6.200000,,,0,1010,ONE FAM,8000.00,2,1
    138,     10,       ,       ,63 CHURCHILL WAY,6.200000,,,5,1010,ONE FAM,104500.00,1,1
    138,     11,       ,       ,0 CHURCHILL WAY ,60.560000,,,0,6000,FARM,3250.00,2,1
    138,     11,       ,       ,0 CHURCHILL WAY ,60.560000,,,0,6200,WET,80.00,4,1
    138,     11,       ,       ,0 CHURCHILL WAY ,60.560000,,,0,6230,OTHER,2435.00,3,1
    138,     11,       ,       ,0 CHURCHILL WAY ,60.560000,,,5,6000,FARM,975.00,1,1
    138,     12,       ,       ,79 CHURCHILL WAY ,2.710000,,,0,6230,OTHER,110.00,2,1
    138,     12,       ,       ,79 CHURCHILL WAY ,2.710000,,,5,1010,ONE FAM,269000.00,1,1
    138,     13,       ,       ,0 PATCH RD ,46.590000,,,0,6001,FARM REC,520.00,2,1
    138,     13,       ,       ,0 PATCH RD ,46.590000,,,0,6231,OTHER REC,1830.00,3,1
    138,     13,       ,       ,0 PATCH RD ,46.590000,,,5,6001,FARM REC,780.00,1,1
    138,     14,       ,       ,39 PATCH RD ,214.336100,,,,1090,MULT HS,0.00,1,2
    138,     14,       ,       ,39 PATCH RD ,214.336100,,,0,6001,FARM REC,8500.00,2,1
    138,     14,       ,       ,39 PATCH RD ,214.336100,,,0,6101,UNPROD REC,1445.00,3,1
    138,     14,       ,       ,39 PATCH RD ,214.336100,,,0,6231,OTHER REC,4815.00,4,1
    138,     14,       ,       ,39 PATCH RD ,214.336100,,,5,1090,MULT HS,84100.00,5,1
    138,     14,       ,       ,39 PATCH RD ,214.336100,,,5,1090,MULT HS,259000.00,1,1
    138,     15,       ,       ,0 CHURCHILL WAY ,28.000000,,,0,6211,WP REC,1495.00,2,1
    138,     15,       ,       ,0 CHURCHILL WAY ,28.000000,,,0,6221,HDWD REC,980.00,3,1
    138,     15,       ,       ,0 CHURCHILL WAY ,28.000000,,,5,6211,WP REC,410.00,1,1
    138,     16,       ,       ,58 CHURCHILL WAY,4.000000,,,0,1010,ONE FAM,2500.00,2,1
    138,     16,       ,       ,58 CHURCHILL WAY,4.000000,,,5,1010,ONE FAM,183000.00,1,1
    138,     17,    100,       ,0 CHURCHILL WAY ,3.050000,,,0,1300,RES LAND,100.00,2,1
    138,     17,    100,       ,0 CHURCHILL WAY ,3.050000,,,5,1300,RES LAND,99300.00,1,1
    138,     17,    200,       ,50 CHURCHILL WAY ,19.800000,,,0,6000,FARM,1065.00,2,1
    138,     17,    200,       ,50 CHURCHILL WAY ,19.800000,,,0,6230,OTHER,670.00,3,1
    138,     17,    200,       ,50 CHURCHILL WAY ,19.800000,,,5,1010,ONE FAM,99800.00,1,1
    138,     18,       ,       ,22 CHURCHILL WAY,4.100000,,,0,1010,ONE FAM,2800.00,2,1
    138,     18,       ,       ,22 CHURCHILL WAY,4.100000,,,5,1010,ONE FAM,104500.00,1,1
    138,     19,       ,       ,14 CHURCHILL WAY ,2.000000,,,5,1010,ONE FAM,106300.00,1,1
    138,     20,       ,       ,295 MERIDEN RD,1.900000,,,5,1010,ONE FAM,100400.00,1,1
    138,     22,       ,       ,297 MERIDEN RD ,1.380005,,,5,1010,ONE FAM,97100.00,1,1
    138,     23,       ,       ,299 MERIDEN RD ,2.500005,,,0,6230,OTHER,60.00,2,1
    138,     23,       ,       ,299 MERIDEN RD ,2.500005,,,5,1010,ONE FAM,85700.00,1,1
    138,     24,       ,       ,0 MERIDEN RD ,9.040000,,,0,1300,RES LAND,7200.00,1,1
    138,     24,       ,       ,0 MERIDEN RD ,9.040000,,,0,6230,OTHER,165.00,3,1
    138,     24,       ,       ,0 MERIDEN RD ,9.040000,,,0,6230,OTHER,310.00,2,1
    138,     25,       ,       ,301 MERIDEN RD ,2.300000,,,5,1010,ONE FAM,100500.00,1,1
    138,     26,       ,       ,15 CHURCHILL WAY,6.930000,,,0,1010,ONE FAM,5100.00,2,1
    138,     26,       ,       ,15 CHURCHILL WAY,6.930000,,,5,1010,ONE FAM,60600.00,1,1
    138,     27,       ,       ,00 LAPLANTE RD ,11.110000,,,0,6001,FARM REC,1040.00,2,1
    138,     27,       ,       ,00 LAPLANTE RD ,11.110000,,,0,6211,WP REC,750.00,3,1
    138,     27,       ,       ,00 LAPLANTE RD ,11.110000,,,5,6001,FARM REC,260.00,1,1
    140,      1,       ,       ,0 PATCH RD,5.700000,,,0,6230,OTHER,85.00,2,1
    140,      1,       ,       ,0 PATCH RD,5.700000,,,5,6230,OTHER,95.00,1,1
    140,      2,       ,       ,0 STONEY BROOK RD ,28.670000,,,0,6231,OTHER REC,1025.00,2,1
    140,      2,       ,       ,0 STONEY BROOK RD ,28.670000,,,5,6231,OTHER REC,120.00,1,1
    140,      3,       ,       ,126 STONEY BROOK RD,3.600000,,,0,1010,ONE FAM,1100.00,2,1
    140,      3,       ,       ,126 STONEY BROOK RD,3.600000,,,5,1010,ONE FAM,94100.00,1,1
    140,      4,       ,       ,122 STONEY BROOK RD,3.000000,,,5,1010,ONE FAM,86700.00,1,1
    140,      5,       ,       ,128 STONEY BROOK RD ,37.400000,,,0,6001,FARM REC,5720.00,2,1
    140,      5,       ,       ,128 STONEY BROOK RD ,37.400000,,,0,6211,WP REC,815.00,3,1
    140,      5,       ,       ,128 STONEY BROOK RD ,37.400000,,,0,6221,HDWD REC,450.00,4,1
    140,      5,       ,       ,128 STONEY BROOK RD ,37.400000,,,5,1040,2 FAMILY,89400.00,1,1
    140,      6,       ,       ,0 STONEY BROOK RD,127.800000,,,0,6230,OTHER,6865.00,2,1
    140,      6,       ,       ,0 STONEY BROOK RD,127.800000,,,5,6230,OTHER,165.00,1,1
    140,      7,       ,       ,32 FURLOW  LA ,118.000000,,,0,1010,ONE FAM,34400.00,2,1
    140,      7,       ,       ,32 FURLOW  LA ,118.000000,,,0,6231,OTHER REC,3920.00,3,1
    140,      7,       ,       ,32 FURLOW  LA ,118.000000,,,5,1010,ONE FAM,232900.00,1,1
    140,      8,       ,       ,0 EASTMAN HILL RD ,49.870000,,,0,6000,FARM,450.00,2,1
    140,      8,       ,       ,0 EASTMAN HILL RD ,49.870000,,,5,6000,FARM,675.00,1,1
    140,      8,       ,       ,0 EASTMAN HILL RD ,49.870000,,,5,6230,OTHER,1840.00,3,1
    140,      9,       ,       ,0 EASTMAN HILL RD ,10.000000,,,0,6000,FARM,975.00,2,1
    140,      9,       ,       ,0 EASTMAN HILL RD ,10.000000,,,0,6230,OTHER,165.00,3,1
    140,      9,       ,       ,0 EASTMAN HILL RD ,10.000000,,,5,6000,FARM,975.00,1,1
    140,     10,       ,       ,98-100 EASTMAN HILL RD ,20.000000,,,,1090,MULT HS,0.00,1,2
    140,     10,       ,       ,98-100 EASTMAN HILL RD ,20.000000,,,0,6201,WET REC,20.00,5,1
    140,     10,       ,       ,98-100 EASTMAN HILL RD ,20.000000,,,0,6211,WP REC,655.00,3,1
    140,     10,       ,       ,98-100 EASTMAN HILL RD ,20.000000,,,0,6221,HDWD REC,560.00,2,1
    140,     10,       ,       ,98-100 EASTMAN HILL RD ,20.000000,,,0,6231,OTHER REC,140.00,4,1
    140,     10,       ,       ,98-100 EASTMAN HILL RD ,20.000000,,,5,1090,MULT HS,127000.00,1,1
    140,     10,    100,       ,106 EASTMAN HILL RD,6.500000,,,0,1010,ONE FAM,7500.00,2,1
    140,     10,    100,       ,106 EASTMAN HILL RD,6.500000,,,5,1010,ONE FAM,211700.00,1,1
    140,     11,       ,       ,0 EASTMAN HILL RD,35.500000,,,0,6230,OTHER,1335.00,2,1
    140,     11,       ,       ,0 EASTMAN HILL RD,35.500000,,,5,6230,OTHER,125.00,1,1
    142,      1,       ,       ,109 EASTMAN HILL RD ,26.500000,,,0,6230,OTHER,60.00,2,1
    142,      1,       ,       ,109 EASTMAN HILL RD ,26.500000,,,0,6230,OTHER,965.00,3,1
    142,      1,       ,       ,109 EASTMAN HILL RD ,26.500000,,,5,1010,ONE FAM,264200.00,1,1
    142,      2,       ,       ,0 EASTMAN HILL RD,10.750000,,,0,6230,OTHER,425.00,2,1
    142,      2,       ,       ,0 EASTMAN HILL RD,10.750000,,,5,6230,OTHER,165.00,1,1
    145,      1,       ,       ,21 TECHNOLOGY DR ,2.030000,,,0,4010,IND WHSE,2800.00,2,1
    145,      1,       ,       ,21 TECHNOLOGY DR ,2.030000,,,C,4010,IND WHSE,562100.00,1,1
    145,      3,       ,       ,9 TECHNOLOGY DR ,14.110000,,,0,4000,FACTORY,,1,3
    145,      3,       ,       ,9 TECHNOLOGY DR ,14.110000,,,0,400C,FACTORY-Comm,,1,2
    145,      3,       ,       ,9 TECHNOLOGY DR ,14.110000,,,0,400C,FACTORY-Comm,341700.00,2,1
    145,      3,       ,       ,9 TECHNOLOGY DR ,14.110000,,,C,400C,FACTORY-Comm,2866500.00,1,1
    145,      4,       ,       ,10 TECHNOLOGY DR ,2.070000,,,0,3160,COMMWHSE,6400.00,2,1
    145,      4,       ,       ,10 TECHNOLOGY DR ,2.070000,,,C,3160,COMMWHSE,562100.00,1,1
    145,      5,       ,       ,12 COMMERCE AVE,2.070000,,,0,340I,OFFICE-Ind,52400.00,2,1
    145,      5,       ,       ,12 COMMERCE AVE,2.070000,,,C,340I,OFFICE-Ind,421500.00,1,1
    145,      6,       ,       ,8 COMMERCE AVE,2.070000,,,0,3160,COMMWHSE,52400.00,2,1
    145,      6,       ,       ,8 COMMERCE AVE,2.070000,,,C,3160,COMMWHSE,421500.00,1,1
    145,      7,       ,       ,66 AIRPARK RD,2.480000,,,0,3160,COMMWHSE,44200.00,2,1
    145,      7,       ,       ,66 AIRPARK RD,2.480000,,,C,3160,COMMWHSE,562100.00,1,1
    145,      8,       ,       ,20 AIRPARK RD,2.000000,,,C,3160,COMMWHSE,562100.00,1,1
    145,      9,       ,       ,5 COMMERCE AVE,3.500000,,,0,4010,IND WHSE,100900.00,2,1
    145,      9,       ,       ,5 COMMERCE AVE,3.500000,,,C,4010,IND WHSE,562100.00,1,1
    145,     10,       ,       ,7 COMMERCE AVE ,3.080000,,,0,3160,COMMWHSE,130800.00,2,1
    145,     10,       ,       ,7 COMMERCE AVE ,3.080000,,,C,3160,COMMWHSE,421500.00,1,1
    145,     11,       ,       ,11 COMMERCE AVE,2.100000,,,0,3160,COMMWHSE,55200.00,2,1
    145,     11,       ,       ,11 COMMERCE AVE,2.100000,,,C,3160,COMMWHSE,421500.00,1,1
    145,     12,       ,       ,19 TECHNOLOGY DR,4.120000,,,0,3160,COMMWHSE,82800.00,2,1
    145,     12,       ,       ,19 TECHNOLOGY DR,4.120000,,,0,3160,COMMWHSE,92700.00,3,1
    145,     12,       ,       ,19 TECHNOLOGY DR,4.120000,,,C,3160,COMMWHSE,562100.00,1,1
    157,      1,       ,       ,386 PLAINFIELD RD ,23.300000,,,0,410V,SANDGRVL-Vac,27000.00,2,1
    157,      1,       ,       ,386 PLAINFIELD RD ,23.300000,,,C,410V,SANDGRVL-Vac,2309300.00,1,1
    157,      2,       ,       ,384 PLAINFIELD RD ,1.500000,,,0,340I,OFFICE-Ind,,1,2
    157,      2,       ,       ,384 PLAINFIELD RD ,1.500000,,,C,3400,OFFICE,366600.00,1,1
    157,      3,       ,       ,370 PLAINFIELD RD,99.800000,,,0,903C,MUNICPAL-Comm,,1,4
    157,      3,       ,       ,370 PLAINFIELD RD,99.800000,,,0,903I,MUNICPAL-Ind,,1,2
    157,      3,       ,       ,370 PLAINFIELD RD,99.800000,,,0,903I,MUNICPAL-Ind,,1,3
    157,      3,       ,       ,370 PLAINFIELD RD,99.800000,,,0,903I,MUNICPAL-Ind,129400.00,3,1
    157,      3,       ,       ,370 PLAINFIELD RD,99.800000,,,0,903I,MUNICPAL-Ind,780000.00,2,1
    157,      3,       ,       ,370 PLAINFIELD RD,99.800000,,,C,903I,MUNICPAL-Ind,4887400.00,1,1
    157,      3,    100,       ,0 PLAINFIELD RD ,29.400000,,,0,4010,IND WHSE,141000.00,2,1
    157,      3,    100,       ,0 PLAINFIELD RD ,29.400000,,,5,4010,IND WHSE,184700.00,1,1
    157,      3,    200,       ,370 PLAINFIELD RD ,0.000000,,,C,9030,MUNICPAL,,1,1
    157,      4,       ,       ,301 PLAINFIELD RD ,2.480005,,,C,401V,IND WHSE-Vac,303000.00,1,1
    157,      5,       ,       ,335 PLAINFIELD RD ,323.530000,,,0,4120,QUARRY,147500.00,3,1
    157,      5,       ,       ,335 PLAINFIELD RD ,323.530000,,,0,4120,QUARRY,3198800.00,2,1
    157,      5,       ,       ,335 PLAINFIELD RD ,323.530000,,,5,6100,UNPROD,1015.00,5,1
    157,      5,       ,       ,335 PLAINFIELD RD ,323.530000,,,5,6220,HDWD,9780.00,4,1
    157,      5,       ,       ,335 PLAINFIELD RD ,323.530000,,,C,4120,QUARRY,3360100.00,1,1
    157,      6,       ,       ,365 PLAINFIELD RD ,19.700000,,,0,401C,IND WHSE-Comm,,1,2
    157,      6,       ,       ,365 PLAINFIELD RD ,19.700000,,,0,401C,IND WHSE-Comm,,1,3
    157,      6,       ,       ,365 PLAINFIELD RD ,19.700000,,,0,6220,HDWD,1120.00,2,1
    157,      6,       ,       ,365 PLAINFIELD RD ,19.700000,,,C,4010,IND WHSE,855300.00,1,1
    157,      8,       ,       ,11 TRUES BROOK RD ,1.910000,,,5,1010,ONE FAM,80300.00,1,1
    157,      9,       ,       ,17 TRUES BROOK RD,1.180000,,,5,1010,ONE FAM,69000.00,1,1
    157,     10,       ,       ,40 TRUES BROOK RD,2.039991,,,5,1010,ONE FAM,68600.00,1,1
    157,     11,       ,       ,34 TRUES BROOK RD,2.000000,,,5,1010,ONE FAM,72700.00,1,1
    157,     12,       ,       ,409 PLAINFIELD RD,2.180000,,,5,1010,ONE FAM,64400.00,1,1
    157,     13,       ,       ,415 PLAINFIELD RD ,2.080005,,,5,1010,ONE FAM,72600.00,1,1
    159,      1,       ,       ,53 TRUES BROOK RD ,38.850000,,,0,6000,FARM,520.00,2,1
    159,      1,       ,       ,53 TRUES BROOK RD ,38.850000,,,0,6000,FARM,2550.00,3,1
    159,      1,       ,       ,53 TRUES BROOK RD ,38.850000,,,0,6210,PINE,1700.00,4,1
    159,      1,       ,       ,53 TRUES BROOK RD ,38.850000,,,0,6220,HDWD,1320.00,5,1
    159,      1,       ,       ,53 TRUES BROOK RD ,38.850000,,,0,6230,OTHER,165.00,6,1
    159,      1,       ,       ,53 TRUES BROOK RD ,38.850000,,,5,1010,ONE FAM,122800.00,1,1
    159,      2,       ,       ,3 HALL RD ,0.910000,,,5,1010,ONE FAM,71700.00,1,1
    159,      3,       ,       ,17 HALL RD ,40.400000,,,0,6000,FARM,1950.00,2,1
    159,      3,       ,       ,17 HALL RD ,40.400000,,,0,6130,M OTHER,1070.00,3,1
    159,      3,       ,       ,17 HALL RD ,40.400000,,,0,6200,WET,25.00,4,1
    159,      3,       ,       ,17 HALL RD ,40.400000,,,5,1010,ONE FAM,79800.00,1,1
    159,      4,       ,       ,0 AIRPARK RD ,46.123000,,,0,9030,MUNICPAL,327200.00,2,1
    159,      4,       ,       ,0 AIRPARK RD ,46.123000,,,0,9030,MUNICPAL,613800.00,3,1
    159,      4,       ,       ,0 AIRPARK RD ,46.123000,,,C,9030,MUNICPAL,1124100.00,1,1
    159,      4,    100,       ,0 AIRPARK RD ,2.217000,,,0,9030,MUNICPAL,22400.00,2,1
    159,      4,    100,       ,0 AIRPARK RD ,2.217000,,,C,9030,MUNICPAL,5600.00,1,1
    159,      5,       ,       ,38 HALL RD,5.010000,,,0,1010,ONE FAM,4000.00,2,1
    159,      5,       ,       ,38 HALL RD,5.010000,,,5,1010,ONE FAM,83600.00,1,1
    159,      6,       ,       ,0 HALL RD ,123.300000,,,0,6000,FARM,7705.00,2,1
    159,      6,       ,       ,0 HALL RD ,123.300000,,,0,6110,M PINE,7215.00,5,1
    159,      6,       ,       ,0 HALL RD ,123.300000,,,0,6130,M OTHER,330.00,4,1
    159,      6,       ,       ,0 HALL RD ,123.300000,,,0,6200,WET,240.00,3,1
    159,      6,       ,       ,0 HALL RD ,123.300000,,,5,1010,ONE FAM,94800.00,1,1
    159,      7,       ,       ,0 HALL RD,119.500000,,,0,9030,MUNICPAL,117900.00,2,1
    159,      7,       ,       ,0 HALL RD,119.500000,,,C,9030,MUNICPAL,337200.00,1,1
    159,      8,       ,       ,10 HALL RD ,2.000000,,,5,1010,ONE FAM,85000.00,1,1
    159,      9,       ,       ,48 TRUES BROOK RD,6.990000,,,0,1010,ONE FAM,8000.00,2,1
    159,      9,       ,       ,48 TRUES BROOK RD,6.990000,,,5,1010,ONE FAM,71500.00,1,1
    159,     10,       ,       ,44 TRUES BROOK RD,1.719995,,,5,1010,ONE FAM,71400.00,1,1
    161,      1,       ,       ,254 POVERTY LN,2.650000,,,5,1010,ONE FAM,117300.00,1,1
    161,      2,       ,       ,248 POVERTY LN,2.550000,,,0,1010,ONE FAM,4500.00,2,1
    161,      2,       ,       ,248 POVERTY LN,2.550000,,,5,1010,ONE FAM,114700.00,1,1
    161,      3,       ,       ,0 POVERTY LN ,180.320000,,,0,6201,WET REC,190.00,2,1
    161,      3,       ,       ,0 POVERTY LN ,180.320000,,,0,6231,OTHER REC,6695.00,3,1
    161,      3,       ,       ,0 POVERTY LN ,180.320000,,,5,6201,WET REC,55.00,1,1
    161,      4,       ,       ,0 POVERTY LN ,24.240000,,,0,6120,M HDWD,690.00,3,1
    161,      4,       ,       ,0 POVERTY LN ,24.240000,,,0,6130,M OTHER,110.00,4,1
    161,      4,       ,       ,0 POVERTY LN ,24.240000,,,0,6200,WET,30.00,2,1
    161,      4,       ,       ,0 POVERTY LN ,24.240000,,,5,6200,WET,70.00,1,1
    161,      5,       ,       ,0 POVERTY LN ,26.060000,,,0,6220,HDWD,1230.00,2,1
    161,      5,       ,       ,0 POVERTY LN ,26.060000,,,0,6230,OTHER,500.00,3,1
    161,      5,       ,       ,0 POVERTY LN ,26.060000,,,5,6210,PINE,510.00,1,1
    161,      6,       ,       ,218 POVERTY LN,2.050000,,,0,1010,ONE FAM,3000.00,2,1
    161,      6,       ,       ,218 POVERTY LN,2.050000,,,5,1010,ONE FAM,114700.00,1,1
    161,      7,       ,       ,212 POVERTY LN,2.010000,,,0,1010,ONE FAM,2900.00,2,1
    161,      7,       ,       ,212 POVERTY LN,2.010000,,,5,1010,ONE FAM,114700.00,1,1
    161,      8,       ,       ,204 POVERTY LN,3.290000,,,0,1010,ONE FAM,800.00,3,1
    161,      8,       ,       ,204 POVERTY LN,3.290000,,,0,1010,ONE FAM,5800.00,2,1
    161,      8,       ,       ,204 POVERTY LN,3.290000,,,5,1010,ONE FAM,114700.00,1,1
    161,      9,       ,       ,0 POVERTY LN,0.470000,,,C,9030,MUNICPAL,11200.00,1,1
    161,     10,       ,       ,198 POVERTY LN ,3.000000,,,5,1050,3 FAMILY,108200.00,1,1
    161,     11,       ,       ,192 POVERTY LN,2.000000,,,5,1010,ONE FAM,113700.00,1,1
    161,     12,       ,       ,188 POVERTY LN ,2.000000,,,5,1010,ONE FAM,113700.00,1,1
    161,     13,       ,       ,185 POVERTY LN,7.100000,,,0,1010,ONE FAM,7000.00,2,1
    161,     13,       ,       ,185 POVERTY LN,7.100000,,,5,1010,ONE FAM,100500.00,1,1
    161,     14,       ,       ,183 POVERTY LN,5.000000,,,0,1010,ONE FAM,4400.00,2,1
    161,     14,       ,       ,183 POVERTY LN,5.000000,,,5,1010,ONE FAM,102800.00,1,1
    161,     15,       ,       ,189 POVERTY LN,1.500000,,,5,1010,ONE FAM,112500.00,1,1
    161,     16,       ,       ,187 POVERTY LN,4.500000,,,0,1010,ONE FAM,1100.00,2,1
    161,     16,       ,       ,187 POVERTY LN,4.500000,,,5,1010,ONE FAM,100600.00,1,1
    161,     17,       ,       ,5 FOLIAGE VIEW RD ,2.800000,,,0,1010,ONE FAM,5200.00,2,1
    161,     17,       ,       ,5 FOLIAGE VIEW RD ,2.800000,,,5,1010,ONE FAM,114700.00,1,1
    161,     18,       ,       ,11 FOLIAGE VIEW RD,3.100000,,,0,1010,ONE FAM,6000.00,2,1
    161,     18,       ,       ,11 FOLIAGE VIEW RD,3.100000,,,5,1010,ONE FAM,114700.00,1,1
    161,     19,       ,       ,15 FOLIAGE VIEW RD,2.000000,,,0,1010,ONE FAM,2900.00,2,1
    161,     19,       ,       ,15 FOLIAGE VIEW RD,2.000000,,,5,1010,ONE FAM,114700.00,1,1
    161,     20,       ,       ,21 FOLIAGE VIEW RD,2.100000,,,0,1010,ONE FAM,3200.00,2,1
    161,     20,       ,       ,21 FOLIAGE VIEW RD,2.100000,,,5,1010,ONE FAM,114700.00,1,1
    161,     21,       ,       ,27 FOLIAGE VIEW RD,2.200000,,,0,1010,ONE FAM,3500.00,2,1
    161,     21,       ,       ,27 FOLIAGE VIEW RD,2.200000,,,5,1010,ONE FAM,114700.00,1,1
    161,     22,       ,       ,33 FOLIAGE VIEW RD ,2.300000,,,0,1010,ONE FAM,3700.00,2,1
    161,     22,       ,       ,33 FOLIAGE VIEW RD ,2.300000,,,5,1010,ONE FAM,114700.00,1,1
    161,     23,       ,       ,15 ROLLING RIDGE RD ,3.100000,,,0,1010,ONE FAM,300.00,3,1
    161,     23,       ,       ,15 ROLLING RIDGE RD ,3.100000,,,0,1010,ONE FAM,5800.00,2,1
    161,     23,       ,       ,15 ROLLING RIDGE RD ,3.100000,,,5,1010,ONE FAM,114700.00,1,1
    161,     24,       ,       ,27 ROLLING RIDGE RD,3.300000,,,0,1010,ONE FAM,900.00,3,1
    161,     24,       ,       ,27 ROLLING RIDGE RD,3.300000,,,0,1010,ONE FAM,5800.00,2,1
    161,     24,       ,       ,27 ROLLING RIDGE RD,3.300000,,,5,1010,ONE FAM,114700.00,1,1
    161,     25,       ,       ,31 ROLLING RIDGE RD ,5.590000,,,0,1010,ONE FAM,5800.00,2,1
    161,     25,       ,       ,31 ROLLING RIDGE RD ,5.590000,,,0,1010,ONE FAM,7400.00,3,1
    161,     25,       ,       ,31 ROLLING RIDGE RD ,5.590000,,,5,1010,ONE FAM,143400.00,1,1
    161,     26,       ,       ,33 ROLLING RIDGE RD,4.500000,,,0,1010,ONE FAM,4300.00,3,1
    161,     26,       ,       ,33 ROLLING RIDGE RD,4.500000,,,0,1010,ONE FAM,5800.00,2,1
    161,     26,       ,       ,33 ROLLING RIDGE RD,4.500000,,,5,1010,ONE FAM,200800.00,1,1
    161,     27,       ,       ,37 ROLLING RIDGE RD,4.300000,,,0,1010,ONE FAM,9500.00,2,1
    161,     27,       ,       ,37 ROLLING RIDGE RD,4.300000,,,5,1010,ONE FAM,114700.00,1,1
    161,     28,       ,       ,34 ROLLING RIDGE RD ,4.100000,,,0,1010,ONE FAM,3200.00,3,1
    161,     28,       ,       ,34 ROLLING RIDGE RD ,4.100000,,,0,1010,ONE FAM,5800.00,2,1
    161,     28,       ,       ,34 ROLLING RIDGE RD ,4.100000,,,5,1010,ONE FAM,114700.00,1,1
    161,     29,       ,       ,18 ROLLING RIDGE RD,2.000000,,,0,1010,ONE FAM,2900.00,2,1
    161,     29,       ,       ,18 ROLLING RIDGE RD,2.000000,,,5,1010,ONE FAM,114700.00,1,1
    161,     30,       ,       ,3 MAPLE HILL RD,2.100000,,,0,1010,ONE FAM,3200.00,2,1
    161,     30,       ,       ,3 MAPLE HILL RD,2.100000,,,5,1010,ONE FAM,114700.00,1,1
    161,     31,       ,       ,7 MAPLE HILL RD,2.400000,,,0,1010,ONE FAM,4000.00,2,1
    161,     31,       ,       ,7 MAPLE HILL RD,2.400000,,,5,1010,ONE FAM,98100.00,1,1
    161,     32,       ,       ,8 MAPLE HILL RD,2.200000,,,0,1010,ONE FAM,3500.00,2,1
    161,     32,       ,       ,8 MAPLE HILL RD,2.200000,,,5,1010,ONE FAM,114700.00,1,1
    161,     33,       ,       ,4 MAPLE HILL RD,2.000000,,,0,1010,ONE FAM,2600.00,2,1
    161,     33,       ,       ,4 MAPLE HILL RD,2.000000,,,5,1010,ONE FAM,103200.00,1,1
    161,     34,       ,       ,41 FOLIAGE VIEW RD ,2.000000,,,0,1010,ONE FAM,300.00,2,1
    161,     34,       ,       ,41 FOLIAGE VIEW RD ,2.000000,,,5,1010,ONE FAM,103200.00,1,1
    161,     35,       ,       ,45 FOLIAGE VIEW RD,2.200000,,,5,1010,ONE FAM,121800.00,1,1
    161,     36,       ,       ,51 FOLIAGE VIEW RD,2.000000,,,0,1010,ONE FAM,2900.00,2,1
    161,     36,       ,       ,51 FOLIAGE VIEW RD,2.000000,,,5,1010,ONE FAM,114700.00,1,1
    161,     37,       ,       ,55 FOLIAGE VIEW RD,2.000000,,,0,1010,ONE FAM,2900.00,2,1
    161,     37,       ,       ,55 FOLIAGE VIEW RD,2.000000,,,5,1010,ONE FAM,114700.00,1,1
    161,     38,       ,       ,58 FOLIAGE VIEW RD,2.000000,,,0,1010,ONE FAM,2900.00,2,1
    161,     38,       ,       ,58 FOLIAGE VIEW RD,2.000000,,,5,1010,ONE FAM,114700.00,1,1
    161,     39,       ,       ,50 FOLIAGE VIEW RD,2.050000,,,0,1010,ONE FAM,3000.00,2,1
    161,     39,       ,       ,50 FOLIAGE VIEW RD,2.050000,,,5,1010,ONE FAM,114700.00,1,1
    161,     40,       ,       ,42 FOLIAGE VIEW RD,2.100000,,,5,1010,ONE FAM,122000.00,1,1
    161,     41,       ,       ,36 FOLIAGE VIEW RD ,2.600000,,,0,1010,ONE FAM,4600.00,2,1
    161,     41,       ,       ,36 FOLIAGE VIEW RD ,2.600000,,,5,1010,ONE FAM,114700.00,1,1
    161,     42,       ,       ,7 MOSS RD,2.400000,,,0,1010,ONE FAM,4000.00,2,1
    161,     42,       ,       ,7 MOSS RD,2.400000,,,5,1010,ONE FAM,114700.00,1,1
    161,     43,       ,       ,15 MOSS RD,2.100000,,,0,1010,ONE FAM,3200.00,2,1
    161,     43,       ,       ,15 MOSS RD,2.100000,,,5,1010,ONE FAM,114700.00,1,1
    161,     44,       ,       ,19 MOSS RD,2.100000,,,0,1010,ONE FAM,3200.00,2,1
    161,     44,       ,       ,19 MOSS RD,2.100000,,,5,1010,ONE FAM,114700.00,1,1
    161,     45,       ,       ,25 MOSS RD ,2.100000,,,0,1010,ONE FAM,3200.00,2,1
    161,     45,       ,       ,25 MOSS RD ,2.100000,,,5,1010,ONE FAM,97500.00,1,1
    161,     46,       ,       ,31 MOSS RD,2.000000,,,0,1010,ONE FAM,2900.00,2,1
    161,     46,       ,       ,31 MOSS RD,2.000000,,,5,1010,ONE FAM,109000.00,1,1
    161,     47,       ,       ,35 MOSS RD,2.000000,,,0,1010,ONE FAM,2900.00,2,1
    161,     47,       ,       ,35 MOSS RD,2.000000,,,5,1010,ONE FAM,114700.00,1,1
    161,     48,       ,       ,11 DEER RUN LN,2.000000,,,0,1010,ONE FAM,2900.00,2,1
    161,     48,       ,       ,11 DEER RUN LN,2.000000,,,5,1010,ONE FAM,114700.00,1,1
    161,     49,       ,       ,21 DEER RUN LN,2.200000,,,0,1010,ONE FAM,3500.00,2,1
    161,     49,       ,       ,21 DEER RUN LN,2.200000,,,5,1010,ONE FAM,114700.00,1,1
    161,     50,       ,       ,22 DEER RUN LN,2.100000,,,0,1010,ONE FAM,3200.00,2,1
    161,     50,       ,       ,22 DEER RUN LN,2.100000,,,5,1010,ONE FAM,114700.00,1,1
    161,     51,       ,       ,14 DEER RUN LN,2.100000,,,0,1010,ONE FAM,3200.00,2,1
    161,     51,       ,       ,14 DEER RUN LN,2.100000,,,5,1010,ONE FAM,114700.00,1,1
    161,     52,       ,       ,9 STONE HILL RD,2.000000,,,0,1010,ONE FAM,2900.00,2,1
    161,     52,       ,       ,9 STONE HILL RD,2.000000,,,5,1010,ONE FAM,114700.00,1,1
    161,     53,       ,       ,36 MOSS RD,2.000000,,,0,1010,ONE FAM,2900.00,2,1
    161,     53,       ,       ,36 MOSS RD,2.000000,,,5,1010,ONE FAM,114700.00,1,1
    161,     54,       ,       ,30 MOSS RD,2.200000,,,0,1010,ONE FAM,3500.00,2,1
    161,     54,       ,       ,30 MOSS RD,2.200000,,,5,1010,ONE FAM,114700.00,1,1
    161,     55,       ,       ,0 MOSS RD,3.500000,,,0,9030,MUNICPAL,7200.00,2,1
    161,     55,       ,       ,0 MOSS RD,3.500000,,,C,9030,MUNICPAL,281000.00,1,1
    161,     56,       ,       ,16 MOSS RD,2.000000,,,0,1010,ONE FAM,1400.00,2,1
    161,     56,       ,       ,16 MOSS RD,2.000000,,,5,1010,ONE FAM,114700.00,1,1
    161,     57,       ,       ,8 MOSS RD ,2.100000,,,0,1010,ONE FAM,3200.00,2,1
    161,     57,       ,       ,8 MOSS RD ,2.100000,,,5,1010,ONE FAM,114700.00,1,1
    161,     58,       ,       ,209 POVERTY LN,2.500000,,,0,1010,ONE FAM,4300.00,2,1
    161,     58,       ,       ,209 POVERTY LN,2.500000,,,5,1010,ONE FAM,114700.00,1,1
    161,     59,       ,       ,10 FOLIAGE VIEW RD,2.200000,,,0,1010,ONE FAM,3500.00,2,1
    161,     59,       ,       ,10 FOLIAGE VIEW RD,2.200000,,,5,1010,ONE FAM,114700.00,1,1
    161,     60,       ,       ,213 POVERTY LN,2.000000,,,0,1010,ONE FAM,2900.00,2,1
    161,     60,       ,       ,213 POVERTY LN,2.000000,,,5,1010,ONE FAM,114700.00,1,1
    161,     61,       ,       ,217 POVERTY LN,2.000000,,,0,1010,ONE FAM,2900.00,2,1
    161,     61,       ,       ,217 POVERTY LN,2.000000,,,5,1010,ONE FAM,114700.00,1,1
    161,     62,       ,       ,223 POVERTY LN,2.000000,,,0,1010,ONE FAM,2900.00,2,1
    161,     62,       ,       ,223 POVERTY LN,2.000000,,,5,1010,ONE FAM,114700.00,1,1
    161,     63,       ,       ,229 POVERTY LN,2.000000,,,0,1010,ONE FAM,2900.00,2,1
    161,     63,       ,       ,229 POVERTY LN,2.000000,,,5,1010,ONE FAM,114700.00,1,1
    161,     64,       ,       ,235 POVERTY LN,2.000000,,,0,1010,ONE FAM,2900.00,2,1
    161,     64,       ,       ,235 POVERTY LN,2.000000,,,5,1010,ONE FAM,114700.00,1,1
    161,     65,       ,       ,241 POVERTY LN ,3.200000,,,0,9550,CONDO MSTR,600.00,2,1
    161,     65,       ,       ,241 POVERTY LN ,3.200000,,,0,9550,CONDO MSTR,276000.00,3,1
    161,     65,       ,       ,241 POVERTY LN ,3.200000,,,C,9550,CONDO MSTR,1686200.00,1,1
    161,     65,    100,       ,241 POVERTY LN 1,0.000000,,,5,1020,CONDO,,1,1
    161,     65,    300,       ,241 POVERTY LN 3,0.000000,,,5,1020,CONDO,,1,1
    161,     65,    400,       ,241 POVERTY LN 4,0.000000,,,5,1020,CONDO,,1,1
    161,     65,    500,       ,241 POVERTY LN 5,0.000000,,,5,1020,CONDO,,1,1
    161,     65,    600,       ,241 POVERTY LN 6,0.000000,,,5,1020,CONDO,,1,1
    161,     66,       ,       ,5 STONE HILL RD,1.500000,,,0,1010,ONE FAM,1400.00,2,1
    161,     66,       ,       ,5 STONE HILL RD,1.500000,,,5,1010,ONE FAM,114700.00,1,1
    163,      1,       ,       ,503 POVERTY LN,3.190000,,,0,1010,ONE FAM,500.00,3,1
    163,      1,       ,       ,503 POVERTY LN,3.190000,,,0,1010,ONE FAM,5800.00,2,1
    163,      1,       ,       ,503 POVERTY LN,3.190000,,,5,1010,ONE FAM,114700.00,1,1
    163,      2,       ,       ,0 POVERTY LN ,106.900000,,,0,6000,FARM,1205.00,2,1
    163,      2,       ,       ,0 POVERTY LN ,106.900000,,,0,6200,WET,95.00,6,1
    163,      2,       ,       ,0 POVERTY LN ,106.900000,,,0,6210,PINE,4125.00,3,1
    163,      2,       ,       ,0 POVERTY LN ,106.900000,,,0,6220,HDWD,4575.00,4,1
    163,      2,       ,       ,0 POVERTY LN ,106.900000,,,0,6230,OTHER,245.00,5,1
    163,      2,       ,       ,0 POVERTY LN ,106.900000,,,5,6000,FARM,975.00,1,1
    163,      3,       ,       ,200 SLAYTON HILL RD,7.260000,,,0,1010,ONE FAM,5200.00,2,1
    163,      3,       ,       ,200 SLAYTON HILL RD,7.260000,,,0,1010,ONE FAM,11000.00,3,1
    163,      3,       ,       ,200 SLAYTON HILL RD,7.260000,,,5,1010,ONE FAM,143400.00,1,1
    163,      4,       ,       ,198 SLAYTON HILL RD,5.630000,,,0,1010,ONE FAM,5800.00,2,1
    163,      4,       ,       ,198 SLAYTON HILL RD,5.630000,,,0,1010,ONE FAM,7600.00,3,1
    163,      4,       ,       ,198 SLAYTON HILL RD,5.630000,,,5,1010,ONE FAM,114700.00,1,1
    163,      5,       ,       ,192 SLAYTON HILL RD ,3.150000,,,0,1010,ONE FAM,400.00,2,1
    163,      5,       ,       ,192 SLAYTON HILL RD ,3.150000,,,5,1010,ONE FAM,120200.00,1,1
    163,      6,    100,       ,14 MARIES WAY ,6.210000,,,0,1010,ONE FAM,7500.00,2,1
    163,      6,    100,       ,14 MARIES WAY ,6.210000,,,5,1010,ONE FAM,180700.00,1,1
    163,      7,       ,       ,6 MARIES WAY,3.000000,,,0,1010,ONE FAM,2600.00,2,1
    163,      7,       ,       ,6 MARIES WAY,3.000000,,,5,1010,ONE FAM,82600.00,1,1
    163,      8,       ,       ,0 SLAYTON HILL RD,1.480000,,,0,1320,UNDEV,700.00,2,1
    163,      8,       ,       ,0 SLAYTON HILL RD,1.480000,,,5,1320,UNDEV,5700.00,1,1
    163,      9,       ,       ,169 SLAYTON HILL RD,10.190000,,,0,1010,ONE FAM,5200.00,2,1
    163,      9,       ,       ,169 SLAYTON HILL RD,10.190000,,,0,1010,ONE FAM,18600.00,3,1
    163,      9,       ,       ,169 SLAYTON HILL RD,10.190000,,,5,1010,ONE FAM,114700.00,1,1
    163,     10,       ,       ,171 SLAYTON HILL RD,5.030000,,,0,1010,ONE FAM,5800.00,2,1
    163,     10,       ,       ,171 SLAYTON HILL RD,5.030000,,,0,1010,ONE FAM,5800.00,3,1
    163,     10,       ,       ,171 SLAYTON HILL RD,5.030000,,,5,1010,ONE FAM,114700.00,1,1
    163,     11,       ,       ,183 SLAYTON HILL RD,3.200000,,,0,1010,ONE FAM,600.00,3,1
    163,     11,       ,       ,183 SLAYTON HILL RD,3.200000,,,0,1010,ONE FAM,5800.00,2,1
    163,     11,       ,       ,183 SLAYTON HILL RD,3.200000,,,5,1010,ONE FAM,114700.00,1,1
    163,     12,       ,       ,11 DUNSINANE DR,3.450000,,,0,1010,ONE FAM,1300.00,2,1
    163,     12,       ,       ,11 DUNSINANE DR,3.450000,,,5,1010,ONE FAM,120200.00,1,1
    163,     13,       ,       ,1 DUNSINANE DR,4.100000,,,0,1010,ONE FAM,3200.00,2,1
    163,     13,       ,       ,1 DUNSINANE DR,4.100000,,,5,1010,ONE FAM,120200.00,1,1
    163,     14,       ,       ,1 STAGECOACH RD ,3.350000,,,0,1010,ONE FAM,1000.00,2,1
    163,     14,       ,       ,1 STAGECOACH RD ,3.350000,,,5,1010,ONE FAM,120200.00,1,1
    163,     15,       ,       ,7 STAGECOACH RD ,3.000000,,,5,1010,ONE FAM,150300.00,1,1
    163,     16,       ,       ,8 STAGECOACH RD,11.000000,,,0,1010,ONE FAM,17300.00,2,1
    163,     16,       ,       ,8 STAGECOACH RD,11.000000,400,,5,1010,ONE FAM,150300.00,1,1
    163,     17,       ,       ,27 DUNSINANE DR,3.100000,,,0,1010,ONE FAM,300.00,2,1
    163,     17,       ,       ,27 DUNSINANE DR,3.100000,,,5,1010,ONE FAM,120200.00,1,1
    163,     18,       ,       ,39 DUNSINANE DR,3.000000,,,5,1010,ONE FAM,120200.00,1,1
    163,     19,       ,       ,45 DUNSINANE DR,3.000000,,,5,1010,ONE FAM,120200.00,1,1
    163,     20,       ,       ,49 DUNSINANE DR,3.300000,,,0,1010,ONE FAM,900.00,2,1
    163,     20,       ,       ,49 DUNSINANE DR,3.300000,,,5,1010,ONE FAM,120200.00,1,1
    163,     21,       ,       ,48 DUNSINANE DR,3.300000,,,0,1010,ONE FAM,900.00,2,1
    163,     21,       ,       ,48 DUNSINANE DR,3.300000,,,5,1010,ONE FAM,120200.00,1,1
    163,     22,       ,       ,44 DUNSINANE DR,3.100000,,,0,1010,ONE FAM,300.00,2,1
    163,     22,       ,       ,44 DUNSINANE DR,3.100000,,,5,1010,ONE FAM,120200.00,1,1
    163,     23,       ,       ,38 DUNSINANE DR ,3.000000,,,5,1010,ONE FAM,120200.00,1,1
    163,     24,       ,       ,32 DUNSINANE DR,3.200000,,,0,1010,ONE FAM,600.00,2,1
    163,     24,       ,       ,32 DUNSINANE DR,3.200000,,,5,1010,ONE FAM,120200.00,1,1
    163,     25,       ,       ,24 DUNSINANE DR,3.200000,,,0,1010,ONE FAM,600.00,2,1
    163,     25,       ,       ,24 DUNSINANE DR,3.200000,,,5,1010,ONE FAM,120200.00,1,1
    163,     26,    100,       ,2 DUNSINANE DR,3.000000,,,5,1010,ONE FAM,120200.00,1,1
    163,     26,    200,       ,211 SLAYTON HILL RD,5.000000,,,0,1010,ONE FAM,5800.00,2,1
    163,     26,    200,       ,211 SLAYTON HILL RD,5.000000,,,0,1010,ONE FAM,5800.00,3,1
    163,     26,    200,       ,211 SLAYTON HILL RD,5.000000,,,5,1010,ONE FAM,114700.00,1,1
    163,     27,       ,       ,217 SLAYTON HILL RD,1.430000,,,0,1010,ONE FAM,1200.00,2,1
    163,     27,       ,       ,217 SLAYTON HILL RD,1.430000,,,5,1010,ONE FAM,114700.00,1,1
    163,     28,    100,       ,0 SLAYTON HILL RD,4.030000,,,0,1300,RES LAND,3000.00,3,1
    163,     28,    100,       ,0 SLAYTON HILL RD,4.030000,,,0,1300,RES LAND,5800.00,2,1
    163,     28,    100,       ,0 SLAYTON HILL RD,4.030000,,,5,1300,RES LAND,114700.00,1,1
    163,     28,    200,       ,225 SLAYTON HILL RD,5.180000,,,0,1010,ONE FAM,5800.00,2,1
    163,     28,    200,       ,225 SLAYTON HILL RD,5.180000,,,0,1010,ONE FAM,6300.00,3,1
    163,     28,    200,       ,225 SLAYTON HILL RD,5.180000,,,5,1010,ONE FAM,114700.00,1,1
    163,     29,       ,       ,0 CROSS RD ,13.440000,,,0,6000,FARM,810.00,2,1
    163,     29,       ,       ,0 CROSS RD ,13.440000,,,0,6210,PINE,350.00,4,1
    163,     29,       ,       ,0 CROSS RD ,13.440000,,,0,6230,OTHER,375.00,3,1
    163,     29,       ,       ,0 CROSS RD ,13.440000,,,5,6000,FARM,1275.00,1,1
    163,     30,       ,       ,15 CROSS RD ,7.910000,,,0,1010,ONE FAM,5800.00,2,1
    163,     30,       ,       ,15 CROSS RD ,7.910000,,,0,1010,ONE FAM,14100.00,3,1
    163,     30,       ,       ,15 CROSS RD ,7.910000,,,5,1010,ONE FAM,114700.00,1,1
    163,     31,       ,       ,0 CROSS RD ,25.830000,,,0,6000,FARM,1170.00,5,1
    163,     31,       ,       ,0 CROSS RD ,25.830000,,,0,6210,PINE,1360.00,3,1
    163,     31,       ,       ,0 CROSS RD ,25.830000,,,0,6220,HDWD,90.00,2,1
    163,     31,       ,       ,0 CROSS RD ,25.830000,,,0,6230,OTHER,565.00,4,1
    163,     31,       ,       ,0 CROSS RD ,25.830000,,,5,6220,HDWD,265.00,1,1
    163,     32,       ,       ,39 CROSS RD ,0.550000,,,5,1010,ONE FAM,57800.00,1,1
    163,     33,       ,       ,46 CROSS RD,2.200000,,,5,1010,ONE FAM,132400.00,1,1
    163,     34,       ,       ,44 CROSS RD,0.300000,,,5,1010,ONE FAM,72400.00,1,1
    163,     35,       ,       ,40 CROSS RD,1.100000,,,5,1010,ONE FAM,100400.00,1,1
    163,     36,       ,       ,0 POVERTY LN ,41.730000,,,0,6000,FARM,2665.00,2,1
    163,     36,       ,       ,0 POVERTY LN ,41.730000,,,0,6200,WET,60.00,4,1
    163,     36,       ,       ,0 POVERTY LN ,41.730000,,,0,6210,PINE,3230.00,3,1
    163,     36,       ,       ,0 POVERTY LN ,41.730000,,,0,6220,HDWD,970.00,5,1
    163,     36,       ,       ,0 POVERTY LN ,41.730000,,,5,1060,OUT BLDS,80300.00,1,1
    165,      1,       ,       ,10 GREAT BROOK RD,2.000000,,,5,1010,ONE FAM,106300.00,1,1
    165,      2,       ,       ,0 CROSS RD ,35.910000,,,0,6210,PINE,375.00,2,1
    165,      2,       ,       ,0 CROSS RD ,35.910000,,,0,6220,HDWD,400.00,3,1
    165,      2,       ,       ,0 CROSS RD ,35.910000,,,0,6230,OTHER,1020.00,4,1
    165,      2,       ,       ,0 CROSS RD ,35.910000,,,5,6210,PINE,375.00,1,1
    165,      2,    100,       ,108 DAISY HILL RD,3.040000,,,0,1010,ONE FAM,100.00,2,1
    165,      2,    100,       ,108 DAISY HILL RD,3.040000,,,5,1010,ONE FAM,104500.00,1,1
    165,      3,       ,       ,74-76 CROSS RD ,75.970000,,,0,1090,MULT HS,,1,2
    165,      3,       ,       ,74-76 CROSS RD ,75.970000,,,0,1090,MULT HS,300.00,5,1
    165,      3,       ,       ,74-76 CROSS RD ,75.970000,,,0,6000,FARM,930.00,2,1
    165,      3,       ,       ,74-76 CROSS RD ,75.970000,,,0,6220,HDWD,1010.00,4,1
    165,      3,       ,       ,74-76 CROSS RD ,75.970000,,,0,6220,HDWD,5150.00,3,1
    165,      3,       ,       ,74-76 CROSS RD ,75.970000,,,5,1090,MULT HS,104500.00,1,1
    165,      4,       ,       ,86 CROSS RD,2.089991,,,5,1010,ONE FAM,106100.00,1,1
    165,      6,       ,       ,54 CROSS RD ,30.700000,,,0,6000,FARM,780.00,2,1
    165,      6,       ,       ,54 CROSS RD ,30.700000,,,0,6230,OTHER,1135.00,3,1
    165,      6,       ,       ,54 CROSS RD ,30.700000,,,5,1300,RES LAND,90300.00,1,1
    165,      7,       ,       ,50 CROSS RD ,12.039991,,,0,6230,OTHER,65.00,2,1
    165,      7,       ,       ,50 CROSS RD ,12.039991,,,0,6230,OTHER,495.00,3,1
    165,      7,       ,       ,50 CROSS RD ,12.039991,,,5,1010,ONE FAM,105200.00,1,1
    165,      8,       ,       ,47 CROSS RD ,59.610000,,,0,1090,MULT HS,,1,2
    165,      8,       ,       ,47 CROSS RD ,59.610000,,,0,6001,FARM REC,3120.00,2,1
    165,      8,       ,       ,47 CROSS RD ,59.610000,,,0,6231,OTHER REC,1785.00,3,1
    165,      8,       ,       ,47 CROSS RD ,59.610000,,,5,1090,MULT HS,104500.00,1,1
    165,      9,       ,       ,0 CROSS RD ,12.430000,,,0,6231,OTHER REC,415.00,2,1
    165,      9,       ,       ,0 CROSS RD ,12.430000,,,5,6231,OTHER REC,130.00,1,1
    165,     10,       ,       ,73 CROSS RD ,12.190000,,,0,6231,OTHER REC,45.00,2,1
    165,     10,       ,       ,73 CROSS RD ,12.190000,,,0,6231,OTHER REC,405.00,3,1
    165,     10,       ,       ,73 CROSS RD ,12.190000,,,5,1010,ONE FAM,106300.00,1,1
    165,     11,       ,       ,77 CROSS RD ,14.060000,,,0,6231,OTHER REC,90.00,2,1
    165,     11,       ,       ,77 CROSS RD ,14.060000,,,0,6231,OTHER REC,485.00,3,1
    165,     11,       ,       ,77 CROSS RD ,14.060000,,,5,1010,ONE FAM,94800.00,1,1
    165,     12,       ,       ,81 CROSS RD,4.840000,,,0,1010,ONE FAM,4600.00,2,1
    165,     12,       ,       ,81 CROSS RD,4.840000,,,5,1010,ONE FAM,104500.00,1,1
    165,     13,       ,       ,87 CROSS RD ,16.360000,,,0,6221,HDWD REC,855.00,2,1
    165,     13,       ,       ,87 CROSS RD ,16.360000,,,5,6221,HDWD REC,210.00,1,1
    165,     13,    100,       ,83 CROSS RD ,3.000000,,,5,1300,RES LAND,104500.00,1,1
    165,     14,       ,       ,89 CROSS RD ,19.380000,,,0,6221,HDWD REC,1145.00,2,1
    165,     14,       ,       ,89 CROSS RD ,19.380000,,,5,1010,ONE FAM,104500.00,1,1
    165,     15,       ,       ,107 CROSS RD ,14.449995,,,0,6220,HDWD,25.00,2,1
    165,     15,       ,       ,107 CROSS RD ,14.449995,,,0,6220,HDWD,175.00,3,1
    165,     15,       ,       ,107 CROSS RD ,14.449995,,,0,6220,HDWD,1010.00,4,1
    165,     15,       ,       ,107 CROSS RD ,14.449995,,,5,1010,ONE FAM,87200.00,1,1
    165,     16,       ,       ,118 DAISY HILL RD,3.800000,,,0,1010,ONE FAM,2000.00,2,1
    165,     16,       ,       ,118 DAISY HILL RD,3.800000,,,5,1010,ONE FAM,104500.00,1,1
    165,     17,    100,       ,110 DAISY HILL RD,3.310000,,,0,1010,ONE FAM,800.00,2,1
    165,     17,    100,       ,110 DAISY HILL RD,3.310000,,,5,1010,ONE FAM,104500.00,1,1
    165,     17,    200,       ,100 DAISY HILL RD,3.350000,,,0,1010,ONE FAM,900.00,2,1
    165,     17,    200,       ,100 DAISY HILL RD,3.350000,,,5,1010,ONE FAM,104500.00,1,1
    165,     17,    300,       ,96 DAISY HILL RD,3.180000,,,0,1010,ONE FAM,500.00,2,1
    165,     17,    300,       ,96 DAISY HILL RD,3.180000,,,5,1010,ONE FAM,104500.00,1,1
    165,     18,       ,       ,86 DAISY HILL RD ,13.580000,,,0,6230,OTHER,85.00,2,1
    165,     18,       ,       ,86 DAISY HILL RD ,13.580000,,,0,6230,OTHER,580.00,3,1
    165,     18,       ,       ,86 DAISY HILL RD ,13.580000,,,5,1010,ONE FAM,103000.00,1,1
    165,     19,       ,       ,3 TIMBER LN,3.000000,,,5,1010,ONE FAM,104500.00,1,1
    165,     20,       ,       ,11 TIMBER LN ,3.100000,,,0,1010,ONE FAM,300.00,2,1
    165,     20,       ,       ,11 TIMBER LN ,3.100000,,,5,1010,ONE FAM,104500.00,1,1
    165,     21,       ,       ,19 TIMBER LN,3.100000,,,0,1010,ONE FAM,300.00,2,1
    165,     21,       ,       ,19 TIMBER LN,3.100000,,,5,1010,ONE FAM,104500.00,1,1
    165,     22,       ,       ,27 TIMBER LN,4.000000,,,0,1010,ONE FAM,2500.00,2,1
    165,     22,       ,       ,27 TIMBER LN,4.000000,,,5,1010,ONE FAM,104500.00,1,1
    165,     23,       ,       ,28 TIMBER LN,4.000000,,,0,1010,ONE FAM,2500.00,2,1
    165,     23,       ,       ,28 TIMBER LN,4.000000,,,5,1010,ONE FAM,104500.00,1,1
    165,     24,       ,       ,20 TIMBER LN,3.100000,,,0,1010,ONE FAM,300.00,2,1
    165,     24,       ,       ,20 TIMBER LN,3.100000,,,5,1010,ONE FAM,104500.00,1,1
    165,     25,       ,       ,12 TIMBER LN,3.100000,,,0,1010,ONE FAM,300.00,2,1
    165,     25,       ,       ,12 TIMBER LN,3.100000,,,5,1010,ONE FAM,104500.00,1,1
    165,     26,       ,       ,4 TIMBER LN,3.100000,,,0,1010,ONE FAM,300.00,2,1
    165,     26,       ,       ,4 TIMBER LN,3.100000,,,5,1010,ONE FAM,104500.00,1,1
    165,     27,       ,       ,64 DAISY HILL RD ,2.530005,,,5,1010,ONE FAM,105400.00,1,1
    165,     28,       ,       ,60 DAISY HILL RD,8.700000,,,0,1010,ONE FAM,11400.00,2,1
    165,     28,       ,       ,60 DAISY HILL RD,8.700000,,,5,1010,ONE FAM,130700.00,1,1
    165,     29,       ,       ,58 DAISY HILL RD,1.460009,,,5,1010,ONE FAM,128400.00,1,1
    165,     30,       ,       ,52 DAISY HILL RD,5.700000,,,0,1010,ONE FAM,5400.00,2,1
    165,     30,       ,       ,52 DAISY HILL RD,5.700000,,,5,1010,ONE FAM,130700.00,1,1
    165,     31,    100,       ,51 DAISY HILL RD ,5.340000,,,0,1012,ONE FAM W ACC,0.00,1,2
    165,     31,    100,       ,51 DAISY HILL RD ,5.340000,,,0,1012,ONE FAM W ACC,5900.00,2,1
    165,     31,    100,       ,51 DAISY HILL RD ,5.340000,,,5,1012,ONE FAM W ACC,104500.00,1,1
    165,     31,    200,       ,57 DAISY HILL RD ,5.920000,,,0,9060,CHURCH,7300.00,2,1
    165,     31,    200,       ,57 DAISY HILL RD ,5.920000,,,C,9060,CHURCH,1283000.00,1,1
    165,     31,    300,       ,0 DAISY HILL RD ,11.350000,,,0,6001,FARM REC,2170.00,2,1
    165,     31,    300,       ,0 DAISY HILL RD ,11.350000,,,5,6001,FARM REC,780.00,1,1
    165,     31,    400,       ,79 DAISY HILL RD,6.900000,,,0,1010,ONE FAM,9800.00,2,1
    165,     31,    400,       ,79 DAISY HILL RD,6.900000,,,5,1010,ONE FAM,183000.00,1,1
    165,     31,    450,       ,83 DAISY HILL RD,7.950000,,,0,1010,ONE FAM,12400.00,2,1
    165,     31,    450,       ,83 DAISY HILL RD,7.950000,,,5,1010,ONE FAM,183000.00,1,1
    165,     31,    500,       ,87 DAISY HILL RD,8.560000,,,0,1010,ONE FAM,13900.00,2,1
    165,     31,    500,       ,87 DAISY HILL RD,8.560000,,,5,1010,ONE FAM,183000.00,1,1
    165,     31,    600,       ,97 DAISY HILL RD,6.990000,,,0,1010,ONE FAM,10000.00,2,1
    165,     31,    600,       ,97 DAISY HILL RD,6.990000,,,5,1010,ONE FAM,235200.00,1,1
    165,     31,    700,       ,105 DAISY HILL RD ,6.780000,,,0,1040,2 FAMILY,9500.00,2,1
    165,     31,    700,       ,105 DAISY HILL RD ,6.780000,,,5,1040,2 FAMILY,130700.00,1,1
    165,     31,    800,       ,111 DAISY HILL RD,7.850000,,,0,1010,ONE FAM,12100.00,2,1
    165,     31,    800,       ,111 DAISY HILL RD,7.850000,,,5,1010,ONE FAM,183000.00,1,1
    165,     31,    900,       ,0 DAISY HILL RD ,13.900000,,,0,9780,OTHER,170.00,1,1
    165,     31,    900,       ,0 DAISY HILL RD ,13.900000,,,0,9780,OTHER,620.00,2,1
    165,     32,       ,       ,30 MORSE RD ,3.289991,,,0,6000,FARM,325.00,2,1
    165,     32,       ,       ,30 MORSE RD ,3.289991,,,0,6230,OTHER,60.00,3,1
    165,     32,       ,       ,30 MORSE RD ,3.289991,,,5,1010,ONE FAM,92500.00,1,1
    165,     33,       ,       ,22 MORSE RD,11.530000,,,0,1010,ONE FAM,17100.00,2,1
    165,     33,       ,       ,22 MORSE RD,11.530000,,,5,1010,ONE FAM,156800.00,1,1
    165,     34,       ,       ,67 DAISY HILL RD,3.100000,,,0,1010,ONE FAM,300.00,2,1
    165,     34,       ,       ,67 DAISY HILL RD,3.100000,,,5,1010,ONE FAM,130700.00,1,1
    165,     35,       ,       ,73 DAISY HILL RD,3.200000,,,0,1010,ONE FAM,500.00,2,1
    165,     35,       ,       ,73 DAISY HILL RD,3.200000,,,5,1010,ONE FAM,104500.00,1,1
    165,     37,       ,       ,0 MORSE RD ,37.600000,,,0,6101,UNPROD REC,40.00,3,1
    165,     37,       ,       ,0 MORSE RD ,37.600000,,,0,6111,M WP REC,1220.00,2,1
    165,     37,       ,       ,0 MORSE RD ,37.600000,,,0,6121,M HDWD REC,610.00,4,1
    165,     37,       ,       ,0 MORSE RD ,37.600000,,,5,6121,M HDWD REC,115.00,1,1
    165,     39,       ,       ,93 DAISY HILL RD,0.700000,,,5,1010,ONE FAM,120400.00,1,1
    165,     40,       ,       ,119 DAISY HILL RD,1.500000,,,5,1010,ONE FAM,103000.00,1,1
    165,     41,       ,       ,65 GREAT BROOK RD ,60.800000,,,0,6101,UNPROD REC,95.00,6,1
    165,     41,       ,       ,65 GREAT BROOK RD ,60.800000,,,0,6201,WET REC,125.00,4,1
    165,     41,       ,       ,65 GREAT BROOK RD ,60.800000,,,0,6211,WP REC,510.00,3,1
    165,     41,       ,       ,65 GREAT BROOK RD ,60.800000,,,0,6221,HDWD REC,2320.00,5,1
    165,     41,       ,       ,65 GREAT BROOK RD ,60.800000,,,0,6231,OTHER REC,320.00,2,1
    165,     41,       ,       ,65 GREAT BROOK RD ,60.800000,,,5,1010,ONE FAM,101700.00,1,1
    165,     43,       ,       ,MORSE ,28.680000,,,0,6000,FARM,1950.00,2,1
    165,     43,       ,       ,MORSE ,28.680000,,,0,6230,OTHER,1300.00,3,1
    165,     43,       ,       ,MORSE ,28.680000,,,5,1010,ONE FAM,90800.00,1,1
    167,      1,       ,       ,402 MERIDEN RD,2.000000,,,5,1010,ONE FAM,101000.00,1,1
    167,      2,       ,       ,376 MERIDEN RD,0.819995,,,5,1010,ONE FAM,94500.00,1,1
    167,      3,       ,       ,372 MERIDEN RD ,8.610000,,,0,1010,ONE FAM,12600.00,2,1
    167,      3,       ,       ,372 MERIDEN RD ,8.610000,,,5,1010,ONE FAM,99300.00,1,1
    167,      3,    100,       ,368 MERIDEN RD,0.000000,,,5,1010,ONE FAM,,1,1
    167,      3,    200,       ,0 MERIDEN RD ,2.000000,,,5,1300,RES LAND,106300.00,1,1
    167,      4,       ,       ,362 MERIDEN RD ,3.010000,,,0,1010,ONE FAM,0.00,2,1
    167,      4,       ,       ,362 MERIDEN RD ,3.010000,,,5,1010,ONE FAM,74500.00,1,1
    167,      4,    100,       ,364 MERIDEN RD,3.170000,,,0,1010,ONE FAM,200.00,2,1
    167,      4,    100,       ,364 MERIDEN RD,3.170000,,,5,1010,ONE FAM,74500.00,1,1
    167,      5,       ,       ,360 MERIDEN RD ,3.140000,,,0,1010,ONE FAM,100.00,2,1
    167,      5,       ,       ,360 MERIDEN RD ,3.140000,,,5,1010,ONE FAM,47200.00,1,1
    167,      6,       ,       ,0 MERIDEN RD,1.700000,,,5,1060,OUT BLDS,59500.00,1,1
    167,      7,       ,       ,0 MERIDEN RD ,12.683682,,,0,6230,OTHER,530.00,3,1
    167,      7,       ,       ,0 MERIDEN RD ,12.683682,,,5,1060,OUT BLDS,3500.00,1,1
    167,      7,       ,       ,0 MERIDEN RD ,12.683682,,,5,6230,OTHER,155.00,2,1
    167,      8,       ,       ,336 MERIDEN RD ,3.670000,,,0,6200,WET,15.00,2,1
    167,      8,       ,       ,336 MERIDEN RD ,3.670000,,,5,1010,ONE FAM,99300.00,1,1
    167,     10,       ,       ,0 MERIDEN RD ,22.800000,,,0,6201,WET REC,20.00,2,1
    167,     10,       ,       ,0 MERIDEN RD ,22.800000,,,0,6201,WET REC,40.00,3,1
    167,     10,       ,       ,0 MERIDEN RD ,22.800000,,,0,6211,WP REC,1090.00,4,1
    167,     10,       ,       ,0 MERIDEN RD ,22.800000,,,0,6221,HDWD REC,670.00,5,1
    167,     10,       ,       ,0 MERIDEN RD ,22.800000,,,5,6001,FARM REC,495.00,1,1
    167,     11,       ,       ,318 MERIDEN RD,0.419031,,,5,1010,ONE FAM,78900.00,1,1
    167,     12,       ,       ,314 MERIDEN RD,1.100000,,,5,1010,ONE FAM,95400.00,1,1
    167,     13,       ,       ,321 MERIDEN RD,2.869995,,,5,1010,ONE FAM,99500.00,1,1
    167,     14,       ,       ,0 MERIDEN RD ,27.400000,,,0,6231,OTHER REC,975.00,2,1
    167,     14,       ,       ,0 MERIDEN RD ,27.400000,,,5,6231,OTHER REC,120.00,1,1
    167,     15,       ,       ,341 MERIDEN RD,6.600000,,,0,1010,ONE FAM,9000.00,2,1
    167,     15,       ,       ,341 MERIDEN RD,6.600000,,,5,1010,ONE FAM,99300.00,1,1
    167,     16,       ,       ,351 MERIDEN RD,3.200000,,,0,1010,ONE FAM,500.00,2,1
    167,     16,       ,       ,351 MERIDEN RD,3.200000,,,5,1010,ONE FAM,104500.00,1,1
    167,     17,       ,       ,359 MERIDEN RD,0.710000,,,5,1010,ONE FAM,91800.00,1,1
    167,     18,       ,       ,363 MERIDEN RD,0.560000,,,5,1010,ONE FAM,84900.00,1,1
    167,     19,       ,       ,0 BARDEN HILL RD ,71.600000,,,0,6220,HDWD,3220.00,3,1
    167,     19,       ,       ,0 BARDEN HILL RD ,71.600000,,,0,6230,OTHER,1760.00,2,1
    167,     19,       ,       ,0 BARDEN HILL RD ,71.600000,,,5,6230,OTHER,165.00,1,1
    167,     19,    100,       ,1 BARDEN HILL RD,5.120000,,,0,1010,ONE FAM,4800.00,2,1
    167,     19,    100,       ,1 BARDEN HILL RD,5.120000,,,5,1010,ONE FAM,104500.00,1,1
    167,     20,       ,       ,0 BARDEN HILL RD ,170.800000,,,0,6221,HDWD REC,8165.00,3,1
    167,     20,       ,       ,0 BARDEN HILL RD ,170.800000,,,0,6231,OTHER REC,970.00,2,1
    167,     20,       ,       ,0 BARDEN HILL RD ,170.800000,,,5,6231,OTHER REC,110.00,1,1
    167,     21,       ,       ,22 BARDEN HILL RD ,15.120000,,,0,6231,OTHER REC,45.00,2,1
    167,     21,       ,       ,22 BARDEN HILL RD ,15.120000,,,0,6231,OTHER REC,535.00,3,1
    167,     21,       ,       ,22 BARDEN HILL RD ,15.120000,,,5,1010,ONE FAM,106300.00,1,1
    167,     22,       ,       ,4 BARDEN HILL RD,1.240000,,,0,1010,ONE FAM,600.00,2,1
    167,     22,       ,       ,4 BARDEN HILL RD,1.240000,,,5,1010,ONE FAM,99800.00,1,1
    167,     23,       ,       ,8 BARDEN HILL RD,1.000000,,,5,1010,ONE FAM,94800.00,1,1
    167,     24,       ,       ,369 MERIDEN RD ,0.570000,,,5,1010,ONE FAM,85300.00,1,1
    167,     25,       ,       ,371 MERIDEN RD,1.219995,,,5,1010,ONE FAM,96100.00,1,1
    167,     26,       ,       ,373 MERIDEN RD,0.500000,,,5,1010,ONE FAM,74100.00,1,1
    167,     27,       ,       ,377 MERIDEN RD ,0.970000,,,5,1010,ONE FAM,94700.00,1,1
    167,     28,       ,       ,0 MERIDEN RD,1.050000,,,5,1300,RES LAND,57000.00,1,1
    167,     29,       ,       ,383 MERIDEN RD ,21.180000,,,0,1010,ONE FAM,40900.00,2,1
    167,     29,       ,       ,383 MERIDEN RD ,21.180000,,,5,1010,ONE FAM,99300.00,1,1
    167,     30,       ,       ,387 MERIDEN RD ,0.530000,,,5,1010,ONE FAM,83600.00,1,1
    167,     31,       ,       ,391 MERIDEN RD ,0.350000,,,5,1010,ONE FAM,75900.00,1,1
    167,     32,       ,       ,395 MERIDEN RD ,16.200000,,,0,6101,UNPROD REC,15.00,2,1
    167,     32,       ,       ,395 MERIDEN RD ,16.200000,,,0,6101,UNPROD REC,60.00,3,1
    167,     32,       ,       ,395 MERIDEN RD ,16.200000,,,0,6231,OTHER REC,400.00,4,1
    167,     32,       ,       ,395 MERIDEN RD ,16.200000,,,5,1010,ONE FAM,100600.00,1,1
    167,     34,       ,       ,397 MERIDEN RD,1.110009,,,5,1010,ONE FAM,95400.00,1,1
    169,      1,       ,       ,0 METHODIST HILL RD ,41.000000,,,0,6211,WP REC,1845.00,3,1
    169,      1,       ,       ,0 METHODIST HILL RD ,41.000000,,,0,6221,HDWD REC,1280.00,4,1
    169,      1,       ,       ,0 METHODIST HILL RD ,41.000000,,,0,6231,OTHER REC,130.00,2,1
    169,      1,       ,       ,0 METHODIST HILL RD ,41.000000,,,5,6231,OTHER REC,130.00,1,1
    169,      2,       ,       ,8 METHODIST HILL RD,1.560009,,,5,1010,ONE FAM,98200.00,1,1
    169,      3,       ,       ,12 METHODIST HILL RD,17.020000,,,0,1010,ONE FAM,26300.00,2,1
    169,      3,       ,       ,12 METHODIST HILL RD,17.020000,,,5,1010,ONE FAM,99300.00,1,1
    169,      4,       ,       ,0 METHODIST HILL RD ,45.300000,,,0,6201,WET REC,170.00,3,1
    169,      4,       ,       ,0 METHODIST HILL RD ,45.300000,,,0,6221,HDWD REC,2140.00,2,1
    169,      4,       ,       ,0 METHODIST HILL RD ,45.300000,,,5,6201,WET REC,55.00,1,1
    169,      5,       ,       ,2 METHODIST HILL RD,4.500000,,,0,1010,ONE FAM,2800.00,2,1
    169,      5,       ,       ,2 METHODIST HILL RD,4.500000,,,5,1010,ONE FAM,88900.00,1,1
    185,      1,       ,       ,0 PLAINFIELD RD,24.500000,,,0,9010,STATE NH,11300.00,2,1
    185,      1,       ,       ,0 PLAINFIELD RD,24.500000,,,C,9010,STATE NH,439900.00,1,1
    185,      2,       ,       ,428 PLAINFIELD RD,8.300000,,,0,1010,ONE FAM,3200.00,2,1
    185,      2,       ,       ,428 PLAINFIELD RD,8.300000,,,5,1010,ONE FAM,79500.00,1,1
    185,      3,       ,       ,423 PLAINFIELD RD,7.300000,,,0,1040,2 FAMILY,7700.00,2,1
    185,      3,       ,       ,423 PLAINFIELD RD,7.300000,,,5,1040,2 FAMILY,79500.00,1,1
    185,      4,       ,       ,429 PLAINFIELD RD,4.390000,,,0,1010,ONE FAM,2500.00,2,1
    185,      4,       ,       ,429 PLAINFIELD RD,4.390000,,,5,1010,ONE FAM,75300.00,1,1
    185,      5,       ,       ,0 PLAINFIELD RD ,163.260005,,,0,6210,PINE,370.00,2,1
    185,      5,       ,       ,0 PLAINFIELD RD ,163.260005,,,0,6210,PINE,15415.00,3,1
    185,      5,       ,       ,0 PLAINFIELD RD ,163.260005,,,0,6220,HDWD,2955.00,4,1
    185,      5,       ,       ,0 PLAINFIELD RD ,163.260005,,,5,1300,RES LAND,6600.00,1,1
    185,      6,       ,       ,0 PLAINFIELD RD ,5.700000,,,0,6210,PINE,460.00,2,1
    185,      6,       ,       ,0 PLAINFIELD RD ,5.700000,,,5,6210,PINE,510.00,1,1
    186,      1,       ,       ,168 TRUES BROOK RD,1.739991,,,5,1010,ONE FAM,89400.00,1,1
    186,      2,       ,       ,164 TRUES BROOK RD,1.789991,,,5,1010,ONE FAM,79700.00,1,1
    186,      3,       ,       ,136 TRUES BROOK RD,3.420000,,,0,1010,ONE FAM,600.00,2,1
    186,      3,       ,       ,136 TRUES BROOK RD,3.420000,,,5,1010,ONE FAM,77900.00,1,1
    186,      4,       ,       ,124 TRUES BROOK RD,2.100000,,,5,1010,ONE FAM,69700.00,1,1
    186,      5,       ,       ,3 DERBY LN,1.680005,,,5,1010,ONE FAM,75000.00,1,1
    186,      6,       ,       ,4 DERBY LN,1.669995,,,5,1010,ONE FAM,83300.00,1,1
    186,      7,       ,       ,23 DERBY LN,2.050000,,,5,1010,ONE FAM,85000.00,1,1
    186,      8,       ,       ,0 DERBY LN ,54.970000,,,0,6211,WP REC,135.00,5,1
    186,      8,       ,       ,0 DERBY LN ,54.970000,,,0,6211,WP REC,1375.00,2,1
    186,      8,       ,       ,0 DERBY LN ,54.970000,,,0,6221,HDWD REC,1120.00,4,1
    186,      8,       ,       ,0 DERBY LN ,54.970000,,,0,6231,OTHER REC,1135.00,3,1
    186,      8,       ,       ,0 DERBY LN ,54.970000,,,5,6211,WP REC,135.00,1,1
    186,      9,       ,       ,1 CHELSEA CIR,1.650000,,,5,1010,ONE FAM,83200.00,1,1
    186,     10,       ,       ,5 CHELSEA CIR ,1.689991,,,5,1010,ONE FAM,83400.00,1,1
    186,     11,       ,       ,11 CHELSEA CIR,2.069995,,,5,1040,2 FAMILY,84900.00,1,1
    186,     12,       ,       ,17 CHELSEA CIR,2.069995,,,5,1010,ONE FAM,84900.00,1,1
    186,     13,       ,       ,23 CHELSEA CIR,2.460009,,,5,1010,ONE FAM,84400.00,1,1
    186,     14,       ,       ,24 CHELSEA CIR,3.080000,,,0,1010,ONE FAM,200.00,2,1
    186,     14,       ,       ,24 CHELSEA CIR,3.080000,,,5,1010,ONE FAM,83600.00,1,1
    186,     15,       ,       ,20 CHELSEA CIR,2.489991,,,5,1010,ONE FAM,75900.00,1,1
    186,     16,       ,       ,16 CHELSEA CIR,1.580005,,,5,1010,ONE FAM,82800.00,1,1
    186,     17,       ,       ,10 CHELSEA CIR,1.580005,,,5,1010,ONE FAM,82800.00,1,1
    186,     18,       ,       ,6 CHELSEA CIR,1.569995,,,5,1010,ONE FAM,82800.00,1,1
    186,     19,       ,       ,2 CHELSEA CIR ,1.550000,,,5,1010,ONE FAM,74400.00,1,1
    186,     20,       ,       ,2 DERBY LN,2.019995,,,5,1010,ONE FAM,80800.00,1,1
    186,     21,       ,       ,110 TRUES BROOK RD,1.630005,,,5,1010,ONE FAM,75000.00,1,1
    186,     22,       ,       ,106 TRUES BROOK RD,1.619995,,,5,1010,ONE FAM,71000.00,1,1
    186,     23,       ,       ,102 TRUES BROOK RD,1.800000,,,5,1010,ONE FAM,71800.00,1,1
    186,     24,       ,       ,98 TRUES BROOK RD,1.800000,,,5,1010,ONE FAM,64600.00,1,1
    186,     25,       ,       ,94 TRUES BROOK RD,1.800000,,,5,1010,ONE FAM,71800.00,1,1
    186,     26,       ,       ,90 TRUES BROOK RD,1.800000,,,5,1010,ONE FAM,71800.00,1,1
    186,     27,       ,       ,84 TRUES BROOK RD,2.900000,,,5,1010,ONE FAM,71600.00,1,1
    186,     28,       ,       ,0 TRUES BROOK RD ,2.150000,,,C,9030,MUNICPAL,201800.00,1,1
    186,     29,    100,       ,77 TRUES BROOK RD,1.500000,,,5,1010,ONE FAM,78300.00,1,1
    186,     29,    200,       ,14 HALL RD,1.600000,,,5,1010,ONE FAM,74600.00,1,1
    186,     29,    300,       ,16 HALL RD,2.100000,,,5,1012,ONE FAM W ACC,67900.00,1,1
    186,     30,       ,       ,83 TRUES BROOK RD ,1.000000,,,5,1010,ONE FAM,75800.00,1,1
    186,     31,       ,       ,89 TRUES BROOK RD,1.519995,,,5,1010,ONE FAM,62700.00,1,1
    186,     31,    100,       ,91 TRUES BROOK RD,1.380005,,,5,1010,ONE FAM,77700.00,1,1
    186,     32,       ,       ,97 TRUES BROOK RD,2.619995,,,0,1040,2 FAMILY,,1,2
    186,     32,       ,       ,97 TRUES BROOK RD,2.619995,,,5,1040,2 FAMILY,80000.00,1,1
    186,     33,       ,       ,99 TRUES BROOK RD,0.960000,,,5,1010,ONE FAM,75800.00,1,1
    186,     34,       ,       ,105 TRUES BROOK RD,2.889991,,,5,1010,ONE FAM,79600.00,1,1
    186,     35,       ,       ,109 TRUES BROOK RD,1.650000,,,5,1010,ONE FAM,79000.00,1,1
    186,     36,       ,       ,113 TRUES BROOK RD,2.700000,,,5,1010,ONE FAM,79900.00,1,1
    186,     37,       ,       ,117 TRUES BROOK RD ,2.500000,,,5,1010,ONE FAM,61300.00,1,1
    186,     38,       ,       ,133 TRUES BROOK RD,2.000000,,,5,1010,ONE FAM,79200.00,1,1
    186,     39,       ,       ,137 TRUES BROOK RD,2.000000,,,5,1010,ONE FAM,80800.00,1,1
    186,     40,       ,       ,153 TRUES BROOK RD ,51.940000,,,0,3850,FISHGAME,6700.00,2,1
    186,     40,       ,       ,153 TRUES BROOK RD ,51.940000,,,0,6201,WET REC,125.00,3,1
    186,     40,       ,       ,153 TRUES BROOK RD ,51.940000,,,0,6231,OTHER REC,1465.00,4,1
    186,     40,       ,       ,153 TRUES BROOK RD ,51.940000,,,C,3850,FISHGAME,195500.00,1,1
    186,     41,       ,       ,157 TRUES BROOK RD ,16.940000,,,0,1010,ONE FAM,1800.00,2,1
    186,     41,       ,       ,157 TRUES BROOK RD ,16.940000,,,0,6201,WET REC,50.00,4,1
    186,     41,       ,       ,157 TRUES BROOK RD ,16.940000,,,0,6231,OTHER REC,410.00,3,1
    186,     41,       ,       ,157 TRUES BROOK RD ,16.940000,,,5,1010,ONE FAM,83600.00,1,1
    186,     42,       ,       ,0 TRUES BROOK RD ,75.000000,,,0,6001,FARM REC,900.00,4,1
    186,     42,       ,       ,0 TRUES BROOK RD ,75.000000,,,0,6111,M WP REC,295.00,2,1
    186,     42,       ,       ,0 TRUES BROOK RD ,75.000000,,,0,6131,M OTHER REC,1510.00,3,1
    186,     42,       ,       ,0 TRUES BROOK RD ,75.000000,,,5,6201,WET REC,55.00,1,1
    188,      1,       ,       ,330 POVERTY LN ,7.500000,,,0,1010,ONE FAM,18700.00,2,1
    188,      1,       ,       ,330 POVERTY LN ,7.500000,,,5,1010,ONE FAM,109000.00,1,1
    188,      2,       ,       ,320 POVERTY LN ,12.950009,,,0,6220,HDWD,850.00,2,1
    188,      2,       ,       ,320 POVERTY LN ,12.950009,,,5,1010,ONE FAM,115500.00,1,1
    188,      3,       ,       ,314 POVERTY LN,5.200000,,,0,1010,ONE FAM,5800.00,2,1
    188,      3,       ,       ,314 POVERTY LN,5.200000,,,0,1010,ONE FAM,6300.00,3,1
    188,      3,       ,       ,314 POVERTY LN,5.200000,,,5,1010,ONE FAM,114700.00,1,1
    188,      4,       ,       ,300 POVERTY LN ,10.100000,,,0,1010,ONE FAM,10100.00,2,1
    188,      4,       ,       ,300 POVERTY LN ,10.100000,,,0,6200,WET,85.00,3,1
    188,      4,       ,       ,300 POVERTY LN ,10.100000,,,5,1010,ONE FAM,120200.00,1,1
    188,      5,       ,       ,28 LOOMIS RD ,125.000000,,,0,6001,FARM REC,910.00,2,1
    188,      5,       ,       ,28 LOOMIS RD ,125.000000,,,0,6111,M WP REC,325.00,3,1
    188,      5,       ,       ,28 LOOMIS RD ,125.000000,,,0,6121,M HDWD REC,4895.00,4,1
    188,      5,       ,       ,28 LOOMIS RD ,125.000000,,,5,1010,ONE FAM,114700.00,1,1
    188,      6,       ,       ,4 LOOMIS RD,6.100000,,,0,1012,ONE FAM W ACC,7100.00,2,1
    188,      6,       ,       ,4 LOOMIS RD,6.100000,,,5,1012,ONE FAM W ACC,120200.00,1,1
    188,      7,       ,       ,284 POVERTY LN,3.980000,,,0,1010,ONE FAM,2800.00,3,1
    188,      7,       ,       ,284 POVERTY LN,3.980000,,,0,1010,ONE FAM,5800.00,2,1
    188,      7,       ,       ,284 POVERTY LN,3.980000,,,5,1010,ONE FAM,114700.00,1,1
    188,      8,       ,       ,266 POVERTY LN ,42.810009,,,0,9550,CONDO MSTR,966000.00,3,1
    188,      8,       ,       ,266 POVERTY LN ,42.810009,,,0,9780,OTHER,1595.00,2,1
    188,      8,       ,       ,266 POVERTY LN ,42.810009,,,C,9550,CONDO MSTR,4162000.00,1,1
    188,      8,    101,       ,266 POVERTY LN #1A,0.000000,,,5,1020,CONDO,,1,1
    188,      8,    102,       ,266 POVERTY LN 1B,0.000000,,,5,1020,CONDO,,1,1
    188,      8,    201,       ,266 POVERTY LN #2A,0.000000,,,5,1020,CONDO,,1,1
    188,      8,    202,       ,266 POVERTY LN 2B,0.000000,,,5,1020,CONDO,,1,1
    188,      8,    301,       ,266 POVERTY LN 3A,0.000000,,,5,1020,CONDO,,1,1
    188,      8,    302,       ,266 POVERTY LN 3B,0.000000,,,5,1020,CONDO,,1,1
    188,      8,    401,       ,266 POVERTY LN 4A,0.000000,,,5,1020,CONDO,,1,1
    188,      8,    402,       ,266 POVERTY LN 4B,0.000000,,,5,1020,CONDO,,1,1
    188,      8,    501,       ,266 POVERTY LN #5A,0.000000,,,5,1020,CONDO,,1,1
    188,      8,    502,       ,266 POVERTY LN 5B,0.000000,,,5,1020,CONDO,,1,1
    188,      8,    601,       ,266 POVERTY LN 6A,0.000000,,,5,1020,CONDO,,1,1
    188,      8,    602,       ,266 POVERTY LN 6B,0.000000,,,5,1020,CONDO,,1,1
    188,      8,    701,       ,266 POVERTY LN 7A,0.000000,,,5,1020,CONDO,,1,1
    188,      8,    702,       ,266 POVERTY LN #7B,0.000000,,,5,1020,CONDO,,1,1
    188,      8,    801,       ,266 POVERTY LN 8A,0.000000,,,5,1020,CONDO,,1,1
    188,      8,    802,       ,266 POVERTY LN 8B,0.000000,,,5,1020,CONDO,,1,1
    188,      8,    901,       ,266 POVERTY LN 9A,0.000000,,,5,1020,CONDO,,1,1
    188,      8,    902,       ,266 POVERTY LN 9B,0.000000,,,5,1020,CONDO,,1,1
    188,      8,   1001,       ,266 POVERTY LN 10A,0.000000,,,5,1020,CONDO,,1,1
    188,      8,   1002,       ,266 POVERTY LN 10B,0.000000,,,5,1020,CONDO,,1,1
    188,      8,   1101,       ,266 POVERTY LN 11A,0.000000,,,5,1020,CONDO,,1,1
    188,      8,   1102,       ,266 POVERTY LN 11B,0.000000,,,5,1020,CONDO,,1,1
    188,      9,       ,       ,260 POVERTY LN ,2.300000,,,0,1010,ONE FAM,3700.00,2,1
    188,      9,       ,       ,260 POVERTY LN ,2.300000,,,5,1010,ONE FAM,114700.00,1,1
    188,     10,       ,       ,256 POVERTY LN,2.700000,,,0,1010,ONE FAM,4900.00,2,1
    188,     10,       ,       ,256 POVERTY LN,2.700000,,,5,1010,ONE FAM,114700.00,1,1
    188,     11,       ,       ,41 MOSS RD ,2.100000,,,0,1010,ONE FAM,3200.00,2,1
    188,     11,       ,       ,41 MOSS RD ,2.100000,,,5,1010,ONE FAM,114700.00,1,1
    188,     12,       ,       ,25 STONE HILL RD ,2.100000,,,0,1010,ONE FAM,3200.00,2,1
    188,     12,       ,       ,25 STONE HILL RD ,2.100000,,,5,1010,ONE FAM,114700.00,1,1
    188,     13,       ,       ,9 DEER RUN LN,2.100000,,,0,1010,ONE FAM,300.00,2,1
    188,     13,       ,       ,9 DEER RUN LN,2.100000,,,5,1010,ONE FAM,57400.00,1,1
    188,     14,       ,       ,65 FOLIAGE VIEW RD,2.000000,,,0,1010,ONE FAM,2900.00,2,1
    188,     14,       ,       ,65 FOLIAGE VIEW RD,2.000000,,,5,1010,ONE FAM,114700.00,1,1
    188,     15,       ,       ,69 FOLIAGE VIEW RD,2.050000,,,0,1010,ONE FAM,3000.00,2,1
    188,     15,       ,       ,69 FOLIAGE VIEW RD,2.050000,,,5,1010,ONE FAM,114700.00,1,1
    188,     16,       ,       ,68 FOLIAGE VIEW RD,2.150000,,,0,1010,ONE FAM,3300.00,2,1
    188,     16,       ,       ,68 FOLIAGE VIEW RD,2.150000,,,5,1010,ONE FAM,114700.00,1,1
    188,     17,       ,       ,64 FOLIAGE VIEW RD,2.000000,,,0,1010,ONE FAM,2900.00,2,1
    188,     17,       ,       ,64 FOLIAGE VIEW RD,2.000000,,,5,1010,ONE FAM,114700.00,1,1
    188,     18,       ,       ,10 DEER RUN LN,2.000000,,,0,1010,ONE FAM,2900.00,2,1
    188,     18,       ,       ,10 DEER RUN LN,2.000000,,,5,1010,ONE FAM,114700.00,1,1
    188,     19,       ,       ,2 DEER RUN LN,2.300000,,,0,1010,ONE FAM,3700.00,2,1
    188,     19,       ,       ,2 DEER RUN LN,2.300000,,,5,1010,ONE FAM,114700.00,1,1
    188,     20,       ,       ,35 STONE HILL RD,2.500000,,,0,1010,ONE FAM,4300.00,2,1
    188,     20,       ,       ,35 STONE HILL RD,2.500000,,,5,1010,ONE FAM,114700.00,1,1
    188,     21,       ,       ,39 STONE HILL RD,2.700000,,,0,1010,ONE FAM,4900.00,2,1
    188,     21,       ,       ,39 STONE HILL RD,2.700000,,,5,1010,ONE FAM,114700.00,1,1
    188,     22,       ,       ,36 STONE HILL RD,2.400000,,,0,1010,ONE FAM,4000.00,2,1
    188,     22,       ,       ,36 STONE HILL RD,2.400000,,,5,1010,ONE FAM,114700.00,1,1
    188,     23,       ,       ,30 STONE HILL RD,2.000000,,,0,1010,ONE FAM,2900.00,2,1
    188,     23,       ,       ,30 STONE HILL RD,2.000000,,,5,1010,ONE FAM,114700.00,1,1
    188,     24,       ,       ,24 STONE HILL RD,2.000000,,,0,1010,ONE FAM,2900.00,2,1
    188,     24,       ,       ,24 STONE HILL RD,2.000000,,,5,1010,ONE FAM,114700.00,1,1
    188,     25,       ,       ,18 STONE HILL RD,2.200000,,,0,1010,ONE FAM,3500.00,2,1
    188,     25,       ,       ,18 STONE HILL RD,2.200000,,,5,1010,ONE FAM,114700.00,1,1
    188,     26,       ,       ,12 STONE HILL RD ,2.400000,,,0,1010,ONE FAM,4000.00,2,1
    188,     26,       ,       ,12 STONE HILL RD ,2.400000,,,5,1010,ONE FAM,114700.00,1,1
    188,     27,       ,       ,4 STONE HILL RD,2.100000,,,0,1010,ONE FAM,3200.00,2,1
    188,     27,       ,       ,4 STONE HILL RD,2.100000,,,5,1010,ONE FAM,114700.00,1,1
    188,     28,       ,       ,261 POVERTY LN ,2.000000,,,0,1010,ONE FAM,2900.00,2,1
    188,     28,       ,       ,261 POVERTY LN ,2.000000,,,5,1010,ONE FAM,114700.00,1,1
    188,     29,       ,       ,265 POVERTY LN,2.000000,,,0,1010,ONE FAM,2900.00,2,1
    188,     29,       ,       ,265 POVERTY LN,2.000000,,,5,1010,ONE FAM,114700.00,1,1
    188,     30,       ,       ,0 STONE HILL RD,4.470000,,,C,9030,MUNICPAL,55400.00,1,1
    188,     31,       ,       ,287 POVERTY LN,7.910000,,,0,1010,ONE FAM,14200.00,2,1
    188,     31,       ,       ,287 POVERTY LN,7.910000,150,,5,1010,ONE FAM,114700.00,1,1
    188,     32,       ,       ,301 POVERTY LN ,11.670000,,,0,1012,ONE FAM W ACC,5500.00,2,1
    188,     32,       ,       ,301 POVERTY LN ,11.670000,,,0,6200,WET,150.00,3,1
    188,     32,       ,       ,301 POVERTY LN ,11.670000,,,5,1012,ONE FAM W ACC,120200.00,1,1
    188,     33,    100,       ,307 POVERTY LN,10.190000,,,0,1010,ONE FAM,4300.00,2,1
    188,     33,    100,       ,307 POVERTY LN,10.190000,,,0,1010,ONE FAM,15500.00,3,1
    188,     33,    100,       ,307 POVERTY LN,10.190000,,,5,1010,ONE FAM,114700.00,1,1
    188,     34,       ,       ,315 POVERTY LN ,13.730000,,,0,1010,ONE FAM,1200.00,2,1
    188,     34,       ,       ,315 POVERTY LN ,13.730000,,,0,6201,WET REC,25.00,3,1
    188,     34,       ,       ,315 POVERTY LN ,13.730000,,,0,6201,WET REC,50.00,4,1
    188,     34,       ,       ,315 POVERTY LN ,13.730000,,,0,6221,HDWD REC,565.00,5,1
    188,     34,       ,       ,315 POVERTY LN ,13.730000,,,5,1010,ONE FAM,114700.00,1,1
    188,     35,       ,       ,319 POVERTY LN,3.280000,,,0,1010,ONE FAM,3900.00,2,1
    188,     35,       ,       ,319 POVERTY LN,3.280000,,,5,1010,ONE FAM,114700.00,1,1
    188,     36,       ,       ,323 POVERTY LN,5.600000,,,0,1010,ONE FAM,5800.00,2,1
    188,     36,       ,       ,323 POVERTY LN,5.600000,,,0,1010,ONE FAM,7500.00,3,1
    188,     36,       ,       ,323 POVERTY LN,5.600000,,,5,1010,ONE FAM,114700.00,1,1
    188,     37,       ,       ,325 POVERTY LN,2.000000,,,0,1010,ONE FAM,2900.00,2,1
    188,     37,       ,       ,325 POVERTY LN,2.000000,,,5,1010,ONE FAM,114700.00,1,1
    188,     38,       ,       ,331 POVERTY LN ,7.520000,,,0,1010,ONE FAM,5800.00,2,1
    188,     38,       ,       ,331 POVERTY LN ,7.520000,,,0,1010,ONE FAM,13000.00,3,1
    188,     38,       ,       ,331 POVERTY LN ,7.520000,,,5,1010,ONE FAM,114700.00,1,1
    188,     39,       ,       ,335 POVERTY LN,7.390000,,,0,1010,ONE FAM,5800.00,2,1
    188,     39,       ,       ,335 POVERTY LN,7.390000,,,0,1010,ONE FAM,12600.00,3,1
    188,     39,       ,       ,335 POVERTY LN,7.390000,,,5,1010,ONE FAM,114700.00,1,1
    188,     40,       ,       ,341 POVERTY LN ,5.000000,,,0,1010,ONE FAM,5800.00,2,1
    188,     40,       ,       ,341 POVERTY LN ,5.000000,,,0,1010,ONE FAM,5800.00,3,1
    188,     40,       ,       ,341 POVERTY LN ,5.000000,,,5,1010,ONE FAM,114700.00,1,1
    188,     41,       ,       ,347 POVERTY LN,5.000000,,,0,1010,ONE FAM,5800.00,2,1
    188,     41,       ,       ,347 POVERTY LN,5.000000,,,0,1010,ONE FAM,5800.00,3,1
    188,     41,       ,       ,347 POVERTY LN,5.000000,,,5,1010,ONE FAM,114700.00,1,1
    188,     42,       ,       ,351 POVERTY LN ,8.000000,,,0,1010,ONE FAM,,1,2
    188,     42,       ,       ,351 POVERTY LN ,8.000000,,,0,1010,ONE FAM,5800.00,2,1
    188,     42,       ,       ,351 POVERTY LN ,8.000000,,,0,1010,ONE FAM,14400.00,3,1
    188,     42,       ,       ,351 POVERTY LN ,8.000000,,,5,1010,ONE FAM,200800.00,1,1
    188,     43,       ,       ,365 POVERTY LN ,2.900000,,,0,1010,ONE FAM,5500.00,2,1
    188,     43,       ,       ,365 POVERTY LN ,2.900000,,,5,1010,ONE FAM,114700.00,1,1
    188,     44,       ,       ,372 POVERTY LN,1.910000,,,0,1010,ONE FAM,2600.00,2,1
    188,     44,       ,       ,372 POVERTY LN,1.910000,,,5,1010,ONE FAM,114700.00,1,1
    188,     45,       ,       ,354 POVERTY LN ,70.400000,,,0,1010,ONE FAM,5800.00,2,1
    188,     45,       ,       ,354 POVERTY LN ,70.400000,,,0,1010,ONE FAM,5800.00,3,1
    188,     45,       ,       ,354 POVERTY LN ,70.400000,,,0,6000,FARM,15275.00,4,1
    188,     45,       ,       ,354 POVERTY LN ,70.400000,,,0,6220,HDWD,1620.00,5,1
    188,     45,       ,       ,354 POVERTY LN ,70.400000,,,5,1010,ONE FAM,315500.00,1,1
    188,     46,       ,       ,338 POVERTY LN,5.000000,,,0,1010,ONE FAM,1400.00,2,1
    188,     46,       ,       ,338 POVERTY LN,5.000000,,,0,1010,ONE FAM,1400.00,3,1
    188,     46,       ,       ,338 POVERTY LN,5.000000,,,5,1010,ONE FAM,114700.00,1,1
    188,     47,       ,       ,328 POVERTY LN,5.100000,,,,1010,ONE FAM,0.00,1,2
    188,     47,       ,       ,328 POVERTY LN,5.100000,,,0,1010,ONE FAM,4600.00,2,1
    188,     47,       ,       ,328 POVERTY LN,5.100000,,,0,1010,ONE FAM,4800.00,3,1
    188,     47,       ,       ,328 POVERTY LN,5.100000,,,5,1010,ONE FAM,91800.00,1,1
    188,     48,       ,       ,317 POVERTY LN,5.520000,,,0,1010,ONE FAM,4300.00,2,1
    188,     48,       ,       ,317 POVERTY LN,5.520000,,,5,1010,ONE FAM,108200.00,1,1
    188,     49,       ,       ,324 POVERTY LN ,46.100000,,,0,6220,HDWD,3450.00,2,1
    188,     49,       ,       ,324 POVERTY LN ,46.100000,,,5,1010,ONE FAM,114200.00,1,1
    190,      1,       ,       ,387 POVERTY LN ,37.590000,,,0,6000,FARM,3440.00,2,1
    190,      1,       ,       ,387 POVERTY LN ,37.590000,,,0,6110,M PINE,1430.00,3,1
    190,      1,       ,       ,387 POVERTY LN ,37.590000,,,0,6120,M HDWD,530.00,4,1
    190,      1,       ,       ,387 POVERTY LN ,37.590000,,,5,1010,ONE FAM,120200.00,1,1
    190,      2,       ,       ,0 POVERTY LN ,9.000000,,,0,6000,FARM,1465.00,2,1
    190,      2,       ,       ,0 POVERTY LN ,9.000000,,,0,6220,HDWD,130.00,3,1
    190,      2,       ,       ,0 POVERTY LN ,9.000000,,,5,6000,FARM,975.00,1,1
    190,      3,       ,       ,0 POVERTY LN ,78.000000,,,0,6000,FARM,490.00,2,1
    190,      3,       ,       ,0 POVERTY LN ,78.000000,,,0,6000,FARM,3545.00,3,1
    190,      3,       ,       ,0 POVERTY LN ,78.000000,,,0,6210,PINE,1530.00,5,1
    190,      3,       ,       ,0 POVERTY LN ,78.000000,,,0,6220,HDWD,4850.00,4,1
    190,      3,       ,       ,0 POVERTY LN ,78.000000,,,5,1060,OUT BLDS,100700.00,1,1
    190,      4,       ,       ,450 POVERTY LN ,153.410000,,,0,6000,FARM,9980.00,2,1
    190,      4,       ,       ,450 POVERTY LN ,153.410000,,,0,6200,WET,145.00,6,1
    190,      4,       ,       ,450 POVERTY LN ,153.410000,,,0,6210,PINE,6460.00,5,1
    190,      4,       ,       ,450 POVERTY LN ,153.410000,,,0,6220,HDWD,1850.00,3,1
    190,      4,       ,       ,450 POVERTY LN ,153.410000,,,0,6230,OTHER,3010.00,4,1
    190,      4,       ,       ,450 POVERTY LN ,153.410000,,,5,1040,2 FAMILY,120200.00,1,1
    190,      5,       ,       ,0 POVERTY LN ,16.760000,,,0,6210,PINE,1095.00,3,1
    190,      5,       ,       ,0 POVERTY LN ,16.760000,,,0,6230,OTHER,205.00,2,1
    190,      5,       ,       ,0 POVERTY LN ,16.760000,,,5,6230,OTHER,125.00,1,1
    190,      6,       ,       ,0 POVERTY LN ,74.000000,,,0,6110,M PINE,2325.00,3,1
    190,      6,       ,       ,0 POVERTY LN ,74.000000,,,0,6120,M HDWD,50.00,2,1
    190,      6,       ,       ,0 POVERTY LN ,74.000000,,,0,6130,M OTHER,1185.00,4,1
    190,      6,       ,       ,0 POVERTY LN ,74.000000,,,0,6200,WET,130.00,5,1
    190,      6,       ,       ,0 POVERTY LN ,74.000000,,,5,6120,M HDWD,145.00,1,1
    190,      7,       ,       ,398 POVERTY LN ,14.540000,,,0,1010,ONE FAM,1400.00,2,1
    190,      7,       ,       ,398 POVERTY LN ,14.540000,,,0,6221,HDWD REC,105.00,3,1
    190,      7,       ,       ,398 POVERTY LN ,14.540000,,,0,6221,HDWD REC,175.00,4,1
    190,      7,       ,       ,398 POVERTY LN ,14.540000,,,0,6231,OTHER REC,400.00,5,1
    190,      7,       ,       ,398 POVERTY LN ,14.540000,,,5,1010,ONE FAM,109000.00,1,1
    190,      8,       ,       ,388 POVERTY LN ,239.580000,,,0,6001,FARM REC,2445.00,4,1
    190,      8,       ,       ,388 POVERTY LN ,239.580000,,,0,6201,WET REC,20.00,2,1
    190,      8,       ,       ,388 POVERTY LN ,239.580000,,,0,6201,WET REC,210.00,3,1
    190,      8,       ,       ,388 POVERTY LN ,239.580000,,,0,6211,WP REC,3075.00,6,1
    190,      8,       ,       ,388 POVERTY LN ,239.580000,,,0,6221,HDWD REC,1040.00,8,1
    190,      8,       ,       ,388 POVERTY LN ,239.580000,,,0,6221,HDWD REC,1440.00,7,1
    190,      8,       ,       ,388 POVERTY LN ,239.580000,,,0,6231,OTHER REC,6205.00,5,1
    190,      8,       ,       ,388 POVERTY LN ,239.580000,,,5,1010,ONE FAM,122200.00,1,1
    190,      8,    100,       ,0 POVERTY LN,5.100000,,,0,6000,FARM,685.00,2,1
    190,      8,    100,       ,0 POVERTY LN,5.100000,,,5,6000,FARM,975.00,1,1
    192,      1,       ,       ,0 GREAT BROOK RD ,40.460000,,,0,6210,PINE,375.00,3,1
    192,      1,       ,       ,0 GREAT BROOK RD ,40.460000,,,0,6220,HDWD,1040.00,2,1
    192,      1,       ,       ,0 GREAT BROOK RD ,40.460000,,,0,6230,OTHER,880.00,4,1
    192,      1,       ,       ,0 GREAT BROOK RD ,40.460000,,,5,6220,HDWD,240.00,1,1
    192,      2,       ,       ,69 GREAT BROOK RD ,15.200000,,,0,6211,WP REC,1780.00,2,1
    192,      2,       ,       ,69 GREAT BROOK RD ,15.200000,,,5,1010,ONE FAM,106100.00,1,1
    192,      3,       ,       ,64 GREAT BROOK RD,3.000000,,,5,1010,ONE FAM,104500.00,1,1
    192,      4,       ,       ,60 GREAT BROOK RD,2.600000,,,5,1010,ONE FAM,94700.00,1,1
    192,      5,       ,       ,52 GREAT BROOK RD ,35.500009,,,0,6210,PINE,250.00,2,1
    192,      5,       ,       ,52 GREAT BROOK RD ,35.500009,,,0,6210,PINE,250.00,3,1
    192,      5,       ,       ,52 GREAT BROOK RD ,35.500009,,,0,6220,HDWD,1360.00,4,1
    192,      5,       ,       ,52 GREAT BROOK RD ,35.500009,,,0,6230,OTHER,515.00,5,1
    192,      5,       ,       ,52 GREAT BROOK RD ,35.500009,,,5,1010,ONE FAM,105700.00,1,1
    192,      6,       ,       ,0 GREAT BROOK RD ,66.420000,,,0,6220,HDWD,2400.00,3,1
    192,      6,       ,       ,0 GREAT BROOK RD ,66.420000,,,0,6230,OTHER,1370.00,2,1
    192,      6,       ,       ,0 GREAT BROOK RD ,66.420000,,,5,6220,HDWD,240.00,1,1
    192,      7,       ,       ,48 GREAT BROOK RD,3.200000,,,0,1010,ONE FAM,300.00,2,1
    192,      7,       ,       ,48 GREAT BROOK RD,3.200000,,,5,1010,ONE FAM,104500.00,1,1
    192,      8,       ,       ,42 GREAT BROOK RD ,15.400000,,,0,6231,OTHER REC,495.00,2,1
    192,      8,       ,       ,42 GREAT BROOK RD ,15.400000,,,5,1010,ONE FAM,104500.00,1,1
    192,      9,       ,       ,0 GREAT BROOK RD ,387.580000,,,0,6221,HDWD REC,24615.00,2,1
    192,      9,       ,       ,0 GREAT BROOK RD ,387.580000,,,5,6221,HDWD REC,190.00,1,1
    192,     10,       ,       ,61 GREAT BROOK RD ,5.100000,,,0,1010,ONE FAM,3900.00,2,1
    192,     10,       ,       ,61 GREAT BROOK RD ,5.100000,,,5,1010,ONE FAM,104500.00,1,1
    194,      1,       ,       ,90 GREAT BROOK RD ,255.110000,,,0,6000,FARM,13265.00,2,1
    194,      1,       ,       ,90 GREAT BROOK RD ,255.110000,,,0,6110,M PINE,8370.00,4,1
    194,      1,       ,       ,90 GREAT BROOK RD ,255.110000,,,0,6120,M HDWD,1095.00,5,1
    194,      1,       ,       ,90 GREAT BROOK RD ,255.110000,,,0,6130,M OTHER,2595.00,6,1
    194,      1,       ,       ,90 GREAT BROOK RD ,255.110000,,,0,6200,WET,290.00,3,1
    194,      1,       ,       ,90 GREAT BROOK RD ,255.110000,,,5,1010,ONE FAM,104500.00,1,1
    194,      1,    100,       ,70 GREAT BROOK RD ,12.420003,,,0,6000,FARM,700.00,2,1
    194,      1,    100,       ,70 GREAT BROOK RD ,12.420003,,,0,6000,FARM,2145.00,3,1
    194,      1,    100,       ,70 GREAT BROOK RD ,12.420003,,,0,6220,HDWD,310.00,4,1
    194,      1,    100,       ,70 GREAT BROOK RD ,12.420003,,,5,1010,ONE FAM,79400.00,1,1
    194,      2,       ,       ,0 GREAT BROOK RD ,0.190000,,,C,9030,MUNICPAL,138500.00,1,1
    194,      3,       ,       ,103 GREAT BROOK RD ,12.307000,,,0,6000,FARM,665.00,2,1
    194,      3,       ,       ,103 GREAT BROOK RD ,12.307000,,,0,6000,FARM,1255.00,3,1
    194,      3,       ,       ,103 GREAT BROOK RD ,12.307000,,,0,6130,M OTHER,180.00,4,1
    194,      3,       ,       ,103 GREAT BROOK RD ,12.307000,,,5,1010,ONE FAM,99700.00,1,1
    194,      4,       ,       ,109 GREAT BROOK RD ,103.103000,,,0,6000,FARM,650.00,2,1
    194,      4,       ,       ,109 GREAT BROOK RD ,103.103000,,,0,6000,FARM,4225.00,3,1
    194,      4,       ,       ,109 GREAT BROOK RD ,103.103000,,,0,6110,M PINE,4490.00,5,1
    194,      4,       ,       ,109 GREAT BROOK RD ,103.103000,,,0,6130,M OTHER,1325.00,6,1
    194,      4,       ,       ,109 GREAT BROOK RD ,103.103000,,,0,6200,WET,70.00,4,1
    194,      4,       ,       ,109 GREAT BROOK RD ,103.103000,,,5,1010,ONE FAM,99800.00,1,1
    194,      4,    100,       ,0 GREAT BROOK RD ,4.440000,,,0,6110,M PINE,160.00,2,1
    194,      4,    100,       ,0 GREAT BROOK RD ,4.440000,,,5,6110,M PINE,335.00,1,1
    194,      5,       ,       ,0 MERIDEN RD ,30.130000,,,0,6230,OTHER,1490.00,2,1
    194,      5,       ,       ,0 MERIDEN RD ,30.130000,,,5,6230,OTHER,165.00,1,1
    194,      5,    100,       ,414 MERIDEN RD,2.000000,,,5,1010,ONE FAM,101000.00,1,1
    194,      6,       ,       ,401 MERIDEN RD,0.820000,,,5,1010,ONE FAM,94500.00,1,1
    194,      7,       ,       ,405 MERIDEN RD,1.100000,,,5,1010,ONE FAM,95400.00,1,1
    194,      8,       ,       ,407 MERIDEN RD ,0.710000,,,5,1010,ONE FAM,91800.00,1,1
    194,      9,       ,       ,411 MERIDEN RD ,0.740000,,,5,1010,ONE FAM,92600.00,1,1
    194,     10,       ,       ,415 MERIDEN RD ,2.600000,,,5,1010,ONE FAM,100000.00,1,1
    194,     11,       ,       ,0 MERIDEN RD ,150.200000,,,0,6201,WET REC,20.00,3,1
    194,     11,       ,       ,0 MERIDEN RD ,150.200000,,,0,6221,HDWD REC,9355.00,2,1
    194,     11,       ,       ,0 MERIDEN RD ,150.200000,,,5,6221,HDWD REC,190.00,1,1
    194,     12,       ,       ,423 MERIDEN RD,1.100000,,,5,1300,RES LAND,94400.00,1,1
    194,     13,       ,       ,427 MERIDEN RD,7.180000,,,0,1010,ONE FAM,10500.00,2,1
    194,     13,       ,       ,427 MERIDEN RD,7.180000,,,5,1010,ONE FAM,94400.00,1,1
    194,     14,       ,       ,431 MERIDEN RD,2.019995,,,5,1010,ONE FAM,95900.00,1,1
    194,     15,       ,       ,19 MERRY LN ,290.000000,,,0,6201,WET REC,895.00,2,1
    194,     15,       ,       ,19 MERRY LN ,290.000000,,,0,6221,HDWD REC,15360.00,3,1
    194,     15,       ,       ,19 MERRY LN ,290.000000,,,5,1010,ONE FAM,104500.00,1,1
    194,     16,       ,       ,435 MERIDEN RD,2.600000,,,5,1010,ONE FAM,100000.00,1,1
    194,     17,       ,       ,439 MERIDEN RD,2.100000,,,5,1010,ONE FAM,95800.00,1,1
    194,     18,       ,       ,445 MERIDEN RD,3.100000,,,0,1010,ONE FAM,300.00,2,1
    194,     18,       ,       ,445 MERIDEN RD,3.100000,,,5,1010,ONE FAM,99300.00,1,1
    194,     19,       ,       ,449 MERIDEN RD,3.400000,,,0,1010,ONE FAM,1000.00,2,1
    194,     19,       ,       ,449 MERIDEN RD,3.400000,,,5,1010,ONE FAM,99300.00,1,1
    194,     20,       ,       ,453 MERIDEN RD ,2.500000,,,5,1010,ONE FAM,100100.00,1,1
    194,     21,       ,       ,457 MERIDEN RD ,2.100000,,,5,1010,ONE FAM,100800.00,1,1
    194,     22,       ,       ,7 MERRY LN ,2.300000,,,5,1010,ONE FAM,105800.00,1,1
    194,     23,       ,       ,463 MERIDEN RD,3.400000,,,0,1010,ONE FAM,1000.00,2,1
    194,     23,       ,       ,463 MERIDEN RD,3.400000,,,5,1010,ONE FAM,99300.00,1,1
    194,     24,       ,       ,8 MERRY LN,3.300000,,,0,1010,ONE FAM,800.00,2,1
    194,     24,       ,       ,8 MERRY LN,3.300000,,,5,1010,ONE FAM,104500.00,1,1
    194,     25,       ,       ,0 MERRY LN,3.900000,,,0,6230,OTHER,55.00,2,1
    194,     25,       ,       ,0 MERRY LN,3.900000,,,5,6230,OTHER,180.00,1,1
    194,     26,       ,       ,475 MERIDEN RD ,1.600000,,,5,1010,ONE FAM,98500.00,1,1
    196,      1,       ,       ,0 MERIDEN RD ,4.700000,,,0,6231,OTHER REC,75.00,2,1
    196,      1,       ,       ,0 MERIDEN RD ,4.700000,,,5,6231,OTHER REC,120.00,1,1
    196,      2,       ,       ,0 MERIDEN RD ,108.300000,,,0,6201,WET REC,85.00,3,1
    196,      2,       ,       ,0 MERIDEN RD ,108.300000,,,0,6221,HDWD REC,6445.00,2,1
    196,      2,       ,       ,0 MERIDEN RD ,108.300000,,,5,6201,WET REC,55.00,1,1
    196,      4,       ,       ,0 MERIDEN RD ,132.300000,,,0,6120,M HDWD,1440.00,3,1
    196,      4,       ,       ,0 MERIDEN RD ,132.300000,,,0,6120,M HDWD,2015.00,2,1
    196,      4,       ,       ,0 MERIDEN RD ,132.300000,,,0,6120,M HDWD,2750.00,4,1
    196,      4,       ,       ,0 MERIDEN RD ,132.300000,,,5,6120,M HDWD,145.00,1,1
    196,      5,       ,       ,0 MERIDEN RD ,28.000000,,,0,6231,OTHER REC,1000.00,2,1
    196,      5,       ,       ,0 MERIDEN RD ,28.000000,,,5,6231,OTHER REC,120.00,1,1
    211,      1,       ,       ,0 MERIDEN RD ,111.200000,,,0,6101,UNPROD REC,265.00,4,1
    211,      1,       ,       ,0 MERIDEN RD ,111.200000,,,0,6111,M WP REC,2665.00,5,1
    211,      1,       ,       ,0 MERIDEN RD ,111.200000,,,0,6121,M HDWD REC,1025.00,2,1
    211,      1,       ,       ,0 MERIDEN RD ,111.200000,,,0,6131,M OTHER REC,750.00,3,1
    211,      1,       ,       ,0 MERIDEN RD ,111.200000,,,5,6111,M WP REC,220.00,1,1
    213,      1,       ,       ,0 MERIDEN RD,10.100000,,,0,6230,OTHER,290.00,2,1
    213,      1,       ,       ,0 MERIDEN RD,10.100000,,,5,6230,OTHER,125.00,1,1
    215,      1,       ,       ,0 MERIDEN RD,131.490000,,,0,6120,M HDWD,2400.00,3,1
    215,      1,       ,       ,0 MERIDEN RD,131.490000,,,0,6130,M OTHER,2190.00,4,1
    215,      1,       ,       ,0 MERIDEN RD,131.490000,,,0,6200,WET,130.00,2,1
    215,      1,       ,       ,0 MERIDEN RD,131.490000,,,5,6200,WET,70.00,1,1
    215,      2,       ,       ,526 MERIDEN RD ,6.600000,,,0,4000,FACTORY,9000.00,2,1
    215,      2,       ,       ,526 MERIDEN RD ,6.600000,,,5,4000,FACTORY,78400.00,1,1
    215,      3,       ,       ,481 MERIDEN RD,1.700000,,,5,1010,ONE FAM,99100.00,1,1
    215,      4,       ,       ,485 MERIDEN RD,3.200000,,,0,1010,ONE FAM,500.00,2,1
    215,      4,       ,       ,485 MERIDEN RD,3.200000,,,5,1010,ONE FAM,99300.00,1,1
    215,      5,       ,       ,491 MERIDEN RD,3.300000,,,0,1010,ONE FAM,800.00,2,1
    215,      5,       ,       ,491 MERIDEN RD,3.300000,,,5,1010,ONE FAM,99300.00,1,1
    215,      6,       ,       ,0 MERIDEN RD ,186.250000,,,0,6111,M WP REC,1850.00,3,1
    215,      6,       ,       ,0 MERIDEN RD ,186.250000,,,0,6121,M HDWD REC,2240.00,4,1
    215,      6,       ,       ,0 MERIDEN RD ,186.250000,,,0,6131,M OTHER REC,1925.00,5,1
    215,      6,       ,       ,0 MERIDEN RD ,186.250000,,,0,6201,WET REC,360.00,2,1
    215,      6,       ,       ,0 MERIDEN RD ,186.250000,,,5,6201,WET REC,55.00,1,1
    215,      7,       ,       ,523 MERIDEN RD,6.010000,,,0,1040,2 FAMILY,5600.00,2,1
    215,      7,       ,       ,523 MERIDEN RD,6.010000,,,5,1040,2 FAMILY,99300.00,1,1
    215,      7,    100,       ,519 MERIDEN RD,1.960009,,,5,1010,ONE FAM,100700.00,1,1
    215,      8,       ,       ,0 METHODIST HILL RD ,54.320000,,,0,6221,HDWD REC,3285.00,2,1
    215,      8,       ,       ,0 METHODIST HILL RD ,54.320000,,,5,6221,HDWD REC,190.00,1,1
    217,      1,       ,       ,0 MERIDEN RD,3.280000,,,0,1320,UNDEV,700.00,2,1
    217,      1,       ,       ,0 MERIDEN RD,3.280000,,,5,1320,UNDEV,7500.00,1,1
    999,      2,       ,       ,0 TRANSMISSION LINES ,0.000000,,,5,4500,STATE ED TAX,,1,1
    999,      6,       ,       ,0 RIGHTS-OF- WAY ,0.000000,,,5,4310,TEL TWR,,1,1
    999,      7,       ,       ,0 ROUTE I-89,0.000000,,,C,9010,STATE NH,,1,1
    999,      8,       ,       ,00 RIGHTS-OF- WAY ,0.000000,,,5,4310,TEL TWR,,1,1

